0019121003
0019121004
0019121009
0019121010
0019121011
0020011003
0020011007
0020011011
0020011012
0020011013
0020012003
0020012004
0020012015
0020012017
0020012030
0020012040
0020012046
0020012047
0020012048
0020012056
0020012057
0020012066
0020012075
0020013004
0020013011
0020013014
0020013015
0020014003
0020014006
0020014010
0020014012
0020014018
0020015004
0020016001
0020018003
0020021002
0020021004
0020021005
0020021008
0020021009
0020021015
0020021025
0020021028
0020021037
0020021049
0020021050
0020021051
0020022002
0020022005
0020022020
0020022021
0020022025
0020023003
0020023007
0020023009
0020023010
0020023011
0020023014
0020023021
0020023022
0020023023
0020023026
0020023035
0020023037
0020023040
0020024003
0020024007
0020024014
0020024018
0020024020
0020024022
0020024023
0020025002
0020026001
0020026002
0020026003
0020026004
0020027001
0020027003
0020028005
0020031003
0020031004
0020031006
0020031018
0020031019
0020031025
0020031026
0020032004
0020032007
0020032008
0020032031
0020032038
0020032040
0020033008
0020033009
0020033026
0020033027
0020034011
0020034013
0020036003
0020036005
0020036006
0020036009
0020036011
0020036013
0020036016
0020036020
0020037013
0020037014
0020037015
0020037016
0020038003
0020042009
0020042020
0020042021
0020042022
0020042023
0020042024
0020042025
0020043012
0020044020
0020044032
0020044035
0020044038
0020045002
0020045008
0020045010
0020048003
0020048022
0020051011
0020051021
0020054012
0020054018
0020054020
0020054067
0020081002
0020081003
0020081006
0020081010
0020081012
0020081016
0020081027
0020081028
0020081030
0020081037
0020081040
0020084002
0020092014
0020092017
0020092021
0020092033
0020092034
0020093001
0020093002
0020093008
0020101004
0020101040
0020103014
0020103021
0020103024
0020103029
0020103036
0020103700
0020104006
0020104024
0020104031
0020104032
0020104033
0020107001
0020111000
0020111005
0020111007
0020111013
0020111015
0020111020
0020111021
0020111039
0020111042
0020112002
0020112008
0020112009
0020112013
0020112014
0020112030
0020113013
0020113014
0020113020
0020114008
0020114011
0020114029
0020114030
0020114031
0020121029
0020122001
0020122008
0020122009
0020122011
0020122016
0020123010
0020123011
0020123029
0020123701
0020124019
0020124020
0020124025
0020126009
0020126010
0020131001
0020131005
0020131700
0020131706
0020131707
0020132005
0020132013
0020132015
0020132023
0020132026
0020132034
0020132037
0020132038
0020132039
0020132040
0020133003
0020133008
0020133015
0020133026
0020133028
0020133034
0020133035
0020133038
0020133039
0020133052
0020133055
0020133059
0020133060
0020133061
0020133065
0020133066
0020134027
0020134702
0020137009
0020137010
0020142004
0020142008
0020142016
0020142700
0020142701
0020143001
0020143012
0020143018
0020143021
0020143027
0020144007
0020144008
0020144009
0020144016
0020144027
0020144031
0020144032
0020144038
0020144040
0020151005
0020151008
0020151017
0020151018
0020151019
0020151021
0020151022
0020151024
0020151032
0020151033
0020152001
0020152002
0020152006
0020152009
0020152014
0020152029
0020153003
0020153029
0020153039
0020154006
0020154021
0020154022
0020154023
0020155001
0020156001
0020156002
0020156006
0020156015
0020156017
0020161000
0020161001
0020161003
0020162000
0020164000
0020164001
0020211007
0020211010
0020211011
0020211012
0020211013
0020211014
0020211021
0020211024
0020211026
0020211029
0020215003
0020215007
0020215097
0020221009
0020221016
0020221019
0020221020
0020221026
0020221028
0020221031
0020221034
0020221039
0020222000
0020222009
0020223010
0020223011
0020223023
0020223024
0020223025
0020223031
0020223032
0020223034
0020224003
0020224014
0020224015
0020224016
0020224020
0020224024
0020224032
0020225001
0020225002
0020225003
0020225004
0020225005
0020227001
0020227002
0020227003
0020227004
0020231011
0020231012
0020231013
0020231016
0020231018
0020231019
0020231027
0020231028
0020231030
0020232005
0020232009
0020232013
0020232016
0020232017
0020233009
0020234005
0020234012
0020235002
0020241001
0020241002
0020241027
0020241050
0020241063
0020241066
0020241068
0020241072
0020241074
0020241075
0020241082
0020242010
0020242018
0020242024
0020242026
0020242029
0020242032
0020242042
0020242043
0020242045
0020242057
0020243001
0020243007
0020243014
0020243016
0020243029
0020243030
0020243044
0020243050
0020243051
0020245003
0020245004
0020251014
0020251015
0020251018
0020251027
0020251029
0020251030
0020251035
0020252006
0020252026
0020252035
0020252036
0020252041
0020252050
0020252052
0020252053
0020252056
0020252502
0020252506
0020253006
0020253024
0020253026
0020253027
0020257002
0020257012
0020257015
0020257702
0020261003
0020262006
0020262012
0020262019
0020262024
0020262032
0020262033
0020263016
0020263026
0020263027
0020263060
0020263061
0020263500
0020263501
0020263504
0020263506
0020263508
0020263509
0020263510
0020264010
0020264013
0020264015
0020264037
0020266017
0020266018
0020271001
0020271002
0020271006
0020271008
0020271011
0020271012
0020271014
0020271016
0020271019
0020271025
0020272013
0020272018
0020274012
0020276005
0020276006
0020276007
0020276008
0020278003
0020278009
0020278016
0020278017
0020278020
0020351000
0020351013
0020351015
0020351018
0020351019
0020351023
0020351026
0020351027
0020352005
0020352010
0020352012
0020353002
0020353016
0020353019
0020354014
0020354017
0020354019
0020362007
0020362016
0020362017
0020362018
0020362019
0020362020
0020363000
0020366006
0020366011
0020367002
0021011004
0021011018
0021011025
0021011047
0021011057
0021011074
0021011076
0021011081
0021011088
0021011089
0021011702
0021012000
0021012001
0021012007
0021012012
0021012014
0021012022
0021012026
0021012701
0021014015
0021014016
0021015011
0021015014
0021015016
0021015019
0021015085
0021015100
0021015101
0021015102
0021015103
0021015104
0021015105
0021015106
0021015107
0021016001
0021016005
0021016006
0021016007
0021017002
0021017016
0021017020
0021021002
0021021006
0021021007
0021021012
0021021015
0021021020
0021021023
0021021024
0021021045
0021021048
0021021059
0021021061
0021021065
0021021066
0021021068
0021021069
0021021073
0021021079
0021021088
0021021090
0021021091
0021021111
0021021112
0021021116
0021021117
0021021118
0021021119
0021021120
0021021121
0021022001
0021022002
0021022005
0021022006
0021022016
0021022017
0021022019
0021022021
0021022022
0021022025
0021022028
0021022030
0021022039
0021022040
0021022041
0021022042
0021022049
0021022053
0021022056
0021022070
0021022071
0021022072
0021022073
0021022077
0021022078
0021022086
0021022098
0021022100
0021022101
0021022104
0021022117
0021022119
0021023004
0021023010
0021023012
0021023016
0021023023
0021023025
0021023027
0021023028
0021023030
0021023031
0021023034
0021023040
0021023041
0021023042
0021023043
0021023053
0021023055
0021023057
0021023060
0021023061
0021023062
0021023070
0021023071
0021023075
0021024005
0021024008
0021024010
0021024017
0021024024
0021024025
0021024033
0021024040
0021024041
0021024042
0021025003
0021026003
0021027002
0021027003
0021028010
0021031012
0021031035
0021031037
0021031046
0021031047
0021031054
0021031066
0021031071
0021031086
0021031092
0021031094
0021031095
0021031107
0021031108
0021031109
0021032000
0021032033
0021034011
0021034012
0021034013
0021034027
0021034032
0021034035
0021034037
0021034049
0021034051
0021034053
0021034055
0021034067
0021034071
0021034080
0021034081
0021034084
0021034092
0021034097
0021034098
0021034099
0021034100
0021034101
0021035019
0021035021
0021035022
0021035024
0021101008
0021101010
0021101015
0021101017
0021101021
0021101027
0021101034
0021101040
0021101041
0021101042
0021101043
0021101044
0021103000
0021103004
0021103008
0021103009
0021103013
0021103014
0021103023
0021103032
0021104006
0021104008
0021104010
0021104011
0021104030
0021104706
0021104709
0021104710
0021105017
0021105018
0021105022
0021107004
0021111002
0021111006
0021111011
0021111016
0021111017
0021111019
0021112002
0021112012
0021112017
0021112021
0021112022
0021112027
0021112030
0021112041
0021112042
0021112043
0021112044
0021112045
0021113025
0021114002
0021114012
0021114013
0021114018
0021114026
0021114028
0021114037
0021114702
0021115012
0021116021
0021117014
0021117021
0021117024
0021117025
0021117028
0021118005
0021121008
0021121012
0021121013
0021121015
0021122010
0021122020
0021122026
0021122029
0021122030
0021122031
0021123003
0021123010
0021123019
0021123022
0021123024
0021123031
0021124003
0021124004
0021124005
0021124017
0021124036
0021124037
0021124038
0021124039
0021124051
0021126003
0021127003
0021127004
0021127009
0021128002
0021128008
0021128014
0021128015
0021131010
0021131012
0021131014
0021131015
0021131018
0021131035
0021131037
0021131043
0021131050
0021131057
0021131064
0021131065
0021131072
0021131076
0021131078
0021131500
0021131501
0021131502
0021131508
0021132013
0021132016
0021132018
0021132019
0021132020
0021133008
0021133009
0021133011
0021133014
0021133027
0021133038
0021133047
0021133053
0021134001
0021134024
0021134027
0021134029
0021134036
0021134040
0021134045
0021136007
0021136008
0021137011
0021137012
0021137014
0021137015
0021137026
0021138010
0021138012
0021138013
0021138015
0021138016
0021138017
0021141007
0021141008
0021141010
0021141019
0021141025
0021141028
0021141030
0021141038
0021141048
0021142007
0021142014
0021142016
0021142030
0021142037
0021142044
0021143003
0021143007
0021143028
0021143030
0021143031
0021143032
0021143037
0021143040
0021144001
0021144010
0021144011
0021145018
0021145019
0021145033
0021145034
0021146001
0021146002
0021146003
0021147001
0021147002
0021147003
0021147004
0021147006
0021151010
0021151014
0021151016
0021154001
0021154007
0021154008
0021154009
0021221006
0021221009
0021221010
0021221011
0021221012
0021221013
0021221014
0021221016
0021221017
0021221018
0021221019
0021221020
0021221024
0021221029
0021221035
0021221037
0021221038
0021223003
0021223009
0021223011
0021224003
0021224005
0021224007
0021224009
0021224017
0021224019
0021224020
0021224021
0021224025
0021224030
0021224032
0021231009
0021231026
0021231036
0021231037
0021231045
0021232000
0021233005
0021233010
0021233016
0021233019
0021233024
0021233028
0021233033
0021233034
0021233036
0021233047
0021233048
0021233049
0021233056
0021233057
0021233066
0021233071
0021233073
0021233076
0021233077
0021233079
0021233700
0021233701
0021234002
0021234119
0021234120
0021234123
0021234125
0021234130
0021235002
0021235004
0021237002
0021237003
0021238004
0021238700
0021241010
0021242001
0021242019
0021242020
0021242026
0021242031
0021242034
0021242035
0021242036
0021242038
0021243025
0021243031
0021243032
0021243033
0021243034
0021243035
0021243036
0021243037
0021243038
0021247005
0021247006
0021247007
0021252003
0021252004
0021252009
0021252013
0021252016
0021252019
0021252022
0021252024
0021252031
0021252034
0021252038
0021252048
0021252055
0021252056
0021252057
0021252067
0021252068
0021252069
0021253002
0021253008
0021253010
0021253017
0021253025
0021253032
0021253037
0021253040
0021253051
0021253059
0021253060
0021253061
0021253073
0021253074
0021253075
0021261003
0021261011
0021261012
0021261019
0021261026
0021261030
0021261035
0021261036
0021262004
0021262006
0021262007
0021262030
0021263007
0021263016
0021263021
0021263025
0021263030
0021263031
0021264004
0021264006
0021264014
0021264016
0021266001
0021266002
0021266027
0021266029
0021271006
0021271007
0021271025
0021271045
0021272006
0021272011
0021272012
0021272015
0021272016
0021272018
0021272025
0021272030
0021272032
0021272702
0021272703
0021273005
0021273009
0021273022
0021274004
0021274006
0021274011
0021274016
0021274019
0021274023
0021274026
0021274037
0021275012
0021277002
0021278001
0021281003
0021281005
0021281010
0021281015
0021281016
0021281017
0021281018
0021281020
0021281021
0021281022
0021281023
0021281024
0021283002
0021283006
0021283022
0021283025
0021283028
0021283035
0021283037
0021283041
0021283043
0021283500
0021284000
0021284007
0021284020
0021284022
0021284032
0021284036
0021284040
0021284043
0021284047
0021284049
0021284053
0021284059
0021284064
0021284075
0021284078
0021284087
0021284088
0021284093
0021284094
0021284095
0021284096
0021284097
0021284102
0021284103
0021284700
0021284701
0021324015
0021331001
0021331004
0021331007
0021331008
0021331014
0021331017
0021331022
0021331024
0021331030
0021331031
0021331032
0021332003
0021332007
0021332008
0021332010
0021332011
0021332015
0021332022
0021332033
0021332042
0021333001
0021333008
0021333011
0021333012
0021333013
0021333017
0021333018
0021333026
0021333030
0021333052
0021333054
0021334002
0021334010
0021334014
0021334019
0021334021
0021334024
0021334028
0021336002
0021336003
0021336017
0021337001
0021337002
0021337005
0021337006
0021337007
0021341001
0021341023
0021341034
0021341035
0021341036
0021342000
0021342001
0021342010
0021342013
0021342025
0021343009
0021343024
0021344004
0021344010
0021344014
0021344018
0021344030
0021347001
0021347002
0021347013
0021347018
0021347036
0021348001
0021348002
0021348013
0021348014
0021351004
0021351011
0021351012
0021351013
0021351020
0021351021
0021351022
0021351023
0021351034
0021351035
0021351037
0021351049
0021351058
0021351059
0021351704
0021352000
0021352016
0021352036
0021352047
0021352048
0021352049
0021353004
0021353023
0021353024
0021353026
0021353027
0021354001
0021354006
0021354013
0021354014
0021354017
0021354021
0021354026
0021354029
0021354038
0021354039
0021355002
0021355004
0021356002
0021358015
0021362001
0021362006
0021362010
0021362014
0021362027
0021362032
0021362048
0021362055
0021362067
0021362068
0021362071
0021362073
0021362078
0021362080
0021362081
0021362082
0021362700
0021363048
0021363049
0021363050
0021363051
0021363052
0021363053
0021363054
0021363055
0021363056
0021363057
0021363058
0021363059
0021363801
0021364000
0021366001
0021366002
0021366008
0021366010
0021366012
0021366014
0021367009
0022131000
0022131001
0022131002
0022132001
0022132002
0022132006
0022132008
0022132013
0022132015
0022132016
0022132017
0022132019
0022132020
0022132027
0022132032
0022133001
0022133002
0022133007
0022133008
0022133010
0022133011
0022133022
0022133030
0022133031
0022133032
0022134001
0022134002
0022136003
0022141003
0022141004
0022141005
0022141006
0022141007
0022141008
0022141011
0022141012
0022141016
0022141019
0022141021
0022141025
0022141038
0022141039
0022141045
0022141047
0022142005
0022142008
0022142010
0022142021
0022142023
0022142026
0022142030
0022142042
0022143001
0022143006
0022143007
0022143009
0022143011
0022143041
0022143043
0022143045
0022143055
0022144002
0022144003
0022144012
0022144027
0022144028
0022144035
0022144036
0022144037
0022144041
0022144044
0022144049
0022144050
0022144056
0022144059
0022145003
0022145013
0022145014
0022145022
0022145023
0022145029
0022145033
0022145034
0022145035
0022145042
0022145047
0022145048
0022146010
0022146029
0022146030
0022147001
0022147002
0022147003
0022147004
0022147007
0022147009
0022147011
0022148006
0022151000
0022152008
0022153001
0022153002
0022154000
0022154003
0022154004
0022154020
0022154023
0022221003
0022221017
0022221018
0022221025
0022221027
0022221033
0022221034
0022221035
0022221040
0022221043
0022221044
0022221045
0022222005
0022222010
0022222011
0022222012
0022222013
0022222025
0022222029
0022222030
0022223012
0022223013
0022223014
0022223024
0022223033
0022223034
0022224016
0022224020
0022224021
0022224028
0022224031
0022224032
0022224033
0022228007
0022231003
0022231004
0022231005
0022231006
0022231014
0022231015
0022231016
0022231021
0022231033
0022231042
0022231043
0022232017
0022232020
0022232024
0022232026
0022232028
0022232042
0022232044
0022232045
0022233024
0022234008
0022234013
0022234018
0022234023
0022234025
0022234030
0022234037
0022234039
0022234045
0022235001
0022235017
0022236004
0022238002
0022238005
0022241001
0022241002
0022241003
0022241004
0022242000
0022242006
0022242009
0022242019
0022243018
0022243030
0022243038
0022243046
0022243057
0022243058
0022243059
0022244000
0022244014
0022244024
0022244034
0022244035
0022247007
0022248005
0022248017
0022248018
0022248019
0022251000
0022251001
0022251002
0022251005
0022251006
0022251026
0022251027
0022251028
0022251029
0022251030
0022252029
0022253002
0022253008
0022253015
0022253017
0022253021
0022254012
0022254016
0022254018
0022254019
0022254020
0022254021
0022255014
0022255015
0022256004
0022256008
0022256009
0022256010
0022256012
0022256014
0022256016
0022261019
0022261023
0022261028
0022261032
0022261041
0022261047
0022261049
0022262001
0022262022
0022262035
0022263002
0022263004
0022263013
0022263019
0022264000
0022264001
0022264008
0022264017
0022264022
0022264026
0022264030
0022264031
0022264032
0022265003
0022265004
0022265005
0022265007
0022265009
0022265010
0022265014
0022266001
0022266002
0022266007
0022266010
0022267009
0022271003
0022271004
0022272006
0022272017
0022272018
0022272024
0022272026
0022272028
0022272031
0022272032
0022272035
0022272038
0022273004
0022273008
0022273009
0022273011
0022273012
0022273018
0022273031
0022273034
0022273035
0022273037
0022273054
0022273056
0022273057
0022273058
0022273059
0022273060
0022273061
0022273062
0022273070
0022273071
0022273076
0022273079
0022274011
0022274022
0022274023
0022274029
0022274030
0022274032
0022274033
0022274036
0022274039
0022274043
0022274056
0022274067
0022275003
0022275004
0022275006
0022275017
0022276006
0022277002
0022277003
0022278001
0022278012
0022278015
0022278017
0022341005
0022341020
0022341033
0022341046
0022341048
0022341054
0022341064
0022342005
0022342006
0022342012
0022343000
0022343004
0022343014
0022343016
0022343026
0022344019
0022344038
0022344042
0022344045
0022344047
0022344048
0022344052
0022344053
0022344054
0022344080
0022344084
0022344085
0022345015
0022345020
0022345026
0022345027
0022346002
0022347005
0022347009
0022348003
0022348024
0022351005
0022351009
0022351012
0022351023
0022351024
0022351030
0022352010
0022352014
0022352019
0022352021
0022353004
0022353007
0022353009
0022353014
0022353016
0022353017
0022353020
0022353026
0022353029
0022354002
0022354006
0022354007
0022354009
0022355002
0022355005
0022357005
0022357009
0022361000
0022361001
0022363000
0022363002
0022363003
0022363004
0022363007
0022363008
0022364021
0022364024
0022368002
0118041008
0118041011
0118041013
0118041022
0118041023
0118042001
0118042009
0118052001
0118054004
0118054019
0118054020
0119011030
0119011042
0119011045
0119011046
0119011047
0119012005
0119012006
0119012008
0119012011
0119013007
0119014012
0119014013
0119014015
0119015002
0119015005
0119015006
0119015017
0119015018
0119015019
0119021007
0119021008
0119024004
0119024006
0119041040
0119041041
0119041051
0119042021
0119042022
0119042036
0119042037
0119042043
0119042044
0119042045
0119043014
0119043015
0119044000
0119044004
0119044007
0119045004
0119046009
0119046019
0119051001
0119051016
0119051025
0119051026
0119052002
0119052003
0119054003
0119054004
0119054009
0119055002
0119061004
0119061006
0119061018
0119061023
0119061024
0119061025
0119061700
0119061701
0119063001
0119063005
0119063009
0119063016
0119063019
0119063020
0119063022
0119063023
0119063026
0119063033
0119063034
0119063039
0119063047
0119063048
0119063050
0119063700
0119063701
0119063702
0119064000
0119064001
0119064003
0119064006
0119064007
0119064008
0119064013
0119064016
0119064022
0119064025
0119064026
0119064027
0119064028
0119064029
0119064030
0119064031
0119064039
0119064042
0119064043
0119064045
0119064046
0119064049
0119065006
0119065007
0119065008
0119065009
0119071003
0119071004
0119071005
0119071009
0119071012
0119071014
0119071015
0119072002
0119072005
0119072006
0119072007
0119072009
0119072012
0119073000
0119073001
0119073003
0119074011
0119074013
0119074018
0119074020
0119074028
0119074031
0119074032
0119076005
0119076006
0119078017
0119078702
0119081003
0119081005
0119081007
0119081008
0119081009
0119081010
0119081011
0119081012
0119082000
0119082001
0119082005
0119082007
0119082008
0119082009
0119083002
0119083017
0119083019
0119091000
0119091013
0119091014
0119091015
0119091017
0119092008
0119092017
0119093026
0119094005
0119094006
0119094008
0119094010
0119094015
0119094026
0119094039
0119097001
0119097002
0119097003
0119097005
0119111002
0119121003
0119132001
0119143000
0119143001
0119154000
0119154001
0119163019
0119163027
0119163030
0119171002
0119171006
0119171009
0119171010
0119171015
0119171026
0119171030
0119171032
0119171033
0119172017
0119172018
0119172020
0119172021
0119172024
0119173002
0119173010
0119173015
0119173019
0119173701
0119174010
0119174011
0119174012
0119174014
0119174015
0119174017
0119174019
0119174033
0119174044
0119175001
0119175002
0119175004
0119175006
0119181000
0119181004
0119181008
0119181016
0119181017
0119181503
0119181505
0119181507
0119181509
0119181513
0119181515
0119181521
0119181524
0119181525
0119181533
0119201007
0119205001
0119205002
0119205007
0119221004
0119221016
0119224011
0119224012
0119231005
0119232003
0119232006
0119234006
0119234012
0119238001
0119238004
0119238005
0119238006
0119242001
0119252010
0119252012
0119253003
0119256003
0119256004
0119256005
0119256006
0119256007
0119256008
0119256009
0119256010
0119256011
0119256012
0119256013
0119256014
0119261012
0119261027
0119262022
0119262023
0119263013
0119264010
0119264015
0119264017
0119264018
0119264019
0119264020
0119265002
0119265003
0119266002
0119266003
0119266004
0119266005
0119266006
0119266007
0119271008
0119272003
0119274003
0119274007
0119283000
0119284002
0119284003
0119321000
0119324001
0119331002
0119331004
0119331016
0119332000
0119332001
0119332002
0119333001
0119334010
0119334014
0119334022
0119334028
0119338008
0119341005
0119345002
0119345003
0119345004
0119345005
0119345007
0119351001
0119351021
0119351024
0119351026
0119351028
0119351030
0119351032
0119351033
0119351034
0119351040
0119351042
0119351043
0119352038
0119352043
0119356005
0119356006
0119356007
0119356010
0119362010
0119362020
0119362030
0119362031
0119362036
0119362040
0119362041
0120011006
0120011008
0120011011
0120011012
0120011013
0120011026
0120011030
0120011033
0120011038
0120011042
0120011043
0120011049
0120011050
0120011052
0120011054
0120011055
0120011056
0120011057
0120012001
0120012002
0120012012
0120012015
0120012066
0120012073
0120012090
0120012103
0120013002
0120013030
0120013053
0120014001
0120014016
0120014026
0120014045
0120014046
0120014049
0120014050
0120014053
0120014058
0120014059
0120016001
0120017001
0120017005
0120017006
0120017027
0120017033
0120017034
0120017038
0120017045
0120017053
0120017054
0120017056
0120017059
0120017064
0120017073
0120017074
0120017075
0120017082
0120017089
0120018003
0120018005
0120018006
0120018007
0120018008
0120018009
0120018010
0120018014
0120018017
0120021003
0120021013
0120021015
0120021016
0120021021
0120021028
0120021032
0120022001
0120024001
0120024008
0120024012
0120024021
0120024032
0120024033
0120025006
0120025007
0120025008
0120025011
0120025014
0120025019
0120025020
0120025029
0120025030
0120025031
0120025032
0120026011
0120026015
0120063003
0120063009
0120063015
0120063019
0120064008
0120064013
0120064017
0120064028
0120071000
0120071006
0120071010
0120071021
0120071022
0120071026
0120071035
0120071036
0120071041
0120072011
0120072012
0120072015
0120072016
0120072017
0120073036
0120073037
0120073038
0120073039
0120074027
0120074046
0120077003
0120077004
0120111007
0120111018
0120111020
0120121005
0120121014
0120121031
0120121035
0120121044
0120121045
0120121046
0120121047
0120121048
0120121050
0120121051
0120121060
0120122022
0120122029
0120122035
0120122046
0120122048
0120122058
0120122060
0120122092
0120122098
0120122104
0120122105
0120122106
0120123003
0120123006
0120123701
0120123702
0120123703
0120124001
0120124002
0120124005
0120124009
0120124038
0120124039
0120124041
0120125001
0120125002
0120125003
0120125008
0120125009
0120125023
0120125024
0120125025
0120125027
0120125028
0120125030
0120125033
0120125037
0120125047
0120125053
0120126003
0120126005
0120126006
0120126007
0120126008
0120126010
0120126016
0120126019
0120126021
0120126025
0120126026
0120126029
0120126032
0120126034
0120126035
0120126047
0120128001
0120128025
0120128026
0120128027
0120128028
0120128031
0120128032
0120128034
0120128036
0120128039
0120128041
0120182011
0120182012
0120182014
0120182017
0120182032
0120182037
0120183010
0120183011
0120183013
0120183019
0120183024
0120183032
0120183042
0120184002
0120184004
0120184008
0120184011
0120184012
0120184013
0120184015
0120185008
0120185009
0120185010
0120186005
0120186700
0120188002
0120192008
0120293004
0120293011
0120293012
0120293014
0120294010
0120294013
0120297002
0120311002
0120311003
0120311004
0120311701
0120311702
0120314027
0120314035
0120314036
0120314037
0120314039
0120314040
0120314041
0120314700
0120314705
0120314706
0120321005
0120321007
0120321008
0120321017
0120322006
0120323035
0120323050
0120323051
0120323700
0120324007
0120324013
0120324014
0120325001
0120325002
0120325003
0120325004
0120328001
0120328002
0120331800
0120332000
0120332001
0120332003
0120332006
0120332008
0120332011
0120332015
0120332034
0120332038
0120333000
0120333007
0120333011
0120333024
0120333025
0120333026
0120333032
0120333033
0120334005
0120334008
0120364000
0121011023
0121011024
0121011029
0121011030
0121012013
0121013003
0121013017
0121013040
0121013044
0121013050
0121013051
0121014000
0121014006
0121014020
0121014033
0121014034
0121014039
0121014057
0121016006
0121016008
0121016012
0121016015
0121016016
0121017020
0121018001
0121018002
0121018011
0121018012
0121018015
0121018018
0121018024
0121018026
0121018030
0121021002
0121021010
0121021017
0121021033
0121021047
0121021048
0121022014
0121022015
0121022023
0121022024
0121022025
0121022034
0121022039
0121022040
0121022043
0121022053
0121022058
0121022062
0121022064
0121022070
0121022079
0121022080
0121022096
0121022097
0121023007
0121023009
0121023011
0121023012
0121023013
0121023014
0121023022
0121023023
0121023032
0121023034
0121023042
0121023053
0121023054
0121023055
0121023056
0121023073
0121023081
0121023084
0121023088
0121023089
0121023098
0121023099
0121024027
0121024028
0121024032
0121024043
0121024076
0121024077
0121024081
0121024082
0121024086
0121025003
0121025007
0121025008
0121025009
0121025010
0121025012
0121025015
0121025016
0121025018
0121025023
0121025027
0121025055
0121025057
0121026009
0121026012
0121026015
0121026018
0121026020
0121026021
0121026023
0121027005
0121027006
0121027007
0121027015
0121028006
0121028008
0121028013
0121028023
0121028024
0121028033
0121028049
0121028053
0121028060
0121028064
0121028080
0121028081
0121028083
0121028084
0121028085
0121028087
0121028088
0121031006
0121031008
0121031011
0121031012
0121031013
0121031023
0121031025
0121031028
0121031029
0121031030
0121032008
0121032009
0121032011
0121032014
0121032022
0121032035
0121032701
0121034001
0121034017
0121034021
0121034031
0121034038
0121034048
0121034053
0121035001
0121035003
0121035004
0121035006
0121035012
0121035013
0121035014
0121035020
0121036008
0121036009
0121036013
0121036014
0121036015
0121036016
0121036017
0121036020
0121038002
0121038005
0121052006
0121052007
0121056001
0121056005
0121056006
0121056007
0121056008
0121061000
0121061002
0121061003
0121061005
0121061016
0121061019
0121061026
0121061027
0121061029
0121061051
0121061052
0121061053
0121061064
0121062024
0121062030
0121062031
0121062034
0121062049
0121062051
0121062052
0121062053
0121062054
0121062064
0121062065
0121062066
0121062067
0121062070
0121062073
0121062084
0121062085
0121062090
0121062091
0121062093
0121063004
0121063010
0121063013
0121063016
0121063020
0121063028
0121063031
0121063034
0121063035
0121063036
0121063037
0121063038
0121066001
0121066002
0121067002
0121067004
0121067005
0121067006
0121072016
0121072023
0121072024
0121072027
0121072028
0121072029
0121072032
0121072033
0121072035
0121072036
0121073004
0121073005
0121073006
0121073010
0121073012
0121073013
0121073018
0121073020
0121073022
0121073024
0121093000
0121094016
0121094023
0121094028
0121094041
0121094042
0121094043
0121094049
0121094051
0121094052
0121101003
0121101026
0121101051
0121101052
0121102011
0121102017
0121102018
0121102019
0121102020
0121102030
0121102033
0121102036
0121102037
0121102038
0121103000
0121103014
0121103021
0121103022
0121103024
0121103025
0121103027
0121103030
0121103033
0121103042
0121103045
0121103068
0121103072
0121103080
0121104031
0121104032
0121104033
0121104035
0121104036
0121104037
0121104039
0121104043
0121104047
0121104057
0121104064
0121104072
0121104073
0121104085
0121104095
0121104096
0121104098
0121104099
0121104110
0121104112
0121104114
0121104115
0121104122
0121104132
0121104147
0121104148
0121106002
0121106003
0121107001
0121107002
0121107004
0121107009
0121108003
0121108004
0121108005
0121111001
0121111006
0121111024
0121111028
0121111029
0121111030
0121111033
0121111034
0121112010
0121112021
0121112025
0121112028
0121112031
0121112043
0121112046
0121112057
0121112058
0121112061
0121112062
0121112064
0121112065
0121113013
0121114029
0121114038
0121114039
0121115001
0121115013
0121116003
0121116004
0121116014
0121117009
0121117025
0121117031
0121117036
0121117039
0121117045
0121121006
0121121007
0121121035
0121121047
0121121051
0121121052
0121121061
0121121062
0121123000
0121123023
0121123026
0121124013
0121124014
0121124031
0121124036
0121124051
0121125013
0121125017
0121125026
0121127003
0121127013
0121127015
0121127020
0121127029
0121127030
0121128008
0121128012
0121128024
0121128026
0121128027
0121128029
0121128032
0121128033
0121128036
0121128052
0121128055
0121131003
0121131026
0121131032
0121131033
0121131034
0121132012
0121132015
0121132701
0121133026
0121134047
0121135001
0121135012
0121135014
0121135016
0121135017
0121135018
0121135019
0121135020
0121137001
0121137002
0121137009
0121137010
0121137011
0121137014
0121138013
0121138019
0121138021
0121138023
0121138029
0121138031
0121138033
0121141009
0121141019
0121141030
0121141049
0121141052
0121141053
0121141054
0121142013
0121142023
0121142027
0121142040
0121142041
0121142047
0121143015
0121143028
0121143031
0121143036
0121143057
0121143067
0121143074
0121143075
0121144007
0121144026
0121144027
0121144028
0121144033
0121144035
0121144037
0121144038
0121144044
0121144048
0121144061
0121144065
0121144066
0121144094
0121144103
0121145001
0121145009
0121145039
0121145040
0121145047
0121145056
0121145057
0121146011
0121146017
0121146018
0121146026
0121147003
0121147017
0121147024
0121147029
0121147032
0121147033
0121147035
0121147036
0121147037
0121147038
0121147045
0121147046
0121147048
0121147050
0121147051
0121147052
0121147053
0121151016
0121151034
0121151054
0121151055
0121151070
0121151071
0121151075
0121151078
0121152023
0121152043
0121152055
0121152057
0121152069
0121152072
0121152076
0121152088
0121153008
0121153016
0121153018
0121153042
0121153044
0121154008
0121154030
0121154040
0121154041
0121154047
0121154059
0121154061
0121154065
0121154071
0121154084
0121154086
0121154104
0121154105
0121154106
0121154107
0121155004
0121155006
0121155007
0121155008
0121156005
0121156012
0121156013
0121156019
0121156022
0121156037
0121157002
0121157005
0121161002
0121161010
0121161028
0121161033
0121161036
0121161038
0121163006
0121163007
0121163011
0121163013
0121163014
0121163701
0121164003
0121164016
0121164079
0121168006
0121168007
0121168008
0121168009
0121168010
0121168013
0121211001
0121211007
0121211011
0121211013
0121211023
0121211027
0121211028
0121211031
0121211049
0121211050
0121211052
0121211053
0121211056
0121211057
0121211060
0121211500
0121211501
0121211503
0121211504
0121211505
0121211507
0121211508
0121213012
0121213015
0121213018
0121213026
0121213032
0121213044
0121213055
0121213057
0121213060
0121213062
0121213064
0121213065
0121213066
0121213067
0121214004
0121214034
0121214040
0121214042
0121214043
0121214052
0121214075
0121214076
0121214081
0121214086
0121214087
0121214105
0121214107
0121214108
0121214109
0121214114
0121214115
0121214117
0121215005
0121215008
0121218002
0121218005
0121218006
0121218013
0121218015
0121218016
0121218017
0121218018
0121218020
0121218029
0121218036
0121218040
0121218046
0121218051
0121218057
0121218058
0121218060
0121221006
0121221014
0121221032
0121221054
0121221065
0121221066
0121221079
0121221108
0121221122
0121221128
0121221129
0121221130
0121221131
0121222016
0121222021
0121222022
0121222026
0121222028
0121222044
0121222046
0121222049
0121222051
0121223010
0121223012
0121223017
0121223021
0121223025
0121223032
0121223034
0121223041
0121223044
0121223051
0121223056
0121223064
0121223069
0121223073
0121223074
0121223086
0121223089
0121223093
0121223095
0121223096
0121223098
0121223100
0121223103
0121223111
0121223112
0121224026
0121224027
0121224028
0121224029
0121224030
0121225018
0121225029
0121225030
0121225031
0121225035
0121225038
0121225045
0121225046
0121225052
0121225053
0121225056
0121225057
0121225058
0121225059
0121225062
0121225064
0121225070
0121225071
0121225072
0121225073
0121225076
0121225077
0121225084
0121225085
0121226041
0121227012
0121227013
0121227015
0121227016
0121228003
0121231001
0121232047
0121232056
0121232058
0121232066
0121232073
0121232074
0121232096
0121232097
0121232098
0121232111
0121233002
0121233007
0121233028
0121233030
0121233039
0121233040
0121234045
0121234046
0121234047
0121234077
0121234081
0121234085
0121234115
0121234118
0121235003
0121235016
0121235019
0121235021
0121235025
0121235028
0121235040
0121235052
0121235053
0121235054
0121235055
0121235057
0121236004
0121236007
0121236009
0121236010
0121236011
0121236013
0121236014
0121236017
0121236019
0121236021
0121236022
0121236024
0121236032
0121236034
0121236035
0121236037
0121236038
0121236054
0121236061
0121236064
0121236065
0121236066
0121236067
0121236068
0121236077
0121236082
0121236088
0121236090
0121236091
0121236094
0121236095
0121236098
0121236100
0121237006
0121237008
0121237012
0121237014
0121237022
0121237026
0121237029
0121237033
0121237037
0121237045
0121237048
0121237067
0121238009
0121238016
0121238026
0121238033
0121238036
0121238039
0121238041
0121238049
0121238051
0121238057
0121238064
0121238076
0121238077
0121238078
0121241012
0121241023
0121241031
0121241044
0121241049
0121241059
0121241072
0121241080
0121241082
0121242009
0121242031
0121242034
0121242042
0121243024
0121243029
0121243075
0121243092
0121243110
0121243114
0121243116
0121244009
0121244029
0121244032
0121244036
0121244039
0121244050
0121244052
0121244066
0121244079
0121244080
0121244089
0121244090
0121244091
0121245025
0121245026
0121245027
0121245028
0121245033
0121245034
0121245035
0121245040
0121246006
0121247014
0121247023
0121247029
0121247036
0121247037
0121247041
0121247042
0121247044
0121247046
0121247047
0121247049
0121247056
0121247058
0121247063
0121247070
0121247075
0121247076
0121247079
0121247080
0121248001
0121248002
0121248008
0121248010
0121248019
0121248020
0121248021
0121248022
0121248027
0121248028
0121248033
0121248042
0121248701
0121251012
0121251013
0121251020
0121251032
0121251033
0121251035
0121251036
0121251042
0121251044
0121251054
0121251056
0121252007
0121252030
0121252033
0121252041
0121252046
0121252060
0121252069
0121252072
0121252083
0121252084
0121252091
0121252092
0121252097
0121252098
0121253017
0121253018
0121253038
0121253042
0121253049
0121253050
0121253053
0121253054
0121253059
0121253061
0121253064
0121253065
0121253071
0121253072
0121253073
0121253074
0121253080
0121253081
0121253088
0121253091
0121253502
0121253503
0121253510
0121253512
0121253514
0121253516
0121253520
0121253521
0121254014
0121254015
0121254041
0121254049
0121254072
0121254073
0121254082
0121254083
0121255001
0121255002
0121255003
0121255007
0121255017
0121255018
0121256003
0121256008
0121256011
0121256023
0121256025
0121256026
0121256027
0121256028
0121257009
0121257027
0121257040
0121257041
0121257044
0121257047
0121257051
0121257052
0121257055
0121257056
0121257057
0121257058
0121257061
0121257062
0121258002
0121258004
0121258012
0121258028
0121258029
0121261022
0121261056
0121261071
0121261085
0121261111
0121262010
0121262030
0121262035
0121262037
0121262052
0121262069
0121262076
0121262078
0121262095
0121262100
0121262103
0121262104
0121262105
0121262106
0121262122
0121262123
0121262129
0121262133
0121262137
0121263000
0121263001
0121263002
0121264013
0121264014
0121264021
0121264024
0121264034
0121264036
0121264037
0121264040
0121264060
0121264067
0121264071
0121264075
0121264083
0121265007
0121265015
0121265026
0121265029
0121265032
0121265036
0121265039
0121265040
0121265048
0121265050
0121265054
0121265056
0121265060
0121265064
0121265070
0121265074
0121265083
0121266001
0121266004
0121266005
0121266020
0121266025
0121268002
0121268003
0121268006
0121271022
0121271024
0121271025
0121271026
0121271032
0121271037
0121271043
0121271051
0121271069
0121271070
0121271071
0121271072
0121271074
0121273007
0121274001
0121275018
0121275023
0121275032
0121275036
0121275037
0121281017
0121281025
0121281037
0121281045
0121281063
0121281067
0121281068
0121281075
0121281077
0121282013
0121282026
0121282036
0121282038
0121282054
0121282055
0121282061
0121282082
0121282086
0121282087
0121282088
0121282089
0121282090
0121282091
0121282093
0121282094
0121282095
0121282096
0121286003
0121286004
0121286007
0121286017
0121286019
0121286020
0121313002
0121313003
0121313004
0121313005
0121313006
0121313007
0121313008
0121313009
0121313011
0121313012
0121313013
0121313014
0121313015
0121341024
0121344002
0121344003
0121344008
0121344014
0121344018
0121344021
0121344023
0121345004
0121345010
0121345032
0121345034
0121345040
0121345044
0121351013
0121351015
0121353003
0121353021
0121353030
0121353031
0121353037
0121353039
0121353040
0121356009
0121357020
0121361001
0121361008
0121361021
0121362001
0121362017
0121362022
0121362025
0121362028
0121362033
0121362505
0121363003
0121363015
0121363018
0121363021
0121363022
0121363045
0121363049
0121363053
0121363065
0121363077
0121363087
0121363091
0121363092
0121363106
0121365010
0121367013
0121367016
0121367023
0121367024
0121367026
0121367037
0121367038
0122131008
0122131015
0122131020
0122131021
0122131022
0122131024
0122131025
0122131026
0122131027
0122131028
0122131029
0122132000
0122132009
0122132023
0122132024
0122132028
0122132031
0122132034
0122132035
0122132058
0122132061
0122132064
0122132074
0122132075
0122132095
0122132122
0122132123
0122132124
0122133004
0122133013
0122133017
0122133029
0122133032
0122133038
0122133041
0122133046
0122133056
0122133063
0122133064
0122133067
0122133085
0122133110
0122133113
0122133129
0122133131
0122133136
0122133137
0122133802
0122134000
0122134005
0122134035
0122134041
0122137013
0122137014
0122137015
0122141003
0122141027
0122141028
0122141035
0122141050
0122141051
0122141052
0122141058
0122141065
0122141066
0122141069
0122141076
0122141079
0122142027
0122142048
0122142055
0122142056
0122142057
0122142062
0122142063
0122143017
0122143021
0122143030
0122143032
0122143038
0122143047
0122143055
0122143059
0122143062
0122143072
0122143074
0122143078
0122143079
0122143080
0122143083
0122143089
0122143094
0122143095
0122143124
0122143133
0122143139
0122144001
0122144002
0122144006
0122144011
0122144015
0122144022
0122144030
0122144032
0122144036
0122144039
0122144064
0122144065
0122144066
0122146001
0122146003
0122146004
0122146005
0122146007
0122146009
0122146010
0122146012
0122146013
0122146016
0122146018
0122147004
0122147010
0122147013
0122147014
0122147027
0122147028
0122147029
0122151001
0122151708
0122151709
0122151711
0122151712
0122152014
0122152030
0122152032
0122152033
0122152036
0122152040
0122152044
0122152048
0122152049
0122152053
0122152054
0122152057
0122152059
0122153003
0122153012
0122153021
0122153028
0122153029
0122153042
0122153046
0122153053
0122153054
0122153056
0122153058
0122153703
0122153704
0122154003
0122154004
0122154017
0122154020
0122154022
0122154034
0122154038
0122154046
0122154048
0122154051
0122154055
0122154060
0122154061
0122154701
0122154702
0122156001
0122158001
0122158003
0122158011
0122158012
0122158014
0122158018
0122158019
0122158023
0122158024
0122161000
0122162001
0122162010
0122162011
0122162012
0122162016
0122162021
0122163002
0122163004
0122163007
0122163010
0122163014
0122163024
0122163025
0122163027
0122164001
0122167003
0122167004
0122167008
0122171004
0122171016
0122171026
0122171029
0122171033
0122171037
0122171046
0122171056
0122171058
0122171059
0122171060
0122172002
0122172021
0122172022
0122172023
0122172036
0122172037
0122172038
0122173001
0122173007
0122173008
0122173011
0122173018
0122173030
0122174002
0122174008
0122174015
0122174026
0122174035
0122174702
0122175009
0122175021
0122175024
0122175025
0122176001
0122176008
0122176013
0122176014
0122176015
0122176016
0122176017
0122176023
0122176029
0122176032
0122176033
0122181000
0122181001
0122181002
0122181006
0122181008
0122182000
0122182001
0122182002
0122182003
0122183000
0122183003
0122183009
0122183012
0122183020
0122184002
0122184005
0122184006
0122184007
0122184008
0122184010
0122184015
0122184016
0122184017
0122184018
0122191003
0122191004
0122191048
0122191049
0122192004
0122193006
0122193030
0122193038
0122193044
0122193045
0122194008
0122194060
0122194061
0122195005
0122195006
0122195007
0122195019
0122195023
0122198009
0122198016
0122198017
0122198021
0122201003
0122201007
0122201024
0122201031
0122201038
0122201056
0122201059
0122201069
0122201070
0122201071
0122201072
0122202001
0122202003
0122202004
0122202005
0122202014
0122202016
0122202018
0122202027
0122203006
0122203015
0122203018
0122204011
0122204012
0122204039
0122206007
0122206016
0122211014
0122211016
0122211017
0122211018
0122211022
0122211032
0122211034
0122211037
0122211040
0122211041
0122211061
0122211071
0122211076
0122211082
0122211083
0122211084
0122211085
0122211086
0122212011
0122212012
0122212013
0122212021
0122212043
0122212069
0122212074
0122213007
0122213017
0122213020
0122213032
0122213043
0122213050
0122213054
0122213061
0122213067
0122213081
0122213082
0122213093
0122213098
0122213099
0122213103
0122214016
0122214041
0122214055
0122214086
0122214088
0122214100
0122214104
0122215007
0122215013
0122215014
0122215021
0122215026
0122215080
0122215086
0122215089
0122215091
0122216004
0122216005
0122216006
0122216013
0122216021
0122216022
0122216023
0122216028
0122216035
0122217009
0122217010
0122217019
0122217021
0122217023
0122217033
0122217041
0122217045
0122217046
0122217047
0122218002
0122218003
0122218007
0122218016
0122218019
0122218020
0122221030
0122221056
0122221061
0122221068
0122222005
0122222008
0122222012
0122222023
0122222053
0122223018
0122223061
0122224008
0122224016
0122224018
0122224023
0122224029
0122224059
0122225002
0122225008
0122225009
0122225010
0122225029
0122225030
0122225042
0122225049
0122225052
0122226012
0122226017
0122226022
0122226023
0122226034
0122226051
0122226056
0122227010
0122227011
0122227016
0122227027
0122227028
0122227035
0122227044
0122228002
0122228004
0122228006
0122228009
0122228010
0122228011
0122228029
0122228033
0122228034
0122228036
0122228037
0122228038
0122228039
0122228046
0122228053
0122228057
0122228071
0122228072
0122228080
0122231002
0122231020
0122231035
0122231039
0122231046
0122231053
0122231054
0122231065
0122231071
0122231076
0122231081
0122231084
0122232005
0122232024
0122232044
0122232052
0122232080
0122232081
0122232082
0122232084
0122232090
0122232091
0122232094
0122233006
0122233016
0122233035
0122233041
0122233045
0122233060
0122233062
0122233064
0122233076
0122233078
0122233084
0122233088
0122233089
0122233100
0122233109
0122233111
0122233118
0122233121
0122233122
0122233123
0122233124
0122233125
0122234001
0122234002
0122234009
0122234010
0122235007
0122235011
0122235012
0122236002
0122236005
0122236009
0122237022
0122237025
0122237039
0122241002
0122241018
0122241036
0122241058
0122242009
0122242016
0122242027
0122242032
0122242037
0122242047
0122242048
0122242054
0122242055
0122242056
0122242057
0122242066
0122242070
0122242071
0122242804
0122243000
0122243005
0122243016
0122243026
0122243032
0122243037
0122243039
0122243042
0122243047
0122243056
0122243058
0122243059
0122243077
0122243079
0122243090
0122243091
0122243092
0122243093
0122243094
0122243096
0122243102
0122243104
0122243108
0122243111
0122243112
0122243113
0122243119
0122244011
0122244017
0122244032
0122244039
0122244065
0122244066
0122244077
0122244081
0122244085
0122244086
0122244087
0122244088
0122244094
0122244095
0122244096
0122245004
0122246005
0122247006
0122248002
0122248005
0122248006
0122248009
0122248010
0122251005
0122251053
0122252007
0122252056
0122252057
0122252058
0122252060
0122252076
0122252077
0122252097
0122252112
0122252113
0122252120
0122252123
0122252128
0122252130
0122252131
0122252132
0122252134
0122253009
0122253017
0122253026
0122253027
0122253037
0122253061
0122253063
0122253069
0122253075
0122253077
0122254080
0122254090
0122254091
0122254104
0122255001
0122255005
0122255006
0122256003
0122256007
0122256008
0122256014
0122256019
0122256026
0122256027
0122256030
0122256036
0122256038
0122257001
0122257003
0122257004
0122257006
0122257007
0122257009
0122257012
0122257016
0122257018
0122257022
0122257023
0122257024
0122257025
0122257026
0122258004
0122258005
0122258006
0122261005
0122264012
0122264023
0122264025
0122264028
0122264036
0122264037
0122264038
0122264048
0122264056
0122264062
0122264077
0122264083
0122264084
0122264087
0122264090
0122264092
0122264095
0122268014
0122268017
0122268018
0122268023
0122268024
0122268025
0122271007
0122271008
0122271020
0122271031
0122271032
0122272016
0122272020
0122272033
0122272047
0122272049
0122272052
0122272053
0122272700
0122281007
0122281008
0122282002
0122282006
0122282007
0122282026
0122283000
0122283003
0122283004
0122283006
0122284001
0122284005
0122284007
0122284010
0122284700
0122284701
0122286002
0122286007
0122286009
0122286010
0122286011
0122286026
0122287008
0122287010
0122287014
0122291003
0122291007
0122291013
0122291014
0122291020
0122291026
0122291047
0122291052
0122291057
0122291059
0122291061
0122291064
0122291070
0122291071
0122291073
0122291075
0122291080
0122291083
0122291084
0122291100
0122291102
0122291103
0122291105
0122291106
0122291107
0122291108
0122291502
0122291503
0122291505
0122291506
0122291700
0122292016
0122292017
0122292031
0122292035
0122292036
0122292037
0122292040
0122292043
0122292047
0122292049
0122292054
0122292059
0122293005
0122293006
0122293014
0122293015
0122293017
0122293021
0122293022
0122293027
0122293028
0122294000
0122294002
0122294007
0122294010
0122294012
0122294016
0122294022
0122294023
0122294032
0122294037
0122294038
0122294045
0122294048
0122294052
0122294062
0122294066
0122294067
0122294071
0122294072
0122294507
0122294508
0122294700
0122295004
0122295006
0122295008
0122295009
0122295010
0122295011
0122295012
0122296001
0122296007
0122296008
0122296009
0122296018
0122296027
0122296028
0122296029
0122297014
0122297018
0122297026
0122297027
0122298003
0122298005
0122298006
0122301022
0122301032
0122301066
0122301067
0122302001
0122302008
0122302021
0122302022
0122303004
0122303026
0122303028
0122303030
0122303031
0122304009
0122304015
0122304018
0122304020
0122304021
0122304022
0122304023
0122304049
0122304055
0122305009
0122305013
0122305016
0122305023
0122305033
0122305034
0122305035
0122305036
0122306013
0122306022
0122306028
0122306034
0122306042
0122306043
0122306046
0122306053
0122307007
0122307009
0122307010
0122307016
0122307017
0122307018
0122307019
0122307024
0122307028
0122307029
0122308010
0122308013
0122308017
0122308018
0122308029
0122308030
0122308031
0122308032
0122308034
0122308035
0122308039
0122308043
0122311006
0122311007
0122311010
0122311013
0122311015
0122311020
0122311029
0122311035
0122312004
0122312012
0122312019
0122312025
0122313010
0122313016
0122313030
0122313037
0122313043
0122313046
0122314005
0122314011
0122314033
0122314038
0122315001
0122315002
0122315003
0122315004
0122315007
0122315008
0122315066
0122317006
0122317008
0122317012
0122317013
0122317014
0122317015
0122317016
0122318002
0122318005
0122318016
0122318018
0122318023
0122318034
0122318045
0122318064
0122318065
0122318068
0122321008
0122321010
0122321020
0122321036
0122321056
0122321057
0122321058
0122321059
0122322001
0122322002
0122322003
0122322009
0122322013
0122322031
0122322033
0122322034
0122323003
0122323004
0122323006
0122323008
0122323009
0122323013
0122323029
0122323030
0122323036
0122323047
0122323049
0122324002
0122325005
0122325012
0122325026
0122325032
0122325036
0122325037
0122327013
0122327014
0122327021
0122327022
0122327023
0122327024
0122341001
0122344000
0122344002
0122344009
0122344014
0122344015
0122344016
0122344017
0122344023
0122344026
0122344028
0122344036
0122344048
0122344051
0122344054
0122344068
0122344069
0122344071
0122344074
0122344075
0122344082
0122344083
0122344701
0122351018
0122351033
0122351046
0122351048
0122351062
0122351064
0122351072
0122351073
0122352014
0122352016
0122352024
0122352025
0122352030
0122352036
0122352038
0122353008
0122353017
0122353026
0122353044
0122353081
0122353082
0122353083
0122353084
0122354036
0122354043
0122355005
0122355013
0122355015
0122355016
0122355018
0122355019
0122355020
0122355021
0122355025
0122355032
0122357003
0122357004
0122357005
0122357007
0122357012
0122357025
0122357028
0122357035
0122357040
0122357049
0122357053
0122358006
0122358014
0122358018
0122358019
0122358020
0122358025
0122358028
0122358033
0122358043
0122358047
0122361010
0122361012
0122361015
0122361020
0122361026
0122361029
0122361046
0122361047
0122361057
0122361070
0122361077
0122361078
0122361081
0122361084
0122362002
0122362013
0122362015
0122362042
0122362066
0122362069
0122362072
0122362076
0122362079
0122362080
0122362081
0122362083
0122363018
0122363020
0122363025
0122364004
0122364005
0122364006
0122366006
0122366007
0122366038
0122366039
0122367001
0122367003
0122367004
0122367011
0122367014
0122367018
0216011000
0216011002
0216011003
0216011004
0216014000
0216014002
0216014003
0216014004
0216121000
0216124002
0216124003
0216124004
0216124005
0216131006
0216131022
0216131027
0216131039
0216131053
0216131056
0216131057
0216131058
0216131072
0216131073
0216131074
0216131075
0216134008
0216134009
0217011003
0217011019
0217011021
0217012003
0217012010
0217012011
0217013002
0217013010
0217013024
0217013025
0217013032
0217013034
0217013042
0217013043
0217013702
0217014007
0217014708
0217014709
0217014710
0217014711
0217014712
0217014713
0217015006
0217015007
0217017001
0217017002
0217017003
0217017004
0217018001
0217021006
0217021008
0217021013
0217021014
0217021015
0217022004
0217022013
0217022014
0217022015
0217022022
0217022024
0217022025
0217022026
0217022033
0217022034
0217022044
0217022045
0217022700
0217022701
0217023014
0217023015
0217023026
0217023028
0217023038
0217023042
0217023043
0217024006
0217024010
0217024011
0217024029
0217024031
0217025005
0217025007
0217025008
0217026008
0217027005
0217027012
0217027019
0217027025
0217031008
0217031011
0217031015
0217031016
0217031027
0217031033
0217032012
0217032018
0217032024
0217032027
0217032049
0217032050
0217032051
0217032052
0217033002
0217033003
0217033008
0217034007
0217034039
0217034041
0217034042
0217034049
0217034052
0217034053
0217035007
0217035009
0217035011
0217035012
0217035024
0217035025
0217036008
0217038001
0217038007
0217038008
0217038010
0217038014
0217038015
0217038016
0217038030
0217038032
0217038033
0217038037
0217038038
0217038039
0217038040
0217041010
0217041013
0217041014
0217044007
0217044009
0217091004
0217091006
0217091009
0217091010
0217091706
0217091707
0217092702
0217092703
0217093002
0217093003
0217093004
0217093005
0217094021
0217094022
0217094023
0217098002
0217101003
0217101006
0217101017
0217101020
0217101021
0217101028
0217101029
0217101030
0217102005
0217102013
0217102014
0217102020
0217102021
0217102022
0217103005
0217103017
0217103023
0217103024
0217103025
0217103026
0217103027
0217104006
0217104007
0217104011
0217104017
0217104024
0217106001
0217106002
0217106004
0217106020
0217107009
0217107016
0217107017
0217112001
0217112006
0217112009
0217112014
0217112030
0217113000
0217113007
0217113008
0217113015
0217113026
0217113027
0217113029
0217113030
0217113031
0217113042
0217113043
0217113044
0217113045
0217113046
0217113048
0217113053
0217113058
0217113059
0217113060
0217113064
0217113065
0217113066
0217113700
0217114005
0217114010
0217114021
0217114025
0217115012
0217116001
0217117006
0217117007
0217117021
0217117022
0217117023
0217117024
0217117025
0217118004
0217118005
0217118006
0217118007
0217118015
0217118016
0217118018
0217118024
0217118025
0217121003
0217121702
0217121720
0217122000
0217122001
0217122002
0217123000
0217123001
0217124015
0217133005
0217133019
0217133037
0217134005
0217134006
0217138005
0217141010
0217141011
0217141014
0217141016
0217141017
0217141019
0217141020
0217142006
0217142025
0217142038
0217143000
0217144003
0217144005
0217146002
0217146005
0217146006
0217146024
0217146027
0217146034
0217146043
0217146044
0217146050
0217151015
0217151016
0217151024
0217151046
0217151047
0217151051
0217151058
0217151060
0217152005
0217152006
0217152012
0217152017
0217152028
0217152033
0217152034
0217152035
0217153010
0217153012
0217153021
0217153033
0217153034
0217154019
0217154026
0217154053
0217154056
0217154059
0217155002
0217155004
0217155005
0217155007
0217156700
0217156701
0217156702
0217156703
0217157001
0217157002
0217157007
0217158002
0217158003
0217158005
0217158006
0217158019
0217158020
0217158021
0217158022
0217161015
0217161016
0217161017
0217162001
0217162002
0217162004
0217162005
0217162010
0217162012
0217163003
0217163008
0217163023
0217163025
0217163026
0217163040
0217164000
0217164015
0217164036
0217164037
0217164700
0217164701
0217164702
0217165009
0217165013
0217165014
0217168007
0217168011
0217168012
0217168015
0217168021
0217174004
0217211017
0217211018
0217211019
0217211036
0217211037
0217211041
0217211042
0217211043
0217214003
0217214009
0217214012
0217214025
0217214026
0217215003
0217215015
0217215021
0217215024
0217215025
0217215026
0217216002
0217216003
0217216005
0217217002
0217218007
0217218015
0217218026
0217218027
0217218028
0217221003
0217221006
0217221007
0217221011
0217221012
0217221019
0217221024
0217221025
0217221026
0217221027
0217222004
0217222007
0217222008
0217222016
0217222023
0217222042
0217222043
0217223005
0217223011
0217223014
0217223018
0217223019
0217223020
0217223023
0217223027
0217223028
0217224005
0217224703
0217225005
0217226008
0217226014
0217227006
0217227018
0217227021
0217227022
0217227023
0217227033
0217228000
0217231006
0217231008
0217231009
0217231701
0217232018
0217232028
0217232030
0217232031
0217233009
0217234702
0217234703
0217234705
0217234706
0217236003
0217236005
0217236006
0217236007
0217236008
0217236009
0217237005
0217237006
0217237010
0217237011
0217241000
0217241701
0217242000
0217242013
0217242014
0217242016
0217243010
0217243011
0217243012
0217243042
0217243057
0217243061
0217244028
0217244032
0217244033
0217246003
0217246004
0217246005
0217246006
0217246009
0217248010
0217248011
0217248012
0217251006
0217251016
0217251018
0217251020
0217251026
0217251027
0217252015
0217252022
0217252027
0217252700
0217252701
0217254005
0217254014
0217254016
0217255008
0217256004
0217256005
0217261008
0217261009
0217261024
0217261700
0217262002
0217262003
0217262011
0217262012
0217263001
0217263015
0217263025
0217263026
0217264014
0217264016
0217264017
0217264018
0217264019
0217264020
0217264021
0217264025
0217264027
0217264706
0217264707
0217265001
0217265005
0217268012
0217271005
0217271029
0217272017
0217272018
0217272019
0217272027
0217274013
0217274015
0217274018
0217274023
0217274027
0217275002
0217275010
0217275011
0217275015
0217275016
0217275018
0217275021
0217275023
0217278015
0217281001
0217281010
0217281013
0217281014
0217281017
0217281020
0217281021
0217281023
0217281033
0217281037
0217281045
0217281046
0217281053
0217281057
0217281058
0217281059
0217281063
0217281076
0217281083
0217281084
0217281092
0217281098
0217281099
0217282000
0217282001
0217282003
0217282011
0217282028
0217282036
0217282039
0217282045
0217282046
0217282053
0217282075
0217282077
0217282081
0217282082
0217285014
0217285029
0217285032
0217285036
0217285037
0217285038
0217285039
0217285046
0217285048
0217285056
0217285061
0217285066
0217285077
0217286002
0217351005
0217351013
0217351025
0217352005
0217352007
0217352019
0217354010
0217355001
0217355002
0217355003
0217355004
0217356000
0217356001
0217361025
0217362025
0217363010
0217363011
0217363014
0217363018
0217364004
0217368001
0217368003
0218271004
0218273004
0218274001
0218334014
0218334017
0218334020
0218334021
0218334032
0218334046
0218334047
0218341002
0218341016
0218341018
0218341024
0218341025
0218341033
0218341035
0218341037
0218341039
0218342008
0218342009
0218342011
0218342015
0218342021
0218342025
0218342036
0218342042
0218342043
0218342047
0218342048
0218342049
0218342051
0218342052
0218342053
0218342061
0218342067
0218343004
0218343007
0218343016
0218343017
0218343022
0218343039
0218343044
0218343066
0218343068
0218343071
0218343082
0218343090
0218343095
0218343096
0218343097
0218343100
0218343107
0218343701
0218344024
0218344032
0218344033
0218344036
0218344044
0218345003
0218346003
0218346004
0218346005
0218346700
0218346705
0218347007
0218347008
0218347014
0218347015
0218347019
0218348006
0218348009
0218352004
0218352010
0218352012
0218353007
0218356002
0218356004
0218356005
0218356006
0218356007
0218356008
0218357001
0218357003
0219011007
0219011008
0219011028
0219011073
0219011074
0219011089
0219011090
0219011091
0219011105
0219011116
0219011124
0219011127
0219011128
0219011129
0219011130
0219011133
0219014023
0219014035
0219014044
0219014053
0219014060
0219014082
0219014083
0219014100
0219014110
0219014111
0219014112
0219014113
0219014114
0219014115
0219015003
0219015013
0219015019
0219015023
0219015025
0219018001
0219018002
0219018010
0219018011
0219021002
0219021009
0219021018
0219021020
0219021021
0219021051
0219021059
0219021064
0219022012
0219022040
0219022045
0219022056
0219022058
0219022060
0219022070
0219022074
0219022083
0219022085
0219022092
0219022094
0219022121
0219022123
0219022124
0219022126
0219022127
0219022137
0219022140
0219022141
0219022160
0219022173
0219022177
0219022182
0219022194
0219022195
0219022208
0219022216
0219022231
0219022239
0219022240
0219022243
0219022253
0219022260
0219022261
0219022262
0219022263
0219022264
0219022266
0219023016
0219023030
0219023057
0219023084
0219023088
0219024024
0219024025
0219024032
0219024033
0219024045
0219024804
0219024805
0219024806
0219026001
0219026002
0219026014
0219026015
0219026016
0219027001
0219028001
0219028002
0219032007
0219033004
0219033008
0219033011
0219033022
0219033027
0219033034
0219033044
0219033060
0219033061
0219034002
0219034019
0219034029
0219034048
0219034059
0219034066
0219034079
0219037002
0219037006
0219037008
0219037017
0219037022
0219037023
0219038005
0219038012
0219038013
0219038019
0219038025
0219041000
0219041005
0219041015
0219041023
0219041028
0219042007
0219042008
0219042009
0219042010
0219042011
0219043009
0219043011
0219043018
0219043027
0219043032
0219043033
0219043035
0219043041
0219043048
0219043050
0219043054
0219043055
0219043061
0219043066
0219043067
0219043078
0219043082
0219043088
0219043091
0219043108
0219043130
0219044017
0219044021
0219044031
0219044033
0219044036
0219044039
0219044049
0219044050
0219044052
0219044058
0219044060
0219044067
0219044074
0219044079
0219044080
0219044098
0219044101
0219044102
0219044293
0219044301
0219045001
0219045002
0219045003
0219045004
0219047011
0219047012
0219047013
0219047014
0219048003
0219048010
0219048013
0219048014
0219048016
0219048019
0219048020
0219048032
0219048039
0219048049
0219051001
0219051014
0219052025
0219052028
0219052035
0219052037
0219052040
0219052048
0219052049
0219053000
0219053010
0219053027
0219053037
0219053042
0219053047
0219053059
0219053065
0219053066
0219053067
0219053068
0219054022
0219054025
0219054030
0219054034
0219054040
0219054041
0219054046
0219054048
0219054059
0219054071
0219054078
0219054079
0219056015
0219056020
0219057005
0219057006
0219058005
0219061022
0219061044
0219061051
0219061054
0219061060
0219061061
0219061064
0219061065
0219061070
0219061088
0219061089
0219062004
0219062032
0219062035
0219062040
0219062043
0219062047
0219063006
0219063007
0219063012
0219063038
0219063048
0219063063
0219063069
0219063074
0219064001
0219064010
0219064016
0219065009
0219065010
0219065012
0219065019
0219065023
0219065028
0219065029
0219065030
0219066003
0219066004
0219066012
0219067001
0219067002
0219067003
0219067009
0219067010
0219067014
0219068003
0219068007
0219081003
0219081009
0219081036
0219081054
0219081063
0219081105
0219081108
0219081112
0219081113
0219081116
0219085004
0219085005
0219085009
0219085010
0219085011
0219085012
0219085020
0219091003
0219091025
0219091026
0219091030
0219091042
0219091057
0219091058
0219091062
0219091067
0219091073
0219091075
0219092001
0219092017
0219092029
0219092031
0219092037
0219092046
0219092048
0219092049
0219092053
0219092067
0219092079
0219092086
0219094002
0219094005
0219094006
0219094007
0219094008
0219094019
0219094035
0219094038
0219094041
0219094055
0219094058
0219094067
0219094071
0219094077
0219094078
0219094086
0219094087
0219095001
0219095014
0219095015
0219095019
0219096006
0219096007
0219096010
0219096016
0219096022
0219096030
0219096031
0219096032
0219098007
0219098008
0219098009
0219098022
0219098023
0219101021
0219101038
0219102002
0219102005
0219102007
0219102009
0219102014
0219102034
0219102039
0219102042
0219102062
0219102071
0219103029
0219103038
0219103054
0219103069
0219103078
0219103101
0219103102
0219103103
0219103105
0219103107
0219103108
0219103111
0219103113
0219103115
0219103116
0219103117
0219103119
0219103820
0219105003
0219105005
0219105009
0219106004
0219106012
0219106016
0219106018
0219107007
0219107008
0219107016
0219107018
0219111001
0219111008
0219111038
0219111040
0219111042
0219111043
0219111044
0219111052
0219111054
0219111067
0219111068
0219111069
0219111070
0219112004
0219112029
0219112033
0219112063
0219113007
0219113016
0219113027
0219113031
0219113049
0219113069
0219113089
0219113102
0219113113
0219113126
0219113127
0219113128
0219113130
0219113131
0219114030
0219114043
0219114057
0219114115
0219114116
0219114117
0219114140
0219114149
0219114150
0219114151
0219114160
0219114179
0219114194
0219114214
0219114217
0219115007
0219115008
0219115018
0219115020
0219115021
0219115022
0219116003
0219116004
0219117001
0219117002
0219117008
0219117009
0219117019
0219117024
0219117031
0219118005
0219118016
0219118017
0219118018
0219118033
0219118034
0219118035
0219118036
0219118037
0219118046
0219118047
0219118048
0219121002
0219121004
0219121005
0219122058
0219122060
0219122071
0219122075
0219122156
0219122160
0219122164
0219122165
0219122166
0219122170
0219122171
0219122172
0219122174
0219123046
0219123060
0219123072
0219123082
0219123108
0219123109
0219123112
0219126009
0219126013
0219126016
0219126017
0219126020
0219126021
0219126024
0219126025
0219126800
0219126801
0219127019
0219127020
0219132005
0219132006
0219132007
0219132008
0219132043
0219132067
0219132068
0219132069
0219141004
0219141034
0219141055
0219141056
0219142008
0219142013
0219142044
0219142063
0219142073
0219142087
0219142096
0219142099
0219142101
0219146009
0219146010
0219146011
0219146013
0219146016
0219146017
0219146018
0219146019
0219146020
0219146021
0219146022
0219151000
0219151014
0219151015
0219152019
0219152020
0219153003
0219153017
0219153041
0219154003
0219157002
0219157005
0219157006
0219157011
0219157012
0219157013
0219161002
0219161011
0219161012
0219161013
0219161014
0219161025
0219161026
0219161035
0219161039
0219161057
0219161058
0219161060
0219161500
0219162004
0219162005
0219162008
0219163002
0219163008
0219163010
0219163011
0219163013
0219163019
0219163020
0219163025
0219163032
0219163033
0219163035
0219163038
0219163041
0219163042
0219163043
0219163046
0219163047
0219163048
0219163049
0219163050
0219163051
0219163052
0219163055
0219163056
0219163057
0219164006
0219164017
0219164018
0219164022
0219164029
0219164032
0219164035
0219164050
0219164053
0219164054
0219164059
0219164073
0219164074
0219164075
0219164080
0219165005
0219165006
0219165009
0219165500
0219201001
0219201006
0219201505
0219201506
0219204000
0219204001
0219211015
0219211031
0219211048
0219211070
0219211072
0219211074
0219211077
0219212000
0219212002
0219212018
0219212027
0219212028
0219212029
0219212031
0219212037
0219212038
0219212047
0219212052
0219212060
0219212061
0219212073
0219212078
0219212089
0219212095
0219212104
0219212112
0219212122
0219212128
0219212131
0219212136
0219212141
0219212143
0219212151
0219212168
0219212189
0219212195
0219213000
0219216001
0219216007
0219216011
0219216012
0219216034
0219216035
0219216036
0219216037
0219216038
0219216039
0219216040
0219216041
0219216042
0219216043
0219216044
0219221020
0219221077
0219221085
0219221141
0219221154
0219221155
0219221160
0219221167
0219221170
0219222010
0219222012
0219222014
0219222038
0219222045
0219222046
0219222056
0219222057
0219222064
0219222066
0219222070
0219226009
0219226010
0219226019
0219231005
0219232000
0219232012
0219232014
0219232023
0219232024
0219232065
0219232071
0220011001
0220011003
0220011006
0220012007
0220012008
0220012012
0220012015
0220012016
0220012055
0220012058
0220012077
0220012081
0220012103
0220012104
0220012109
0220012113
0220012117
0220012118
0220012120
0220012121
0220012123
0220012127
0220012136
0220012138
0220012152
0220012156
0220012159
0220012160
0220012163
0220012167
0220012173
0220012184
0220012186
0220012220
0220012229
0220012230
0220012232
0220012241
0220012242
0220012243
0220012244
0220012245
0220012249
0220012252
0220012254
0220012255
0220013033
0220013043
0220013044
0220013049
0220014006
0220014014
0220014024
0220014027
0220014035
0220014037
0220014039
0220014057
0220014062
0220014087
0220014089
0220014098
0220014102
0220014105
0220014116
0220014123
0220014124
0220014128
0220014131
0220014132
0220014142
0220014144
0220014147
0220014148
0220014183
0220014184
0220016003
0220016005
0220016006
0220016007
0220016026
0220018011
0220021001
0220021015
0220021018
0220021026
0220022004
0220022014
0220022021
0220022024
0220022025
0220022028
0220022034
0220022048
0220022053
0220022073
0220022075
0220022077
0220022082
0220022083
0220022094
0220022097
0220022104
0220022110
0220022112
0220022113
0220022119
0220022136
0220022147
0220022163
0220022165
0220022804
0220023007
0220025014
0220025016
0220025017
0220025018
0220025019
0220025025
0220026001
0220026003
0220026005
0220026006
0220026012
0220026015
0220026016
0220031031
0220031038
0220031039
0220031041
0220031042
0220031046
0220031050
0220031052
0220031062
0220031063
0220031082
0220031093
0220031095
0220031098
0220031099
0220031101
0220031102
0220031105
0220031106
0220031108
0220032010
0220033008
0220033009
0220033012
0220033024
0220033029
0220033038
0220033039
0220033047
0220033051
0220033053
0220033067
0220033076
0220033091
0220033097
0220033099
0220033109
0220033115
0220033121
0220033134
0220033136
0220033149
0220033168
0220033176
0220033179
0220033184
0220033185
0220033197
0220033198
0220033202
0220033205
0220033206
0220033210
0220033219
0220033220
0220033221
0220034002
0220034005
0220034019
0220034024
0220034027
0220034032
0220034033
0220034035
0220034054
0220034056
0220034058
0220034066
0220034069
0220034071
0220034072
0220034083
0220035006
0220035019
0220035027
0220037009
0220037015
0220037017
0220037018
0220037025
0220037033
0220037040
0220037042
0220037048
0220037049
0220037054
0220038006
0220038007
0220038008
0220038010
0220038024
0220038025
0220038026
0220038027
0220041007
0220041013
0220041018
0220043003
0220044005
0220044017
0220044018
0220044021
0220044028
0220044029
0220044032
0220044042
0220044091
0220044107
0220044112
0220044127
0220044146
0220044164
0220044165
0220044178
0220044182
0220044193
0220044214
0220044230
0220044232
0220044234
0220044235
0220044240
0220044247
0220044255
0220044260
0220044261
0220044265
0220044266
0220044279
0220044290
0220044297
0220044307
0220044315
0220044321
0220044324
0220044327
0220044329
0220044331
0220044334
0220044335
0220044336
0220044337
0220044338
0220044501
0220045013
0220048002
0220048007
0220048011
0220048012
0220048013
0220048016
0220048019
0220048022
0220048023
0220048025
0220048027
0220048030
0220048034
0220048063
0220051003
0220052013
0220052021
0220052022
0220052023
0220052037
0220052038
0220052041
0220052042
0220052043
0220052044
0220055001
0220055002
0220061011
0220061012
0220062000
0220062001
0220063011
0220063012
0220063016
0220063019
0220063024
0220063025
0220063031
0220063036
0220063037
0220071015
0220071020
0220071022
0220071030
0220071034
0220071041
0220071046
0220071052
0220071053
0220071055
0220071056
0220071059
0220071060
0220072014
0220072018
0220072019
0220072021
0220072023
0220072035
0220072041
0220072044
0220072050
0220072063
0220072064
0220072066
0220072068
0220072072
0220073001
0220073009
0220073017
0220073044
0220073058
0220074004
0220074020
0220074021
0220074022
0220074026
0220074027
0220074029
0220074030
0220075001
0220076002
0220077003
0220077009
0220077010
0220077012
0220077014
0220077038
0220077041
0220077048
0220077058
0220077060
0220077073
0220077077
0220078001
0220078003
0220078004
0220091038
0220091053
0220091054
0220091057
0220091063
0220091065
0220091076
0220091078
0220091082
0220091085
0220091087
0220091092
0220091093
0220091101
0220091113
0220091117
0220091131
0220091133
0220091135
0220091139
0220091153
0220091160
0220091166
0220091173
0220091178
0220091182
0220091185
0220091187
0220091188
0220091189
0220091195
0220092007
0220092034
0220092038
0220092042
0220092043
0220092044
0220093006
0220093014
0220093015
0220093016
0220093031
0220093032
0220093033
0220093046
0220093047
0220093049
0220093058
0220093063
0220093069
0220093073
0220093076
0220093500
0220094010
0220094037
0220094048
0220094051
0220094052
0220094056
0220094061
0220094062
0220094078
0220094085
0220094098
0220094101
0220094102
0220094109
0220094113
0220094120
0220094122
0220094123
0220094124
0220094127
0220095004
0220095016
0220095017
0220095024
0220095029
0220095031
0220095034
0220095040
0220095043
0220095057
0220095061
0220095077
0220095079
0220095080
0220095082
0220095083
0220096002
0220096005
0220096006
0220097006
0220097010
0220097011
0220097015
0220098005
0220098009
0220098012
0220098014
0220098018
0220098019
0220101005
0220101007
0220101009
0220101019
0220101020
0220101023
0220101025
0220101026
0220101038
0220101044
0220101047
0220101053
0220101056
0220101077
0220101084
0220101086
0220101087
0220101090
0220101092
0220101102
0220101103
0220101106
0220101113
0220101116
0220101126
0220101129
0220101131
0220101135
0220101138
0220102006
0220102020
0220102035
0220102036
0220102039
0220102051
0220102056
0220102057
0220102060
0220102061
0220102065
0220102069
0220102078
0220102080
0220102082
0220102085
0220102088
0220102091
0220102095
0220102101
0220102103
0220102104
0220102114
0220102117
0220102122
0220102123
0220102124
0220102136
0220102139
0220102147
0220102148
0220102149
0220102151
0220102163
0220102170
0220102178
0220102205
0220102207
0220102222
0220102225
0220102228
0220102235
0220104003
0220104007
0220104014
0220104017
0220104027
0220104038
0220104052
0220104070
0220104075
0220104077
0220104097
0220104101
0220104106
0220104121
0220104141
0220104154
0220104166
0220104168
0220104172
0220104173
0220104181
0220104182
0220104186
0220106010
0220106011
0220106012
0220106013
0220106014
0220106015
0220106022
0220106025
0220106030
0220106032
0220106033
0220106034
0220106035
0220108005
0220108006
0220108007
0220108008
0220108010
0220108019
0220108020
0220108021
0220112000
0220112001
0220112003
0220112016
0220112019
0220112020
0220112021
0220112031
0220112033
0220112035
0220112036
0220112050
0220112051
0220112057
0220112072
0220112073
0220112076
0220112079
0220112082
0220112087
0220112098
0220112104
0220113001
0220113005
0220113007
0220113013
0220113016
0220113021
0220113023
0220113024
0220113028
0220113030
0220113032
0220113034
0220114002
0220114008
0220114025
0220114030
0220114035
0220116009
0220116012
0220116014
0220116015
0220116016
0220116018
0220116021
0220117001
0220117002
0220121006
0220121013
0220121014
0220121015
0220121016
0220121031
0220121051
0220121054
0220121055
0220121070
0220121085
0220121087
0220121091
0220121094
0220121102
0220121104
0220121119
0220121127
0220121128
0220121140
0220121143
0220121145
0220121164
0220121166
0220121167
0220121168
0220121169
0220121170
0220121171
0220122006
0220122008
0220122011
0220122012
0220122019
0220123003
0220123006
0220123019
0220123022
0220123035
0220123036
0220123041
0220123043
0220123044
0220123045
0220123046
0220123047
0220123048
0220123049
0220124048
0220126001
0220131000
0220131006
0220131008
0220131010
0220131013
0220131037
0220131039
0220131047
0220131050
0220131059
0220131060
0220131066
0220131067
0220131069
0220131091
0220131095
0220131104
0220131110
0220131115
0220131129
0220131135
0220131136
0220131138
0220132007
0220132012
0220132015
0220132018
0220132022
0220132025
0220132040
0220132041
0220132042
0220132043
0220132044
0220132046
0220132049
0220132051
0220132052
0220132055
0220132069
0220132073
0220132074
0220132075
0220132076
0220132077
0220132078
0220132079
0220132081
0220132086
0220133014
0220133046
0220133048
0220133051
0220133052
0220133053
0220134012
0220134020
0220134023
0220134025
0220134026
0220134029
0220135011
0220135019
0220136001
0220137017
0220137024
0220137027
0220137029
0220143000
0220143012
0220143013
0220143017
0220143044
0220143065
0220143068
0220143069
0220143081
0220143083
0220144001
0220144009
0220144018
0220144019
0220144040
0220145003
0220145004
0220145007
0220145009
0220145012
0220145015
0220145016
0220145018
0220145020
0220145022
0220145023
0220147001
0220147005
0220148013
0220148015
0220148016
0220151015
0220151020
0220151027
0220151032
0220151035
0220151036
0220151039
0220151040
0220151041
0220151079
0220151080
0220151088
0220151092
0220151105
0220151106
0220151205
0220151207
0220151217
0220151219
0220151220
0220151228
0220151234
0220151236
0220151237
0220152016
0220152028
0220152038
0220152048
0220152055
0220152068
0220152071
0220152072
0220152082
0220152083
0220152099
0220152102
0220152103
0220152106
0220152110
0220152119
0220152122
0220152131
0220152133
0220152166
0220152182
0220152204
0220152249
0220152251
0220152259
0220152260
0220152264
0220152265
0220153013
0220153024
0220153030
0220153047
0220153050
0220153054
0220153066
0220153072
0220153073
0220153076
0220153081
0220153092
0220153094
0220153102
0220153117
0220153122
0220153131
0220153133
0220153134
0220153144
0220153146
0220153151
0220153160
0220153161
0220153162
0220153180
0220153186
0220153190
0220153194
0220153195
0220153196
0220153197
0220153232
0220153235
0220153243
0220154033
0220154038
0220154044
0220154050
0220154056
0220154066
0220154071
0220154083
0220154101
0220154102
0220154110
0220154111
0220155004
0220155016
0220155017
0220155025
0220155032
0220155034
0220155050
0220155051
0220156006
0220156011
0220156017
0220156027
0220156031
0220156049
0220156050
0220157001
0220157002
0220157005
0220157015
0220157024
0220157025
0220157030
0220157031
0220157032
0220157034
0220157035
0220157036
0220158002
0220158003
0220158021
0220158024
0220158027
0220158028
0220158029
0220158030
0220158031
0220161017
0220161018
0220161019
0220162004
0220163003
0220163004
0220163009
0220163013
0220163014
0220163028
0220163057
0220163058
0220163059
0220163060
0220163062
0220163063
0220163066
0220163068
0220163069
0220163073
0220163074
0220164003
0220164034
0220164037
0220164038
0220164042
0220165001
0220165002
0220165003
0220167005
0220168004
0220168005
0220174012
0220174014
0220174015
0220174029
0220174033
0220178001
0220178002
0220178003
0220181012
0220181023
0220181025
0220181038
0220182015
0220182036
0220185014
0220186004
0220186005
0220186033
0220186034
0220186042
0220186050
0220186051
0220186052
0220187012
0220187013
0220203000
0220211013
0220211015
0220211019
0220211032
0220211041
0220211050
0220211058
0220211701
0220213008
0220213009
0220213010
0220213012
0220214003
0220214700
0220215005
0220216020
0220216021
0220216022
0220216023
0220216024
0220216025
0220217002
0220218003
0220218006
0220221008
0220221018
0220221021
0220221022
0220221027
0220221037
0220222030
0220222033
0220222040
0220222048
0220222049
0220222055
0220222056
0220222057
0220222070
0220222080
0220222082
0220222088
0220222094
0220222101
0220222107
0220222123
0220222128
0220222146
0220222153
0220222154
0220222156
0220222157
0220222159
0220222162
0220222164
0220222166
0220222168
0220222175
0220223015
0220223032
0220223046
0220223047
0220224001
0220224002
0220224003
0220224020
0220224021
0220224030
0220224043
0220224061
0220225002
0220225005
0220225013
0220226007
0220226010
0220226014
0220226028
0220226042
0220226044
0220226045
0220226046
0220227001
0220227028
0220227029
0220227030
0220227031
0220227032
0220227033
0220228009
0220231011
0220231021
0220231037
0220231039
0220231049
0220231065
0220231066
0220231070
0220231078
0220231079
0220231082
0220231084
0220231125
0220231132
0220231134
0220231135
0220231136
0220231139
0220231140
0220231141
0220232006
0220232020
0220232025
0220233035
0220233037
0220234013
0220234032
0220234036
0220234045
0220234050
0220234057
0220234063
0220234066
0220234077
0220234082
0220234086
0220234128
0220234130
0220234131
0220234139
0220234140
0220234144
0220234146
0220234148
0220234153
0220234154
0220234161
0220234162
0220234163
0220234178
0220234183
0220234185
0220234193
0220234202
0220234206
0220234216
0220234219
0220234220
0220234223
0220234224
0220234225
0220235031
0220235033
0220235035
0220235037
0220235039
0220235040
0220235044
0220235046
0220235047
0220235049
0220235051
0220235053
0220235054
0220235055
0220235060
0220235061
0220235062
0220235063
0220236007
0220236008
0220237002
0220237010
0220237021
0220238003
0220238004
0220238007
0220238009
0220238030
0220238035
0220238041
0220238049
0220238052
0220238056
0220238057
0220238063
0220238067
0220238073
0220238082
0220241012
0220241018
0220242005
0220242006
0220242010
0220242012
0220242020
0220242021
0220242047
0220242059
0220242074
0220242079
0220242089
0220242094
0220242104
0220242131
0220242151
0220242155
0220242158
0220242160
0220242167
0220242176
0220242193
0220242224
0220242246
0220242249
0220242251
0220242262
0220242267
0220242270
0220242271
0220242272
0220242276
0220242281
0220242282
0220242286
0220242294
0220242297
0220244005
0220244008
0220246010
0220246013
0220246016
0220246017
0220246033
0220246038
0220246046
0220246047
0220246048
0220246049
0220246050
0220246053
0220246062
0220246069
0220247001
0220248003
0220248004
0220251033
0220251044
0220251057
0220251059
0220251060
0220251088
0220251089
0220251097
0220251105
0220251115
0220251120
0220251122
0220251123
0220251124
0220251131
0220251132
0220251158
0220251175
0220251178
0220251188
0220251192
0220251197
0220251199
0220251200
0220251201
0220252001
0220253001
0220253005
0220253013
0220253016
0220253023
0220253024
0220253028
0220253030
0220253039
0220253046
0220253048
0220253105
0220254069
0220254077
0220254082
0220254093
0220254096
0220254097
0220254117
0220254125
0220254150
0220254163
0220254165
0220254166
0220255005
0220255007
0220255014
0220255015
0220255017
0220255027
0220255037
0220255045
0220255046
0220258007
0220261007
0220261009
0220261018
0220261019
0220261047
0220261048
0220262005
0220262013
0220262018
0220262027
0220262040
0220262044
0220262045
0220262046
0220262052
0220262054
0220262055
0220262056
0220262057
0220263007
0220263060
0220263070
0220263072
0220263073
0220263077
0220263106
0220263114
0220263115
0220263142
0220263151
0220263152
0220263153
0220263154
0220264009
0220264019
0220264028
0220264031
0220264036
0220264040
0220264046
0220264066
0220264076
0220264083
0220264102
0220264104
0220264106
0220264107
0220264110
0220264111
0220264112
0220264113
0220265003
0220265010
0220265011
0220266009
0220266010
0220267016
0220267019
0220267020
0220268016
0220268022
0220268023
0220268024
0220268026
0220268027
0220268700
0220271001
0220271008
0220271017
0220271018
0220271024
0220271028
0220271045
0220271064
0220272011
0220272012
0220272029
0220272030
0220273008
0220274006
0220274014
0220274021
0220274024
0220274028
0220274030
0220274041
0220274046
0220274047
0220274053
0220274055
0220274056
0220274062
0220274072
0220274073
0220274078
0220274079
0220275005
0220278004
0220278006
0220278007
0220278009
0220278021
0220278022
0220281034
0220281037
0220281040
0220281041
0220282007
0220282010
0220282015
0220282016
0220282017
0220282019
0220282020
0220283007
0220283008
0220283013
0220283026
0220283027
0220283028
0220284007
0220285007
0220285009
0220285013
0220285023
0220285024
0220285027
0220285037
0220285042
0220288007
0220288008
0220288009
0220291009
0220291020
0220291500
0220291501
0220292004
0220293008
0220294014
0220294019
0220294020
0220294023
0220294024
0220297001
0220297002
0220314002
0220314012
0220321007
0220321020
0220321021
0220321022
0220321023
0220322007
0220322010
0220323014
0220323040
0220323046
0220323054
0220323056
0220323070
0220323071
0220323080
0220323100
0220323102
0220323107
0220323110
0220323116
0220324000
0220324015
0220324021
0220324023
0220324044
0220324046
0220324047
0220324052
0220324065
0220324071
0220324076
0220324089
0220324093
0220324094
0220324095
0220324096
0220324099
0220324100
0220327007
0220327008
0220327018
0220327019
0220327022
0220327023
0220327024
0220328004
0220328007
0220328012
0220328021
0220328022
0220328026
0220328030
0220328031
0220328032
0220328038
0220328039
0220328040
0220331006
0220331036
0220331048
0220331049
0220331050
0220331069
0220331070
0220331074
0220331075
0220334004
0220334005
0220334013
0220334018
0220334022
0220334025
0220334031
0220334034
0220334047
0220334049
0220338002
0220338005
0220341005
0220341011
0220341014
0220341046
0220341051
0220341070
0220341076
0220341078
0220341089
0220341093
0220341098
0220341113
0220341120
0220341127
0220341132
0220341137
0220341139
0220341154
0220341155
0220341164
0220341167
0220341184
0220341191
0220341193
0220341194
0220341206
0220341207
0220341212
0220341221
0220341227
0220341228
0220341231
0220341232
0220341235
0220341236
0220341237
0220341239
0220341240
0220341241
0220341245
0220341246
0220342009
0220342010
0220342014
0220342015
0220342036
0220343021
0220344002
0220344003
0220344016
0220344022
0220344029
0220344030
0220344038
0220344045
0220344048
0220344049
0220345007
0220345008
0220345015
0220345023
0220346008
0220351001
0220351029
0220351032
0220351041
0220352008
0220352018
0220352019
0220352031
0220352039
0220352044
0220352060
0220352061
0220352085
0220352108
0220352119
0220352147
0220352161
0220352182
0220352186
0220352187
0220352189
0220353003
0220353009
0220353015
0220353021
0220353093
0220353094
0220353095
0220353096
0220353097
0220353098
0220353108
0220354015
0220354025
0220354044
0220354066
0220354067
0220354071
0220354084
0220354085
0220354093
0220354096
0220354097
0220354098
0220354099
0220354100
0220355010
0220355034
0220356001
0220356015
0220356026
0220357002
0220358013
0220358014
0220361041
0220361049
0220361050
0220362025
0220362026
0220363001
0220363012
0220363014
0220363037
0220364002
0220364006
0220364033
0220364045
0220364055
0220364080
0220364082
0220364093
0220364103
0220364105
0220364106
0220364107
0220368019
0220368020
0220368021
0220368022
0220368026
0220368027
0220368028
0220368029
0221042001
0221042003
0221042006
0221042014
0221042016
0221042027
0221042029
0221042030
0221042034
0221042035
0221042041
0221042044
0221042046
0221042052
0221042054
0221042061
0221042062
0221042063
0221042064
0221042072
0221042073
0221042074
0221043002
0221043016
0221043018
0221046003
0221046006
0221046007
0221046008
0221051002
0221051017
0221051030
0221051032
0221051033
0221051034
0221051042
0221051044
0221051050
0221051053
0221051054
0221051071
0221051089
0221052003
0221052004
0221052009
0221052012
0221052032
0221052033
0221052034
0221052036
0221052037
0221052044
0221052048
0221052055
0221052061
0221052065
0221052086
0221052092
0221052096
0221052099
0221052101
0221053000
0221053004
0221053015
0221053030
0221053038
0221053039
0221053041
0221053052
0221053055
0221053058
0221053059
0221053063
0221053068
0221053070
0221053071
0221053076
0221053082
0221053083
0221053087
0221053088
0221053092
0221053093
0221053095
0221053096
0221053101
0221053103
0221053112
0221053118
0221053125
0221054003
0221054005
0221054006
0221054010
0221054047
0221054055
0221054058
0221054063
0221054066
0221054086
0221054087
0221054099
0221054147
0221054148
0221054153
0221054161
0221054164
0221054173
0221054178
0221055009
0221055010
0221055011
0221055013
0221055018
0221055019
0221056028
0221056036
0221056038
0221056039
0221056042
0221056043
0221056044
0221057002
0221057007
0221058008
0221058016
0221058017
0221058025
0221058029
0221058033
0221058046
0221058048
0221058049
0221058050
0221058051
0221058052
0221061010
0221061012
0221061023
0221061054
0221061055
0221061065
0221061098
0221061100
0221061102
0221061109
0221061110
0221062003
0221062006
0221062010
0221062031
0221062071
0221062072
0221062073
0221062098
0221063042
0221063046
0221063047
0221064014
0221064015
0221064016
0221064020
0221064021
0221064022
0221064023
0221064035
0221064044
0221064046
0221064071
0221064074
0221064079
0221064080
0221064084
0221064101
0221064102
0221064138
0221064157
0221064165
0221064169
0221065002
0221065003
0221065005
0221065010
0221065011
0221065013
0221065014
0221065017
0221065021
0221066004
0221066010
0221066011
0221066012
0221068005
0221068023
0221068024
0221068028
0221068029
0221068035
0221068038
0221071009
0221071016
0221071049
0221071057
0221071060
0221071067
0221071068
0221071069
0221071087
0221071088
0221071110
0221071119
0221071123
0221071124
0221071128
0221071129
0221071131
0221071138
0221071149
0221071155
0221071165
0221071167
0221071168
0221071172
0221071173
0221072017
0221072023
0221072025
0221072055
0221072056
0221072057
0221073038
0221073061
0221073064
0221073072
0221073079
0221073096
0221074015
0221074030
0221074041
0221074048
0221074058
0221074069
0221074070
0221074071
0221074081
0221075010
0221075013
0221075021
0221075022
0221075023
0221075024
0221075025
0221075029
0221075030
0221077019
0221077034
0221078005
0221078006
0221081003
0221081008
0221081014
0221081026
0221081030
0221081035
0221081036
0221081064
0221081088
0221081090
0221081091
0221081092
0221081093
0221081096
0221081097
0221081100
0221081103
0221081106
0221081120
0221081131
0221081133
0221081134
0221081148
0221081150
0221081153
0221081154
0221081156
0221081168
0221081169
0221081176
0221081177
0221081178
0221081180
0221081181
0221081182
0221081185
0221082015
0221082022
0221082024
0221082026
0221082042
0221082053
0221082054
0221082056
0221082070
0221082078
0221082081
0221082082
0221082084
0221082088
0221082090
0221082096
0221082105
0221082111
0221082112
0221082114
0221082115
0221082134
0221082142
0221082144
0221082150
0221082154
0221082156
0221082158
0221082163
0221082164
0221082171
0221082173
0221082174
0221082187
0221082188
0221082190
0221082192
0221082206
0221082214
0221082217
0221082218
0221082228
0221082232
0221082234
0221082248
0221082249
0221082250
0221082251
0221082252
0221083023
0221083024
0221083025
0221083034
0221083047
0221083060
0221083065
0221083069
0221083103
0221083118
0221083119
0221083129
0221083155
0221083156
0221083161
0221083162
0221084010
0221084012
0221084013
0221084021
0221084026
0221084027
0221084030
0221084031
0221084032
0221084039
0221084040
0221084052
0221084054
0221084059
0221084068
0221084077
0221084085
0221084086
0221084091
0221084093
0221084102
0221084112
0221084117
0221084152
0221084153
0221085008
0221085011
0221085014
0221085016
0221085017
0221085018
0221086003
0221086007
0221086009
0221086023
0221086024
0221086025
0221086029
0221086031
0221086038
0221086040
0221087013
0221087016
0221087017
0221087034
0221087036
0221087043
0221087044
0221088001
0221088004
0221088010
0221088019
0221088021
0221088027
0221088029
0221088042
0221088043
0221103000
0221143001
0221163011
0221167003
0221167006
0221167008
0221167010
0221167018
0221167034
0221167037
0221167039
0221171000
0221172009
0221172036
0221172039
0221172071
0221172094
0221172097
0221172103
0221172105
0221172109
0221172110
0221172113
0221172119
0221172121
0221172123
0221172124
0221172126
0221172127
0221172128
0221173011
0221173022
0221173032
0221173033
0221173091
0221173092
0221173101
0221173103
0221173107
0221174020
0221174074
0221174081
0221174089
0221176013
0221176014
0221176017
0221176018
0221176029
0221176031
0221176801
0221177011
0221177018
0221177019
0221177027
0221177033
0221177034
0221177035
0221177036
0221177041
0221177059
0221178001
0221178002
0221178005
0221178006
0221178007
0221178008
0221178009
0221178011
0221178053
0221178063
0221178064
0221178065
0221178066
0221178068
0221178069
0221178070
0221178072
0221178073
0221181015
0221181034
0221181037
0221181041
0221181047
0221181065
0221181074
0221182019
0221182025
0221182027
0221182046
0221182054
0221182067
0221182069
0221182072
0221182073
0221182074
0221182082
0221182085
0221182086
0221182088
0221182090
0221182097
0221182101
0221182112
0221182113
0221182114
0221182115
0221184004
0221184025
0221184026
0221184031
0221184045
0221184061
0221184089
0221184099
0221185008
0221185009
0221185027
0221185042
0221185043
0221185046
0221186003
0221187010
0221187013
0221187020
0221187022
0221187023
0221187024
0221187025
0221187026
0221187027
0221187032
0221187034
0221187039
0221187040
0221187043
0221187045
0221187046
0221187050
0221187058
0221188005
0221188011
0221188012
0221188014
0221188018
0221188020
0221188021
0221188022
0221188023
0221188039
0221188043
0221188056
0221188057
0221188058
0221188059
0221188061
0221188064
0221188067
0221188075
0221188083
0221188089
0221191005
0221191006
0221191009
0221191029
0221191030
0221191700
0221192009
0221192018
0221192020
0221192023
0221192027
0221192029
0221192035
0221192046
0221192047
0221192049
0221192050
0221192058
0221192068
0221192069
0221192076
0221192504
0221192505
0221192506
0221193017
0221193018
0221193019
0221193024
0221193026
0221193027
0221193033
0221193040
0221193043
0221193052
0221193060
0221193061
0221193069
0221193074
0221193075
0221193076
0221193077
0221193078
0221194029
0221194035
0221194044
0221194045
0221194046
0221194048
0221194702
0221195001
0221195002
0221195003
0221195004
0221195008
0221195011
0221195023
0221195024
0221195031
0221195035
0221196001
0221196005
0221196019
0221196023
0221197004
0221197005
0221197015
0221197021
0221198002
0221198003
0221198004
0221198009
0221198012
0221198026
0221198027
0221198028
0221198030
0221198035
0221198036
0221201004
0221201040
0221202013
0221202016
0221203009
0221203014
0221203015
0221203019
0221203021
0221203026
0221203034
0221203039
0221203044
0221203046
0221203051
0221203054
0221203055
0221203071
0221203072
0221203073
0221203074
0221203076
0221203077
0221203701
0221204034
0221205004
0221205009
0221205010
0221205011
0221205014
0221206002
0221206004
0221206009
0221206010
0221206011
0221206014
0221207004
0221207006
0221207007
0221207008
0221207700
0221208005
0221208009
0221208011
0221208012
0221208016
0221212004
0221212006
0221212007
0221212010
0221212011
0221213050
0221213054
0221213055
0221213058
0221213060
0221213061
0221213062
0221214007
0221214015
0221214016
0221214017
0221216011
0221216016
0221216018
0221216019
0221216028
0221216029
0221217002
0221217008
0221221011
0221221019
0221221020
0221221021
0221221022
0221228018
0221228021
0221228022
0221228023
0221231001
0221231003
0221231004
0221231017
0221231040
0221231042
0221231045
0221231050
0221231051
0221231052
0221231058
0221231064
0221231066
0221231076
0221231100
0221231103
0221231108
0221231109
0221231110
0221231111
0221231112
0221231113
0221231114
0221232009
0221232025
0221233008
0221233030
0221233034
0221233041
0221233044
0221233045
0221233065
0221233081
0221233082
0221233086
0221233098
0221233101
0221233111
0221233113
0221233123
0221233125
0221233129
0221234000
0221234001
0221234006
0221234008
0221234013
0221234020
0221234021
0221235003
0221235004
0221235009
0221236005
0221237002
0221238004
0221238006
0221251000
0221251001
0221251002
0221251003
0221251006
0221251020
0221251022
0221252002
0221252003
0221252004
0221252005
0221253004
0221253020
0221253022
0221253033
0221253040
0221253045
0221253049
0221253051
0221253059
0221253067
0221253068
0221253074
0221253081
0221253084
0221253086
0221253088
0221253091
0221253096
0221253101
0221253108
0221253126
0221253130
0221253132
0221253137
0221257002
0221257003
0221261036
0221261042
0221262003
0221262004
0221262014
0221262020
0221262021
0221262027
0221262029
0221262033
0221262044
0221262045
0221262046
0221262070
0221262071
0221263011
0221263016
0221263039
0221263040
0221263042
0221263046
0221263047
0221263049
0221264007
0221264017
0221264018
0221264041
0221264045
0221264059
0221264060
0221264065
0221264075
0221264076
0221264101
0221264111
0221264113
0221264118
0221264119
0221264120
0221264121
0221265001
0221265071
0221266007
0221266009
0221266010
0221268008
0221271000
0221271003
0221271004
0221274011
0221278023
0221281000
0221281015
0221281020
0221281023
0221282015
0221282042
0221282045
0221283025
0221283042
0221284003
0221284008
0221284018
0221284031
0221284036
0221284041
0221284045
0221284046
0221284048
0221284050
0221285004
0221287003
0221291006
0221291018
0221291051
0221292015
0221292019
0221292047
0221292061
0221292062
0221292063
0221292064
0221293006
0221293014
0221293020
0221293027
0221293061
0221293066
0221293078
0221293080
0221293082
0221293087
0221293093
0221293100
0221293101
0221293102
0221296001
0221296005
0221296006
0221296007
0221296008
0221297006
0221297007
0221297015
0221297019
0221297020
0221297021
0221297024
0221297025
0221301002
0221301007
0221301010
0221301011
0221301014
0221301018
0221301035
0221301050
0221301053
0221301066
0221301074
0221301089
0221301096
0221301097
0221301100
0221301108
0221301109
0221301112
0221301115
0221301116
0221302006
0221302007
0221302029
0221302031
0221302033
0221302034
0221302041
0221302042
0221302044
0221303011
0221303015
0221303038
0221303064
0221303068
0221303071
0221303072
0221303087
0221303108
0221303114
0221303115
0221303123
0221303124
0221303133
0221303139
0221303141
0221303155
0221303157
0221303158
0221303160
0221303161
0221303162
0221303163
0221304004
0221304008
0221304012
0221304029
0221304031
0221304034
0221304036
0221304037
0221305008
0221305009
0221305012
0221306006
0221307007
0221307010
0221307011
0221307012
0221307017
0221307024
0221307025
0221307040
0221307041
0221307042
0221307043
0221307044
0221307045
0221308001
0221311000
0221311038
0221311050
0221311055
0221311056
0221311075
0221311080
0221311087
0221311091
0221311095
0221311101
0221311108
0221311109
0221311500
0221311507
0221311508
0221311520
0221312013
0221312019
0221314010
0221314013
0221314015
0221314016
0221314020
0221314021
0221314028
0221314029
0221314035
0221314045
0221314054
0221314077
0221314078
0221314079
0221314081
0221315001
0221315007
0221315010
0221315028
0221315029
0221315030
0221318008
0221318009
0221318010
0221318013
0221318016
0221318018
0221318019
0221318021
0221321004
0221322012
0221322034
0221322035
0221322037
0221322045
0221322047
0221322051
0221322052
0221322053
0221322066
0221322069
0221322092
0221322093
0221322095
0221322096
0221322098
0221322099
0221322100
0221322101
0221322102
0221322103
0221322104
0221322105
0221323020
0221324016
0221324022
0221324026
0221326003
0221326008
0221326011
0221326015
0221326025
0221326029
0221326030
0221326031
0221326038
0221326039
0221326040
0221326041
0221326042
0221327001
0221327002
0221327009
0221327011
0221327013
0221327017
0221327020
0221327036
0221327041
0221328003
0221328006
0221328011
0221328012
0221328013
0221332004
0221332006
0221334000
0221341033
0221343023
0221343041
0221343056
0221343057
0221343061
0221343080
0221343110
0221343114
0221343116
0221343121
0221344020
0221344022
0221344024
0221345002
0221347011
0221347015
0221347029
0221348006
0221351003
0221352000
0221352006
0221352010
0221352012
0221352014
0221352062
0221352066
0221352068
0221353012
0221353015
0221353021
0221353022
0221353038
0221353043
0221353045
0221353046
0221353055
0221353056
0221353057
0221353059
0221353060
0221354003
0221354009
0221356002
0221356006
0221356016
0221356017
0221357001
0221357003
0221357005
0221357007
0221357009
0221357012
0221358001
0221358003
0222161002
0222161005
0222161007
0222161009
0222161019
0222161021
0222161029
0222162008
0222162019
0222162021
0222162022
0222162027
0222162052
0222162053
0222162058
0222162059
0222163002
0222163010
0222163014
0222163016
0222163017
0222163023
0222163041
0222163059
0222163076
0222163077
0222163078
0222164002
0222164007
0222164010
0222164017
0222164018
0222164019
0222164020
0222164033
0222164034
0222165005
0222165007
0222167002
0222167003
0222167009
0222167010
0222167011
0222167023
0222171023
0222171025
0222171029
0222171030
0222171041
0222171042
0222171049
0222171057
0222171064
0222172007
0222172013
0222172014
0222172018
0222172019
0222172022
0222172030
0222172031
0222172032
0222172042
0222173025
0222173030
0222173032
0222173044
0222173047
0222173049
0222174006
0222174010
0222174024
0222174025
0222174026
0222174041
0222174042
0222174046
0222174047
0222174055
0222174057
0222174063
0222174064
0222174065
0222175017
0222175020
0222175021
0222176007
0222176008
0222176009
0222176010
0222176012
0222176017
0222176018
0222176028
0222176030
0222176031
0222176032
0222176033
0222177011
0222177014
0222177015
0222177023
0222177031
0222178013
0222178014
0222181001
0222181035
0222181047
0222182009
0222182010
0222183000
0222183007
0222183012
0222183016
0222183023
0222184008
0222184011
0222184012
0222184017
0222184019
0222184028
0222184032
0222184037
0222185004
0222185008
0222185011
0222185016
0222185017
0222185019
0222185020
0222185028
0222185037
0222185049
0222185052
0222185073
0222185077
0222185081
0222185082
0222185092
0222185095
0222185096
0222188012
0222188017
0222188020
0222188021
0222188022
0222188023
0222188027
0222188032
0222191002
0222192004
0222192005
0222192007
0222194043
0222194048
0222194066
0222195001
0222195003
0222195006
0222196002
0222196010
0222198001
0222198002
0222198003
0222198004
0222198007
0222198012
0222198013
0222198014
0222198015
0222198016
0222198017
0222198018
0222198019
0222198021
0222198022
0222198023
0222198027
0222201001
0222201020
0222201022
0222202021
0222202027
0222202033
0222202039
0222202041
0222202042
0222202044
0222202052
0222203002
0222203017
0222203034
0222203035
0222203037
0222203038
0222203039
0222203048
0222204003
0222204010
0222204014
0222204023
0222204024
0222204030
0222204031
0222205005
0222206009
0222206010
0222206011
0222206014
0222206016
0222206039
0222207010
0222215023
0222215028
0222215029
0222218004
0222218006
0222218018
0222218027
0222218033
0222218034
0222218074
0222223003
0222223008
0222223012
0222223014
0222223015
0222223019
0222223078
0222223087
0222227001
0222227010
0222227012
0222227031
0222227041
0222227042
0222227046
0222227048
0222227049
0222227062
0222227067
0222227070
0222227072
0222272030
0222272031
0222272032
0222272034
0222276012
0222276027
0222276030
0222281000
0222281024
0222281038
0222281040
0222281048
0222284032
0222284045
0222285002
0222285003
0222285018
0222285023
0222285032
0222285034
0222285039
0222285041
0222287005
0222288012
0222288030
0222288032
0222291018
0222291020
0222291021
0222291023
0222291026
0222291027
0222291028
0222291030
0222291041
0222291042
0222291043
0222291044
0222291045
0222292001
0222292032
0222292033
0222293019
0222293033
0222293037
0222294009
0222294013
0222294025
0222294026
0222294040
0222294041
0222294053
0222294054
0222295001
0222295002
0222295004
0222295005
0222295006
0222295007
0222296004
0222296006
0222296007
0222296008
0222296013
0222296014
0222296017
0222296020
0222296021
0222296030
0222297004
0222297005
0222297006
0222297008
0222297009
0222297017
0222297018
0222297023
0222297028
0222298008
0222301033
0222301076
0222301077
0222301078
0222301082
0222302012
0222303003
0222305008
0222305009
0222305030
0222308004
0222311003
0222312041
0222313009
0222313028
0222313046
0222313054
0222313055
0222313056
0222313067
0222313072
0222313073
0222313079
0222313080
0222314010
0222314027
0222314036
0222315009
0222315016
0222315019
0222315020
0222316005
0222318003
0222318019
0222318021
0222318025
0222318026
0222318041
0222318049
0222318050
0222318051
0222318052
0222321003
0222321024
0222321037
0222322023
0222322029
0222322030
0222322036
0222322046
0222322057
0222322097
0222322099
0222323018
0222323033
0222323051
0222323060
0222323070
0222323089
0222323091
0222323093
0222323095
0222323098
0222323099
0222323101
0222323103
0222323115
0222323117
0222323124
0222323131
0222323133
0222324001
0222324003
0222324007
0222324010
0222324027
0222324036
0222324037
0222324038
0222324046
0222324050
0222324055
0222324064
0222324069
0222324076
0222324080
0222324081
0222324082
0222324083
0222324703
0222325001
0222325019
0222325022
0222326001
0222326023
0222326024
0222326025
0222326033
0222326036
0222326038
0222326040
0222326043
0222326044
0222326055
0222326065
0222326066
0222327009
0222327015
0222327020
0222327021
0222327023
0222327024
0222327028
0222327029
0222327030
0222327031
0222327032
0222327033
0222327034
0222327035
0222327058
0222327060
0222327061
0222327062
0222328001
0222328015
0222331009
0222331019
0222331087
0222331092
0222331104
0222331105
0222332030
0222332037
0222332047
0222333007
0222333013
0222333016
0222333020
0222333023
0222333025
0222333026
0222333027
0222333028
0222333032
0222333036
0222333039
0222333045
0222333065
0222333071
0222333072
0222333074
0222333075
0222333093
0222333094
0222333095
0222333097
0222333099
0222333700
0222333702
0222334012
0222336008
0222336009
0222336016
0222337005
0222337011
0222337012
0222337013
0222337014
0222337015
0222337017
0222337023
0222337040
0222338013
0222338014
0316011006
0316011016
0316011022
0316011023
0316011024
0316011025
0316012011
0316012013
0316012014
0316013011
0316014005
0316018002
0316018003
0316043000
0316043005
0316043010
0316043011
0316043013
0316043017
0316043018
0316043025
0316044012
0316047001
0316047002
0316051002
0316051004
0316051005
0316051006
0316051008
0316051010
0316052003
0316052004
0316052005
0316052013
0316053004
0316054003
0316054004
0316054011
0316054012
0316054015
0316057002
0316057003
0316061000
0316061006
0316061007
0316061025
0316061030
0316062005
0316062007
0316062012
0316062015
0316062017
0316062023
0316062024
0316062030
0316062037
0316063009
0316063014
0316063019
0316063020
0316064023
0316064029
0316064031
0316064032
0316064033
0316064034
0316064035
0316064036
0316064040
0316064046
0316066002
0316066003
0316067001
0316067009
0316068006
0316071001
0316071007
0316071010
0316071013
0316071014
0316072000
0316072005
0316073004
0316073005
0316074000
0316081009
0316081011
0316081012
0316081015
0316081016
0316082003
0316082006
0316082007
0316082008
0316082013
0316082019
0316082029
0316082030
0316082031
0316084004
0316084006
0316084007
0316084010
0316096702
0316101001
0316104001
0316104004
0316104012
0316104015
0316111015
0316111016
0316111701
0316111702
0316112006
0316112007
0316112008
0316114016
0316121004
0316122005
0316122006
0316122012
0316124005
0316124011
0316124012
0316124013
0316131007
0316134701
0316134702
0316134703
0316141006
0316141008
0316141009
0316141013
0316141014
0316141015
0316142008
0316142011
0316146001
0316146002
0316146003
0316154002
0316154006
0316158001
0316181000
0316182003
0316182004
0316182005
0316201004
0316201005
0316201008
0316201014
0316202000
0316202002
0316203004
0316204008
0316204010
0316204011
0316204014
0316204019
0316204020
0316204022
0316214002
0316221003
0316221006
0316221018
0316223003
0316223004
0316223005
0316225001
0316232008
0316234001
0316243004
0316251002
0316252001
0316252004
0316261001
0316262002
0316271002
0317012033
0317012800
0317015007
0317016004
0317016006
0317016009
0317016010
0317016015
0317016020
0317016026
0317018004
0317018007
0317018012
0317021023
0317021027
0317021030
0317022019
0317022024
0317022035
0317022044
0317022048
0317022050
0317022056
0317022064
0317023000
0317023014
0317023015
0317023016
0317023017
0317023701
0317024003
0317024007
0317024702
0317024703
0317025002
0317025005
0317025006
0317025008
0317025011
0317027000
0317027001
0317031033
0317031037
0317031040
0317031044
0317031045
0317031047
0317031052
0317031053
0317032004
0317032015
0317032018
0317032020
0317032023
0317032028
0317032029
0317032030
0317033011
0317033018
0317033026
0317033029
0317033039
0317033040
0317033041
0317033045
0317034010
0317034011
0317034014
0317036009
0317036011
0317036012
0317036013
0317037005
0317037006
0317037008
0317037009
0317037010
0317037011
0317037016
0317037017
0317038004
0317041014
0317041015
0317041018
0317041019
0317041032
0317041700
0317041701
0317042001
0317042700
0317042701
0317043010
0317043012
0317043014
0317043701
0317044000
0317044004
0317044005
0317044009
0317044021
0317044022
0317044024
0317044026
0317046017
0317048002
0317048003
0317048004
0317048005
0317048007
0317048009
0317048010
0317048011
0317048012
0317048019
0317051020
0317051027
0317051031
0317051046
0317051052
0317051065
0317051067
0317051070
0317051074
0317053005
0317053007
0317053017
0317053019
0317053025
0317053026
0317053028
0317054006
0317054011
0317054014
0317054019
0317054020
0317054025
0317055001
0317055002
0317057004
0317057005
0317057007
0317061009
0317063014
0317064011
0317064017
0317064040
0317064042
0317067001
0317067002
0317068002
0317068003
0317068004
0317068005
0317068006
0317071003
0317071004
0317071014
0317071016
0317072704
0317072707
0317072708
0317081013
0317081014
0317081015
0317081016
0317081017
0317081018
0317081019
0317081020
0317081704
0317082014
0317082019
0317082022
0317082029
0317083002
0317083004
0317083010
0317083011
0317083014
0317083015
0317083017
0317084005
0317084006
0317086008
0317087002
0317088002
0317091001
0317091015
0317091016
0317091017
0317091022
0317091028
0317091700
0317092008
0317092017
0317092023
0317093005
0317093006
0317093007
0317093008
0317094018
0317094019
0317094026
0317094029
0317094039
0317094040
0317094041
0317094043
0317095007
0317095011
0317095013
0317096015
0317096016
0317096018
0317096027
0317096028
0317098003
0317098006
0317098012
0317098013
0317098014
0317098015
0317098017
0317101000
0317101700
0317102005
0317102020
0317102021
0317102024
0317102025
0317102026
0317102028
0317102037
0317103012
0317103015
0317103016
0317103018
0317103023
0317103025
0317103027
0317103028
0317103035
0317104002
0317105000
0317105001
0317105002
0317106005
0317106006
0317107003
0317107004
0317107005
0317107006
0317111005
0317111014
0317112001
0317112004
0317114008
0317117004
0317121001
0317121004
0317121009
0317121010
0317121011
0317121013
0317121016
0317121018
0317121023
0317121024
0317121028
0317121032
0317122003
0317122005
0317122011
0317122015
0317122022
0317122028
0317123006
0317123026
0317123037
0317123041
0317123042
0317124008
0317124012
0317124013
0317124021
0317124028
0317124031
0317124040
0317124041
0317124700
0317125001
0317125002
0317125003
0317127001
0317127010
0317128001
0317128004
0317128006
0317128008
0317131013
0317131014
0317131023
0317131024
0317131026
0317131027
0317131028
0317131031
0317131046
0317131047
0317132025
0317132031
0317132036
0317132037
0317132038
0317133009
0317134007
0317134019
0317134026
0317134031
0317134033
0317134034
0317136007
0317143017
0317144007
0317144008
0317144010
0317144018
0317152008
0317152031
0317152032
0317152034
0317152039
0317152040
0317152044
0317152049
0317152051
0317153004
0317161001
0317161002
0317161003
0317162003
0317162004
0317162030
0317162701
0317163003
0317163008
0317163013
0317163701
0317163704
0317164004
0317164005
0317164010
0317164011
0317164019
0317164024
0317164027
0317164031
0317164034
0317164037
0317164701
0317171005
0317171007
0317171016
0317171019
0317171020
0317171022
0317171025
0317171700
0317171702
0317171703
0317172002
0317172018
0317172019
0317172024
0317172031
0317172034
0317172035
0317172036
0317173008
0317173012
0317173022
0317173023
0317174008
0317174013
0317174026
0317174027
0317174029
0317174703
0317175003
0317175004
0317175005
0317177006
0317177007
0317178001
0317178002
0317184004
0317184005
0317184006
0317184007
0317184009
0317184011
0317184012
0317191007
0317191011
0317191709
0317191711
0317191714
0317192002
0317192020
0317192021
0317193012
0317193018
0317194005
0317194008
0317194009
0317194016
0317197001
0317198005
0317198006
0317198011
0317198012
0317198029
0317201004
0317201704
0317211008
0317211014
0317211020
0317211022
0317211031
0317211039
0317211041
0317211042
0317211703
0317212004
0317212006
0317212007
0317212008
0317212010
0317212014
0317212705
0317212706
0317213021
0317213029
0317213034
0317213037
0317213039
0317213040
0317214004
0317214005
0317214012
0317214018
0317214019
0317214020
0317214021
0317214026
0317214027
0317214028
0317221006
0317221016
0317221018
0317221020
0317221028
0317222020
0317222030
0317222032
0317222041
0317222043
0317222044
0317222046
0317222047
0317222053
0317222056
0317222707
0317223009
0317223010
0317224012
0317224013
0317224014
0317224015
0317224031
0317224032
0317226002
0317226004
0317227001
0317227009
0317227010
0317227011
0317227012
0317227018
0317228008
0317228010
0317231006
0317231011
0317231012
0317231015
0317231016
0317232007
0317238020
0317241011
0317241039
0317241045
0317241046
0317241056
0317241057
0317242003
0317242006
0317242010
0317242011
0317242018
0317242034
0317242035
0317242036
0317243002
0317243005
0317243006
0317243007
0317243043
0317244003
0317244014
0317244015
0317244016
0317244022
0317244030
0317244032
0317244040
0317244046
0317244053
0317245003
0317245004
0317245009
0317245015
0317245016
0317245023
0317245024
0317245030
0317245038
0317245040
0317245041
0317245048
0317246005
0317246006
0317246018
0317246021
0317246022
0317246024
0317247005
0317247016
0317247018
0317247025
0317247026
0317247033
0317247036
0317247040
0317248001
0317248002
0317248003
0317248004
0317248005
0317248006
0317248016
0317248023
0317248027
0317248028
0317251013
0317251015
0317251017
0317251018
0317252003
0317252004
0317252005
0317252006
0317252009
0317252020
0317252026
0317252032
0317252034
0317253003
0317253008
0317254017
0317254018
0317254025
0317254029
0317257002
0317257006
0317257007
0317257008
0317258010
0317258014
0317258015
0317258016
0317258017
0317258018
0317262017
0317263000
0317263004
0317263005
0317263021
0317263022
0317266011
0317266012
0317267001
0317267011
0317267012
0317267019
0317271014
0317272011
0317272014
0317272016
0317275003
0317275006
0317275007
0317278005
0317278006
0317281002
0317281011
0317281012
0317281015
0317282001
0317282008
0317282009
0317283019
0317283029
0317284013
0317285001
0317285003
0317285004
0317285007
0317285008
0317285010
0317285011
0317285012
0317287010
0317287016
0317288001
0317288003
0317288005
0317288008
0317291008
0317291014
0317291015
0317291016
0317291017
0317291018
0317291019
0317291020
0317291021
0317291022
0317291023
0317291024
0317291025
0317291026
0317291027
0317291028
0317291029
0317291030
0317291031
0317291032
0317291033
0317291034
0317292012
0317292015
0317296005
0317296007
0317301011
0317301025
0317301026
0317301033
0317301044
0317302033
0317302044
0317302048
0317302059
0317303010
0317303025
0317303042
0317304004
0317304014
0317304015
0317304050
0317305001
0317305002
0317306002
0317306013
0317311013
0317311033
0317311036
0317311039
0317312005
0317312008
0317312026
0317312028
0317312031
0317312033
0317313008
0317313015
0317313018
0317313023
0317313026
0317313032
0317314008
0317314021
0317316001
0317317002
0317321001
0317321002
0317321003
0317321004
0317321005
0317321006
0317321007
0317321008
0317321009
0317321010
0317321011
0317321012
0317321013
0317321014
0317322028
0317322032
0317322039
0317322042
0317322043
0317322046
0317322047
0317323015
0317323038
0317323040
0317324007
0317327002
0317333012
0317333013
0317333015
0317333032
0317341024
0317346000
0317346001
0317352031
0317354018
0317362009
0317363013
0318011030
0318012003
0318012008
0318012012
0318012016
0318012017
0318012018
0318012019
0318012020
0318013013
0318013019
0318013041
0318013043
0318013054
0318013055
0318013057
0318013069
0318013081
0318013084
0318013085
0318014004
0318014018
0318015000
0318017005
0318017006
0318017013
0318017018
0318018012
0318021025
0318021028
0318022009
0318023008
0318023016
0318023023
0318023038
0318023056
0318023061
0318023064
0318023075
0318023076
0318023077
0318023078
0318023080
0318023090
0318023091
0318023102
0318023103
0318024025
0318024028
0318024035
0318024038
0318024039
0318024711
0318025004
0318025009
0318025010
0318025011
0318025012
0318025013
0318025015
0318026002
0318026005
0318026006
0318027005
0318027006
0318027019
0318027048
0318027050
0318027051
0318031012
0318032042
0318033025
0318033035
0318033037
0318033043
0318033044
0318033065
0318033066
0318033067
0318034017
0318034025
0318034500
0318034501
0318034502
0318034503
0318035004
0318035016
0318036003
0318036005
0318036011
0318036012
0318036013
0318036014
0318036018
0318041038
0318041040
0318041067
0318041069
0318041070
0318041123
0318041128
0318041136
0318041149
0318041165
0318041167
0318041172
0318041181
0318042006
0318044013
0318044024
0318044025
0318044036
0318044037
0318044040
0318044041
0318044043
0318044047
0318044054
0318044060
0318044061
0318044063
0318044086
0318044094
0318044105
0318044106
0318045004
0318045006
0318045011
0318045037
0318045041
0318045042
0318045043
0318045065
0318045066
0318045067
0318045068
0318045069
0318045070
0318045071
0318045072
0318048006
0318101012
0318101014
0318101017
0318101021
0318101032
0318101040
0318101041
0318101068
0318101085
0318101086
0318101092
0318101095
0318102003
0318104012
0318104014
0318104055
0318105002
0318105006
0318105009
0318105014
0318111004
0318111019
0318111026
0318111033
0318112008
0318112017
0318112025
0318112026
0318112038
0318112041
0318112042
0318112044
0318112049
0318112706
0318112709
0318112711
0318112712
0318112713
0318113001
0318113002
0318113005
0318113007
0318113011
0318113016
0318113020
0318113029
0318113040
0318113041
0318114026
0318114037
0318114043
0318114050
0318114051
0318116006
0318116012
0318117005
0318117006
0318117007
0318117008
0318117009
0318117017
0318118007
0318118009
0318118014
0318118018
0318118020
0318118023
0318118036
0318118045
0318122012
0318122025
0318122029
0318122031
0318122032
0318123002
0318123016
0318123018
0318123020
0318123027
0318126001
0318126005
0318126007
0318126008
0318126009
0318131013
0318131017
0318131036
0318131038
0318131039
0318131058
0318131059
0318131062
0318131072
0318131073
0318131074
0318131077
0318131078
0318131081
0318132000
0318132011
0318132013
0318132032
0318132038
0318132039
0318132041
0318132044
0318132048
0318132056
0318132060
0318132064
0318132067
0318132073
0318132077
0318132078
0318132087
0318132091
0318132093
0318132097
0318133029
0318133710
0318134020
0318134021
0318134024
0318134025
0318134034
0318134035
0318134046
0318134049
0318134054
0318135001
0318135004
0318135021
0318135026
0318135034
0318135050
0318135051
0318135053
0318136012
0318136014
0318136702
0318137004
0318137007
0318137012
0318137019
0318137020
0318137021
0318137022
0318137026
0318137031
0318137035
0318137039
0318137044
0318137048
0318137049
0318137056
0318137057
0318137058
0318137059
0318137064
0318137066
0318137073
0318138007
0318138008
0318138012
0318138022
0318138027
0318141004
0318141006
0318141007
0318141023
0318141032
0318141061
0318141062
0318142002
0318142003
0318142005
0318142006
0318143001
0318144004
0318144014
0318144016
0318144017
0318144018
0318144027
0318145009
0318145014
0318145017
0318145025
0318145028
0318145030
0318145031
0318145032
0318145033
0318145034
0318145047
0318145050
0318145056
0318148023
0318148029
0318148034
0318148037
0318148038
0318148046
0318148051
0318148053
0318148054
0318231002
0318231004
0318231026
0318235005
0318235007
0318235010
0318235012
0318235016
0318235019
0318235023
0318235027
0318235046
0318235048
0318235049
0318235055
0318238004
0318238006
0318238038
0318238040
0318238042
0318238064
0318238069
0318238070
0318238087
0318238093
0318238098
0318238101
0318238105
0318238114
0318238115
0318238116
0318238117
0318238124
0318238126
0318238127
0318238128
0318238129
0318238133
0318238134
0318238140
0318238143
0318238144
0318238145
0318238146
0318238148
0318241020
0318241035
0318241038
0318242015
0318242039
0318242063
0318242068
0318242076
0318242079
0318243014
0318245005
0318245006
0318245011
0318245017
0318245018
0318245019
0318245024
0318245025
0318245031
0318245032
0318245033
0318246005
0318246015
0318246017
0318246022
0318246035
0318246037
0318246042
0318246045
0318246051
0318246052
0318247006
0318247008
0318247009
0318247032
0318247036
0318247037
0318247038
0318247041
0318247044
0318247048
0318251005
0318251006
0318251024
0318251028
0318251038
0318251044
0318252000
0318252006
0318253014
0318253032
0318253037
0318253038
0318253046
0318253054
0318253055
0318253059
0318253060
0318253061
0318254002
0318254013
0318254029
0318255001
0318255002
0318255013
0318255015
0318255016
0318255020
0318255029
0318256001
0318257002
0318257004
0318257008
0318257009
0318257010
0318257012
0318257017
0318257018
0318258002
0318258005
0318258006
0318258007
0318258009
0318258010
0318258011
0318258014
0318258015
0318258016
0318258023
0318258027
0318261006
0318261019
0318261701
0318262002
0318262007
0318262008
0318263003
0318263004
0318263701
0318264004
0318264008
0318264011
0318264026
0318264029
0318264034
0318264706
0318264715
0318265001
0318274001
0318276006
0318341005
0318342008
0318342009
0318342014
0318342015
0318342022
0318342023
0318342026
0318342027
0318342039
0318343006
0318343010
0318343012
0318343017
0318343052
0318344004
0318344018
0318344020
0318344021
0318344028
0318344052
0318344054
0318345005
0318345008
0318345010
0318345013
0318345015
0318346006
0318346007
0318346008
0318346009
0318347001
0318347002
0318347003
0318347007
0318347008
0318347010
0318347012
0318347013
0318347014
0318347022
0318347035
0318347036
0318347040
0318347045
0318347047
0318347048
0318347050
0318347054
0318347062
0318347070
0318347072
0318347074
0318347076
0318347081
0318347082
0318347083
0318347084
0318348003
0318348006
0318348009
0318348010
0318348022
0318348023
0318348031
0318348032
0318348042
0318348047
0318348049
0318348057
0318348058
0318348059
0318348062
0318348067
0318351018
0318351023
0318351030
0318352032
0318352034
0318352036
0318352041
0318352042
0318352052
0318352701
0318353004
0318353028
0318353040
0318353042
0318353047
0318354004
0318354007
0318354013
0318355006
0318355008
0318355010
0318355015
0318355018
0318355019
0318355020
0318355022
0318355026
0318355029
0318356011
0318356028
0318356029
0318356704
0318357001
0318357002
0318357009
0318357011
0318357013
0318357014
0318357036
0318357038
0318357047
0318358001
0318358003
0318358004
0318358016
0318358017
0318361001
0318361005
0318361007
0318361008
0318361010
0318361014
0318362053
0318364001
0318364004
0318364007
0318364009
0318365006
0318365016
0318365017
0318366002
0318366003
0318366005
0318366006
0318366013
0318366014
0318366020
0318366021
0318366024
0318366025
0318366026
0319011010
0319011015
0319011016
0319011020
0319011021
0319011033
0319011040
0319011048
0319011049
0319011050
0319011052
0319012007
0319012010
0319012011
0319012016
0319012017
0319012023
0319012024
0319012025
0319012027
0319012028
0319012034
0319012037
0319013002
0319013017
0319013023
0319013047
0319013050
0319013057
0319014001
0319014003
0319014004
0319014008
0319014009
0319014015
0319014024
0319014031
0319014062
0319014071
0319014073
0319014087
0319014088
0319014097
0319014103
0319014108
0319014112
0319014118
0319014121
0319014132
0319014145
0319014146
0319014149
0319014152
0319016008
0319016009
0319016013
0319016014
0319016015
0319016017
0319016018
0319016019
0319016020
0319016028
0319016032
0319016033
0319016034
0319017002
0319021002
0319021004
0319021008
0319021009
0319021010
0319021011
0319021014
0319021015
0319021016
0319021019
0319021020
0319021026
0319021028
0319021029
0319021030
0319021031
0319021038
0319021039
0319021040
0319021041
0319021043
0319021047
0319021048
0319021049
0319021050
0319021051
0319021053
0319021054
0319021058
0319021060
0319021070
0319021071
0319021073
0319021074
0319021081
0319021082
0319021090
0319021092
0319021096
0319022003
0319022025
0319022032
0319022033
0319022036
0319022047
0319022065
0319022067
0319022073
0319022074
0319022075
0319022092
0319022095
0319022096
0319022103
0319022104
0319022106
0319022107
0319022111
0319022112
0319022124
0319022126
0319022128
0319022129
0319022130
0319022131
0319023020
0319023034
0319023039
0319023045
0319023046
0319023047
0319023048
0319023056
0319023074
0319023079
0319023080
0319023082
0319023083
0319023084
0319023086
0319023089
0319023090
0319023091
0319023092
0319023094
0319024006
0319024007
0319024012
0319024019
0319024030
0319024036
0319024039
0319024045
0319024051
0319024053
0319024073
0319024079
0319024081
0319024082
0319024090
0319024091
0319026005
0319026007
0319026009
0319026011
0319026012
0319028004
0319028005
0319028012
0319031018
0319031019
0319031025
0319032013
0319032032
0319032050
0319032061
0319032064
0319032065
0319032066
0319032069
0319032077
0319032078
0319032088
0319032097
0319032099
0319032103
0319032107
0319032108
0319032116
0319032117
0319032118
0319033021
0319033026
0319033041
0319033052
0319033055
0319033061
0319033063
0319033068
0319033069
0319033074
0319033075
0319033077
0319033078
0319033082
0319033085
0319033088
0319033091
0319033093
0319033095
0319033103
0319034002
0319034004
0319034013
0319034018
0319034019
0319034020
0319035008
0319035009
0319035010
0319036002
0319036003
0319036011
0319036012
0319036041
0319036042
0319036052
0319036053
0319036054
0319037007
0319037009
0319037010
0319037020
0319037021
0319037026
0319037050
0319037051
0319037059
0319037060
0319037061
0319037062
0319041035
0319041036
0319041046
0319041052
0319041056
0319041058
0319041063
0319041070
0319041073
0319041075
0319041082
0319041090
0319041094
0319041097
0319041103
0319041113
0319041146
0319041162
0319041169
0319041170
0319041181
0319041189
0319041192
0319041193
0319042012
0319042019
0319042021
0319042023
0319042030
0319042038
0319042042
0319042043
0319042046
0319042059
0319042069
0319042076
0319042078
0319042084
0319042085
0319042091
0319042094
0319042096
0319042104
0319042119
0319042120
0319042124
0319042125
0319042127
0319042137
0319042139
0319042140
0319042141
0319043003
0319043020
0319043022
0319043059
0319043067
0319043076
0319043108
0319043114
0319043115
0319043116
0319043119
0319043121
0319043130
0319043131
0319043132
0319043133
0319043134
0319043141
0319044012
0319044028
0319044035
0319044055
0319044057
0319044065
0319044070
0319044073
0319044079
0319044085
0319044092
0319044108
0319044117
0319044122
0319045005
0319045023
0319045060
0319045061
0319045071
0319045074
0319045075
0319045076
0319046005
0319046006
0319046008
0319046009
0319046029
0319047001
0319048003
0319048009
0319048010
0319048011
0319048012
0319051006
0319051024
0319051025
0319052004
0319052008
0319052014
0319052015
0319052027
0319052032
0319052033
0319052045
0319052046
0319052049
0319052054
0319052061
0319052067
0319052069
0319052070
0319052077
0319052079
0319052086
0319052092
0319052099
0319052104
0319052108
0319052110
0319052115
0319052118
0319052128
0319052134
0319052154
0319052159
0319052346
0319053002
0319053018
0319053030
0319053034
0319053042
0319053053
0319053055
0319053060
0319053065
0319053074
0319053099
0319053101
0319053102
0319053119
0319053120
0319053121
0319053157
0319053169
0319053170
0319053171
0319053173
0319054008
0319054018
0319054030
0319054033
0319054034
0319054036
0319054051
0319054052
0319054055
0319054068
0319055001
0319055002
0319055010
0319055011
0319055012
0319055017
0319055022
0319055023
0319056017
0319056033
0319056038
0319056039
0319056042
0319056043
0319056058
0319057025
0319057026
0319058008
0319058012
0319058033
0319058034
0319058035
0319061038
0319061046
0319061059
0319061108
0319061126
0319061131
0319061144
0319061145
0319062019
0319062031
0319062050
0319062055
0319062067
0319062068
0319062080
0319062081
0319062082
0319062800
0319063013
0319063015
0319063025
0319063026
0319064020
0319064031
0319064033
0319064038
0319064055
0319064058
0319064059
0319064060
0319064061
0319065023
0319065024
0319066002
0319066003
0319066015
0319066016
0319066017
0319066021
0319067001
0319067002
0319067003
0319067004
0319068024
0319071012
0319071038
0319071048
0319071056
0319071082
0319074002
0319074004
0319074006
0319074008
0319074016
0319074022
0319074023
0319074025
0319074028
0319074029
0319074703
0319075001
0319075003
0319075004
0319075005
0319075006
0319075018
0319078007
0319078008
0319081015
0319081026
0319081032
0319081033
0319082010
0319082029
0319083008
0319083013
0319083029
0319083030
0319083031
0319084003
0319085004
0319085005
0319086004
0319086005
0319086013
0319086014
0319087007
0319087008
0319091003
0319091018
0319091025
0319091038
0319091044
0319091047
0319091053
0319091078
0319091081
0319091083
0319091103
0319091110
0319091111
0319091116
0319091118
0319091135
0319091142
0319091152
0319091155
0319091156
0319091166
0319091167
0319092010
0319092026
0319092041
0319092042
0319092061
0319092063
0319093001
0319093003
0319093014
0319093018
0319093022
0319093027
0319093031
0319093039
0319093041
0319093044
0319093049
0319093055
0319093057
0319093060
0319093063
0319093074
0319093076
0319093077
0319093078
0319094005
0319094011
0319094017
0319094018
0319094026
0319094062
0319094067
0319094078
0319094087
0319094093
0319094107
0319094118
0319094129
0319094134
0319094145
0319094146
0319094147
0319094152
0319094154
0319094156
0319094162
0319094170
0319094172
0319094177
0319094180
0319094205
0319094215
0319094217
0319095006
0319095025
0319095027
0319095028
0319095029
0319095040
0319095042
0319095044
0319095045
0319095047
0319096010
0319096016
0319098006
0319098007
0319098008
0319098011
0319098012
0319098027
0319098041
0319098043
0319101004
0319101005
0319101008
0319101011
0319101013
0319101019
0319101022
0319101024
0319101032
0319101035
0319101041
0319101048
0319101075
0319101076
0319101077
0319101078
0319101082
0319101083
0319101085
0319101086
0319101089
0319101090
0319101091
0319101092
0319101093
0319102010
0319102015
0319102021
0319102035
0319102038
0319102043
0319102060
0319102072
0319102077
0319102079
0319102089
0319102091
0319102096
0319102097
0319103004
0319103017
0319103027
0319103040
0319103051
0319103054
0319103055
0319103069
0319103083
0319103091
0319103092
0319103093
0319103102
0319103105
0319103109
0319103111
0319103131
0319103132
0319104002
0319104019
0319104035
0319104041
0319104058
0319104059
0319104061
0319104062
0319104063
0319104064
0319104065
0319104066
0319104067
0319104069
0319104071
0319106002
0319106005
0319106006
0319107009
0319107013
0319107015
0319107025
0319107031
0319111014
0319111018
0319111019
0319111035
0319111036
0319112006
0319112008
0319112013
0319112021
0319112024
0319112029
0319112031
0319112041
0319112056
0319112058
0319112066
0319112068
0319112076
0319112077
0319112078
0319112080
0319113000
0319113001
0319113016
0319113018
0319113023
0319113027
0319113031
0319113034
0319113035
0319113036
0319114005
0319114007
0319114018
0319114020
0319114022
0319114023
0319114026
0319114032
0319114035
0319114037
0319114038
0319114039
0319114042
0319114046
0319114053
0319114055
0319114056
0319114058
0319114059
0319114062
0319114063
0319114073
0319114074
0319114080
0319114083
0319116001
0319116006
0319116007
0319116008
0319117002
0319121022
0319121024
0319121040
0319121049
0319121051
0319121080
0319121090
0319121096
0319121102
0319121103
0319121104
0319122000
0319122002
0319122014
0319122017
0319122018
0319122019
0319122032
0319122042
0319122043
0319122048
0319122053
0319122056
0319122059
0319122062
0319122065
0319122067
0319122069
0319122073
0319122075
0319122077
0319122086
0319122087
0319122094
0319122102
0319122103
0319122106
0319122107
0319122109
0319122114
0319122118
0319122122
0319123001
0319123002
0319123008
0319123009
0319123025
0319123028
0319123035
0319123045
0319123047
0319123054
0319123064
0319123070
0319123072
0319123077
0319123080
0319123081
0319123087
0319123088
0319123089
0319124001
0319124007
0319124010
0319124030
0319124034
0319124038
0319124040
0319124045
0319124068
0319124080
0319124092
0319124095
0319124100
0319124101
0319124112
0319124700
0319125003
0319126007
0319131002
0319131008
0319131018
0319131022
0319131024
0319131026
0319131029
0319131030
0319131032
0319131034
0319131039
0319131040
0319131041
0319131043
0319131051
0319131055
0319131070
0319131103
0319131106
0319131107
0319131108
0319131113
0319131114
0319131123
0319131129
0319131133
0319131147
0319131148
0319132020
0319132021
0319132022
0319132023
0319132033
0319132036
0319132038
0319132044
0319132046
0319132049
0319132050
0319132054
0319132058
0319132059
0319132065
0319132069
0319132076
0319132094
0319132110
0319133015
0319133020
0319133021
0319133022
0319133038
0319133039
0319133049
0319133062
0319133063
0319133064
0319133073
0319133084
0319133085
0319133086
0319133090
0319133091
0319134008
0319134014
0319134019
0319134022
0319134026
0319134031
0319134032
0319134047
0319134048
0319134053
0319134061
0319134066
0319134068
0319134083
0319134086
0319134089
0319134090
0319134098
0319135005
0319135006
0319135008
0319135015
0319135016
0319135017
0319136011
0319136701
0319136702
0319137002
0319137003
0319137005
0319137006
0319137007
0319137014
0319138007
0319138009
0319138014
0319138015
0319138016
0319138018
0319138021
0319138022
0319141000
0319141003
0319141005
0319141006
0319141017
0319141020
0319141022
0319141023
0319141024
0319141026
0319141027
0319141028
0319141030
0319141031
0319141036
0319141037
0319141042
0319141048
0319141049
0319141050
0319141052
0319141055
0319141056
0319141057
0319141058
0319141501
0319141704
0319141706
0319142006
0319142007
0319142009
0319142010
0319142013
0319142022
0319142032
0319142033
0319142041
0319142049
0319142055
0319142056
0319142057
0319142063
0319142064
0319142067
0319142701
0319143006
0319143007
0319143010
0319143018
0319143019
0319143024
0319143025
0319143028
0319143036
0319143041
0319143042
0319143044
0319143048
0319143053
0319143068
0319143069
0319143071
0319144001
0319144002
0319144011
0319144019
0319144020
0319144022
0319144044
0319144050
0319144051
0319144052
0319144067
0319144068
0319144087
0319145004
0319146007
0319146014
0319146015
0319146016
0319146017
0319147001
0319147002
0319147028
0319147030
0319147032
0319147039
0319148004
0319148005
0319148006
0319148007
0319148009
0319148010
0319148011
0319148012
0319148013
0319151002
0319151003
0319151013
0319151025
0319151028
0319151031
0319151043
0319151046
0319151050
0319151057
0319151060
0319151061
0319151063
0319151068
0319151700
0319151701
0319152013
0319152029
0319152030
0319152040
0319152042
0319152044
0319152048
0319152049
0319152084
0319152114
0319152117
0319152121
0319152127
0319152138
0319152139
0319153021
0319153048
0319153056
0319153064
0319153068
0319153071
0319153072
0319153074
0319153093
0319153097
0319153099
0319153115
0319153118
0319153127
0319153128
0319153134
0319153135
0319154016
0319155004
0319155007
0319155008
0319155009
0319156005
0319157005
0319157025
0319157030
0319157033
0319157039
0319157040
0319157042
0319157043
0319157047
0319157048
0319161008
0319161020
0319161036
0319161040
0319161051
0319162014
0319162034
0319162039
0319162042
0319162043
0319162049
0319162060
0319162063
0319162070
0319162075
0319162078
0319162080
0319163004
0319163008
0319163011
0319163015
0319163017
0319163028
0319163033
0319163037
0319163040
0319163044
0319163061
0319163065
0319163066
0319163068
0319163069
0319163072
0319163073
0319163077
0319163083
0319163090
0319163091
0319163092
0319164010
0319164048
0319164049
0319164053
0319164068
0319164077
0319164095
0319164098
0319164114
0319164115
0319164116
0319164128
0319164129
0319164144
0319164146
0319164147
0319164183
0319164186
0319164700
0319165044
0319165045
0319166008
0319166010
0319167001
0319167002
0319167003
0319167009
0319167010
0319167011
0319167017
0319167018
0319167022
0319168003
0319168013
0319168021
0319168025
0319168034
0319168035
0319168036
0319168037
0319168040
0319168063
0319168064
0319168065
0319168066
0319171004
0319171005
0319171026
0319172007
0319172009
0319172029
0319172030
0319172043
0319172046
0319172048
0319172064
0319172065
0319173003
0319173017
0319173019
0319173030
0319173039
0319173041
0319173042
0319173701
0319174002
0319174011
0319174012
0319174014
0319174015
0319174018
0319174019
0319174021
0319174024
0319174036
0319174040
0319174052
0319174053
0319176009
0319176011
0319176015
0319176016
0319176017
0319176019
0319176020
0319176021
0319176022
0319176027
0319176028
0319176030
0319176034
0319176035
0319177004
0319177005
0319177009
0319177011
0319177024
0319178002
0319178008
0319178014
0319181011
0319181013
0319181014
0319184006
0319184017
0319184701
0319185001
0319201001
0319201002
0319201016
0319201017
0319201018
0319201020
0319201021
0319201028
0319201032
0319201034
0319201039
0319202012
0319203006
0319203007
0319203032
0319203036
0319203050
0319203063
0319203064
0319203065
0319203066
0319203067
0319203070
0319203078
0319203079
0319203082
0319204011
0319204021
0319204022
0319205008
0319205009
0319205013
0319205014
0319205017
0319205019
0319205026
0319206005
0319206006
0319206017
0319206018
0319206019
0319206026
0319207001
0319207005
0319207006
0319207010
0319207020
0319207022
0319207023
0319211024
0319211029
0319211700
0319212003
0319212006
0319212014
0319212015
0319212022
0319212024
0319212030
0319212031
0319212032
0319212033
0319212037
0319212045
0319212053
0319212054
0319212055
0319213012
0319213013
0319213021
0319213022
0319213023
0319213024
0319213033
0319213034
0319214006
0319214016
0319214019
0319214024
0319214033
0319214039
0319214049
0319214052
0319214056
0319214058
0319214066
0319214076
0319214081
0319214083
0319214085
0319214088
0319214089
0319218009
0319218010
0319218023
0319221013
0319221032
0319221040
0319221043
0319221046
0319221052
0319221061
0319221062
0319221063
0319222021
0319222024
0319222052
0319222053
0319222067
0319222073
0319222074
0319222078
0319222091
0319222097
0319222098
0319222099
0319223029
0319223031
0319223033
0319223038
0319223048
0319223055
0319223060
0319223061
0319223098
0319224015
0319224026
0319224027
0319224030
0319224031
0319225008
0319226011
0319226013
0319226016
0319226026
0319226034
0319226036
0319226039
0319226040
0319226041
0319226042
0319226043
0319226044
0319227003
0319227009
0319227011
0319227012
0319227015
0319227033
0319227040
0319227041
0319227042
0319227043
0319227050
0319227051
0319227054
0319227055
0319227056
0319227057
0319227068
0319227071
0319227078
0319227085
0319227089
0319227090
0319227091
0319227092
0319227093
0319228005
0319228014
0319228018
0319231012
0319231021
0319231023
0319231027
0319231029
0319231040
0319231042
0319231043
0319231048
0319231052
0319231056
0319231083
0319231087
0319231088
0319231094
0319231096
0319231098
0319231100
0319231102
0319231104
0319232011
0319232012
0319232014
0319232022
0319233018
0319233019
0319233027
0319233030
0319233035
0319233050
0319233052
0319233063
0319234007
0319234008
0319234018
0319234030
0319234058
0319234065
0319234068
0319234073
0319234082
0319234084
0319234090
0319234091
0319234097
0319234118
0319234121
0319234122
0319234123
0319234130
0319235002
0319235004
0319235005
0319235009
0319235011
0319235013
0319235016
0319235020
0319235022
0319235034
0319235036
0319235039
0319235040
0319235046
0319236002
0319236007
0319237003
0319237011
0319237014
0319237023
0319237038
0319237041
0319237042
0319238003
0319238004
0319238007
0319238010
0319238011
0319238013
0319242007
0319242008
0319242012
0319242020
0319242022
0319242024
0319242026
0319242037
0319243005
0319243010
0319243011
0319243012
0319243013
0319243027
0319244014
0319246001
0319246005
0319247001
0319247011
0319247014
0319247015
0319247018
0319248004
0319251005
0319251012
0319251026
0319251030
0319251032
0319251049
0319251060
0319251064
0319251073
0319251074
0319251079
0319252023
0319252036
0319253014
0319253028
0319254058
0319254060
0319254074
0319254075
0319254076
0319254080
0319254081
0319254082
0319255003
0319255004
0319255006
0319255010
0319255011
0319255016
0319255020
0319255026
0319255027
0319255030
0319255031
0319255033
0319256005
0319256007
0319256014
0319256015
0319256019
0319256024
0319256025
0319256040
0319256043
0319256050
0319256053
0319256056
0319256057
0319256060
0319256061
0319256062
0319256065
0319256068
0319256069
0319256081
0319256082
0319256083
0319256084
0319256085
0319256086
0319256087
0319256088
0319257001
0319257037
0319257038
0319257039
0319257040
0319257041
0319258003
0319258007
0319258010
0319258042
0319258065
0319258068
0319258071
0319261015
0319261033
0319261038
0319261040
0319261041
0319261044
0319261045
0319261046
0319261047
0319261067
0319261068
0319261071
0319261072
0319261073
0319261077
0319262012
0319262016
0319262019
0319262021
0319262022
0319262024
0319262028
0319262029
0319262032
0319262036
0319262039
0319262042
0319262044
0319262048
0319262062
0319263015
0319263016
0319263026
0319263035
0319263042
0319263051
0319263055
0319263058
0319263062
0319263077
0319263091
0319264002
0319264022
0319264048
0319264055
0319264057
0319264058
0319264063
0319265002
0319265004
0319265019
0319265021
0319265031
0319265038
0319265039
0319265057
0319266001
0319266002
0319266003
0319266005
0319266011
0319266013
0319266014
0319266015
0319266017
0319266020
0319266029
0319266037
0319266038
0319267001
0319267005
0319267013
0319267016
0319268002
0319268019
0319268020
0319268033
0319268038
0319268039
0319268047
0319268053
0319268066
0319271004
0319271015
0319271031
0319272013
0319272022
0319272031
0319272050
0319272060
0319272062
0319272065
0319272066
0319272070
0319273019
0319273041
0319273064
0319273068
0319274060
0319274091
0319274105
0319274107
0319274144
0319274162
0319275003
0319275004
0319275005
0319275006
0319275013
0319275015
0319275016
0319276010
0319276013
0319276014
0319276015
0319276016
0319276017
0319276018
0319276020
0319276021
0319276022
0319277005
0319277007
0319277009
0319277027
0319278011
0319278019
0319278021
0319278038
0319278039
0319278040
0319278043
0319278047
0319281017
0319281027
0319281039
0319281044
0319281056
0319281058
0319282007
0319282008
0319282009
0319283001
0319284003
0319285006
0319285014
0319285015
0319285016
0319285017
0319285018
0319285019
0319285021
0319288006
0319288007
0319288008
0319288009
0319291019
0319291020
0319292010
0319292013
0319292014
0319292020
0319292021
0319292024
0319292038
0319292049
0319292056
0319292058
0319292062
0319292063
0319292067
0319292069
0319292072
0319292075
0319292077
0319292086
0319292112
0319292127
0319292130
0319293001
0319293022
0319294000
0319294005
0319294013
0319294017
0319294019
0319294025
0319294043
0319294055
0319294062
0319294066
0319294071
0319294073
0319294078
0319294080
0319294082
0319294083
0319294084
0319294085
0319294091
0319294097
0319294100
0319294104
0319294117
0319294121
0319294126
0319294127
0319294128
0319294131
0319294132
0319296024
0319296025
0319296026
0319296027
0319296031
0319296039
0319296047
0319296048
0319296052
0319296053
0319297004
0319297005
0319297007
0319297009
0319297015
0319297016
0319297018
0319297021
0319297022
0319297039
0319297040
0319298001
0319298002
0319298007
0319298008
0319298014
0319298015
0319298016
0319298022
0319298037
0319331005
0319331006
0319331029
0319331030
0319331031
0319331035
0319331039
0319331044
0319331064
0319331065
0319331070
0319331072
0319331073
0319331075
0319331077
0319331079
0319332022
0319332023
0319334013
0319334027
0319334030
0319334032
0319334060
0319334066
0319334074
0319334075
0319334076
0319334078
0319335002
0319335007
0319335010
0319335013
0319335015
0319338001
0319338010
0319338011
0319338013
0319338014
0319338026
0319338029
0319338030
0319338036
0319338037
0319338038
0319338039
0319341025
0319341026
0319342018
0319342019
0319342023
0319342029
0319342032
0319342800
0319343019
0319343021
0319343028
0319343032
0319343042
0319343055
0319344027
0319345005
0319345011
0319345012
0319345013
0319345019
0319345024
0319345025
0319345026
0319345028
0319345039
0319345042
0319345044
0319347001
0319347002
0319347008
0319348012
0319348017
0319351026
0319351032
0319351037
0319352007
0319352024
0319352028
0319352042
0319352053
0319352054
0319352059
0319352071
0319352072
0319352073
0319352084
0319352096
0319352119
0319352138
0319352139
0319354007
0319354013
0319354016
0319354036
0319354049
0319354052
0319354090
0319354094
0319354106
0319355017
0319355038
0319355039
0319355047
0319356027
0319357002
0319357003
0319357007
0319357012
0319357013
0319357016
0319357017
0319357023
0319357031
0319357033
0319358002
0319358003
0319358007
0319358015
0319358017
0319358018
0319358020
0319358023
0319358032
0319358034
0319358036
0319358038
0319358048
0319358049
0319358050
0319358051
0319358052
0319358053
0319358054
0319358055
0319361706
0319361707
0319362003
0319362028
0319363019
0319363043
0319364026
0319364044
0319365007
0319366010
0319366013
0319366014
0319366016
0319366017
0319366021
0319366024
0319366049
0319367006
0319368008
0319368010
0319368011
0319368012
0319368017
0320010000
0320011006
0320011077
0320011078
0320011081
0320011083
0320011084
0320011090
0320011091
0320011093
0320011094
0320011103
0320011104
0320011105
0320011106
0320011108
0320011109
0320011114
0320011115
0320011116
0320011117
0320011118
0320011119
0320011120
0320011121
0320012059
0320012063
0320012064
0320012065
0320012066
0320013006
0320013040
0320013043
0320013044
0320013046
0320013047
0320013048
0320013049
0320013052
0320013053
0320013054
0320013055
0320013056
0320013058
0320013081
0320013086
0320013101
0320013102
0320013104
0320013106
0320013109
0320013121
0320013122
0320013132
0320013136
0320013141
0320013142
0320013143
0320013153
0320013154
0320013155
0320013157
0320013158
0320014018
0320014040
0320014052
0320014074
0320014080
0320014081
0320014084
0320014087
0320014090
0320014097
0320014098
0320014100
0320014109
0320014110
0320014111
0320014112
0320014113
0320014114
0320015000
0320015003
0320017001
0320017003
0320017004
0320017005
0320017021
0320017022
0320017023
0320018001
0320018002
0320018005
0320018010
0320018011
0320021001
0320021003
0320022003
0320022008
0320022009
0320022010
0320022011
0320022012
0320023024
0320023027
0320023049
0320023052
0320023059
0320023060
0320023062
0320023064
0320023065
0320024008
0320024009
0320024016
0320024040
0320024049
0320024054
0320024088
0320024098
0320024108
0320024109
0320024110
0320024113
0320024114
0320027004
0320027006
0320027007
0320027009
0320031001
0320031004
0320031009
0320031011
0320031020
0320031021
0320031026
0320031027
0320031028
0320031029
0320031043
0320031044
0320031050
0320031061
0320031063
0320032006
0320032008
0320032009
0320032012
0320032030
0320032034
0320032043
0320032048
0320032049
0320033006
0320033007
0320033008
0320033011
0320033018
0320034004
0320034005
0320034018
0320034019
0320034026
0320034027
0320034031
0320034032
0320034035
0320034036
0320034037
0320034038
0320034047
0320034048
0320034049
0320034050
0320034051
0320034052
0320034053
0320034054
0320034055
0320034056
0320034059
0320034060
0320034061
0320034063
0320034065
0320036001
0320036002
0320036003
0320036004
0320038001
0320038002
0320038003
0320041001
0320041005
0320041008
0320041014
0320041019
0320041021
0320041025
0320041028
0320041032
0320041041
0320041044
0320041045
0320041046
0320041048
0320042034
0320043150
0320043151
0320043152
0320043153
0320043156
0320053008
0320053009
0320053044
0320053048
0320053049
0320053055
0320053063
0320053084
0320053093
0320053100
0320053104
0320053107
0320053109
0320053121
0320053147
0320057001
0320057002
0320057003
0320057005
0320061002
0320061008
0320061010
0320061032
0320061036
0320061045
0320061047
0320061048
0320061051
0320061052
0320061053
0320061054
0320061055
0320063030
0320063042
0320063046
0320063053
0320063058
0320063069
0320063077
0320063078
0320063083
0320063084
0320063087
0320063090
0320063093
0320063099
0320063103
0320063106
0320063108
0320064014
0320064016
0320064028
0320064035
0320064039
0320064042
0320064044
0320064067
0320064079
0320064081
0320064085
0320064090
0320064093
0320064095
0320064096
0320064100
0320064106
0320064124
0320064128
0320064155
0320064175
0320064178
0320064179
0320064187
0320064190
0320064192
0320064194
0320064195
0320064196
0320064210
0320064222
0320064223
0320064233
0320064234
0320064245
0320064246
0320064251
0320064252
0320065000
0320067002
0320067004
0320068021
0320068022
0320071011
0320072001
0320072008
0320072020
0320072054
0320072056
0320072059
0320072078
0320073003
0320073006
0320073022
0320073030
0320073035
0320073036
0320073038
0320073039
0320073040
0320073041
0320073051
0320073056
0320073057
0320073061
0320073067
0320073073
0320074073
0320074076
0320075007
0320075705
0320076008
0320076033
0320076045
0320076048
0320076049
0320076050
0320076051
0320076052
0320076053
0320076054
0320076055
0320076056
0320076057
0320076058
0320077004
0320078004
0320081012
0320081055
0320081056
0320081058
0320084000
0320084016
0320084029
0320084031
0320084046
0320084049
0320084060
0320084071
0320084080
0320084089
0320084095
0320084098
0320084101
0320084105
0320084114
0320084117
0320091000
0320092036
0320092038
0320092042
0320092043
0320092044
0320092046
0320096007
0320096008
0320096009
0320101001
0320101002
0320101004
0320101005
0320111015
0320111033
0320111034
0320111055
0320111058
0320111062
0320112005
0320112006
0320112014
0320112017
0320112018
0320112019
0320112020
0320112021
0320112040
0320112044
0320112047
0320112048
0320112051
0320112052
0320113002
0320113010
0320113023
0320113041
0320113042
0320113048
0320113052
0320113077
0320113078
0320113079
0320113081
0320114043
0320114048
0320114075
0320114095
0320114111
0320114113
0320116001
0320118001
0320118006
0320118010
0320121053
0320121074
0320121084
0320121127
0320121128
0320121132
0320121133
0320121134
0320121135
0320122028
0320122034
0320122045
0320122046
0320122058
0320122059
0320122060
0320122071
0320122075
0320122077
0320122121
0320123028
0320123038
0320123041
0320123050
0320123053
0320123054
0320123063
0320124018
0320124025
0320124027
0320124028
0320124030
0320124032
0320124037
0320124039
0320124040
0320125006
0320125008
0320125017
0320125022
0320125025
0320126003
0320126007
0320126019
0320126022
0320126023
0320128001
0320131035
0320131055
0320131062
0320131073
0320131074
0320131081
0320131082
0320132018
0320132024
0320132028
0320132040
0320132042
0320132045
0320132048
0320132052
0320132064
0320132068
0320132075
0320132076
0320132077
0320132082
0320132091
0320132097
0320132702
0320133012
0320133025
0320133048
0320133049
0320133065
0320133067
0320133070
0320133072
0320133074
0320133078
0320134009
0320134012
0320134020
0320134045
0320134061
0320134702
0320135001
0320135009
0320135011
0320135012
0320135014
0320135017
0320136003
0320136010
0320141006
0320141010
0320141021
0320141024
0320141027
0320141029
0320141031
0320141050
0320141054
0320141061
0320141072
0320141078
0320141086
0320141087
0320141088
0320142000
0320142002
0320142003
0320142012
0320142016
0320142017
0320142022
0320142023
0320142029
0320142061
0320142066
0320142077
0320142083
0320142084
0320142091
0320142092
0320142097
0320142098
0320142106
0320142111
0320142112
0320142114
0320142115
0320142118
0320142128
0320142132
0320142133
0320142137
0320142141
0320142142
0320143002
0320143003
0320143012
0320143015
0320143016
0320143017
0320143018
0320143019
0320143035
0320143047
0320143048
0320143049
0320144019
0320144026
0320144030
0320144034
0320144041
0320144045
0320144050
0320144058
0320144060
0320144067
0320144069
0320144071
0320144082
0320144095
0320144096
0320144103
0320144104
0320144106
0320144113
0320144114
0320145006
0320145008
0320145009
0320145017
0320145019
0320145021
0320145023
0320146002
0320146003
0320146014
0320148009
0320148010
0320148013
0320151013
0320151023
0320151032
0320151042
0320151046
0320151062
0320151064
0320151073
0320151079
0320151087
0320151090
0320151091
0320151092
0320151104
0320151107
0320151114
0320151116
0320151117
0320151122
0320151166
0320151178
0320151195
0320151198
0320151199
0320151208
0320151210
0320151211
0320151213
0320151217
0320152002
0320152003
0320152004
0320152019
0320152025
0320152029
0320152033
0320152035
0320152038
0320152041
0320152044
0320152045
0320152047
0320152052
0320152055
0320152059
0320152062
0320152064
0320152066
0320152068
0320152069
0320152075
0320152084
0320153000
0320153012
0320153028
0320153031
0320153055
0320153057
0320153062
0320153100
0320153110
0320153111
0320153115
0320153118
0320153126
0320153161
0320153163
0320153165
0320153168
0320153178
0320153179
0320153181
0320154000
0320154022
0320154047
0320154071
0320154072
0320155003
0320155009
0320155022
0320155042
0320155045
0320155046
0320155047
0320155048
0320155049
0320155050
0320155051
0320155052
0320155053
0320155054
0320157002
0320157003
0320157008
0320157009
0320157010
0320171000
0320181020
0320181048
0320181052
0320181053
0320181054
0320181055
0320181056
0320182002
0320182003
0320183000
0320192000
0320192003
0320192005
0320192011
0320192013
0320192017
0320192019
0320192023
0320192025
0320192038
0320192039
0320194003
0320194005
0320194008
0320198001
0320203000
0320203005
0320203041
0320203053
0320203067
0320203101
0320203126
0320203136
0320203153
0320203157
0320203170
0320204005
0320204008
0320204009
0320204011
0320204016
0320204034
0320204036
0320204040
0320204046
0320204050
0320204064
0320204077
0320204080
0320204096
0320204100
0320204104
0320204132
0320204135
0320204138
0320204154
0320204155
0320204156
0320204157
0320207001
0320207006
0320207011
0320207015
0320207023
0320207024
0320207026
0320207036
0320207037
0320207038
0320208001
0320211016
0320211017
0320211024
0320211030
0320211033
0320211034
0320211043
0320211050
0320211053
0320211055
0320211067
0320211097
0320211098
0320211101
0320211102
0320211112
0320211155
0320211160
0320211162
0320211165
0320211169
0320212004
0320212016
0320212025
0320212026
0320212029
0320212031
0320212032
0320212038
0320212039
0320212048
0320212052
0320212070
0320212073
0320213002
0320213006
0320213011
0320213020
0320213024
0320213026
0320213042
0320213051
0320213052
0320213055
0320213058
0320213059
0320213069
0320213070
0320213074
0320213075
0320213078
0320213084
0320213092
0320213094
0320213105
0320213106
0320213119
0320213120
0320213123
0320213126
0320213133
0320214016
0320214021
0320214030
0320214031
0320214039
0320214047
0320214050
0320214061
0320214076
0320214087
0320214092
0320214096
0320214097
0320214100
0320214104
0320214106
0320214116
0320214130
0320214139
0320214141
0320214142
0320214147
0320214148
0320214149
0320214150
0320214151
0320214152
0320214155
0320214159
0320214166
0320214170
0320214172
0320214181
0320214184
0320214185
0320214186
0320215003
0320215005
0320215006
0320215010
0320215019
0320216002
0320216005
0320216006
0320218003
0320218021
0320221001
0320221010
0320221015
0320221018
0320222009
0320222041
0320222042
0320222054
0320222056
0320222063
0320222064
0320222081
0320222096
0320222098
0320222102
0320222103
0320226004
0320226005
0320226006
0320226008
0320226012
0320226015
0320226025
0320226026
0320226032
0320226034
0320226041
0320226046
0320226067
0320226068
0320226076
0320226077
0320231017
0320231022
0320231026
0320231049
0320231055
0320231058
0320231060
0320231081
0320231084
0320231089
0320231090
0320231106
0320231107
0320231108
0320231115
0320231120
0320231126
0320232001
0320232004
0320232013
0320232015
0320232017
0320232018
0320232025
0320232026
0320232027
0320232030
0320232031
0320232704
0320233002
0320233003
0320233019
0320233022
0320233027
0320233029
0320233034
0320233040
0320233042
0320233043
0320233056
0320233063
0320233073
0320233076
0320233080
0320233085
0320233097
0320233107
0320233111
0320233112
0320233702
0320234025
0320234028
0320234037
0320234045
0320234055
0320234061
0320234062
0320234068
0320234074
0320234085
0320234087
0320234088
0320234093
0320234095
0320234101
0320234102
0320234105
0320234113
0320234114
0320234131
0320234136
0320234138
0320234140
0320235006
0320235008
0320235011
0320235013
0320235016
0320235018
0320235019
0320235020
0320235021
0320235022
0320235023
0320235028
0320235029
0320237001
0320237004
0320237015
0320237016
0320237017
0320238001
0320238005
0320238037
0320238040
0320238044
0320238049
0320238050
0320238051
0320238055
0320238056
0320238057
0320238060
0320238065
0320238066
0320238702
0320241000
0320241004
0320241009
0320241018
0320241022
0320241033
0320241039
0320241057
0320241063
0320241083
0320241085
0320241087
0320241091
0320241092
0320241100
0320241110
0320241111
0320241112
0320241114
0320241115
0320241116
0320241118
0320241119
0320241122
0320241123
0320241124
0320242020
0320242021
0320242025
0320242027
0320242028
0320242032
0320242037
0320242041
0320242042
0320242056
0320242058
0320242059
0320242062
0320242064
0320242067
0320242068
0320242070
0320242072
0320242075
0320242077
0320242091
0320242100
0320242131
0320242142
0320242146
0320242147
0320242150
0320243003
0320243011
0320243013
0320243026
0320243033
0320243040
0320243048
0320243061
0320243096
0320243102
0320243104
0320243108
0320243109
0320243110
0320243111
0320244015
0320244019
0320244020
0320244024
0320244036
0320244039
0320244042
0320244044
0320244045
0320244051
0320244061
0320244075
0320244082
0320244085
0320244086
0320244094
0320244095
0320244098
0320244100
0320244102
0320244103
0320244109
0320244125
0320244126
0320244129
0320244132
0320244147
0320244150
0320244151
0320244152
0320244155
0320244168
0320244171
0320245001
0320245009
0320245012
0320245022
0320245023
0320246001
0320246004
0320246005
0320246007
0320246009
0320246010
0320246012
0320246013
0320246019
0320246021
0320246024
0320246027
0320246037
0320246038
0320246039
0320246048
0320246055
0320246058
0320246059
0320247001
0320247018
0320247029
0320247030
0320247031
0320248008
0320248015
0320248016
0320248017
0320248020
0320248021
0320248022
0320248023
0320248024
0320248027
0320248030
0320248031
0320248034
0320248043
0320248047
0320248050
0320251000
0320251011
0320251018
0320251026
0320251029
0320251030
0320251050
0320251057
0320251060
0320251078
0320251079
0320251083
0320251089
0320251097
0320251098
0320251103
0320251105
0320251109
0320251112
0320251127
0320251131
0320251136
0320251142
0320251148
0320251151
0320251152
0320251158
0320251164
0320251165
0320251167
0320251178
0320251185
0320251186
0320252005
0320252010
0320252021
0320252042
0320252061
0320252069
0320252100
0320252117
0320252121
0320252126
0320252128
0320252129
0320252132
0320252138
0320252148
0320252149
0320252150
0320252701
0320253002
0320253014
0320253018
0320253022
0320253023
0320253025
0320253026
0320253029
0320253036
0320253038
0320253041
0320253044
0320253047
0320253049
0320253072
0320253086
0320253099
0320254001
0320254007
0320254013
0320254023
0320254028
0320254030
0320254031
0320254039
0320254041
0320254043
0320254048
0320254054
0320254068
0320254069
0320254070
0320254072
0320254075
0320254078
0320254079
0320254087
0320254093
0320254098
0320254104
0320254106
0320254108
0320254110
0320254111
0320254120
0320254122
0320254130
0320254131
0320254138
0320254143
0320254149
0320254152
0320254153
0320254156
0320254164
0320254167
0320254171
0320254172
0320254174
0320255008
0320255011
0320255012
0320255018
0320255019
0320255021
0320255023
0320255024
0320255026
0320255027
0320255028
0320255033
0320255034
0320255035
0320256002
0320256006
0320256016
0320256021
0320256024
0320256025
0320256027
0320256028
0320256029
0320256036
0320256040
0320256041
0320256042
0320257008
0320257018
0320257019
0320257021
0320257023
0320257042
0320257043
0320257045
0320257052
0320257053
0320257060
0320258001
0320258002
0320258003
0320258015
0320258016
0320258017
0320258018
0320258021
0320258028
0320258035
0320258037
0320258038
0320258044
0320258045
0320261001
0320261021
0320261025
0320261026
0320261031
0320261034
0320261036
0320261038
0320261044
0320261046
0320261047
0320261048
0320261049
0320261050
0320261051
0320261052
0320261053
0320261054
0320261055
0320262001
0320262005
0320262040
0320262054
0320262055
0320262081
0320262092
0320262099
0320262105
0320262106
0320262109
0320262110
0320262118
0320262122
0320262128
0320262129
0320262130
0320262134
0320262136
0320262137
0320262138
0320263001
0320263016
0320263019
0320263021
0320263040
0320264010
0320264015
0320264021
0320264023
0320264027
0320264033
0320264034
0320264035
0320264039
0320264041
0320264043
0320264044
0320264045
0320264050
0320264054
0320264058
0320264061
0320264064
0320264065
0320265007
0320265010
0320265012
0320265014
0320265017
0320265019
0320265023
0320265024
0320265025
0320265026
0320266004
0320266005
0320266006
0320266008
0320267001
0320268001
0320268003
0320271018
0320271088
0320271101
0320271128
0320271133
0320271154
0320271170
0320271181
0320271182
0320271183
0320271187
0320271195
0320271207
0320271212
0320271213
0320271215
0320271219
0320271227
0320272005
0320272013
0320272019
0320272036
0320272048
0320272055
0320272073
0320272077
0320272080
0320272085
0320272106
0320272115
0320272118
0320272124
0320272125
0320272127
0320272164
0320272184
0320272187
0320272212
0320272214
0320272215
0320273010
0320273018
0320273023
0320273029
0320273041
0320273052
0320273053
0320273057
0320273061
0320273063
0320273081
0320273083
0320273125
0320273126
0320273129
0320273134
0320273135
0320273140
0320273141
0320273143
0320274001
0320274016
0320274025
0320274026
0320274039
0320274041
0320274051
0320274059
0320274082
0320274087
0320274091
0320274123
0320274129
0320274130
0320274132
0320274133
0320274134
0320274135
0320274136
0320275002
0320275033
0320275034
0320275055
0320276003
0320276006
0320276017
0320276038
0320276040
0320276064
0320276069
0320276071
0320276072
0320277020
0320278010
0320278012
0320278020
0320278025
0320278026
0320278031
0320278035
0320278040
0320278041
0320282000
0320282005
0320282009
0320282012
0320282026
0320282041
0320284000
0320284037
0320284039
0320284048
0320284053
0320284079
0320284088
0320284091
0320284109
0320284120
0320284135
0320284154
0320284157
0320284160
0320284172
0320284175
0320284210
0320284218
0320284219
0320284229
0320284232
0320286005
0320287020
0320288006
0320288007
0320288008
0320288017
0320288018
0320288024
0320288033
0320288036
0320288039
0320288040
0320288041
0320288042
0320288048
0320288053
0320291015
0320291021
0320291023
0320291036
0320291059
0320291062
0320291066
0320291072
0320291081
0320291082
0320291087
0320291090
0320291100
0320291103
0320291110
0320291143
0320291168
0320291170
0320292013
0320292014
0320292027
0320293007
0320293064
0320294001
0320294013
0320294014
0320294017
0320294022
0320294033
0320294042
0320294046
0320294050
0320294065
0320294066
0320294071
0320294072
0320294078
0320294079
0320294081
0320294083
0320294089
0320294091
0320294092
0320294098
0320294102
0320294103
0320294111
0320294115
0320295001
0320295007
0320295008
0320295022
0320295023
0320295024
0320297005
0320297007
0320297008
0320298001
0320298014
0320298025
0320298026
0320301002
0320301003
0320301007
0320301024
0320301065
0320301073
0320301075
0320301088
0320301090
0320301110
0320301113
0320301118
0320301119
0320301126
0320301132
0320301158
0320301159
0320301162
0320301189
0320301192
0320301193
0320301194
0320301198
0320303008
0320303012
0320303013
0320303025
0320303028
0320303030
0320303035
0320303037
0320303038
0320303057
0320303059
0320303065
0320303066
0320303067
0320304030
0320304034
0320304036
0320304043
0320304045
0320304051
0320304076
0320304077
0320304091
0320304096
0320304097
0320304098
0320304101
0320305006
0320305011
0320305013
0320305019
0320305020
0320305022
0320305023
0320305024
0320305025
0320305026
0320305038
0320305045
0320307018
0320307019
0320308001
0320308014
0320311001
0320311012
0320311054
0320311055
0320311061
0320311062
0320312003
0320312005
0320312033
0320312054
0320312062
0320312076
0320312080
0320312113
0320312114
0320312115
0320312116
0320313012
0320313021
0320313034
0320313038
0320313042
0320313044
0320313055
0320313067
0320313076
0320313079
0320313083
0320313085
0320313086
0320313090
0320313095
0320313096
0320313097
0320313101
0320313103
0320313114
0320313116
0320313128
0320313139
0320313140
0320313143
0320314013
0320314028
0320314077
0320314078
0320314079
0320314080
0320314086
0320314090
0320315019
0320315027
0320315028
0320316002
0320316003
0320316004
0320317009
0320317012
0320317013
0320317015
0320318004
0320318005
0320318007
0320318008
0320318009
0320318016
0320318025
0320321000
0320321004
0320321031
0320321037
0320321047
0320321048
0320321058
0320321064
0320321068
0320321069
0320321074
0320321079
0320321081
0320321085
0320321086
0320321089
0320321096
0320321109
0320321115
0320321116
0320321118
0320321130
0320321133
0320321150
0320321160
0320321168
0320321170
0320321172
0320321177
0320321178
0320321185
0320321194
0320321195
0320321201
0320321212
0320321215
0320321234
0320321235
0320321238
0320321239
0320321240
0320321241
0320321242
0320321243
0320321248
0320321249
0320321250
0320321251
0320322001
0320322005
0320322014
0320322055
0320322078
0320322084
0320322094
0320322096
0320322098
0320322101
0320322133
0320322134
0320322139
0320322148
0320322150
0320322152
0320322153
0320322156
0320322189
0320322192
0320322194
0320322215
0320322256
0320322277
0320322279
0320322280
0320322287
0320322289
0320323012
0320323055
0320323072
0320323075
0320323078
0320323096
0320323099
0320323101
0320323102
0320323103
0320323106
0320323107
0320323122
0320323127
0320323130
0320323142
0320323144
0320323146
0320323147
0320323151
0320323163
0320323164
0320323169
0320323171
0320323177
0320323179
0320323181
0320323188
0320323190
0320323199
0320323232
0320323233
0320323237
0320324026
0320324029
0320324035
0320324036
0320324048
0320324050
0320324053
0320324056
0320324063
0320324072
0320324082
0320324099
0320324121
0320324147
0320324153
0320324158
0320324164
0320324165
0320324168
0320324170
0320324172
0320324189
0320324196
0320324197
0320324199
0320324201
0320324203
0320324213
0320324219
0320324228
0320324264
0320324279
0320324284
0320324297
0320324300
0320324308
0320324311
0320324312
0320325011
0320325012
0320325014
0320325015
0320325019
0320325027
0320325030
0320325042
0320325056
0320325075
0320326003
0320326004
0320326023
0320326024
0320326032
0320326041
0320326048
0320326054
0320326055
0320326056
0320326063
0320326065
0320326067
0320326072
0320326077
0320326078
0320326084
0320326087
0320326104
0320326110
0320327008
0320327009
0320327014
0320327025
0320327028
0320327030
0320327036
0320327038
0320327041
0320327050
0320327054
0320327070
0320327075
0320327088
0320327095
0320327121
0320327124
0320327125
0320328003
0320328009
0320328010
0320328019
0320328024
0320328035
0320328038
0320328042
0320328045
0320328047
0320328068
0320328069
0320328072
0320328075
0320328076
0320328077
0320328096
0320328097
0320328098
0320328099
0320328100
0320328103
0320331002
0320331005
0320331016
0320331017
0320331026
0320331032
0320331033
0320331057
0320331072
0320331074
0320331080
0320331087
0320331106
0320331107
0320331110
0320331114
0320331117
0320331120
0320331164
0320331170
0320331189
0320331201
0320331210
0320331211
0320331212
0320331217
0320331219
0320331228
0320331246
0320331247
0320331251
0320331255
0320331256
0320331264
0320331268
0320331272
0320331273
0320332023
0320332028
0320332042
0320332054
0320332067
0320332075
0320332083
0320332105
0320332114
0320332119
0320332122
0320332125
0320332135
0320332149
0320332150
0320332157
0320332162
0320332169
0320332176
0320332178
0320332197
0320332198
0320332201
0320333010
0320333012
0320333013
0320333042
0320333068
0320333081
0320333084
0320333099
0320333100
0320333103
0320333111
0320333116
0320333120
0320333141
0320333142
0320333146
0320333154
0320333156
0320333159
0320333171
0320333174
0320333176
0320333177
0320333178
0320333179
0320333184
0320333190
0320333191
0320333192
0320333197
0320333211
0320333212
0320333213
0320333216
0320333222
0320333225
0320333230
0320333233
0320333256
0320333265
0320333266
0320333276
0320333282
0320333283
0320333288
0320333293
0320333297
0320333298
0320333302
0320334007
0320334008
0320334009
0320334016
0320334029
0320334037
0320334060
0320334061
0320334066
0320334068
0320334083
0320334092
0320334102
0320334116
0320334122
0320334161
0320334171
0320334173
0320334179
0320334180
0320334181
0320334182
0320334185
0320335008
0320335009
0320335010
0320335014
0320335015
0320335038
0320335044
0320335047
0320335056
0320335065
0320335066
0320335067
0320336002
0320336004
0320336005
0320336009
0320336032
0320337001
0320337006
0320337010
0320337013
0320337017
0320337025
0320337041
0320337054
0320337055
0320337056
0320337057
0320338008
0320338013
0320338021
0320338022
0320338023
0320338032
0320338036
0320338038
0320338040
0320338044
0320338054
0320338060
0320338063
0320338070
0320338074
0320338083
0320338084
0320338085
0320338095
0320338099
0320338100
0320338107
0320338109
0320341006
0320341012
0320341013
0320341014
0320341031
0320341036
0320341043
0320341048
0320341052
0320341054
0320341074
0320341082
0320341090
0320341100
0320341114
0320341117
0320341121
0320341123
0320341126
0320341129
0320341130
0320341133
0320341134
0320341145
0320341147
0320341151
0320341168
0320341174
0320341183
0320341185
0320341187
0320341192
0320341195
0320341197
0320341198
0320341199
0320341207
0320341209
0320341800
0320342000
0320342001
0320342004
0320342011
0320342013
0320342026
0320342037
0320342039
0320342043
0320342045
0320343001
0320343002
0320343003
0320343004
0320343010
0320343011
0320343014
0320343024
0320343025
0320343040
0320343055
0320343059
0320343060
0320343061
0320343064
0320343067
0320343068
0320343078
0320343088
0320343093
0320343094
0320343096
0320343098
0320343102
0320343116
0320343117
0320343131
0320343132
0320343135
0320343136
0320343141
0320343142
0320343146
0320343155
0320343157
0320343158
0320343159
0320344005
0320344009
0320345028
0320345033
0320345035
0320345040
0320345048
0320345049
0320345050
0320345051
0320345052
0320346009
0320347015
0320351009
0320351024
0320351026
0320351027
0320351036
0320351041
0320351042
0320351043
0320351044
0320351048
0320351052
0320351070
0320351073
0320351079
0320351085
0320351087
0320351089
0320352001
0320352002
0320352016
0320352019
0320352034
0320352038
0320352043
0320352044
0320352052
0320352057
0320352059
0320352065
0320352068
0320352071
0320352072
0320352074
0320352099
0320352101
0320352102
0320352103
0320352105
0320352109
0320352112
0320352113
0320352114
0320352121
0320352131
0320352140
0320352141
0320352146
0320352147
0320352148
0320352149
0320352151
0320352152
0320352153
0320352155
0320352156
0320352157
0320353000
0320353003
0320353006
0320353007
0320353014
0320353025
0320353031
0320353032
0320353036
0320353037
0320353041
0320353042
0320353048
0320353050
0320353057
0320353058
0320353069
0320353070
0320353074
0320353080
0320353085
0320353089
0320353090
0320353091
0320353093
0320353102
0320353104
0320353105
0320353106
0320353107
0320353114
0320353116
0320354005
0320354007
0320354023
0320354027
0320354030
0320354057
0320354069
0320354070
0320354073
0320354074
0320354076
0320354077
0320354080
0320354082
0320354091
0320354092
0320354093
0320354094
0320354095
0320354096
0320354101
0320355002
0320355009
0320356004
0320358002
0320358003
0320361004
0320361025
0320361026
0320361031
0320361039
0320361044
0320361064
0320361100
0320361101
0320361102
0320361104
0320362000
0320362007
0320362010
0320362011
0320362012
0320362014
0320362020
0320362021
0320362023
0320362032
0320362033
0320362037
0320362038
0320362042
0320362048
0320362050
0320362051
0320363002
0320363006
0320363020
0320363023
0320363030
0320363034
0320363046
0320363047
0320363048
0320363049
0320363053
0320363055
0320363058
0320363059
0320363062
0320363064
0320363701
0320363703
0320364000
0320364023
0320364031
0320364047
0320364060
0320364061
0320364062
0320364065
0320364071
0320364072
0320364099
0320364106
0320364108
0320364111
0320364112
0320364170
0320364171
0320364173
0320365014
0320366003
0320366006
0320366007
0320366012
0320366013
0320366014
0320367000
0320367005
0320367006
0320367010
0320367011
0320367012
0320367013
0320367700
0320368001
0320368004
0320368005
0320368010
0320368012
0320368023
0321094002
0321094003
0321094011
0321094016
0321094017
0321094019
0321094029
0321094039
0321094043
0321094047
0321094051
0321094066
0321094074
0321094075
0321094079
0321094089
0321094094
0321094110
0321094112
0321094126
0321094135
0321094141
0321094142
0321094144
0321094146
0321094147
0321094148
0321098001
0321098002
0321098005
0321103000
0321103010
0321107001
0321107002
0321143002
0321143003
0321143005
0321151000
0321151002
0321152001
0321152002
0321152010
0321152015
0321152020
0321152027
0321152028
0321152030
0321152073
0321153011
0321153026
0321154000
0321154005
0321154009
0321156001
0321156002
0321156019
0321156020
0321156030
0321157034
0321157035
0321157038
0321161002
0321161003
0321161008
0321161071
0321161083
0321161089
0321161092
0321162008
0321162010
0321162015
0321162020
0321162033
0321162038
0321162045
0321162049
0321162052
0321163003
0321163010
0321163012
0321163045
0321163055
0321163057
0321163072
0321163075
0321163080
0321163083
0321163088
0321163094
0321163099
0321163100
0321163102
0321163103
0321163104
0321163107
0321163112
0321163117
0321163125
0321163135
0321163136
0321163137
0321163138
0321163139
0321163140
0321163142
0321163145
0321163146
0321163148
0321163149
0321163154
0321163158
0321163171
0321163183
0321163184
0321163185
0321163186
0321163193
0321163202
0321163203
0321163204
0321164002
0321164007
0321164008
0321164013
0321164014
0321164015
0321164019
0321164022
0321164030
0321164032
0321164035
0321164041
0321164043
0321164056
0321164059
0321164061
0321164063
0321164080
0321164083
0321164103
0321164104
0321164106
0321164107
0321164108
0321164109
0321164110
0321164111
0321165003
0321165004
0321165015
0321165020
0321165029
0321165036
0321165037
0321165041
0321165044
0321165045
0321165046
0321165047
0321165055
0321165056
0321167001
0321167003
0321167011
0321167017
0321167019
0321167023
0321167024
0321167032
0321167033
0321167034
0321167035
0321168009
0321168010
0321168018
0321168033
0321168035
0321168037
0321174000
0321174003
0321174025
0321174026
0321201013
0321211012
0321211013
0321211020
0321211021
0321211026
0321211031
0321211039
0321212006
0321212017
0321212027
0321212028
0321212030
0321212043
0321212046
0321212054
0321212065
0321212067
0321212083
0321212086
0321212090
0321212091
0321212092
0321212099
0321212101
0321212102
0321212103
0321215001
0321216006
0321216010
0321216011
0321216013
0321221003
0321221004
0321221017
0321221020
0321221023
0321221036
0321221050
0321221076
0321221077
0321221079
0321221081
0321221083
0321221084
0321221087
0321221089
0321221090
0321222033
0321222035
0321222040
0321222071
0321222803
0321223003
0321223004
0321224000
0321224008
0321224023
0321224029
0321224502
0321225007
0321225010
0321225018
0321225019
0321225023
0321225027
0321225029
0321225031
0321225038
0321225047
0321226005
0321226019
0321226020
0321226022
0321226026
0321231014
0321231024
0321231025
0321231050
0321231052
0321231060
0321231075
0321231077
0321231125
0321231126
0321231127
0321231128
0321233003
0321234002
0321234019
0321234021
0321234022
0321234033
0321234038
0321234043
0321234047
0321234054
0321234066
0321234067
0321234084
0321234100
0321234102
0321234111
0321234114
0321234115
0321234116
0321235090
0321236008
0321236014
0321236017
0321236018
0321237003
0321238002
0321238003
0321238021
0321238028
0321238029
0321238030
0321251000
0321251011
0321252042
0321252055
0321253017
0321253026
0321253031
0321253032
0321253039
0321254010
0321254011
0321254027
0321254037
0321254045
0321254049
0321254071
0321256005
0321256006
0321256040
0321256043
0321258001
0321258007
0321258016
0321258018
0321258044
0321258050
0321258052
0321258061
0321258070
0321258072
0321258094
0321258097
0321258098
0321258099
0321258100
0321258101
0321258102
0321261001
0321261003
0321261005
0321261010
0321261016
0321261018
0321261024
0321261046
0321261047
0321262021
0321262023
0321262025
0321262040
0321262054
0321262055
0321262058
0321262064
0321262070
0321262071
0321262077
0321262080
0321262084
0321262090
0321262102
0321262106
0321262113
0321262114
0321262153
0321262154
0321263003
0321263024
0321263040
0321263047
0321263049
0321263050
0321263051
0321263052
0321264014
0321264017
0321264057
0321264069
0321264076
0321264077
0321265004
0321265009
0321266008
0321266014
0321266017
0321266019
0321266023
0321266024
0321266039
0321266040
0321266061
0321266077
0321266078
0321267006
0321268000
0321271003
0321271016
0321271043
0321271083
0321274000
0321274801
0321275017
0321275020
0321275022
0321275023
0321275025
0321275043
0321275045
0321293004
0321293006
0321293007
0321293012
0321293013
0321293015
0321293027
0321293035
0321297003
0321297005
0321304022
0321304027
0321311001
0321311009
0321311010
0321311035
0321311045
0321311061
0321311066
0321311067
0321311074
0321311079
0321311082
0321311088
0321311090
0321311091
0321311092
0321311093
0321311101
0321311104
0321311112
0321311117
0321311119
0321311124
0321311125
0321311126
0321311127
0321311132
0321311139
0321311145
0321311146
0321311149
0321311151
0321311154
0321311158
0321311159
0321311166
0321311167
0321311169
0321311177
0321311179
0321311190
0321311193
0321311215
0321311217
0321311219
0321311220
0321311221
0321311227
0321311230
0321311231
0321311236
0321311239
0321311240
0321311250
0321311259
0321311262
0321311264
0321311267
0321311270
0321312002
0321312003
0321312008
0321312016
0321313013
0321313044
0321313045
0321313047
0321313095
0321313096
0321315006
0321315008
0321315011
0321321000
0321321001
0321321014
0321321018
0321322003
0321322011
0321322016
0321322019
0321322020
0321322022
0321322025
0321322026
0321322039
0321322500
0321324001
0321324003
0321324004
0321344025
0321344026
0321344027
0321351029
0321351030
0321352043
0321352044
0321352050
0321352053
0321352054
0321352061
0321352062
0321352065
0321352066
0321353001
0321353007
0321353011
0321353014
0321353016
0321353018
0321353019
0321353021
0321353027
0321353029
0321353030
0321353031
0321353035
0321353038
0321354035
0321355008
0321355009
0321361000
0321361003
0321361004
0321361006
0321361015
0321361016
0321361026
0321361031
0321361034
0321361035
0321361036
0321361037
0321362003
0321362031
0321362032
0321362033
0321362037
0321362049
0321362051
0321362057
0321363021
0321363022
0321363025
0321363028
0321363036
0321363038
0321363039
0321364019
0321364037
0321364041
0321364044
0321364049
0415011009
0415011010
0415011011
0415011013
0415011014
0415012005
0415012014
0415012015
0415013003
0415013004
0415013005
0415013006
0415013007
0415013008
0415014009
0415014013
0415021002
0415022000
0415022003
0415022015
0415022019
0415023001
0415023002
0415023004
0415023005
0415023006
0415026001
0415026002
0415026003
0415026004
0415028001
0415028003
0415031000
0415031005
0415032000
0415033000
0415033001
0415033003
0415033005
0415033006
0415033009
0415033011
0415033012
0415034003
0415034006
0415041001
0415041003
0415041004
0415041006
0415044001
0415044006
0415044007
0415091000
0415091002
0415093001
0415093002
0415094001
0415101000
0415101009
0415101013
0415102000
0415102001
0415102007
0415102010
0415102017
0415102018
0415102019
0415102020
0415102022
0415102023
0415102701
0415103001
0415103023
0415103024
0415103025
0415104000
0415111002
0415111005
0415111006
0415111010
0415111011
0415111704
0415111705
0415111706
0415111707
0415111708
0415111709
0415112005
0415112008
0415112009
0415112014
0415112020
0415112021
0415112023
0415112024
0415112700
0415112701
0415113002
0415113003
0415113008
0415113012
0415113015
0415114001
0415114004
0415114014
0415114015
0415114016
0415114017
0415114018
0415114020
0415114021
0415121006
0415121007
0415121008
0415121011
0415121019
0415121027
0415121701
0415122002
0415123001
0415123004
0415124007
0415124013
0415124042
0415128001
0415128002
0415131002
0415131004
0415131700
0415131701
0415131702
0415131703
0415132005
0415132700
0415132701
0415133003
0415133004
0415133010
0415133023
0415134000
0415134004
0415134007
0415134010
0415134011
0415134700
0415134701
0415134702
0415134703
0415136001
0415136003
0415141002
0415141003
0415141004
0415141005
0415141009
0415141010
0415141016
0415141017
0415142005
0415142011
0415142098
0415143003
0415143005
0415143007
0415143022
0415143026
0415143033
0415144005
0415144700
0415151004
0415151009
0415151010
0415151021
0415151022
0415152000
0415152002
0415152003
0415152009
0415152012
0415152016
0415152019
0415152020
0415152021
0415153000
0415153006
0415154008
0415154010
0415154020
0415161000
0415221000
0415231002
0415231010
0415232000
0415233000
0415234000
0415235002
0415235014
0415235015
0415235022
0415235023
0415241000
0416012000
0416021000
0416022012
0416022013
0416022014
0416022017
0416022020
0416022039
0416022041
0416023006
0416024004
0416024005
0416024006
0416024007
0416026001
0416026002
0416031006
0416031009
0416031017
0416031018
0416031021
0416031030
0416031031
0416031033
0416031039
0416031042
0416031044
0416031054
0416031064
0416031065
0416031067
0416031079
0416031080
0416031082
0416031085
0416031089
0416031092
0416032000
0416032002
0416032005
0416032701
0416032703
0416033016
0416033017
0416033020
0416033021
0416033022
0416033023
0416033024
0416033701
0416034002
0416034003
0416034004
0416034005
0416041000
0416041002
0416041003
0416041005
0416041006
0416042013
0416042014
0416042015
0416042703
0416043002
0416043012
0416043016
0416043017
0416043018
0416043019
0416043020
0416044018
0416044029
0416044030
0416044033
0416047001
0416051005
0416051006
0416051007
0416051008
0416051009
0416051010
0416051011
0416052005
0416052007
0416052010
0416052011
0416052012
0416052013
0416053007
0416053008
0416053009
0416053010
0416053011
0416053012
0416054004
0416054005
0416054006
0416054007
0416054008
0416054009
0416054010
0416054011
0416061003
0416061005
0416061006
0416061015
0416061016
0416061017
0416063000
0416063006
0416064010
0416064011
0416064012
0416064013
0416064706
0416065001
0416065003
0416065004
0416066005
0416066008
0416066011
0416066012
0416066700
0416071002
0416071024
0416071034
0416072020
0416072024
0416073019
0416073700
0416074017
0416074018
0416074703
0416081001
0416081004
0416081011
0416081013
0416081014
0416081015
0416081016
0416082017
0416082018
0416082021
0416082022
0416082023
0416082025
0416082026
0416083000
0416084007
0416084010
0416084017
0416085001
0416085003
0416091027
0416091028
0416091030
0416091031
0416091033
0416091035
0416091036
0416091037
0416091038
0416091039
0416091044
0416091046
0416091053
0416091702
0416092004
0416092005
0416092013
0416092016
0416092017
0416092018
0416093005
0416094002
0416094013
0416094014
0416094024
0416094025
0416094028
0416094044
0416094047
0416094049
0416094053
0416094054
0416096003
0416096005
0416096006
0416096007
0416096008
0416098005
0416101008
0416101011
0416101020
0416101025
0416101031
0416101032
0416102002
0416102004
0416102005
0416102024
0416102025
0416102030
0416102031
0416102032
0416102033
0416102034
0416102035
0416102701
0416102702
0416102703
0416103015
0416103023
0416103702
0416103703
0416103704
0416104019
0416104045
0416104048
0416105011
0416105013
0416105018
0416105031
0416105032
0416105035
0416105042
0416105043
0416105044
0416106002
0416106003
0416106007
0416106010
0416106012
0416107003
0416107012
0416108020
0416108022
0416108023
0416108024
0416111003
0416112010
0416112011
0416112012
0416113018
0416113019
0416113037
0416113038
0416114000
0416114019
0416114020
0416114026
0416114032
0416114704
0416115001
0416116003
0416116013
0416116014
0416116015
0416116016
0416116021
0416116027
0416122000
0416122003
0416123008
0416123700
0416123701
0416124001
0416132013
0416132015
0416132028
0416132031
0416132040
0416133021
0416133022
0416133030
0416134007
0416137002
0416141005
0416141006
0416141008
0416141009
0416141015
0416141016
0416141043
0416141044
0416141050
0416141052
0416141056
0416141057
0416141068
0416142016
0416142039
0416142044
0416142049
0416142053
0416142057
0416142075
0416142082
0416142086
0416142089
0416142104
0416142105
0416142106
0416142107
0416142109
0416143001
0416143005
0416143008
0416143010
0416143019
0416143020
0416143026
0416143033
0416143049
0416143061
0416143065
0416143066
0416144001
0416144002
0416144005
0416144045
0416144074
0416144086
0416144087
0416144090
0416144091
0416144101
0416144105
0416144126
0416144129
0416144130
0416144131
0416144136
0416144139
0416144140
0416144160
0416145026
0416145027
0416145037
0416145039
0416145040
0416145041
0416145042
0416145045
0416145046
0416146007
0416146008
0416146014
0416147002
0416147014
0416151010
0416151024
0416151036
0416151042
0416151050
0416151051
0416151053
0416152014
0416152017
0416153012
0416153014
0416153015
0416153029
0416153032
0416153033
0416153039
0416154010
0416154011
0416154013
0416154023
0416154027
0416154037
0416154039
0416154053
0416154068
0416154076
0416154092
0416154093
0416154094
0416154095
0416154096
0416154097
0416155001
0416155006
0416161004
0416161005
0416161012
0416161025
0416162008
0416162009
0416162011
0416162016
0416162017
0416162019
0416162705
0416162706
0416162707
0416163003
0416163006
0416164012
0416164013
0416164014
0416165004
0416165005
0416165007
0416165009
0416171003
0416171010
0416171011
0416172004
0416172006
0416172008
0416172011
0416172014
0416172015
0416173016
0416173017
0416173020
0416173024
0416173025
0416173700
0416181009
0416181011
0416181013
0416181015
0416181017
0416181018
0416181020
0416181021
0416181023
0416181024
0416181702
0416182003
0416182007
0416182702
0416183004
0416183005
0416183006
0416183007
0416184002
0416191003
0416193006
0416193007
0416193008
0416194002
0416201001
0416201002
0416201007
0416202002
0416202007
0416202008
0416202010
0416202013
0416203004
0416211006
0416214001
0416214002
0416214003
0416221013
0416221014
0416222009
0416222014
0416223005
0416223006
0416223008
0416223009
0416223010
0416223011
0416223012
0416223013
0416223014
0416223016
0416224005
0416224015
0416224016
0416224023
0416224029
0416224033
0416224044
0416224045
0416225002
0416225004
0416225006
0416225700
0416227001
0416227005
0416227006
0416228004
0416228005
0416228007
0416231011
0416231021
0416231035
0416231036
0416231040
0416231042
0416231050
0416232004
0416232007
0416232016
0416232019
0416232023
0416232032
0416232033
0416232036
0416232039
0416232040
0416232042
0416232051
0416232056
0416232062
0416232063
0416232073
0416232076
0416232077
0416232078
0416232706
0416232707
0416232708
0416233000
0416233007
0416233009
0416233010
0416233011
0416233021
0416234009
0416234021
0416234026
0416234028
0416236001
0416236002
0416236005
0416236006
0416237001
0416237002
0416242006
0416242007
0416242009
0416242011
0416242014
0416242024
0416242031
0416242032
0416243005
0416243012
0416243014
0416243019
0416243700
0416243701
0416244009
0416244010
0416244016
0416244017
0416244018
0416244019
0416244020
0416244021
0416251001
0416251703
0416251705
0416251706
0416251707
0416252002
0416252003
0416252004
0416252006
0416252007
0416252011
0416252017
0416252018
0416252020
0416253008
0416253703
0416254702
0416254703
0416254704
0416254705
0416254706
0416261002
0416261003
0416261004
0416261700
0416262001
0416262002
0416262003
0416263000
0416271001
0416282000
0416283011
0416291000
0416291001
0416291002
0416292001
0416292002
0416293000
0416294000
0416294001
0416294002
0416294003
0416301004
0416301006
0416301009
0416302016
0416302018
0416302019
0416302020
0416321000
0416321001
0416321003
0416321005
0416321006
0416321008
0416321009
0416321010
0416331000
0416331001
0416332000
0416332002
0416332003
0416332004
0416332006
0416332008
0416332010
0416332013
0416332014
0416332016
0416332017
0416332018
0416332022
0416332023
0416332024
0416332026
0416334002
0416334004
0416334005
0416334006
0416334007
0416334008
0416341000
0416342000
0416343000
0416344000
0416344001
0416351004
0416352001
0416352002
0416352003
0416352004
0416353000
0416353002
0416354004
0416354007
0416354013
0416354014
0416354019
0416361001
0416362004
0416362006
0416362009
0416362704
0416363715
0417011003
0417011019
0417011025
0417011028
0417011029
0417011039
0417011040
0417012013
0417012014
0417012015
0417012016
0417012017
0417012018
0417013009
0417013012
0417013024
0417013032
0417014022
0417014023
0417014028
0417014031
0417014032
0417014039
0417014040
0417014042
0417014043
0417014044
0417014049
0417014050
0417014051
0417014057
0417014060
0417017004
0417017005
0417017009
0417017010
0417018001
0417018002
0417018004
0417021008
0417021010
0417021017
0417021018
0417021022
0417021023
0417021026
0417021027
0417021028
0417021036
0417021041
0417021044
0417021045
0417022007
0417022008
0417022009
0417022010
0417022011
0417022014
0417022017
0417022019
0417023027
0417023029
0417023037
0417024001
0417024003
0417024022
0417025001
0417025005
0417031017
0417032006
0417032007
0417033011
0417033014
0417033028
0417033702
0417034004
0417034031
0417034033
0417034040
0417037001
0417037002
0417037003
0417037005
0417037006
0417037007
0417041006
0417041021
0417041026
0417041027
0417041705
0417042027
0417042028
0417042029
0417042030
0417043005
0417043006
0417043007
0417043011
0417043017
0417043019
0417043029
0417043089
0417043101
0417043102
0417044005
0417044013
0417044022
0417045006
0417047005
0417047011
0417047015
0417047019
0417047021
0417052012
0417052013
0417052014
0417052015
0417052702
0417052703
0417053000
0417053003
0417054018
0417054024
0417056001
0417056002
0417056004
0417058002
0417058003
0417061005
0417061008
0417061009
0417061012
0417061015
0417061016
0417061025
0417061029
0417061030
0417061032
0417061033
0417062002
0417062011
0417062012
0417063001
0417063004
0417063005
0417063006
0417063012
0417063015
0417063016
0417063017
0417063018
0417063019
0417063020
0417063021
0417063022
0417063023
0417064016
0417064017
0417064018
0417064020
0417064022
0417067004
0417071006
0417071012
0417071014
0417072018
0417072023
0417072024
0417072027
0417073010
0417073014
0417073015
0417073021
0417073022
0417073025
0417073029
0417073032
0417073037
0417073039
0417074011
0417074019
0417074020
0417074021
0417074701
0417078004
0417081001
0417082005
0417082008
0417082022
0417082025
0417082028
0417082031
0417082032
0417082033
0417082034
0417082038
0417082041
0417082042
0417082045
0417082046
0417082047
0417083011
0417083012
0417083019
0417084007
0417084013
0417084027
0417084029
0417084046
0417084050
0417084700
0417085001
0417085002
0417087003
0417087004
0417087005
0417087006
0417087007
0417087008
0417091005
0417091006
0417091007
0417091008
0417091009
0417092025
0417092057
0417092058
0417092059
0417092064
0417092076
0417092088
0417092089
0417093019
0417093022
0417094009
0417094703
0417094706
0417094709
0417096001
0417096004
0417096006
0417096008
0417096017
0417096018
0417096019
0417096021
0417097007
0417097011
0417097012
0417098700
0417101000
0417101016
0417101030
0417101031
0417101036
0417102002
0417102005
0417103005
0417103008
0417103009
0417103010
0417103011
0417103012
0417103013
0417103014
0417103015
0417103016
0417103017
0417103018
0417103019
0417103020
0417103021
0417103022
0417103023
0417103024
0417103027
0417103028
0417104009
0417104026
0417104027
0417104043
0417104044
0417104045
0417104051
0417106001
0417106002
0417106003
0417106004
0417111004
0417111005
0417111009
0417111022
0417111025
0417111026
0417111027
0417111033
0417112012
0417112018
0417112019
0417112020
0417112027
0417113009
0417113011
0417113018
0417113019
0417113037
0417114011
0417114014
0417114015
0417114019
0417114037
0417114038
0417114039
0417114040
0417121000
0417121008
0417121011
0417121012
0417121013
0417121023
0417121025
0417121026
0417121027
0417121028
0417121029
0417124014
0417124024
0417124025
0417124026
0417124029
0417124031
0417124038
0417128007
0417131001
0417132003
0417133002
0417133009
0417133010
0417134001
0417134002
0417134003
0417134006
0417142013
0417142014
0417142034
0417142035
0417143001
0417143002
0417143005
0417143701
0417143702
0417144010
0417145004
0417146001
0417146002
0417146003
0417146004
0417146005
0417146006
0417146007
0417146008
0417146009
0417146010
0417146011
0417146012
0417151008
0417151035
0417151036
0417151037
0417152000
0417152005
0417152010
0417152015
0417152018
0417152019
0417152021
0417153000
0417153005
0417153006
0417153007
0417153008
0417153010
0417153011
0417153502
0417154004
0417154005
0417154701
0417161018
0417161027
0417161034
0417161036
0417161046
0417161049
0417161050
0417161053
0417161055
0417161057
0417161058
0417161059
0417161060
0417162010
0417162014
0417162017
0417163013
0417163021
0417163023
0417163027
0417163030
0417163037
0417163038
0417163039
0417163040
0417164018
0417164027
0417167001
0417168001
0417168003
0417171013
0417171014
0417171015
0417171019
0417171020
0417171021
0417171022
0417171025
0417171027
0417171028
0417171700
0417172019
0417172029
0417172037
0417174007
0417174008
0417174009
0417174014
0417174018
0417174019
0417181003
0417181013
0417181014
0417181018
0417181019
0417182010
0417182022
0417182033
0417182034
0417182035
0417182036
0417182037
0417183003
0417183005
0417184008
0417184009
0417184010
0417184011
0417184012
0417186001
0417187002
0417187003
0417191000
0417191007
0417191017
0417191018
0417191023
0417191028
0417192020
0417192024
0417192025
0417192035
0417192036
0417192037
0417192703
0417192704
0417193002
0417193003
0417193004
0417193006
0417193007
0417193008
0417193009
0417193010
0417194013
0417194700
0417194706
0417196007
0417201012
0417201016
0417201017
0417201018
0417201019
0417201020
0417201027
0417201033
0417202014
0417202015
0417203006
0417203008
0417203009
0417203014
0417203019
0417203025
0417203701
0417203704
0417204006
0417204023
0417204029
0417204036
0417204038
0417204041
0417204043
0417204044
0417204045
0417204051
0417204054
0417204057
0417205001
0417205002
0417212004
0417212005
0417213003
0417214004
0417214005
0417214009
0417214010
0417214011
0417221003
0417221016
0417221019
0417221020
0417222012
0417222013
0417222014
0417222015
0417223010
0417223011
0417223013
0417223014
0417223019
0417223031
0417224026
0417224029
0417224032
0417224034
0417228001
0417231003
0417231005
0417231012
0417231035
0417231701
0417231800
0417232007
0417232016
0417232017
0417232018
0417232029
0417232032
0417232034
0417232035
0417232039
0417232040
0417234007
0417234008
0417237005
0417241001
0417241006
0417241149
0417242006
0417242008
0417242009
0417253003
0417253005
0417253006
0417253008
0417253009
0417254004
0417254006
0417261004
0417261700
0417262013
0417262014
0417262016
0417262028
0417262045
0417262049
0417262054
0417262057
0417262058
0417262059
0417262061
0417262064
0417262065
0417262074
0417262076
0417262077
0417262078
0417262079
0417262081
0417262083
0417262158
0417262160
0417262162
0417262163
0417262167
0417262172
0417262174
0417262175
0417262176
0417262177
0417262178
0417262180
0417262181
0417262183
0417262185
0417262186
0417262187
0417262188
0417262189
0417262190
0417262191
0417262192
0417263003
0417263009
0417263010
0417263016
0417263027
0417263031
0417263033
0417263034
0417263035
0417263041
0417263050
0417263076
0417263077
0417263098
0417263099
0417263107
0417263108
0417263109
0417263110
0417263111
0417263112
0417263113
0417263114
0417263115
0417263116
0417263117
0417263118
0417263119
0417263120
0417263122
0417263123
0417263125
0417263127
0417264026
0417264028
0417267002
0417267007
0417267008
0417271006
0417271015
0417271018
0417271020
0417271034
0417271036
0417271079
0417271081
0417271085
0417271086
0417271087
0417271088
0417271089
0417271091
0417271092
0417272011
0417272015
0417272023
0417273015
0417274009
0417274010
0417274012
0417274014
0417274031
0417274032
0417274034
0417274037
0417274050
0417274051
0417274056
0417274061
0417275004
0417277002
0417278001
0417278002
0417278003
0417278004
0417278005
0417281016
0417281017
0417281701
0417282004
0417282008
0417282009
0417282011
0417282021
0417282026
0417283003
0417283008
0417283018
0417283019
0417283022
0417283030
0417283033
0417283034
0417284013
0417284025
0417284038
0417284042
0417284700
0417286001
0417286006
0417287004
0417287005
0417287011
0417287013
0417287022
0417287023
0417287025
0417287028
0417288003
0417288004
0417288006
0417288008
0417288016
0417288018
0417291014
0417291015
0417291019
0417291020
0417291022
0417291032
0417292008
0417292012
0417292024
0417292027
0417292029
0417292030
0417292034
0417292039
0417292040
0417293002
0417293007
0417293017
0417293027
0417293030
0417293036
0417293037
0417294012
0417294033
0417294041
0417295001
0417296001
0417296002
0417296004
0417296006
0417297001
0417298003
0417298004
0417298010
0417298011
0417298012
0417298013
0417298020
0417298021
0417301701
0417301707
0417302024
0417302025
0417302035
0417302039
0417302700
0417303014
0417303022
0417303024
0417303029
0417303031
0417303034
0417303037
0417304014
0417304016
0417304017
0417304705
0417306004
0417306005
0417306007
0417306008
0417306010
0417306012
0417308001
0417308013
0417308015
0417311013
0417311709
0417311710
0417312006
0417312007
0417313006
0417313007
0417313008
0417313017
0417313019
0417313026
0417313027
0417314007
0417314008
0417314709
0417314711
0417314716
0417314717
0417314718
0417316000
0417316001
0417321017
0417321021
0417321036
0417322002
0417322004
0417322005
0417322008
0417322009
0417322010
0417322011
0417324008
0417324012
0417324013
0417324015
0417324016
0417324019
0417331704
0417331705
0417331706
0417332701
0417332702
0417335004
0417338001
0417338002
0417338005
0417338006
0417341000
0417341007
0417341009
0417341010
0417342009
0417342013
0417342014
0417342015
0417342016
0417342018
0417342020
0417342023
0417342024
0417342025
0417343700
0417343701
0417344013
0417344023
0417344024
0417344025
0417344028
0417348014
0417348020
0417348021
0417348025
0417348037
0417348041
0417348042
0417351001
0417353009
0417353014
0418011001
0418011004
0418011007
0418011027
0418013008
0418013017
0418013018
0418013022
0418014006
0418014012
0418014029
0418014031
0418014035
0418014039
0418014700
0418014701
0418017002
0418017005
0418017006
0418017014
0418018002
0418018006
0418018011
0418018015
0418018016
0418018017
0418018018
0418018019
0418021016
0418021022
0418021023
0418021024
0418021036
0418021039
0418021040
0418021041
0418021042
0418021043
0418022008
0418022010
0418022011
0418022012
0418022028
0418022031
0418022032
0418022033
0418022034
0418023009
0418023012
0418023021
0418023025
0418024004
0418024027
0418025003
0418025007
0418025008
0418025036
0418025039
0418026002
0418026005
0418026023
0418027013
0418027015
0418027018
0418027020
0418027022
0418027024
0418027034
0418027042
0418027045
0418027052
0418028001
0418028005
0418028007
0418028013
0418028015
0418028016
0418028017
0418028021
0418028023
0418028025
0418028028
0418028030
0418028031
0418028034
0418028045
0418028055
0418028078
0418031001
0418031021
0418031022
0418032019
0418033000
0418033006
0418033008
0418033018
0418033025
0418034007
0418034015
0418034016
0418034022
0418034023
0418034044
0418034045
0418035001
0418035013
0418035014
0418035020
0418035022
0418035024
0418035025
0418035028
0418035030
0418035035
0418035040
0418035045
0418035046
0418035054
0418035059
0418035063
0418035072
0418035075
0418035079
0418035080
0418035093
0418035095
0418035096
0418035098
0418035101
0418035109
0418035111
0418035112
0418035115
0418035119
0418035123
0418035126
0418036018
0418036019
0418036020
0418036021
0418036023
0418037004
0418037005
0418037006
0418037010
0418037013
0418038001
0418038002
0418038004
0418038006
0418038009
0418038012
0418038017
0418038018
0418038020
0418038021
0418038022
0418038023
0418038024
0418038025
0418038030
0418038032
0418038037
0418038038
0418038039
0418038040
0418041018
0418041048
0418041049
0418042026
0418042028
0418042029
0418043015
0418043031
0418044029
0418044030
0418044036
0418044037
0418044700
0418045006
0418045007
0418045009
0418045010
0418045013
0418045016
0418045019
0418045020
0418045029
0418045039
0418045045
0418045058
0418045059
0418045067
0418045083
0418046005
0418046011
0418046013
0418046016
0418046024
0418046026
0418046033
0418046038
0418047008
0418047009
0418047012
0418047014
0418047015
0418047020
0418047021
0418047030
0418047032
0418047042
0418047046
0418047053
0418047055
0418047058
0418047059
0418047061
0418047066
0418047072
0418047073
0418047074
0418047077
0418048018
0418048020
0418048025
0418052013
0418052014
0418052015
0418052016
0418053006
0418053040
0418053041
0418053042
0418054049
0418054050
0418054051
0418056005
0418056006
0418056013
0418056016
0418056017
0418056019
0418057003
0418057004
0418057011
0418057012
0418057013
0418057014
0418057018
0418058006
0418058008
0418058015
0418058041
0418058053
0418061017
0418061018
0418062029
0418062030
0418062031
0418062032
0418062033
0418063030
0418066000
0418067014
0418067016
0418067027
0418072001
0418072007
0418072012
0418074004
0418074005
0418075003
0418075004
0418075005
0418076007
0418076008
0418076012
0418078003
0418081013
0418081014
0418081016
0418081019
0418081020
0418081021
0418081026
0418081700
0418082001
0418083007
0418083013
0418083018
0418083022
0418084006
0418084019
0418084042
0418084043
0418084044
0418084045
0418084046
0418084052
0418084053
0418084054
0418084055
0418087008
0418087010
0418087011
0418087012
0418087014
0418088005
0418088008
0418088011
0418088014
0418088017
0418088019
0418088027
0418088028
0418091009
0418091018
0418091034
0418091035
0418091049
0418092003
0418092008
0418092030
0418092032
0418092034
0418093016
0418093043
0418093049
0418093050
0418093051
0418093052
0418093054
0418093058
0418093061
0418093062
0418093063
0418093064
0418093065
0418093066
0418094000
0418094003
0418094021
0418094023
0418094034
0418094053
0418095005
0418095006
0418095007
0418095008
0418095013
0418095020
0418095023
0418095036
0418095038
0418096001
0418096004
0418096011
0418096013
0418096015
0418096022
0418096025
0418096038
0418096039
0418097004
0418097006
0418097014
0418097020
0418097021
0418097022
0418097023
0418097038
0418098001
0418098013
0418098015
0418101006
0418101008
0418101010
0418101011
0418102004
0418102009
0418102011
0418102028
0418102037
0418102044
0418102052
0418102053
0418102055
0418103013
0418103023
0418103024
0418103026
0418103030
0418104004
0418104029
0418104030
0418104032
0418104039
0418104041
0418104042
0418104043
0418105001
0418105002
0418105003
0418105004
0418105005
0418105008
0418106013
0418106020
0418106027
0418107001
0418107002
0418107007
0418107016
0418107017
0418107018
0418107023
0418107025
0418111003
0418111023
0418111024
0418111025
0418111026
0418111701
0418112018
0418112019
0418112025
0418112027
0418112033
0418112034
0418112047
0418112065
0418112074
0418112085
0418113038
0418113043
0418113045
0418113046
0418113063
0418114010
0418114022
0418114025
0418114026
0418114031
0418114037
0418115001
0418115005
0418115006
0418115009
0418115010
0418115011
0418115012
0418115013
0418115014
0418115019
0418115020
0418115021
0418115022
0418115023
0418115028
0418115030
0418115031
0418115034
0418115041
0418115046
0418115047
0418115060
0418115061
0418115062
0418116007
0418116009
0418116010
0418116012
0418116018
0418116021
0418117011
0418118004
0418118006
0418118007
0418118008
0418118009
0418118010
0418121006
0418121014
0418121024
0418121041
0418121044
0418121051
0418121053
0418122006
0418122014
0418122016
0418122025
0418122026
0418122028
0418123010
0418124018
0418124041
0418124044
0418125011
0418125012
0418126010
0418126014
0418126017
0418127009
0418128011
0418128012
0418128013
0418128017
0418128018
0418128020
0418128021
0418128022
0418128024
0418131037
0418131038
0418132028
0418133013
0418133017
0418133024
0418133028
0418133037
0418133700
0418134002
0418134004
0418134013
0418134014
0418134015
0418134016
0418135016
0418135020
0418135023
0418135035
0418135042
0418135043
0418135046
0418135048
0418135049
0418135052
0418135053
0418135056
0418135057
0418135060
0418135061
0418135065
0418135068
0418135075
0418136018
0418136019
0418136023
0418136031
0418136041
0418136045
0418136049
0418136052
0418136053
0418137002
0418137027
0418137028
0418138003
0418138004
0418138012
0418138020
0418142004
0418142011
0418142013
0418142017
0418142018
0418142022
0418142701
0418142702
0418142703
0418143006
0418143010
0418143020
0418143024
0418143046
0418143047
0418143049
0418144027
0418144031
0418145001
0418145004
0418145011
0418145012
0418145017
0418145029
0418145034
0418145039
0418146001
0418146010
0418146015
0418147001
0418147002
0418147003
0418147004
0418147010
0418147012
0418147016
0418147017
0418147020
0418147021
0418147022
0418148001
0418148003
0418148004
0418148006
0418151018
0418151019
0418151022
0418151036
0418151037
0418151038
0418151045
0418151046
0418152011
0418152012
0418152032
0418152035
0418152037
0418152039
0418152043
0418152056
0418152057
0418152060
0418153001
0418153015
0418153025
0418153028
0418153031
0418153048
0418154003
0418154008
0418154012
0418154015
0418154018
0418154020
0418154022
0418154030
0418154031
0418154032
0418154703
0418154705
0418156001
0418156004
0418156009
0418156010
0418157008
0418157016
0418158001
0418158007
0418158008
0418158018
0418158019
0418161028
0418161034
0418161035
0418161038
0418161043
0418161046
0418161052
0418161053
0418162003
0418162015
0418162016
0418162017
0418162029
0418162031
0418162034
0418162044
0418162046
0418162049
0418162054
0418162055
0418162056
0418162074
0418162075
0418162076
0418163021
0418163024
0418163025
0418163030
0418163041
0418163044
0418163045
0418164003
0418164004
0418164016
0418164023
0418164038
0418165001
0418166002
0418166004
0418166008
0418166011
0418166023
0418166028
0418166034
0418166035
0418167002
0418168003
0418171010
0418171018
0418171021
0418171022
0418171023
0418171024
0418172020
0418173006
0418173008
0418173021
0418173023
0418174025
0418174036
0418175007
0418175011
0418175012
0418175017
0418178001
0418178002
0418178003
0418178007
0418178008
0418181016
0418181026
0418181039
0418181040
0418181042
0418181049
0418182022
0418182023
0418182024
0418182032
0418182033
0418182042
0418182054
0418182067
0418182073
0418182075
0418182083
0418182084
0418182085
0418182086
0418183002
0418183010
0418184020
0418184025
0418184038
0418184050
0418184056
0418184156
0418184157
0418185002
0418185003
0418185004
0418185005
0418185010
0418185013
0418185015
0418185019
0418185022
0418185026
0418185027
0418185031
0418185033
0418185034
0418185035
0418185042
0418185048
0418185049
0418185050
0418185051
0418186009
0418186013
0418186014
0418186018
0418186026
0418187001
0418187003
0418187010
0418187012
0418187032
0418187034
0418187042
0418187043
0418187048
0418187049
0418188001
0418188002
0418188003
0418188012
0418188014
0418188015
0418188028
0418188036
0418188037
0418188058
0418188060
0418188062
0418188064
0418188065
0418188068
0418188077
0418188086
0418188092
0418188095
0418188096
0418191013
0418191044
0418191045
0418192007
0418192015
0418192026
0418193013
0418193019
0418193020
0418193022
0418194005
0418194019
0418194020
0418195001
0418195002
0418195006
0418195013
0418195014
0418195016
0418195017
0418195022
0418195034
0418195035
0418195075
0418195084
0418195087
0418195088
0418195091
0418195092
0418196002
0418196015
0418196023
0418196025
0418196028
0418196031
0418196037
0418196038
0418196039
0418196046
0418196047
0418197002
0418197013
0418197020
0418197021
0418197022
0418197027
0418197028
0418197032
0418197034
0418197036
0418198001
0418198004
0418198007
0418198008
0418198010
0418198015
0418198016
0418198019
0418198032
0418198033
0418198050
0418198052
0418198053
0418198070
0418198077
0418198079
0418198083
0418198086
0418201005
0418201008
0418201009
0418202026
0418202027
0418202031
0418202036
0418202037
0418203014
0418203017
0418203019
0418203020
0418203021
0418203022
0418203027
0418203028
0418203033
0418203043
0418203047
0418203052
0418203053
0418204008
0418204009
0418204013
0418204014
0418204016
0418204019
0418206003
0418207009
0418207011
0418207012
0418207021
0418207027
0418207029
0418207040
0418207043
0418207050
0418207051
0418211033
0418211034
0418211035
0418211036
0418211037
0418212004
0418212007
0418212018
0418212019
0418212027
0418212030
0418212031
0418213007
0418213008
0418213009
0418213011
0418213015
0418213016
0418213019
0418213020
0418213021
0418213023
0418213025
0418213040
0418213049
0418213050
0418213051
0418213069
0418214018
0418214029
0418214038
0418214039
0418214064
0418215001
0418215004
0418215009
0418215015
0418215031
0418215036
0418215039
0418215053
0418216007
0418217001
0418217004
0418217005
0418217006
0418217007
0418218007
0418218014
0418218019
0418218020
0418218021
0418218022
0418218023
0418218026
0418218027
0418218034
0418218038
0418218050
0418218053
0418218054
0418218055
0418218056
0418218064
0418218065
0418218068
0418218070
0418218071
0418218080
0418218081
0418221008
0418221010
0418221012
0418221014
0418221024
0418221027
0418221029
0418221035
0418222015
0418222024
0418222034
0418222036
0418222039
0418223031
0418223039
0418223053
0418223054
0418223071
0418225005
0418225006
0418226001
0418226021
0418226025
0418226030
0418226033
0418227016
0418227028
0418231023
0418231030
0418231033
0418231034
0418231040
0418231043
0418232001
0418232007
0418232015
0418232028
0418232036
0418232037
0418233008
0418233015
0418233018
0418233019
0418233021
0418234006
0418234011
0418234012
0418234013
0418235003
0418235008
0418235009
0418235010
0418236003
0418236004
0418236006
0418236007
0418236012
0418236014
0418236016
0418237002
0418241007
0418241023
0418241033
0418241034
0418241038
0418241039
0418241041
0418241043
0418241044
0418242008
0418242010
0418242012
0418242013
0418242014
0418242021
0418242022
0418242026
0418242028
0418243003
0418243018
0418243022
0418243024
0418244003
0418244010
0418244015
0418244019
0418244020
0418244021
0418244027
0418244029
0418244034
0418244035
0418244036
0418244040
0418244050
0418245005
0418245007
0418245020
0418246001
0418248009
0418248010
0418248011
0418248012
0418248017
0418248020
0418248023
0418251002
0418251008
0418251010
0418251023
0418251039
0418251042
0418252015
0418252016
0418252022
0418252023
0418252033
0418252034
0418253010
0418253018
0418253024
0418254007
0418254008
0418254009
0418256002
0418256005
0418256006
0418261003
0418261014
0418261017
0418261018
0418261019
0418261020
0418261021
0418261022
0418261029
0418261030
0418261031
0418262003
0418262005
0418262012
0418262013
0418262705
0418262706
0418263026
0418264700
0418267012
0418271003
0418271005
0418271006
0418271702
0418271703
0418271707
0418271708
0418272000
0418272013
0418272034
0418272035
0418272042
0418273001
0418273004
0418273005
0418273006
0418273007
0418273009
0418273033
0418274013
0418274016
0418274018
0418274021
0418274022
0418274024
0418274032
0418274046
0418274051
0418274059
0418274060
0418274063
0418274700
0418278005
0418281004
0418281031
0418281039
0418281050
0418282017
0418282018
0418283007
0418283008
0418283026
0418283027
0418283031
0418283044
0418284033
0418284034
0418284035
0418284036
0418284037
0418284038
0418284039
0418284040
0418284041
0418284042
0418284043
0418284044
0418284045
0418284052
0418284053
0418284055
0418285002
0418285005
0418285009
0418285011
0418285012
0418285014
0418285015
0418285019
0418286002
0418286005
0418286008
0418286010
0418286011
0418286012
0418286014
0418286017
0418286018
0418286019
0418286023
0418286025
0418286028
0418286029
0418286050
0418286055
0418286056
0418287008
0418287011
0418288002
0418288003
0418292003
0418292023
0418292025
0418292029
0418292046
0418293010
0418293011
0418293023
0418293026
0418293030
0418293031
0418296013
0418296017
0418297003
0418297004
0418301023
0418301040
0418301045
0418301046
0418301049
0418301052
0418301053
0418301063
0418301064
0418301069
0418302013
0418302014
0418302024
0418303005
0418303009
0418303010
0418303011
0418303013
0418304020
0418304029
0418304030
0418304048
0418304054
0418305001
0418305005
0418305011
0418305016
0418305700
0418306004
0418306005
0418306025
0418308001
0418308005
0418308006
0418308700
0418308701
0418311000
0418311052
0418311053
0418312001
0418312002
0418313003
0418313007
0418313010
0418313012
0418313013
0418313014
0418314007
0418314008
0418314011
0418314014
0418314015
0418314018
0418314019
0418314027
0418314028
0418314037
0418314039
0418314040
0418314042
0418315001
0418321008
0418321012
0418321020
0418321026
0418321032
0418321034
0418321059
0418321076
0418321083
0418321084
0418321101
0418323002
0418323009
0418323020
0418323026
0418323028
0418324001
0418324005
0418324007
0418324010
0418324012
0418324016
0418324021
0418325006
0418325007
0418325010
0418325013
0418326005
0418326007
0418326011
0418326015
0418326019
0418326023
0418326024
0418326025
0418326027
0418326031
0418326032
0418326036
0418326042
0418326046
0418326048
0418326056
0418326061
0418326065
0418326067
0418326071
0418326074
0418326075
0418326088
0418327002
0418327010
0418327029
0418327030
0418327035
0418327036
0418327037
0418327039
0418327040
0418327041
0418327042
0418327045
0418327051
0418331013
0418331015
0418331028
0418331038
0418331047
0418331050
0418331051
0418331052
0418331059
0418331060
0418331061
0418332004
0418332013
0418332015
0418332016
0418332020
0418332022
0418332028
0418332038
0418332050
0418332051
0418332052
0418332060
0418332066
0418333003
0418333024
0418333700
0418333704
0418334002
0418334007
0418334700
0418334701
0418334702
0418334704
0418334705
0418335008
0418335012
0418336002
0418336003
0418336004
0418336005
0418336007
0418336008
0418336009
0418336010
0418336011
0418336014
0418341001
0418341010
0418341017
0418341018
0418341019
0418341025
0418341026
0418342012
0418342018
0418342023
0418343007
0418343019
0418343037
0418344009
0418344012
0418344013
0418344016
0418344021
0418344028
0418347003
0418348003
0418348006
0418348008
0418348009
0418348013
0418348014
0418351006
0418351013
0418351018
0418351021
0418352003
0418352004
0418352009
0418352027
0418352028
0418352031
0418352037
0418352038
0418353010
0418353021
0418353022
0418353028
0418353029
0418354002
0418354006
0418354010
0418354036
0418354040
0418354049
0418354055
0418354056
0418354064
0418354065
0418355010
0418355012
0418355014
0418358002
0418358004
0418358009
0418358014
0418358015
0418361014
0418361015
0418361019
0418361020
0418361023
0418361024
0418361027
0418361032
0418362009
0418362026
0418362039
0418364001
0418364007
0418364012
0418364014
0418364016
0418364018
0418364019
0418365006
0418365010
0418365012
0418365014
0418365016
0418365017
0418366001
0418366003
0418366004
0418368001
0418368007
0419011020
0419011041
0419011042
0419011045
0419011046
0419011048
0419011059
0419013010
0419013013
0419013017
0419014001
0419014008
0419014010
0419014030
0419014032
0419014033
0419014035
0419014036
0419015014
0419015022
0419015025
0419015026
0419015028
0419015029
0419015030
0419015031
0419015032
0419015034
0419015038
0419015041
0419015042
0419015043
0419015045
0419015049
0419015050
0419015051
0419015053
0419015055
0419015056
0419015700
0419016002
0419016013
0419016017
0419016020
0419016034
0419016038
0419016041
0419016042
0419016046
0419016047
0419016049
0419016050
0419016053
0419016054
0419016055
0419016056
0419016058
0419016060
0419016062
0419016068
0419016069
0419016070
0419016074
0419016077
0419017001
0419017008
0419017012
0419017019
0419017021
0419017023
0419017028
0419017030
0419017035
0419017036
0419017039
0419017040
0419017042
0419017045
0419017046
0419017048
0419017050
0419017053
0419017060
0419017076
0419018002
0419018003
0419018006
0419021019
0419021039
0419021050
0419021062
0419022010
0419022023
0419022024
0419023001
0419023002
0419024014
0419024016
0419024018
0419025002
0419025023
0419025024
0419025025
0419025026
0419025027
0419028002
0419031002
0419031005
0419031013
0419031035
0419031046
0419031060
0419031062
0419031069
0419031076
0419031077
0419031079
0419032040
0419032041
0419032068
0419032069
0419032083
0419032085
0419032101
0419032107
0419032109
0419032110
0419032111
0419032112
0419032115
0419033030
0419033037
0419033044
0419033050
0419033053
0419033802
0419034015
0419034024
0419034027
0419034036
0419034037
0419034038
0419034039
0419035008
0419036002
0419036003
0419036004
0419037003
0419041111
0419041112
0419041114
0419041118
0419041131
0419043027
0419043040
0419043042
0419043059
0419043079
0419043097
0419043114
0419043120
0419043121
0419044020
0419044084
0419044110
0419044119
0419044120
0419044131
0419044132
0419045014
0419045021
0419045063
0419046003
0419047001
0419047002
0419047003
0419047004
0419047026
0419047030
0419048038
0419048039
0419048045
0419048046
0419052009
0419052030
0419052032
0419052039
0419052043
0419052048
0419052051
0419052077
0419052100
0419052129
0419052149
0419052151
0419052159
0419052163
0419052167
0419052169
0419052177
0419052183
0419052184
0419052185
0419052191
0419052192
0419052700
0419052703
0419052706
0419056001
0419056004
0419056012
0419056017
0419056024
0419056025
0419056027
0419056028
0419056029
0419056030
0419056048
0419056049
0419061014
0419061015
0419061025
0419061027
0419061047
0419061054
0419061056
0419061057
0419061059
0419061061
0419061063
0419061064
0419061065
0419061066
0419062007
0419062026
0419062027
0419062035
0419062040
0419062041
0419062042
0419062043
0419062044
0419062047
0419062048
0419062063
0419063012
0419063029
0419063049
0419063064
0419063080
0419063086
0419063112
0419063121
0419064010
0419064041
0419065008
0419065013
0419065014
0419065017
0419065022
0419066009
0419066012
0419066013
0419066023
0419066024
0419067002
0419067003
0419067004
0419067005
0419067007
0419067012
0419067013
0419067014
0419067018
0419067019
0419068015
0419068016
0419071014
0419071032
0419071041
0419071044
0419071070
0419071073
0419071074
0419071075
0419071076
0419071079
0419071081
0419071091
0419071093
0419071094
0419073003
0419073027
0419073032
0419073035
0419073036
0419073040
0419073041
0419073042
0419073057
0419073062
0419073067
0419073075
0419073078
0419073079
0419073081
0419073085
0419073132
0419073133
0419073134
0419074026
0419074031
0419074036
0419074041
0419074042
0419074056
0419074058
0419074065
0419074068
0419074070
0419074080
0419074095
0419074096
0419074098
0419074104
0419074108
0419075004
0419075011
0419075014
0419075015
0419075020
0419075021
0419075046
0419075053
0419075054
0419076006
0419077001
0419077005
0419077009
0419077011
0419077017
0419077018
0419077024
0419077026
0419077027
0419077032
0419078003
0419078004
0419078013
0419078017
0419078018
0419078019
0419078020
0419078021
0419078022
0419078035
0419078036
0419078038
0419078041
0419078042
0419078053
0419078054
0419081005
0419081007
0419081012
0419081013
0419081016
0419081022
0419081023
0419081026
0419081027
0419081030
0419081031
0419081041
0419081042
0419081043
0419081050
0419081065
0419081067
0419081078
0419081079
0419081080
0419081081
0419082006
0419082068
0419082069
0419082072
0419083008
0419083011
0419083012
0419084004
0419084011
0419084013
0419084016
0419084019
0419084020
0419084023
0419084025
0419084028
0419084029
0419084031
0419084032
0419084048
0419084051
0419084067
0419084083
0419084087
0419084090
0419084091
0419084093
0419084094
0419084103
0419084104
0419084116
0419084119
0419084120
0419084125
0419084127
0419084129
0419084136
0419084146
0419084154
0419084159
0419085003
0419085004
0419085005
0419085010
0419085011
0419085012
0419085015
0419085016
0419085017
0419086010
0419086013
0419086018
0419086020
0419086021
0419086022
0419086025
0419086027
0419086034
0419086035
0419086037
0419086039
0419086041
0419086044
0419086046
0419086048
0419086050
0419086051
0419086054
0419086056
0419087003
0419087008
0419087009
0419088019
0419088020
0419088022
0419088025
0419088026
0419088030
0419088043
0419088046
0419088048
0419088049
0419091015
0419091017
0419091026
0419091029
0419091061
0419091064
0419091076
0419091077
0419091078
0419091079
0419092019
0419092025
0419092031
0419092033
0419092039
0419092043
0419092045
0419092047
0419092057
0419092059
0419092061
0419092063
0419092073
0419092096
0419092100
0419092104
0419092111
0419092112
0419092117
0419092129
0419092133
0419092135
0419092138
0419092142
0419092145
0419092146
0419092147
0419095010
0419095014
0419095023
0419095024
0419095026
0419095027
0419096001
0419096002
0419096003
0419096004
0419096005
0419096009
0419096010
0419096018
0419096019
0419096020
0419096021
0419096022
0419097003
0419101010
0419101030
0419101047
0419101057
0419101058
0419101059
0419101108
0419102033
0419102058
0419102059
0419102081
0419102092
0419102104
0419102108
0419102109
0419102110
0419102124
0419102127
0419103062
0419103065
0419103079
0419103083
0419103090
0419103094
0419103105
0419103107
0419103115
0419104001
0419104002
0419104007
0419104009
0419104016
0419104048
0419104050
0419104052
0419104056
0419104063
0419104082
0419104103
0419104104
0419104112
0419104137
0419104139
0419104142
0419105024
0419105027
0419105029
0419105033
0419105046
0419106005
0419107027
0419107054
0419107060
0419107061
0419107062
0419107063
0419108001
0419108008
0419108009
0419108013
0419108021
0419108022
0419108025
0419108034
0419108036
0419108038
0419108054
0419108064
0419108073
0419108074
0419108089
0419108098
0419111001
0419111014
0419111045
0419111046
0419112028
0419112030
0419112046
0419112057
0419112058
0419112084
0419112085
0419112086
0419113009
0419113010
0419113054
0419113056
0419113082
0419113089
0419113097
0419113111
0419113112
0419113119
0419113121
0419114006
0419114011
0419114012
0419114021
0419114032
0419114048
0419114073
0419114076
0419114083
0419114088
0419114090
0419114092
0419114093
0419114094
0419115002
0419115011
0419115024
0419115039
0419115040
0419115055
0419115063
0419115075
0419115076
0419115085
0419115087
0419115092
0419115093
0419115099
0419115106
0419115109
0419115113
0419115114
0419115115
0419115116
0419115119
0419115125
0419115141
0419116012
0419116013
0419116029
0419116039
0419116044
0419116045
0419116057
0419116058
0419116061
0419116069
0419116070
0419116073
0419116074
0419116076
0419116077
0419116078
0419117004
0419117005
0419117007
0419117021
0419117025
0419117027
0419117031
0419117039
0419117043
0419117044
0419117045
0419117056
0419117057
0419117068
0419117069
0419117070
0419118007
0419118013
0419118014
0419118024
0419118030
0419118031
0419118038
0419118041
0419118042
0419118043
0419121002
0419121010
0419121024
0419121029
0419121032
0419121043
0419121053
0419121059
0419121061
0419121067
0419121700
0419121701
0419122060
0419122090
0419123017
0419123025
0419123052
0419123054
0419123055
0419123056
0419123064
0419123089
0419123092
0419123103
0419123122
0419123123
0419123125
0419124001
0419124011
0419124021
0419124047
0419124049
0419124051
0419124053
0419125002
0419126007
0419126019
0419126020
0419126022
0419127001
0419127002
0419127007
0419127011
0419131011
0419131014
0419131019
0419131031
0419131045
0419131047
0419131048
0419131050
0419131052
0419131057
0419131060
0419131063
0419131065
0419131067
0419131069
0419131074
0419132004
0419132011
0419132012
0419132018
0419132037
0419133008
0419133009
0419133014
0419133023
0419134000
0419134008
0419134009
0419134032
0419134055
0419134059
0419134064
0419135001
0419135007
0419135011
0419135018
0419136001
0419141001
0419141002
0419141003
0419141007
0419141019
0419141038
0419141043
0419141045
0419141051
0419141053
0419141075
0419141087
0419142003
0419142028
0419142039
0419142050
0419142054
0419142058
0419142067
0419142086
0419143013
0419143025
0419143041
0419143043
0419143045
0419143047
0419144004
0419144012
0419144028
0419145016
0419145021
0419145039
0419145044
0419145047
0419145056
0419145058
0419145059
0419146010
0419146011
0419146013
0419146022
0419147005
0419147013
0419147017
0419147027
0419147028
0419147030
0419147032
0419147034
0419147036
0419147038
0419148002
0419148005
0419148009
0419151035
0419151037
0419151048
0419151076
0419151087
0419152022
0419152056
0419152057
0419152066
0419152076
0419152079
0419152087
0419153036
0419153045
0419153053
0419153081
0419153091
0419153108
0419153109
0419154011
0419154032
0419154034
0419154041
0419154055
0419154064
0419154068
0419154069
0419154071
0419154072
0419155003
0419155004
0419155011
0419155014
0419155031
0419155042
0419155044
0419155045
0419155046
0419156004
0419156033
0419156044
0419156052
0419156053
0419156063
0419157016
0419157019
0419157028
0419157033
0419157037
0419157046
0419158016
0419158025
0419158026
0419158028
0419158031
0419158033
0419158036
0419158037
0419158058
0419158059
0419158060
0419158061
0419161014
0419161019
0419161025
0419161028
0419161046
0419161056
0419161077
0419161079
0419161080
0419161082
0419161085
0419162004
0419162021
0419162022
0419162024
0419163006
0419163010
0419163015
0419163028
0419163040
0419163041
0419163049
0419163064
0419163065
0419163066
0419163067
0419163068
0419164005
0419164008
0419164013
0419164015
0419164046
0419164058
0419164069
0419164071
0419164072
0419164073
0419165009
0419165019
0419165023
0419165036
0419166007
0419166010
0419167004
0419168004
0419168006
0419168013
0419168018
0419168023
0419168027
0419171024
0419171032
0419171037
0419171051
0419171064
0419171070
0419171700
0419172008
0419172022
0419172036
0419172037
0419172041
0419172050
0419172070
0419172077
0419172089
0419172096
0419172128
0419172132
0419172133
0419172139
0419172140
0419172142
0419172143
0419172144
0419172154
0419172155
0419172164
0419173026
0419174016
0419174032
0419174033
0419174037
0419174038
0419174040
0419174041
0419174043
0419175003
0419175025
0419175026
0419175027
0419176005
0419176006
0419176008
0419176015
0419176019
0419176030
0419176031
0419177010
0419177015
0419177027
0419177034
0419177035
0419177037
0419177044
0419177048
0419177050
0419177052
0419177054
0419178001
0419178006
0419178007
0419178011
0419181011
0419181013
0419181015
0419181026
0419181031
0419181034
0419181038
0419181046
0419181048
0419182000
0419182007
0419182015
0419182019
0419182027
0419182029
0419182030
0419182037
0419182038
0419182043
0419182052
0419182073
0419182079
0419182087
0419182104
0419182116
0419182129
0419182130
0419182131
0419182132
0419182701
0419183011
0419183012
0419183021
0419183029
0419183038
0419183043
0419183046
0419183047
0419183052
0419183056
0419183057
0419183059
0419183073
0419183083
0419183084
0419183090
0419183101
0419183102
0419183103
0419183104
0419184007
0419184011
0419184015
0419184017
0419184021
0419185003
0419185005
0419185009
0419185011
0419186005
0419186006
0419187006
0419187011
0419198013
0419201010
0419201031
0419201038
0419201039
0419201041
0419202072
0419202073
0419203003
0419203021
0419203054
0419204002
0419204034
0419205002
0419206001
0419206002
0419206008
0419206013
0419206019
0419206022
0419206023
0419206025
0419206027
0419206030
0419206031
0419206032
0419206033
0419206035
0419206042
0419207004
0419207023
0419207027
0419207028
0419207029
0419207031
0419207033
0419207051
0419207052
0419207053
0419211050
0419211068
0419211075
0419211076
0419211078
0419212019
0419212021
0419212024
0419212036
0419212037
0419212049
0419213011
0419213014
0419213045
0419213070
0419213081
0419213084
0419213094
0419213095
0419213097
0419214019
0419214051
0419214052
0419214060
0419214075
0419214076
0419214077
0419214083
0419214089
0419214090
0419214105
0419214118
0419214121
0419215004
0419215040
0419215057
0419215058
0419215065
0419215073
0419215083
0419215088
0419215093
0419216006
0419216007
0419216009
0419216013
0419216023
0419216026
0419216033
0419216034
0419216036
0419216041
0419217005
0419217006
0419217013
0419217023
0419218002
0419218003
0419218004
0419218023
0419218025
0419218027
0419218034
0419218035
0419218074
0419218077
0419218080
0419218081
0419218082
0419218083
0419218084
0419218085
0419221031
0419221032
0419221034
0419221052
0419221062
0419222011
0419222050
0419222062
0419222103
0419222104
0419222105
0419223012
0419223014
0419223015
0419223033
0419223040
0419223041
0419223048
0419223071
0419223072
0419223073
0419223702
0419224007
0419225001
0419225002
0419225010
0419225019
0419225020
0419225034
0419225035
0419225038
0419225044
0419225045
0419225047
0419225049
0419225051
0419225054
0419225063
0419225064
0419226003
0419226008
0419226017
0419226028
0419227010
0419227024
0419227025
0419227026
0419227027
0419227033
0419228023
0419232006
0419232014
0419232024
0419232040
0419232059
0419233006
0419233016
0419234007
0419234012
0419234033
0419235001
0419235004
0419236012
0419236036
0419236037
0419236058
0419236069
0419236077
0419236078
0419236086
0419236087
0419236088
0419238007
0419238008
0419238010
0419238011
0419238012
0419238017
0419238019
0419238020
0419238029
0419238030
0419238036
0419238037
0419238038
0419238040
0419238043
0419238049
0419238054
0419238055
0419238057
0419238061
0419238064
0419238065
0419238069
0419238070
0419241002
0419241010
0419241011
0419241013
0419241026
0419241030
0419241042
0419241045
0419241047
0419241049
0419241050
0419241703
0419241704
0419241705
0419242060
0419243019
0419243020
0419243025
0419243026
0419243027
0419243028
0419244002
0419246018
0419246020
0419246025
0419246027
0419246031
0419246036
0419246037
0419246038
0419246042
0419246045
0419246051
0419246061
0419246063
0419246064
0419246065
0419247001
0419247002
0419247003
0419251016
0419251021
0419251022
0419251023
0419251024
0419251025
0419251028
0419251031
0419252030
0419252032
0419254006
0419254007
0419254009
0419256001
0419256002
0419256003
0419256004
0419256005
0419256006
0419261034
0419261035
0419261036
0419262023
0419262028
0419262032
0419262037
0419262038
0419265007
0419265014
0419265022
0419265030
0419265033
0419265035
0419265043
0419265046
0419265051
0419265058
0419266009
0419266010
0419266011
0419266012
0419266013
0419266021
0419266022
0419266027
0419266032
0419266033
0419266034
0419266035
0419266036
0419266037
0419266038
0419266054
0419266055
0419266059
0419266060
0419266061
0419266062
0419266063
0419266064
0419268001
0419268005
0419268009
0419268013
0419268015
0419268016
0419271019
0419271030
0419271031
0419271034
0419271037
0419271038
0419271039
0419271040
0419271041
0419272003
0419272032
0419272033
0419272034
0419272044
0419272046
0419273008
0419273015
0419273019
0419273024
0419273036
0419273038
0419273039
0419273040
0419273041
0419273042
0419274009
0419275001
0419275011
0419275012
0419275017
0419275019
0419276003
0419276006
0419276007
0419277002
0419277004
0419278001
0419278002
0419281021
0419281029
0419283022
0419284027
0419284703
0419285020
0419285023
0419286012
0419286014
0419288013
0419291031
0419292014
0419292015
0419292023
0419292043
0419292044
0419293002
0419293027
0419293028
0419293036
0419293037
0419294016
0419294030
0419294041
0419294045
0419294065
0419294081
0419294087
0419295013
0419295016
0419295027
0419295028
0419296014
0419296033
0419296034
0419296048
0419296056
0419297005
0419297006
0419297007
0419298015
0419298034
0419298037
0419298039
0419298046
0419298047
0419301001
0419302000
0419302042
0419303015
0419303017
0419303018
0419303022
0419304013
0419304034
0419304045
0419304058
0419304063
0419304064
0419305002
0419305005
0419305006
0419306002
0419306006
0419306007
0419306010
0419306026
0419306032
0419306033
0419306034
0419306038
0419306049
0419306050
0419306053
0419306054
0419306057
0419308015
0419308017
0419311022
0419311024
0419312061
0419312065
0419312066
0419313045
0419314025
0419317001
0419317002
0419321041
0419321055
0419321072
0419321077
0419321078
0419321081
0419321085
0419321086
0419322016
0419322018
0419322068
0419322072
0419324011
0419324014
0419324015
0419324017
0419324021
0419325004
0419325011
0419325017
0419325028
0419325029
0419325031
0419325040
0419325044
0419325045
0419326009
0419326011
0419326013
0419326014
0419326016
0419326018
0419326021
0419327003
0419328005
0419331000
0419332009
0419333006
0419333007
0419333013
0419334009
0419334014
0419334016
0419334021
0419334023
0419334024
0419334026
0419334028
0419334029
0419338010
0419338012
0419338013
0419338014
0419338015
0419338018
0419338020
0419338021
0419338022
0419338023
0419338024
0419338025
0419338026
0419338027
0419338028
0419338029
0419338030
0419338031
0419341009
0419342015
0419351002
0419351004
0419351006
0419352004
0419352007
0419352012
0419352013
0419353005
0419353006
0419353007
0419353009
0419353010
0419353013
0419353014
0419353015
0419353016
0419353017
0419354018
0419356001
0419356003
0419356004
0419356005
0419356006
0419356007
0419358002
0419361022
0419361030
0419361031
0419361032
0419361033
0419361034
0419361706
0419363008
0419363009
0419363010
0419364001
0419364002
0419364004
0419364005
0419364006
0419364007
0419365006
0419365703
0420011033
0420011035
0420011047
0420011048
0420011049
0420011050
0420011051
0420011052
0420011053
0420011054
0420011055
0420011056
0420011057
0420012021
0420012022
0420012023
0420013033
0420013040
0420013042
0420013043
0420013047
0420013061
0420013063
0420014056
0420014074
0420014075
0420014076
0420014086
0420021004
0420021015
0420021020
0420021027
0420021038
0420021059
0420021064
0420021067
0420021071
0420021073
0420021074
0420022008
0420022009
0420022035
0420022071
0420022074
0420023018
0420023059
0420023071
0420023083
0420023089
0420023091
0420023094
0420023095
0420023107
0420023115
0420024008
0420024017
0420024018
0420024021
0420024023
0420024024
0420024026
0420024027
0420024042
0420024050
0420024051
0420024052
0420024053
0420024054
0420024061
0420024063
0420025002
0420025017
0420026006
0420026019
0420026020
0420026027
0420027004
0420027015
0420027016
0420027018
0420027019
0420027020
0420027023
0420027029
0420027031
0420027032
0420027035
0420027039
0420027050
0420028003
0420028004
0420028009
0420031028
0420031029
0420031042
0420031055
0420031067
0420031068
0420031071
0420031072
0420031076
0420031094
0420031096
0420031109
0420031110
0420031118
0420031119
0420031125
0420031141
0420031142
0420031143
0420031144
0420031148
0420031149
0420031161
0420031164
0420031165
0420031166
0420031167
0420032011
0420032021
0420032022
0420032029
0420032030
0420032034
0420032038
0420032045
0420032046
0420032047
0420032051
0420032053
0420032064
0420032073
0420032076
0420032115
0420032123
0420032127
0420032160
0420033023
0420033036
0420033051
0420033053
0420033067
0420033068
0420033069
0420033078
0420033079
0420033087
0420033090
0420033096
0420033097
0420033098
0420033099
0420033136
0420033140
0420033144
0420033145
0420034023
0420034024
0420034030
0420034031
0420034039
0420034076
0420034077
0420034082
0420034084
0420034098
0420034125
0420034126
0420034127
0420034145
0420034149
0420034151
0420034155
0420035001
0420035010
0420035014
0420035037
0420035038
0420035048
0420035049
0420035050
0420035051
0420035052
0420035053
0420035054
0420036001
0420036002
0420036009
0420036011
0420036013
0420036015
0420036022
0420036023
0420036024
0420036025
0420036027
0420036028
0420036030
0420036034
0420036040
0420036046
0420036047
0420036065
0420037004
0420037005
0420037007
0420037009
0420037012
0420037021
0420037022
0420037027
0420037038
0420037044
0420037054
0420037064
0420037065
0420038003
0420038010
0420038015
0420038016
0420038019
0420038021
0420038026
0420038031
0420038034
0420038035
0420038046
0420041032
0420041068
0420041071
0420041079
0420041103
0420041145
0420041152
0420041157
0420041158
0420041172
0420041183
0420041188
0420041191
0420041193
0420041194
0420041198
0420041199
0420041200
0420041203
0420041213
0420041214
0420041215
0420041216
0420041217
0420041218
0420041220
0420041231
0420041233
0420041234
0420041235
0420043000
0420043001
0420043043
0420043047
0420043054
0420043060
0420043061
0420043062
0420043063
0420043064
0420044030
0420044056
0420044057
0420044058
0420044062
0420044063
0420044065
0420044069
0420044072
0420044075
0420044087
0420044094
0420044105
0420044125
0420044139
0420044142
0420044145
0420044149
0420044150
0420045004
0420045005
0420045007
0420045027
0420045028
0420045029
0420045035
0420045039
0420045040
0420047014
0420047015
0420048011
0420048018
0420048022
0420048028
0420051001
0420051002
0420051003
0420051004
0420051012
0420052033
0420052037
0420052039
0420052041
0420052051
0420053039
0420053042
0420053069
0420053071
0420053081
0420054000
0420054001
0420056005
0420056006
0420056007
0420056009
0420061034
0420061038
0420061039
0420061044
0420061053
0420061056
0420061058
0420061062
0420061066
0420061069
0420061083
0420061091
0420061134
0420061137
0420061172
0420061175
0420061176
0420061179
0420061182
0420061186
0420062003
0420062008
0420062045
0420062062
0420062063
0420062064
0420062068
0420062084
0420062125
0420062131
0420062140
0420062149
0420062157
0420062158
0420062166
0420062169
0420062171
0420062172
0420062174
0420062196
0420062207
0420062229
0420062235
0420062237
0420062242
0420062243
0420062244
0420062245
0420062246
0420062247
0420063095
0420063096
0420063097
0420063098
0420063100
0420063107
0420063108
0420063117
0420063126
0420063127
0420064015
0420064041
0420064068
0420064082
0420064087
0420064091
0420064092
0420064093
0420064096
0420064100
0420064135
0420064146
0420064148
0420064149
0420064162
0420064172
0420064189
0420064195
0420064197
0420064210
0420064214
0420064216
0420064220
0420064224
0420064225
0420064227
0420064228
0420064230
0420064231
0420064233
0420065004
0420065023
0420065045
0420065047
0420065056
0420065058
0420065059
0420065064
0420065065
0420065075
0420065081
0420065082
0420065085
0420065086
0420065087
0420065088
0420065089
0420065090
0420065094
0420066006
0420066705
0420067024
0420067029
0420067032
0420067033
0420067035
0420068006
0420068011
0420068021
0420071004
0420071009
0420071023
0420071026
0420071031
0420071045
0420071054
0420071057
0420071099
0420071112
0420071125
0420071148
0420071152
0420071153
0420071157
0420071166
0420071167
0420071168
0420071169
0420071170
0420071171
0420071172
0420071173
0420071174
0420071175
0420071176
0420071177
0420071178
0420072016
0420072018
0420072022
0420072023
0420072025
0420072027
0420072031
0420072047
0420072057
0420072065
0420072070
0420072080
0420072081
0420072082
0420072098
0420072105
0420072114
0420072130
0420072131
0420072132
0420072800
0420073004
0420073005
0420073012
0420073019
0420073025
0420073050
0420073057
0420073058
0420073074
0420073086
0420073087
0420073088
0420073090
0420073091
0420073092
0420073093
0420074022
0420074034
0420074056
0420075007
0420076004
0420077001
0420077002
0420077015
0420077021
0420077703
0420077709
0420077710
0420077717
0420077718
0420077721
0420078005
0420078007
0420078024
0420078025
0420078026
0420078027
0420078028
0420078029
0420078031
0420078032
0420081018
0420081019
0420081034
0420081041
0420081042
0420081045
0420081051
0420082040
0420082048
0420082051
0420082062
0420082067
0420082068
0420082081
0420082083
0420082084
0420082085
0420082086
0420082087
0420082088
0420082089
0420082090
0420082091
0420082092
0420082093
0420082094
0420082096
0420082100
0420082101
0420082102
0420083033
0420083051
0420083701
0420083702
0420083703
0420083704
0420083705
0420083706
0420084022
0420084023
0420084031
0420084034
0420084040
0420084041
0420084050
0420084071
0420084081
0420084082
0420084086
0420085001
0420086004
0420086016
0420086018
0420086019
0420086020
0420086021
0420086022
0420087013
0420087014
0420087015
0420088002
0420088005
0420088007
0420088008
0420091011
0420091022
0420091042
0420091044
0420091049
0420091053
0420091060
0420091066
0420091078
0420091079
0420091093
0420091098
0420091101
0420091114
0420091115
0420091117
0420091118
0420091126
0420091131
0420091132
0420091133
0420091137
0420091138
0420091154
0420091155
0420091156
0420092000
0420092002
0420092004
0420092010
0420092030
0420092037
0420092047
0420092050
0420092072
0420092081
0420093002
0420093003
0420093004
0420093017
0420093018
0420093027
0420093028
0420093031
0420093033
0420093037
0420093067
0420093069
0420093070
0420093073
0420093084
0420093089
0420093093
0420093096
0420094022
0420094033
0420094037
0420094049
0420094054
0420094057
0420094070
0420094084
0420094098
0420094101
0420094102
0420094125
0420094138
0420094139
0420094141
0420094147
0420094151
0420094152
0420095007
0420095012
0420095017
0420095022
0420095028
0420095032
0420095033
0420095045
0420095046
0420095047
0420096003
0420096004
0420096015
0420096016
0420096019
0420096020
0420096030
0420096031
0420096032
0420096034
0420096035
0420096036
0420096037
0420096046
0420096048
0420096049
0420096050
0420096051
0420096052
0420096053
0420096060
0420096061
0420096703
0420097011
0420097023
0420097025
0420098014
0420098025
0420098027
0420098034
0420098041
0420098056
0420098058
0420098065
0420098069
0420098072
0420098074
0420098075
0420098076
0420098077
0420098078
0420098084
0420098085
0420101011
0420101012
0420101018
0420101019
0420101021
0420101022
0420101037
0420102018
0420102037
0420102047
0420102050
0420102057
0420102067
0420102075
0420102076
0420102082
0420102084
0420102086
0420102096
0420102097
0420103013
0420103018
0420103037
0420103041
0420103043
0420103046
0420103049
0420103053
0420103054
0420103055
0420103059
0420103061
0420103065
0420103073
0420103074
0420103078
0420103088
0420103105
0420103107
0420103108
0420103109
0420103110
0420103113
0420103122
0420103123
0420103129
0420103132
0420103151
0420103170
0420103171
0420103174
0420103175
0420103180
0420103184
0420104003
0420104018
0420104020
0420104026
0420104036
0420104038
0420104040
0420104043
0420104053
0420104054
0420104057
0420104061
0420104069
0420104076
0420104091
0420104107
0420104116
0420104125
0420104127
0420104129
0420104136
0420104138
0420104140
0420105015
0420105016
0420105017
0420105019
0420105021
0420105022
0420106005
0420106006
0420106008
0420106011
0420106013
0420106015
0420106017
0420106019
0420106020
0420106024
0420106025
0420106026
0420106028
0420106030
0420106032
0420106033
0420106034
0420106035
0420107001
0420107004
0420107014
0420107018
0420107020
0420107021
0420107024
0420107025
0420107029
0420107032
0420107036
0420107038
0420107043
0420107045
0420107049
0420107060
0420107065
0420108003
0420108005
0420108006
0420108007
0420108015
0420108016
0420108017
0420108023
0420111012
0420111037
0420111038
0420112018
0420112024
0420112041
0420112045
0420112047
0420112049
0420112051
0420112057
0420112066
0420112069
0420112086
0420112087
0420112090
0420112148
0420112149
0420112150
0420112155
0420112162
0420112163
0420113025
0420113047
0420113063
0420113071
0420113072
0420113084
0420113089
0420113101
0420113106
0420113109
0420113110
0420113112
0420113113
0420113116
0420113117
0420113119
0420113124
0420113132
0420113141
0420113143
0420113154
0420114010
0420114019
0420114031
0420114077
0420114085
0420115003
0420115004
0420116009
0420116010
0420116021
0420116022
0420116023
0420116024
0420116026
0420116028
0420116029
0420117010
0420117014
0420117020
0420117021
0420117022
0420117034
0420117035
0420117039
0420117040
0420117049
0420117051
0420121012
0420121024
0420121029
0420121030
0420121035
0420122030
0420123042
0420123070
0420123076
0420124009
0420124018
0420124029
0420124035
0420124039
0420124040
0420124043
0420124054
0420124055
0420124057
0420124060
0420124067
0420124068
0420127010
0420127015
0420128001
0420128002
0420128011
0420128017
0420128019
0420131011
0420131017
0420131036
0420131044
0420131050
0420132036
0420132037
0420133024
0420133025
0420134018
0420134020
0420134710
0420134711
0420134714
0420134715
0420137015
0420138023
0420138086
0420141021
0420142008
0420142009
0420142022
0420142041
0420142043
0420142047
0420142049
0420142050
0420142051
0420142052
0420142053
0420142058
0420142063
0420142065
0420142070
0420142071
0420142073
0420142077
0420142079
0420142082
0420142093
0420142104
0420142107
0420142124
0420142130
0420142136
0420142137
0420142138
0420142139
0420142140
0420142141
0420142703
0420143009
0420143014
0420143017
0420143021
0420143022
0420143027
0420143029
0420143030
0420143039
0420143046
0420143051
0420143055
0420143059
0420143061
0420143067
0420143073
0420143084
0420143104
0420143105
0420143107
0420143117
0420144008
0420144036
0420144039
0420144042
0420144045
0420144701
0420144703
0420144705
0420144706
0420144707
0420145001
0420145002
0420145003
0420145004
0420145005
0420146002
0420146006
0420146008
0420146009
0420146018
0420146019
0420146023
0420147001
0420147004
0420147005
0420147006
0420147007
0420147010
0420147013
0420147020
0420147023
0420147028
0420147029
0420147030
0420147032
0420147034
0420147036
0420147042
0420151010
0420151021
0420151027
0420151030
0420151033
0420151036
0420151041
0420151042
0420151043
0420151045
0420151046
0420151047
0420151048
0420151050
0420151052
0420151060
0420151068
0420151069
0420151070
0420151083
0420151086
0420151096
0420151097
0420151101
0420151102
0420151103
0420151104
0420151105
0420151108
0420152006
0420152026
0420152027
0420152043
0420152048
0420152059
0420152060
0420152062
0420152063
0420152071
0420152073
0420152083
0420152084
0420152091
0420152092
0420152093
0420152094
0420152097
0420152101
0420152111
0420152112
0420152114
0420152115
0420152117
0420152123
0420152128
0420152129
0420152152
0420153013
0420153014
0420153021
0420153035
0420153037
0420153047
0420153077
0420153087
0420153088
0420153091
0420153094
0420153096
0420153120
0420153124
0420153125
0420153127
0420153137
0420153139
0420153140
0420153146
0420153162
0420153173
0420153174
0420153181
0420153182
0420153183
0420153184
0420153185
0420154012
0420154017
0420154019
0420154030
0420154031
0420154038
0420154045
0420154052
0420154055
0420154057
0420154058
0420154062
0420154063
0420154070
0420154088
0420154095
0420154101
0420154115
0420154116
0420154125
0420154133
0420154141
0420155011
0420155015
0420155026
0420155030
0420155033
0420156001
0420156002
0420156004
0420156005
0420156006
0420156017
0420156025
0420156026
0420156030
0420156069
0420156071
0420156078
0420157007
0420157017
0420157018
0420157023
0420157027
0420157033
0420157034
0420157035
0420157041
0420157054
0420157056
0420158015
0420158017
0420158021
0420158022
0420158023
0420158024
0420158025
0420158026
0420158028
0420158034
0420158037
0420158046
0420158055
0420158057
0420158059
0420158074
0420158084
0420158086
0420158087
0420158088
0420158089
0420158090
0420158091
0420161008
0420161033
0420161040
0420161065
0420161073
0420161088
0420161091
0420161095
0420161096
0420161097
0420161098
0420161101
0420161102
0420161121
0420161124
0420161125
0420161126
0420161129
0420161133
0420161139
0420161140
0420161141
0420161142
0420161143
0420161144
0420161145
0420162011
0420162015
0420162035
0420162064
0420162065
0420162066
0420163000
0420163011
0420163018
0420163037
0420163038
0420163043
0420163076
0420163077
0420164004
0420164014
0420164022
0420164026
0420164032
0420164035
0420164042
0420164050
0420164062
0420164070
0420164074
0420164088
0420164090
0420164106
0420164107
0420164114
0420165001
0420165011
0420165013
0420165014
0420165019
0420165031
0420165033
0420166006
0420166015
0420166018
0420166019
0420166022
0420166025
0420166028
0420166032
0420166033
0420166034
0420166039
0420166040
0420167708
0420168002
0420168004
0420168006
0420171046
0420171067
0420171072
0420171076
0420171077
0420171085
0420171086
0420171087
0420171088
0420171089
0420171090
0420172007
0420172020
0420172022
0420172023
0420172043
0420172056
0420172064
0420172065
0420172066
0420172705
0420172706
0420173005
0420173701
0420174015
0420174031
0420174032
0420174041
0420174046
0420174070
0420174079
0420174081
0420174082
0420174704
0420174705
0420174706
0420174707
0420175015
0420176023
0420181024
0420182021
0420182031
0420182052
0420183000
0420183009
0420183013
0420183025
0420183040
0420183701
0420184028
0420184031
0420184032
0420184034
0420184041
0420184049
0420184061
0420184063
0420184065
0420184066
0420184067
0420184069
0420184070
0420184072
0420184074
0420184076
0420184077
0420185001
0420185004
0420185701
0420186000
0420186001
0420186002
0420186003
0420186701
0420186702
0420187007
0420187011
0420187015
0420187016
0420187017
0420187021
0420191002
0420191003
0420191008
0420191011
0420191023
0420191057
0420191094
0420191095
0420191097
0420191104
0420192007
0420192028
0420192036
0420192705
0420192706
0420193004
0420193008
0420193016
0420193033
0420193703
0420194005
0420194022
0420194042
0420194046
0420194054
0420194065
0420194070
0420194072
0420194073
0420194077
0420194078
0420194079
0420194080
0420194084
0420194085
0420194095
0420194099
0420194101
0420194105
0420194106
0420194109
0420194707
0420195002
0420195003
0420195006
0420195011
0420195012
0420197001
0420198006
0420198007
0420201004
0420201015
0420201032
0420201044
0420201079
0420201083
0420201084
0420201086
0420201087
0420201094
0420201106
0420201115
0420201116
0420201120
0420201121
0420202011
0420202021
0420202033
0420202035
0420202038
0420202043
0420202058
0420202065
0420202077
0420202078
0420202089
0420202092
0420202094
0420202095
0420202096
0420202098
0420202099
0420202100
0420202101
0420203000
0420203006
0420203015
0420203025
0420203028
0420203032
0420203035
0420203043
0420203047
0420203058
0420203061
0420203062
0420203066
0420203067
0420203070
0420203076
0420203079
0420203080
0420203084
0420203085
0420203092
0420203105
0420203122
0420204010
0420204041
0420204066
0420204072
0420204079
0420204080
0420204088
0420204094
0420204096
0420204097
0420204098
0420204106
0420204110
0420204113
0420204115
0420204117
0420204124
0420204136
0420204139
0420204149
0420204154
0420204157
0420204175
0420204183
0420204204
0420204208
0420204215
0420204221
0420204231
0420204238
0420204247
0420204248
0420204249
0420204250
0420204256
0420204294
0420204295
0420205002
0420205006
0420207001
0420207002
0420207003
0420207023
0420207024
0420207025
0420207026
0420207027
0420207028
0420207029
0420208005
0420208006
0420208050
0420208055
0420208065
0420208066
0420208067
0420208069
0420208070
0420208071
0420211010
0420211015
0420211027
0420211030
0420212064
0420212068
0420212074
0420212076
0420212077
0420213022
0420213030
0420213033
0420213035
0420214009
0420214028
0420214040
0420214046
0420214047
0420214055
0420214063
0420214064
0420214065
0420214066
0420214067
0420214068
0420215004
0420215021
0420215022
0420216056
0420218008
0420221010
0420221013
0420221027
0420221028
0420221034
0420221040
0420221054
0420221057
0420221063
0420221073
0420221075
0420221076
0420221085
0420221108
0420221110
0420221112
0420221119
0420221128
0420221131
0420221132
0420221133
0420221134
0420221135
0420221136
0420221702
0420221703
0420221704
0420221705
0420222038
0420222042
0420222050
0420222051
0420222055
0420222056
0420222070
0420222071
0420222076
0420222078
0420222701
0420223016
0420223018
0420223056
0420223061
0420223077
0420223089
0420223092
0420223094
0420223097
0420223123
0420223126
0420223128
0420223131
0420223132
0420224025
0420224030
0420224047
0420224057
0420224058
0420224061
0420224085
0420224132
0420224139
0420224159
0420224175
0420224177
0420224178
0420225008
0420225011
0420225014
0420225016
0420225017
0420225018
0420225041
0420225042
0420226004
0420226009
0420226010
0420226013
0420226014
0420226015
0420226016
0420226018
0420227001
0420227008
0420227013
0420228006
0420228020
0420228023
0420228024
0420228030
0420228035
0420231022
0420231040
0420231041
0420231042
0420231048
0420231049
0420231050
0420231076
0420231077
0420231098
0420231105
0420231114
0420231115
0420231124
0420231139
0420231166
0420231169
0420231171
0420231181
0420231182
0420231183
0420231185
0420231186
0420232000
0420232005
0420232013
0420232017
0420232036
0420232037
0420232038
0420232055
0420232057
0420232061
0420232062
0420232064
0420232065
0420232070
0420232071
0420232075
0420232085
0420232090
0420232093
0420232098
0420232099
0420232112
0420232114
0420232120
0420232129
0420232144
0420232154
0420232175
0420232187
0420232193
0420232195
0420232196
0420232197
0420232198
0420233015
0420233019
0420233041
0420233044
0420233059
0420233069
0420233078
0420233087
0420233090
0420233094
0420233099
0420233100
0420233123
0420233153
0420233167
0420233171
0420233173
0420233178
0420233184
0420233185
0420233198
0420234005
0420234019
0420234030
0420234049
0420234078
0420234080
0420234099
0420234104
0420234117
0420234127
0420234132
0420234133
0420234134
0420234145
0420234150
0420234160
0420235004
0420235006
0420235012
0420235017
0420235025
0420235026
0420235051
0420235059
0420235067
0420236002
0420236003
0420236014
0420236016
0420236027
0420236029
0420236030
0420236039
0420236041
0420237701
0420237703
0420241003
0420241004
0420241013
0420241014
0420241018
0420241050
0420241061
0420241067
0420241071
0420241079
0420241084
0420241100
0420241119
0420241122
0420241131
0420241138
0420241143
0420241145
0420241148
0420241153
0420241154
0420242015
0420242072
0420242075
0420242082
0420242084
0420243000
0420243007
0420243010
0420243028
0420243029
0420243030
0420243048
0420243051
0420243056
0420243059
0420243060
0420243063
0420243103
0420243108
0420243139
0420243150
0420243152
0420243159
0420243166
0420243168
0420243176
0420243180
0420243183
0420243184
0420243185
0420243187
0420243188
0420243189
0420243190
0420244019
0420244021
0420244031
0420244036
0420244047
0420244053
0420244067
0420244069
0420244070
0420244071
0420244092
0420244104
0420244109
0420244119
0420244121
0420244123
0420244132
0420244137
0420244145
0420244149
0420244152
0420244156
0420244158
0420244159
0420244161
0420244177
0420244180
0420244188
0420244191
0420244194
0420244196
0420244197
0420244204
0420244206
0420244209
0420244705
0420245004
0420245005
0420245008
0420245010
0420245011
0420245012
0420245015
0420245029
0420245030
0420246007
0420247002
0420247018
0420248005
0420248021
0420248030
0420248031
0420248035
0420251007
0420251011
0420251019
0420251042
0420251049
0420251056
0420251058
0420251059
0420251060
0420251065
0420251068
0420251086
0420251088
0420251090
0420251136
0420251140
0420251147
0420251153
0420251154
0420251188
0420251190
0420251193
0420251198
0420251207
0420251210
0420251214
0420251217
0420251219
0420251226
0420251228
0420251229
0420251230
0420251231
0420251232
0420252023
0420252029
0420252036
0420252037
0420252045
0420252048
0420252053
0420252054
0420252055
0420252056
0420252703
0420253011
0420253022
0420253025
0420253028
0420253033
0420253052
0420253056
0420253059
0420253073
0420253710
0420254016
0420254022
0420254028
0420254041
0420254042
0420254060
0420254069
0420254092
0420254101
0420254102
0420254103
0420254105
0420254109
0420254112
0420254114
0420254116
0420254118
0420254120
0420254121
0420254125
0420254126
0420255001
0420255003
0420255004
0420255008
0420255011
0420255015
0420255017
0420257001
0420257002
0420258013
0420258014
0420258026
0420258054
0420258055
0420258056
0420261014
0420261024
0420261039
0420261045
0420261046
0420261048
0420261049
0420261053
0420261054
0420261055
0420261056
0420261701
0420261702
0420262003
0420262026
0420262034
0420262043
0420262045
0420262047
0420262051
0420262052
0420262059
0420262701
0420262702
0420263002
0420263031
0420263045
0420263051
0420263054
0420263056
0420263057
0420263066
0420263079
0420263100
0420263104
0420263105
0420263106
0420264029
0420264037
0420264055
0420264060
0420264061
0420264062
0420264063
0420264064
0420264066
0420264067
0420264068
0420264070
0420264071
0420264072
0420264701
0420267027
0420267028
0420267030
0420267031
0420267032
0420268009
0420271058
0420271082
0420271090
0420271111
0420271122
0420271138
0420271142
0420271157
0420271163
0420271168
0420271170
0420271174
0420272025
0420272026
0420272028
0420272051
0420272052
0420272061
0420272074
0420272075
0420272079
0420272085
0420272086
0420272092
0420272095
0420272104
0420272106
0420272109
0420272127
0420272135
0420272136
0420272140
0420272151
0420272165
0420272170
0420272172
0420272184
0420272185
0420272190
0420272193
0420272194
0420272207
0420272210
0420272211
0420272213
0420272214
0420273003
0420273019
0420273037
0420273038
0420273044
0420273056
0420273058
0420273059
0420273079
0420273094
0420273103
0420273121
0420273129
0420273130
0420273140
0420273143
0420273150
0420273160
0420273163
0420273173
0420273251
0420273268
0420273360
0420273371
0420273376
0420273389
0420273390
0420273395
0420273396
0420274010
0420274022
0420274023
0420274024
0420274052
0420274059
0420274062
0420274065
0420274096
0420274124
0420274125
0420274127
0420275004
0420275020
0420275029
0420275032
0420276001
0420276003
0420276004
0420276005
0420276006
0420276009
0420276017
0420276022
0420276027
0420276028
0420276029
0420276030
0420276032
0420276033
0420277001
0420277002
0420277007
0420277014
0420277016
0420278003
0420278004
0420278009
0420278016
0420278017
0420278018
0420278025
0420278026
0420278030
0420278031
0420278032
0420281005
0420281008
0420281012
0420281024
0420281026
0420281037
0420281051
0420281053
0420281055
0420281056
0420281063
0420281069
0420281075
0420281077
0420281079
0420281093
0420281099
0420281111
0420281124
0420281137
0420281138
0420281154
0420281160
0420281161
0420281162
0420281167
0420281168
0420281169
0420281172
0420281173
0420282009
0420282015
0420282031
0420282035
0420282041
0420282042
0420282053
0420282063
0420282070
0420282077
0420282096
0420283001
0420283006
0420283020
0420283028
0420283035
0420283039
0420283040
0420283041
0420283042
0420283043
0420283046
0420283053
0420283057
0420283066
0420283079
0420283082
0420283096
0420284007
0420284015
0420284017
0420284020
0420284024
0420284028
0420284044
0420284048
0420284054
0420284059
0420284060
0420284061
0420284065
0420284069
0420284077
0420284078
0420284083
0420284085
0420284087
0420284092
0420284102
0420284106
0420284115
0420284116
0420284126
0420284127
0420284128
0420286003
0420287003
0420287004
0420287006
0420287007
0420287008
0420288008
0420288009
0420291001
0420291002
0420291007
0420291016
0420291037
0420291055
0420291070
0420291071
0420291098
0420292002
0420292022
0420292025
0420292030
0420292031
0420292038
0420292048
0420292053
0420292055
0420292059
0420292700
0420293020
0420293038
0420293045
0420293046
0420294003
0420294015
0420294021
0420294028
0420294034
0420294037
0420294040
0420294041
0420294043
0420295001
0420295008
0420295009
0420295010
0420295011
0420295016
0420295017
0420295019
0420295034
0420295038
0420295050
0420295055
0420295060
0420295062
0420295063
0420295064
0420295065
0420295067
0420295068
0420296001
0420296002
0420296003
0420296004
0420296005
0420296006
0420296012
0420296013
0420296021
0420296022
0420296023
0420301015
0420301019
0420301026
0420301031
0420301032
0420301044
0420301049
0420301052
0420301070
0420301702
0420301704
0420302029
0420302048
0420302061
0420302062
0420302066
0420302068
0420302071
0420302072
0420302073
0420302074
0420302076
0420302084
0420302092
0420302094
0420302095
0420302099
0420302111
0420302123
0420302124
0420302125
0420302127
0420302128
0420302129
0420302130
0420303027
0420303028
0420303034
0420303045
0420303059
0420303072
0420303079
0420303084
0420303099
0420303110
0420303121
0420303122
0420303123
0420304009
0420304016
0420306001
0420306017
0420306025
0420306028
0420307002
0420307009
0420307010
0420307011
0420307014
0420307025
0420307027
0420307708
0420307709
0420307713
0420308003
0420308004
0420308024
0420308026
0420308027
0420308702
0420311012
0420311025
0420311026
0420311029
0420311039
0420311046
0420311048
0420311051
0420311060
0420311068
0420311072
0420311080
0420311082
0420311092
0420311096
0420312048
0420312069
0420312093
0420312129
0420313021
0420313033
0420313043
0420313056
0420313062
0420313069
0420313074
0420313077
0420313085
0420313087
0420313088
0420314006
0420315004
0420315006
0420315010
0420315017
0420315019
0420315020
0420315023
0420315025
0420315031
0420315032
0420316002
0420316013
0420316014
0420316022
0420316023
0420316026
0420316027
0420316030
0420316033
0420316034
0420316036
0420316052
0420316054
0420316056
0420316060
0420316065
0420316068
0420316069
0420316072
0420316074
0420317002
0420317003
0420317007
0420317008
0420317009
0420317010
0420317017
0420317018
0420317019
0420317020
0420317026
0420317027
0420317029
0420317030
0420317032
0420317033
0420317701
0420317705
0420321000
0420321003
0420321013
0420321015
0420321016
0420321022
0420321027
0420321028
0420321030
0420321037
0420321038
0420321039
0420321040
0420321041
0420321052
0420321056
0420321058
0420322024
0420322029
0420322032
0420322036
0420322039
0420322041
0420322051
0420322087
0420322088
0420322095
0420322096
0420322097
0420322098
0420323012
0420323024
0420323029
0420323031
0420323034
0420323037
0420323047
0420323048
0420323056
0420323057
0420323062
0420323063
0420323073
0420323075
0420323082
0420323084
0420323088
0420323097
0420323099
0420323112
0420323113
0420323121
0420323124
0420323130
0420323137
0420323138
0420323139
0420323142
0420324000
0420324001
0420324002
0420325002
0420325004
0420325005
0420325006
0420325007
0420326010
0420326013
0420326014
0420326016
0420326031
0420326033
0420326037
0420327009
0420327011
0420327016
0420327018
0420327019
0420327021
0420327023
0420327024
0420327026
0420327027
0420327029
0420327030
0420327035
0420327052
0420327053
0420327056
0420331028
0420331057
0420331061
0420331064
0420331065
0420331121
0420331123
0420331125
0420331130
0420331132
0420331133
0420331135
0420331136
0420331138
0420332023
0420332029
0420332032
0420332034
0420332035
0420332036
0420332044
0420332079
0420333002
0420333011
0420333013
0420333019
0420333026
0420333031
0420333034
0420333038
0420333040
0420333042
0420333045
0420333060
0420333061
0420333066
0420333076
0420333080
0420333081
0420333083
0420333097
0420333098
0420333099
0420333104
0420333110
0420333111
0420334016
0420334028
0420334047
0420334075
0420334085
0420334091
0420334095
0420334099
0420334110
0420334119
0420334125
0420334162
0420334167
0420334170
0420334176
0420334184
0420334186
0420334188
0420334189
0420334193
0420334197
0420334208
0420334209
0420336002
0420336010
0420336015
0420336016
0420336026
0420336031
0420337003
0420337014
0420337018
0420337024
0420337027
0420337034
0420337038
0420337039
0420337050
0420337054
0420338001
0420338003
0420338005
0420338010
0420338014
0420338015
0420338017
0420338034
0420338042
0420338043
0420338046
0420338083
0420338086
0420341008
0420341015
0420341028
0420341041
0420341057
0420341063
0420341067
0420341077
0420341085
0420341090
0420341120
0420341129
0420341131
0420341132
0420341144
0420341152
0420341153
0420341158
0420341167
0420341168
0420341174
0420341175
0420341176
0420341178
0420341179
0420341181
0420341182
0420341189
0420341190
0420342000
0420342011
0420342035
0420342072
0420342080
0420342081
0420342104
0420342112
0420342114
0420342115
0420342124
0420342129
0420342138
0420342139
0420342140
0420342141
0420342143
0420342144
0420342145
0420342146
0420342147
0420342148
0420342149
0420342150
0420342151
0420342152
0420343000
0420343008
0420343016
0420343023
0420343024
0420343046
0420343052
0420343055
0420343063
0420343090
0420343091
0420343095
0420343111
0420343125
0420343136
0420343140
0420344000
0420344004
0420344008
0420344014
0420344020
0420344023
0420344026
0420344050
0420344053
0420344054
0420344055
0420344056
0420345001
0420345002
0420345008
0420345014
0420345017
0420345025
0420345039
0420346001
0420346003
0420346004
0420346007
0420346012
0420346013
0420347015
0420347027
0420347032
0420347033
0420347040
0420351000
0420351023
0420351024
0420351042
0420351073
0420351075
0420351076
0420351082
0420352003
0420352018
0420352025
0420352028
0420352032
0420352034
0420352042
0420352044
0420352051
0420352053
0420352054
0420352056
0420352062
0420352068
0420352069
0420352071
0420352073
0420352077
0420352094
0420352098
0420352099
0420352101
0420352124
0420352131
0420352137
0420352138
0420352143
0420352154
0420352158
0420352159
0420353011
0420353012
0420353017
0420353021
0420353022
0420354003
0420354007
0420354029
0420354045
0420354052
0420354056
0420354066
0420355009
0420355025
0420355026
0420355032
0420355033
0420355034
0420355035
0420355036
0420355037
0420355038
0420355040
0420355041
0420355042
0420355044
0420355045
0420355047
0420356001
0420356002
0420356003
0420356007
0420356008
0420356009
0420356010
0420356013
0420356023
0420356024
0420356025
0420356026
0420356033
0420356036
0420356044
0420356045
0420356046
0420356047
0420356048
0420356050
0420357022
0420357023
0420357024
0420357026
0420358011
0420358013
0420358017
0420358018
0420361016
0420361018
0420361051
0420361052
0420361058
0420361060
0420361069
0420361070
0420361071
0420361078
0420364011
0420364047
0420364048
0420364049
0420365002
0420365003
0420365008
0420365014
0420365017
0420365022
0420365023
0420365027
0420365033
0420365034
0420365036
0420365039
0420365040
0420365041
0420365042
0420366006
0420366007
0420366008
0420366009
0420367009
0420367012
0420367013
0420367021
0420367022
0420367023
0420367028
0420367030
0420367031
0420368010
0420368013
0420368014
0420368016
0420368020
0420368021
0420368022
0420368025
0420368026
0420368032
0420368043
0421303016
0421303023
0421303029
0421303032
0421311006
0421311012
0421312025
0421312027
0421312040
0421312042
0421312049
0421312050
0421312057
0421312059
0421312075
0421312076
0421312079
0421313000
0421313008
0421313011
0421313012
0421313016
0421313020
0421313033
0421313038
0421313041
0421313050
0421313057
0421313061
0421313068
0421313074
0421313081
0421314025
0421314031
0421314042
0421314052
0421314058
0421314075
0421314083
0421314084
0421314085
0421314086
0421314096
0421314098
0421314104
0421314105
0421314125
0421314132
0421314133
0421314134
0421316002
0421316005
0421316014
0421316024
0421316030
0421316031
0421316033
0421316035
0421316051
0421316052
0421316054
0421316055
0421317017
0421318012
0421318020
0421318031
0421318040
0421318050
0421318051
0421318054
0421318057
0421318060
0421318063
0515011000
0515021000
0515022001
0515023000
0515024000
0515031000
0515041000
0515042000
0515043000
0515044000
0515051000
0515061002
0515062002
0515062006
0515063001
0515063003
0515064000
0515071000
0515071001
0515073004
0515073005
0515081000
0515082000
0515083000
0515084000
0515091000
0515101000
0515111000
0515121000
0515122000
0515123000
0515131000
0515141000
0515142000
0515151000
0515153000
0515153001
0515154001
0515161001
0515162000
0515163000
0515164002
0515171001
0515171002
0515173002
0515173003
0515173004
0515174001
0515181000
0515182000
0515182004
0515182006
0515183000
0515183001
0515183003
0515183006
0515183007
0515183008
0515183009
0515183011
0515183700
0515183701
0515191000
0515191001
0515191002
0515191003
0515192001
0515201001
0515201002
0515202000
0515202001
0515202004
0515202005
0515202006
0515202007
0515202008
0515203000
0515203001
0515204000
0515204003
0515204007
0515204010
0515204019
0515204023
0515204029
0515204030
0515204031
0515204032
0515204038
0515204039
0515204040
0515211000
0515212000
0515212002
0515213002
0515213003
0515213004
0515213005
0515213011
0515213013
0515213016
0515213018
0515213026
0515214003
0515214008
0515214010
0515221000
0515221001
0515222001
0515222002
0515222003
0515222004
0515223005
0515223006
0515223008
0515223009
0515223010
0515223011
0515223012
0515224000
0515224002
0515224003
0515224004
0515224005
0515231000
0515231001
0515232001
0515241000
0515251000
0515251001
0515251002
0515252000
0515252003
0515252004
0515261000
0515261002
0515261016
0515262004
0515262009
0515262014
0515263002
0515263005
0515264000
0515264002
0515264003
0515265001
0515268004
0515268005
0515271012
0515271013
0515272007
0515272009
0515272010
0515272011
0515272018
0515272019
0515272023
0515281006
0515282001
0515282002
0515291000
0516193008
0516193010
0516193016
0516194014
0516194018
0516195005
0516281001
0516282003
0516282004
0516283004
0516291001
0516291004
0516291005
0516292005
0516292006
0516292008
0516292015
0516301015
0516302008
0516304007
0516304013
0516304016
0516304017
0516304020
0516321001
0516321003
0516321006
0516321007
0516322000
0516324009
0516331000
0516331003
0516341000
0516351000
0516361001
0517041003
0517042009
0517042015
0517044003
0517051003
0517051004
0517051016
0517051020
0517051028
0517051029
0517052008
0517052009
0517052010
0517052011
0517052012
0517052013
0517052014
0517061004
0517061025
0517062007
0517062009
0517062019
0517062021
0517062031
0517062700
0517063001
0517063020
0517063021
0517063022
0517063023
0517064007
0517064011
0517067001
0517072016
0517072017
0517072018
0517072019
0517072020
0517072021
0517073011
0517081004
0517082001
0517102003
0517212007
0517212012
0517302008
0517303008
0518012001
0518012004
0518012017
0518012024
0518013005
0518013008
0518013009
0518013020
0518013023
0518013028
0518013029
0518014009
0518016700
0518021007
0518021023
0518021025
0518021041
0518022001
0518022002
0518022003
0518022008
0518024009
0518024015
0518024016
0518024017
0518025002
0518025006
0518025007
0518025008
0518025020
0518025024
0518025025
0518025702
0518025703
0518026005
0518026006
0518026007
0518026008
0518032002
0518032003
0518041003
0518041004
0518041005
0518041010
0518041012
0518041013
0518041014
0518041016
0518041023
0518041031
0518042008
0518042013
0518042501
0518043002
0518043011
0518045008
0518051000
0518051002
0518051003
0518051017
0518051018
0518051020
0518051029
0518051031
0518051034
0518051037
0518051038
0518051040
0518052003
0518052004
0518053000
0518053004
0518053005
0518054001
0518054006
0518054007
0518054008
0518054012
0518054020
0518054022
0518054025
0518054701
0518058001
0518061000
0518061017
0518062003
0518062004
0518062011
0518062012
0518062013
0518062014
0518062015
0518062019
0518062021
0518062022
0518062028
0518062029
0518063001
0518063004
0518063011
0518063013
0518063017
0518063018
0518063019
0518064000
0518064001
0518064002
0518065008
0518071000
0518071007
0518071020
0518071024
0518071037
0518071038
0518071040
0518072000
0518072002
0518073003
0518073013
0518073016
0518073018
0518073023
0518073029
0518073030
0518073037
0518074002
0518074007
0518074014
0518074026
0518075002
0518081002
0518081035
0518081036
0518081040
0518081041
0518081043
0518081044
0518081046
0518081702
0518082000
0518082016
0518082021
0518082028
0518083008
0518083013
0518083014
0518083015
0518083018
0518083020
0518083021
0518083022
0518083027
0518083029
0518083030
0518083031
0518084001
0518084002
0518084019
0518086002
0518086004
0518086005
0518086011
0518091013
0518091017
0518091019
0518091033
0518091047
0518091048
0518091049
0518091050
0518091051
0518091700
0518091701
0518091702
0518092026
0518092027
0518092033
0518092034
0518092042
0518092045
0518092046
0518092047
0518092050
0518092051
0518092700
0518093005
0518093007
0518093012
0518093014
0518093015
0518093016
0518093017
0518093701
0518095007
0518095013
0518095701
0518096004
0518096005
0518096017
0518102007
0518102014
0518102015
0518102016
0518102017
0518102025
0518106004
0518106007
0518106008
0518106009
0518106010
0518106011
0518106015
0518106016
0518162003
0518162004
0518162701
0518171020
0518171034
0518171036
0518171040
0518171041
0518172022
0518172024
0518172027
0518172032
0518173028
0518173029
0518173031
0518173032
0518173034
0518173036
0518174015
0518174019
0518181008
0518182006
0518182009
0518182011
0518182035
0518182041
0518182042
0518182043
0518183003
0518183006
0518183018
0518183019
0518183021
0518183022
0518183023
0518185003
0518185008
0518185013
0518185015
0518186002
0518186012
0518186014
0518186015
0518186020
0518186022
0518186024
0518186029
0518186035
0518186038
0518186040
0518186041
0518187008
0518187009
0518188004
0518191014
0518191028
0518191044
0518191061
0518192022
0518192036
0518192037
0518192044
0518193005
0518193025
0518193031
0518193034
0518193038
0518195003
0518195004
0518195011
0518195012
0518195013
0518195014
0518195015
0518195018
0518195019
0518195020
0518195021
0518195024
0518196004
0518196013
0518196020
0518196021
0518196032
0518196034
0518196035
0518197004
0518197006
0518197007
0518197012
0518197015
0518197033
0518198008
0518198023
0518198024
0518198025
0518198026
0518198027
0518198035
0518198036
0518198037
0518198043
0518198048
0518198055
0518198056
0518198058
0518198059
0518201000
0518202001
0518202043
0518202044
0518202047
0518202050
0518202051
0518202052
0518203020
0518203080
0518203081
0518203084
0518203085
0518203086
0518204018
0518204019
0518204020
0518205005
0518205006
0518205007
0518205008
0518205009
0518205010
0518207008
0518207009
0518212015
0518212019
0518214009
0518218002
0518218003
0518293003
0518293011
0518293013
0518293036
0518293037
0518301002
0518301017
0518301029
0518301034
0518301064
0518301067
0518301068
0518301704
0518301705
0518302004
0518302010
0518302017
0518302018
0518302033
0518302035
0518302036
0518302037
0518302038
0518302039
0518302041
0518304006
0518304014
0518304019
0518304020
0518304023
0518304706
0518304707
0518305007
0518311001
0518311005
0518311007
0518311008
0518311009
0518311700
0518312005
0518312006
0518312010
0518312017
0518313009
0518314005
0518314012
0518314019
0518315009
0518315015
0518315021
0518317003
0518317004
0518317012
0518318002
0518318701
0518318706
0518321005
0518322002
0518322004
0518322007
0518322008
0518322014
0518322019
0518322021
0518322022
0518322026
0518323001
0518323003
0518323700
0518324001
0518324010
0518324011
0518324012
0518324014
0518324015
0519011009
0519012005
0519012021
0519012022
0519012024
0519012034
0519012036
0519012043
0519012048
0519012049
0519012050
0519013022
0519013040
0519013048
0519014000
0519016001
0519016006
0519016007
0519016009
0519016013
0519016016
0519016018
0519016020
0519016021
0519016022
0519016023
0519016024
0519016025
0519016026
0519016027
0519017005
0519017009
0519017019
0519017021
0519017022
0519017031
0519017039
0519017041
0519017048
0519021022
0519021024
0519021027
0519021031
0519021044
0519021071
0519022016
0519022017
0519022020
0519022059
0519022063
0519022067
0519022070
0519023023
0519023035
0519023036
0519023039
0519023046
0519023055
0519024014
0519024027
0519024061
0519024062
0519024063
0519024064
0519024501
0519025002
0519025009
0519025010
0519025013
0519025015
0519025018
0519025022
0519025029
0519025031
0519025037
0519025040
0519025041
0519025042
0519025043
0519025044
0519025045
0519025046
0519025047
0519025048
0519025049
0519025050
0519025051
0519026009
0519026012
0519026013
0519026050
0519027001
0519027003
0519027023
0519027026
0519027031
0519027034
0519027038
0519027044
0519027045
0519028007
0519028010
0519028014
0519028022
0519028027
0519028029
0519028030
0519028037
0519028038
0519028056
0519028057
0519031024
0519031028
0519031029
0519031030
0519031031
0519031032
0519031033
0519031034
0519031035
0519031036
0519032003
0519032018
0519032046
0519032072
0519032076
0519032077
0519032078
0519032080
0519034005
0519034011
0519034012
0519034015
0519034036
0519034038
0519034039
0519034040
0519034041
0519034042
0519034043
0519034044
0519034045
0519034046
0519035001
0519035006
0519035015
0519035016
0519035017
0519035018
0519035019
0519035020
0519036028
0519036032
0519036033
0519036034
0519036040
0519036071
0519036072
0519038001
0519038014
0519038015
0519038016
0519042017
0519042020
0519042029
0519042030
0519042032
0519042042
0519042048
0519043025
0519043026
0519043032
0519043040
0519044013
0519044014
0519044027
0519044028
0519045002
0519045005
0519047004
0519048018
0519048019
0519048020
0519048021
0519048022
0519048023
0519048024
0519048025
0519048029
0519048035
0519048048
0519048049
0519048050
0519051010
0519051016
0519051017
0519051020
0519051033
0519051037
0519052005
0519053000
0519053010
0519055001
0519061001
0519061012
0519061701
0519062003
0519062006
0519062007
0519062019
0519062021
0519062027
0519062700
0519063016
0519063020
0519063026
0519063033
0519063049
0519063052
0519063057
0519063065
0519063072
0519063075
0519063076
0519063078
0519063079
0519063703
0519064018
0519064019
0519064037
0519064038
0519064702
0519067005
0519067006
0519068002
0519068005
0519068014
0519072004
0519072013
0519072031
0519072033
0519072035
0519072047
0519072048
0519072051
0519072700
0519072705
0519073019
0519073024
0519073025
0519073027
0519073053
0519073065
0519074001
0519074004
0519075010
0519076004
0519076019
0519076021
0519076028
0519076700
0519076703
0519076704
0519077002
0519077004
0519081010
0519081014
0519081015
0519081019
0519081035
0519081040
0519081041
0519081049
0519081060
0519081061
0519084006
0519084009
0519085009
0519085010
0519085016
0519091019
0519091060
0519091066
0519092010
0519092014
0519092017
0519092018
0519092037
0519092044
0519092045
0519093011
0519093018
0519093020
0519094017
0519094023
0519095016
0519095024
0519095029
0519095030
0519095039
0519095043
0519095046
0519095047
0519095049
0519095052
0519096002
0519096009
0519096016
0519098009
0519098022
0519098023
0519098024
0519098025
0519098026
0519098027
0519101037
0519101038
0519103004
0519103023
0519104024
0519104071
0519104077
0519104080
0519105001
0519105002
0519108002
0519108013
0519108015
0519108016
0519108021
0519108032
0519108033
0519108037
0519108040
0519108041
0519108042
0519108043
0519108044
0519108046
0519108049
0519108052
0519108053
0519108055
0519108057
0519108058
0519108070
0519108077
0519108088
0519108101
0519108106
0519108107
0519108108
0519108109
0519108146
0519108149
0519108153
0519108165
0519108182
0519108188
0519108195
0519108198
0519108199
0519108200
0519108202
0519108203
0519111002
0519111003
0519111020
0519111022
0519111042
0519111044
0519111045
0519111704
0519111705
0519112002
0519112005
0519112024
0519112035
0519112043
0519113029
0519114022
0519115008
0519115013
0519116003
0519116008
0519116009
0519116022
0519116023
0519116025
0519116029
0519117006
0519117010
0519117011
0519118009
0519118011
0519118023
0519118028
0519118029
0519118030
0519118031
0519118036
0519121013
0519122007
0519122008
0519122700
0519123052
0519123053
0519124027
0519124040
0519124702
0519125016
0519125017
0519125028
0519125029
0519125031
0519125033
0519125040
0519125042
0519125051
0519125055
0519125076
0519125083
0519126006
0519126017
0519126018
0519127001
0519127010
0519127028
0519127030
0519127034
0519127039
0519127049
0519127054
0519127055
0519127058
0519127064
0519127067
0519127068
0519127072
0519127090
0519127091
0519127093
0519127097
0519127100
0519127101
0519127104
0519127106
0519127110
0519127114
0519127142
0519127148
0519127151
0519127157
0519127158
0519127164
0519128008
0519128016
0519128017
0519128018
0519128019
0519128024
0519128028
0519131001
0519131004
0519131006
0519131009
0519131010
0519131013
0519131017
0519131029
0519131031
0519131034
0519131035
0519131041
0519131044
0519131046
0519131048
0519131049
0519131050
0519131054
0519131059
0519131701
0519132006
0519132012
0519132013
0519132024
0519132026
0519132701
0519133001
0519133023
0519133029
0519133033
0519133040
0519134001
0519134007
0519134010
0519134012
0519134015
0519134021
0519134022
0519134023
0519134024
0519135001
0519137003
0519137004
0519138005
0519138006
0519141027
0519144021
0519144023
0519145004
0519145005
0519145023
0519151013
0519151014
0519155006
0519155017
0519155029
0519155032
0519155033
0519155035
0519155038
0519155041
0519155044
0519155045
0519155052
0519155055
0519155057
0519155060
0519155062
0519155064
0519161004
0519161007
0519168008
0519171020
0519171021
0519171022
0519171024
0519171025
0519171026
0519171027
0519171028
0519171029
0519171030
0519172001
0519172015
0519172016
0519173012
0519173014
0519173017
0519173022
0519173023
0519173025
0519173026
0519174014
0519174015
0519181002
0519182002
0519182011
0519182015
0519182016
0519182017
0519182027
0519182029
0519182036
0519182037
0519182038
0519182039
0519183008
0519183010
0519183011
0519183017
0519183019
0519183020
0519183700
0519183701
0519184005
0519184006
0519184012
0519186002
0519191009
0519192009
0519192012
0519192702
0519193026
0519193027
0519193030
0519194006
0519194015
0519194017
0519194019
0519202009
0519202019
0519202022
0519202023
0519203009
0519203010
0519203011
0519214008
0519214009
0519214010
0519215002
0519215003
0519215004
0519215005
0519221021
0519222004
0519222007
0519223015
0519223028
0519223029
0519223038
0519223040
0519226007
0519226008
0519226011
0519227003
0519231018
0519231034
0519231051
0519231055
0519231059
0519231060
0519231061
0519231062
0519232001
0519233007
0519233010
0519233012
0519233015
0519233017
0519233021
0519234028
0519234030
0519234031
0519234037
0519234041
0519234049
0519234054
0519241012
0519241016
0519241018
0519241019
0519241025
0519242014
0519242024
0519242025
0519243006
0519243007
0519243012
0519243026
0519243028
0519243030
0519243031
0519243032
0519244031
0519244056
0519244057
0519244066
0519244067
0519244068
0519245001
0519245015
0519245018
0519245019
0519246007
0519246009
0519246010
0519248001
0519248002
0519251001
0519251005
0519251010
0519251011
0519251012
0519251014
0519251015
0519251016
0519251017
0519251018
0519251019
0519252010
0519252011
0519252023
0519252026
0519252705
0519253001
0519253002
0519253007
0519253009
0519253011
0519253016
0519254005
0519254006
0519254025
0519254036
0519261002
0519261013
0519261014
0519261019
0519261021
0519261026
0519261027
0519262002
0519262015
0519262018
0519262021
0519262027
0519262028
0519262031
0519262047
0519262048
0519263014
0519263015
0519263016
0519263019
0519263021
0519263025
0519263030
0519263036
0519263037
0519264017
0519264047
0519264048
0519264066
0519271004
0519271006
0519271017
0519271028
0519271030
0519271032
0519271033
0519271040
0519271700
0519272011
0519272012
0519272013
0519273008
0519273009
0519273010
0519273012
0519273013
0519273014
0519273015
0519274003
0519274015
0519274024
0519274036
0519274052
0519274054
0519274057
0519274059
0519274081
0519274082
0519274083
0519274084
0519274090
0519274091
0519274094
0519274096
0519274098
0519274100
0519274105
0519274703
0519274704
0519281049
0519281058
0519281059
0519281062
0519281064
0519281066
0519281068
0519281069
0519283008
0519283011
0519285001
0519285003
0519285004
0519285005
0519285008
0519285011
0519285014
0519285018
0519285019
0519285020
0519285021
0519285022
0519285023
0519285029
0519285031
0519285039
0519285040
0519287001
0519287005
0519287006
0519287008
0519287009
0519292005
0519292009
0519292010
0519292011
0519293009
0519293016
0519293019
0519293031
0519293046
0519293053
0519293058
0519293061
0519293091
0519293092
0519293103
0519293104
0519293106
0519293123
0519293126
0519293131
0519293132
0519294001
0519294007
0519294010
0519294014
0519294027
0519297001
0519297010
0519297036
0519298003
0519301021
0519301022
0519301023
0519301024
0519301035
0519302018
0519302023
0519303000
0519303006
0519303009
0519303010
0519303019
0519304001
0519304007
0519304022
0519304036
0519304037
0519306001
0519311003
0519311009
0519311022
0519311030
0519311036
0519311041
0519311043
0519311047
0519311051
0519311054
0519311056
0519311062
0519311071
0519311076
0519311107
0519311114
0519311116
0519311700
0519312006
0519312011
0519312017
0519312703
0519312707
0519313002
0519313008
0519313016
0519313019
0519313701
0519314001
0519314002
0519314005
0519314006
0519314012
0519314015
0519314016
0519314022
0519314024
0519315007
0519315019
0519315024
0519317005
0519317006
0519317007
0519317008
0519317010
0519321006
0519321015
0519321017
0519321024
0519321026
0519321028
0519321029
0519322005
0519322013
0519322014
0519322035
0519322045
0519322059
0519322065
0519322075
0519322082
0519322095
0519322102
0519322115
0519322123
0519323019
0519323037
0519323045
0519323046
0519323047
0519323049
0519323051
0519323052
0519323055
0519323056
0519323058
0519323059
0519324014
0519324017
0519324018
0519324019
0519324022
0519324023
0519324030
0519324034
0519324035
0519324040
0519324041
0519324045
0519324046
0519324704
0519325004
0519325005
0519326006
0519326009
0519326012
0519326013
0519331008
0519331013
0519331017
0519331018
0519331019
0519332015
0519333006
0519333014
0519333022
0519333024
0519333701
0519333705
0519333706
0519334043
0519334052
0519334055
0519334056
0519334058
0519334059
0519334060
0519334065
0519334068
0519341008
0519341040
0519341054
0519341056
0519341057
0519341062
0519342010
0519342013
0519342015
0519342020
0519342021
0519342024
0519342025
0519342026
0519342027
0519342028
0519342030
0519342031
0519342032
0519342033
0519342034
0519342036
0519342039
0519342700
0519342702
0519343003
0519343004
0519343005
0519343012
0519343013
0519345014
0519345016
0519345019
0519345021
0519345022
0519345023
0519345024
0519345026
0519345055
0519345062
0519351014
0519351017
0519351033
0519352006
0519352011
0519352021
0519352034
0519352035
0519352039
0519352042
0519353026
0519354021
0519354022
0519356021
0519357001
0519357014
0519357017
0519357026
0519357027
0519357030
0519357035
0519357036
0519357060
0519357065
0519357068
0519357070
0519357075
0519357085
0519357093
0519357098
0519357099
0519357111
0519357113
0519358001
0519358003
0519358005
0519358006
0519358007
0519358008
0519358018
0519358019
0519358034
0519358041
0519358044
0519358055
0519358058
0519358062
0519358065
0519358067
0519358068
0519358075
0519358088
0519358104
0519358105
0519358106
0519361005
0519361011
0519361012
0519362002
0519362005
0519363008
0519363009
0519363014
0519363701
0519363715
0519363716
0519363717
0519364002
0519364005
0519365001
0520023002
0520023006
0520023008
0520023010
0520023011
0520023012
0520023013
0520024000
0520031004
0520031014
0520032010
0520032018
0520032045
0520033003
0520033006
0520033052
0520034010
0520034019
0520034042
0520034043
0520034045
0520034046
0520034058
0520034060
0520034061
0520035002
0520035005
0520035007
0520035009
0520035014
0520035015
0520036002
0520036005
0520036006
0520036007
0520036009
0520036010
0520036018
0520036019
0520036020
0520036025
0520036032
0520036033
0520036040
0520036041
0520036043
0520036045
0520036048
0520036049
0520036050
0520036053
0520036054
0520036055
0520036063
0520036065
0520037013
0520037023
0520038003
0520038004
0520038006
0520038007
0520038009
0520038011
0520038015
0520038016
0520038021
0520038022
0520038023
0520038024
0520041032
0520041037
0520041041
0520041046
0520041047
0520042005
0520042025
0520042026
0520042028
0520042032
0520042039
0520042041
0520043004
0520043031
0520043037
0520043039
0520043040
0520045004
0520045007
0520045015
0520045017
0520045042
0520045058
0520046003
0520046009
0520046010
0520046015
0520046023
0520046025
0520046026
0520046033
0520046034
0520046035
0520046038
0520046052
0520046058
0520046059
0520046060
0520046062
0520046065
0520046070
0520046072
0520047003
0520051007
0520051032
0520051035
0520052016
0520053011
0520053025
0520053044
0520053058
0520053059
0520053066
0520053068
0520053069
0520053070
0520053071
0520053072
0520054004
0520054012
0520054018
0520054031
0520054037
0520054050
0520054058
0520054065
0520054067
0520054073
0520054076
0520054502
0520055002
0520055008
0520055012
0520055016
0520055018
0520055020
0520055021
0520055033
0520055040
0520055051
0520055052
0520055053
0520055054
0520056005
0520056011
0520056012
0520056019
0520056023
0520057003
0520058019
0520058020
0520058021
0520058022
0520061034
0520061039
0520061040
0520061041
0520061044
0520061046
0520061049
0520061051
0520061055
0520061056
0520061057
0520061059
0520061060
0520061063
0520061065
0520061067
0520061069
0520061070
0520062011
0520062012
0520062017
0520062040
0520062050
0520063003
0520063004
0520063010
0520063011
0520063012
0520063014
0520063016
0520063017
0520063019
0520063020
0520063022
0520063023
0520063024
0520064026
0520064028
0520064029
0520065002
0520066023
0520067001
0520067002
0520068008
0520068009
0520068010
0520068012
0520068013
0520068015
0520068016
0520071008
0520073001
0520073005
0520073006
0520073009
0520073013
0520073015
0520073019
0520073022
0520073026
0520073029
0520073051
0520073054
0520074012
0520077005
0520077006
0520078001
0520082005
0520082014
0520082016
0520082017
0520082018
0520082020
0520083027
0520083035
0520083037
0520084009
0520084019
0520084021
0520084022
0520084024
0520084025
0520087005
0520087006
0520087014
0520087018
0520087021
0520087028
0520087032
0520087034
0520087037
0520087040
0520087042
0520087050
0520087054
0520087055
0520087060
0520087061
0520087062
0520087063
0520087069
0520087072
0520087074
0520087075
0520087077
0520091004
0520091005
0520101009
0520101011
0520102003
0520102005
0520102006
0520102007
0520103009
0520103011
0520103014
0520104013
0520105001
0520105004
0520105010
0520105014
0520111000
0520111001
0520112003
0520112009
0520112010
0520112012
0520113016
0520113017
0520116003
0520116004
0520116005
0520116012
0520116016
0520116018
0520116023
0520116024
0520116025
0520116026
0520116029
0520116031
0520116042
0520116044
0520116046
0520116058
0520116059
0520132001
0520132002
0520132003
0520133000
0520133003
0520133006
0520133007
0520136000
0520136001
0520141004
0520141022
0520141023
0520141025
0520141038
0520142006
0520142018
0520142019
0520142034
0520142041
0520142703
0520143017
0520143021
0520143022
0520143028
0520144009
0520144016
0520144017
0520145005
0520145011
0520145012
0520146006
0520146011
0520146014
0520146017
0520146018
0520146023
0520151015
0520151029
0520152008
0520153022
0520153035
0520153036
0520153047
0520153048
0520154025
0520154029
0520154046
0520155002
0520155004
0520155005
0520155007
0520157003
0520157010
0520157011
0520158002
0520158005
0520158007
0520158010
0520158011
0520161700
0520163004
0520163005
0520163008
0520163010
0520163013
0520163014
0520172013
0520172046
0520172048
0520172062
0520172065
0520172068
0520172072
0520172073
0520172074
0520173058
0520173089
0520173093
0520174013
0520174060
0520174062
0520176008
0520176010
0520176015
0520176017
0520176019
0520176024
0520176028
0520176032
0520176035
0520176038
0520176042
0520176044
0520176045
0520176060
0520177006
0520177016
0520177018
0520177022
0520177028
0520177029
0520177031
0520177032
0520177040
0520177043
0520177044
0520177048
0520177049
0520177050
0520177051
0520177053
0520177056
0520177069
0520177071
0520177072
0520177073
0520177074
0520177077
0520177078
0520177079
0520177097
0520177103
0520177110
0520177112
0520177113
0520177119
0520177133
0520177134
0520177140
0520177141
0520177154
0520177158
0520177160
0520177161
0520177162
0520177163
0520178009
0520178012
0520178028
0520178030
0520178035
0520178036
0520178037
0520178038
0520178039
0520178048
0520178070
0520178077
0520178078
0520181001
0520181007
0520181014
0520181037
0520181042
0520181065
0520181066
0520181074
0520181075
0520182006
0520182009
0520182016
0520182023
0520182024
0520182025
0520182026
0520182027
0520182040
0520183000
0520183004
0520183010
0520183012
0520183013
0520183016
0520183018
0520183023
0520183024
0520183025
0520183090
0520183093
0520184001
0520184039
0520184046
0520184052
0520184062
0520184064
0520185002
0520185003
0520185005
0520185008
0520185009
0520185029
0520185030
0520185031
0520185037
0520185038
0520185041
0520185049
0520185054
0520185056
0520185065
0520185066
0520186001
0520187001
0520188011
0520188029
0520188059
0520188062
0520188069
0520188070
0520188071
0520188072
0520188086
0520188098
0520188120
0520191000
0520191002
0520191006
0520192016
0520192023
0520192039
0520192060
0520192100
0520192106
0520192126
0520192134
0520192135
0520192137
0520192138
0520192161
0520192163
0520192164
0520192166
0520192167
0520192172
0520193021
0520193038
0520193046
0520193049
0520193053
0520193055
0520193070
0520193076
0520193077
0520193078
0520193083
0520193097
0520193098
0520193106
0520193126
0520193134
0520193138
0520193180
0520193181
0520193182
0520193183
0520193200
0520193208
0520193216
0520193217
0520193218
0520193223
0520193224
0520193225
0520194008
0520194017
0520194019
0520194029
0520194036
0520194048
0520194091
0520194092
0520194097
0520194098
0520194100
0520196013
0520196014
0520196027
0520196059
0520196070
0520196086
0520197019
0520197023
0520197045
0520197046
0520197047
0520197048
0520197051
0520197052
0520197059
0520197060
0520197063
0520197064
0520197065
0520197066
0520197067
0520201082
0520202002
0520203003
0520203008
0520203700
0520204000
0520204002
0520204006
0520204007
0520204017
0520204018
0520205007
0520205008
0520205017
0520205022
0520205023
0520205024
0520205026
0520205027
0520205030
0520205031
0520205033
0520205041
0520205043
0520205044
0520205055
0520205056
0520205061
0520205075
0520205082
0520205086
0520205090
0520205097
0520205101
0520205112
0520205115
0520205116
0520205117
0520205120
0520205131
0520205135
0520206015
0520206016
0520206023
0520206026
0520206029
0520206039
0520206040
0520206048
0520206052
0520206053
0520206055
0520206059
0520206061
0520206068
0520206069
0520206078
0520206081
0520206082
0520206083
0520206084
0520208004
0520208015
0520208017
0520208019
0520208026
0520211009
0520211019
0520212032
0520212034
0520212041
0520212044
0520212073
0520213017
0520213038
0520214018
0520215002
0520216015
0520216019
0520216041
0520217005
0520217016
0520217029
0520217033
0520217035
0520217044
0520217060
0520217061
0520217075
0520217079
0520217082
0520217084
0520217085
0520217093
0520217095
0520217096
0520217105
0520217106
0520217114
0520217125
0520217127
0520217140
0520217156
0520217157
0520217163
0520218002
0520221012
0520221013
0520221014
0520221021
0520225003
0520225008
0520225013
0520231004
0520231005
0520231006
0520231007
0520231011
0520233001
0520233014
0520233016
0520233030
0520233034
0520233035
0520235001
0520235002
0520236009
0520236018
0520236019
0520236020
0520236024
0520236035
0520236036
0520236037
0520237010
0520237011
0520237018
0520237019
0520237023
0520237025
0520241000
0520241001
0520242008
0520242012
0520242017
0520242021
0520242022
0520242023
0520242024
0520244000
0520247001
0520251011
0520251019
0520252002
0520252037
0520252038
0520252039
0520252709
0520253002
0520253019
0520253021
0520253022
0520254039
0520254044
0520254045
0520254046
0520254700
0520255002
0520255004
0520255006
0520255010
0520255013
0520255020
0520255021
0520255024
0520255025
0520255026
0520255027
0520255028
0520255032
0520258001
0520258010
0520258013
0520258016
0520261039
0520261043
0520261044
0520263031
0520263042
0520263702
0520263703
0520264005
0520264011
0520267001
0520268001
0520268004
0520268005
0520268006
0520268007
0520272010
0520273003
0520273018
0520273038
0520273068
0520273070
0520273071
0520273073
0520273074
0520277003
0520277006
0520277007
0520277011
0520281011
0520281012
0520281019
0520281022
0520281035
0520281036
0520282008
0520283001
0520283003
0520283004
0520283007
0520283008
0520283010
0520283015
0520283031
0520283057
0520283071
0520283085
0520283094
0520283095
0520283102
0520283109
0520283134
0520283140
0520283147
0520284023
0520284024
0520286004
0520286005
0520286006
0520286010
0520286011
0520286012
0520286014
0520286015
0520287001
0520287005
0520287012
0520287029
0520288005
0520288006
0520288018
0520288019
0520288020
0520291001
0520291003
0520291009
0520291016
0520291019
0520291020
0520291026
0520291037
0520291041
0520291047
0520292033
0520292040
0520292048
0520293000
0520293013
0520293017
0520293019
0520293022
0520293023
0520293024
0520293025
0520293026
0520293027
0520293045
0520293061
0520293064
0520293072
0520293076
0520293087
0520293088
0520293089
0520293090
0520293094
0520293095
0520293097
0520293135
0520293136
0520294003
0520294009
0520294014
0520294017
0520294024
0520294038
0520294050
0520294052
0520294061
0520294064
0520294069
0520294072
0520294074
0520294078
0520294079
0520294099
0520294103
0520294119
0520294124
0520294127
0520294131
0520295002
0520295005
0520295006
0520295007
0520295009
0520296001
0520296006
0520297011
0520298002
0520298006
0520298011
0520298013
0520298023
0520298026
0520298027
0520298029
0520298033
0520298045
0520298050
0520298060
0520298072
0520298075
0520301011
0520301016
0520301019
0520301051
0520301061
0520302010
0520302013
0520302019
0520302030
0520302036
0520302044
0520302045
0520302050
0520302059
0520302069
0520302072
0520302076
0520302077
0520302097
0520302108
0520302116
0520302117
0520302125
0520302127
0520302128
0520302130
0520303003
0520303008
0520303009
0520303011
0520303038
0520303046
0520303700
0520304002
0520304003
0520304005
0520304006
0520304010
0520304013
0520304015
0520304018
0520304022
0520304028
0520304033
0520304039
0520304042
0520304044
0520304047
0520304048
0520304051
0520304056
0520304057
0520304058
0520304064
0520304067
0520304702
0520304703
0520305001
0520305002
0520305006
0520305007
0520306005
0520306006
0520306015
0520306016
0520306017
0520306018
0520306019
0520306020
0520306023
0520306024
0520306026
0520306027
0520307005
0520307006
0520307007
0520308700
0520308701
0520311005
0520311015
0520311026
0520311060
0520311064
0520311067
0520311068
0520311074
0520311077
0520311078
0520311079
0520311081
0520312005
0520312019
0520312021
0520313015
0520313017
0520313018
0520313022
0520313023
0520313702
0520313703
0520313704
0520314017
0520314021
0520314024
0520314029
0520314039
0520314063
0520314067
0520314705
0520315001
0520315004
0520315005
0520315018
0520315020
0520315025
0520315027
0520315036
0520315038
0520315040
0520315041
0520315702
0520317002
0520317008
0520318001
0520318002
0520318011
0520318013
0520318017
0520318700
0520318701
0520321003
0520321004
0520321047
0520322012
0520322014
0520322028
0520322048
0520322050
0520322700
0520322704
0520322705
0520323014
0520323020
0520324004
0520324007
0520324011
0520324016
0520324017
0520324018
0520325003
0520325028
0520326007
0520327701
0520327703
0520327704
0520328001
0520328019
0520328026
0520328027
0520331002
0520331026
0520332000
0520333013
0520334010
0520334025
0520334026
0520337005
0520338002
0520338003
0520338004
0520338005
0520338006
0520338007
0520338008
0520338012
0520338014
0520341016
0520341018
0520341029
0520341030
0520341044
0520341047
0520342003
0520342004
0520342015
0520342018
0520342022
0520342700
0520343035
0520343036
0520343037
0520343038
0520344002
0520344017
0520344018
0520345005
0520345011
0520345018
0520345025
0520345026
0520345032
0520345042
0520345044
0520345045
0520346010
0520346012
0520346013
0520348004
0520348007
0520351025
0520351027
0520351031
0520351032
0520351702
0520351708
0520352007
0520352013
0520352014
0520352015
0520352016
0520352017
0520352701
0520352702
0520353014
0520353020
0520353026
0520353027
0520353030
0520353034
0520353042
0520353046
0520353047
0520353055
0520353060
0520353061
0520353065
0520353068
0520353069
0520354002
0520354025
0520354033
0520354039
0520354040
0520354042
0520355007
0520355008
0520356002
0520356003
0520356004
0520357003
0520357005
0520357011
0520357012
0520358004
0520358015
0520358018
0520358029
0520361003
0520361009
0520361019
0520361029
0520361030
0520361033
0520361034
0520361038
0520361039
0520361040
0520361041
0520362013
0520362029
0520362038
0520363022
0520363028
0520363030
0520363032
0520363042
0520363044
0520363045
0520363046
0520364016
0520365001
0520366002
0520366003
0520366009
0520366010
0520366011
0520366017
0520367004
0520368003
0615062000
0615071000
0615081000
0615093002
0615103002
0615161000
0615171000
0615181000
0615182000
0615191001
0615193001
0615201001
0615202000
0615203000
0615204001
0615212001
0615213001
0615213005
0615213007
0615213008
0615244001
0615251000
0615251004
0615251015
0615251017
0615252008
0615252014
0615252015
0615252022
0615252023
0615252030
0615252031
0615252032
0615252034
0615252038
0615253002
0615253015
0615254001
0615254005
0615254006
0615254008
0615254011
0615255002
0615261001
0615261010
0615261013
0615261022
0615261031
0615261032
0615261033
0615261034
0615261035
0615261036
0615262025
0615262027
0615262028
0615262034
0615262036
0615262037
0615265004
0615266003
0615271012
0615271024
0615271039
0615271046
0615271060
0615271062
0615271063
0615271065
0615271070
0615272022
0615272029
0615272030
0615272031
0615272035
0615272036
0615272037
0615272038
0615272040
0615274001
0615274003
0615274010
0615274015
0615274016
0615274019
0615274021
0615274029
0615274030
0615274032
0615276007
0615276010
0615281003
0615281006
0615281009
0615281017
0615281020
0615281021
0615281022
0615282001
0615282024
0615282028
0615282030
0615282031
0615282034
0615282035
0615283000
0615283004
0615283007
0615283011
0615283013
0615283016
0615291006
0615291007
0615291010
0615291012
0615291016
0615291017
0615292000
0615293004
0615293010
0615294001
0615294008
0615294012
0615294014
0615301000
0615302006
0615302010
0615303000
0615304000
0615307001
0615307004
0615307005
0615331000
0615341000
0615341001
0615342000
0616041000
0618041001
0618041034
0618041037
0618041040
0618041046
0618041049
0618041051
0618041053
0618042000
0618042001
0618042009
0618042014
0618042015
0618042017
0618042019
0618042027
0618042030
0618042037
0618042039
0618042043
0618042047
0618042048
0618042051
0618042055
0618042070
0618042071
0618042079
0618042084
0618042086
0618042087
0618042089
0618042093
0618042096
0618042101
0618043002
0618044006
0618044007
0618045003
0618045005
0618045007
0618045016
0618045017
0618046006
0618046009
0618046011
0618046012
0618046013
0618046017
0618046025
0618046030
0618046031
0618046032
0618046034
0618046035
0618046036
0618046037
0618046040
0618046041
0618046042
0618046043
0618046044
0618051000
0618051001
0618051008
0618051010
0618051015
0618051017
0618051018
0618091001
0618161002
0618211002
0618251000
0618263004
0618274001
0618284005
0618284028
0618312001
0618341001
0618341002
0618352012
0618352013
0618361000
0618362004
0618362005
0618362006
0618362007
0618362703
0618363000
0618363002
0618363003
0618363004
0618363008
0618363009
0618363010
0619012012
0619012016
0619013000
0619014000
0619014002
0619014003
0619021000
0619022702
0619023012
0619031017
0619031023
0619032006
0619032007
0619032013
0619032015
0619032026
0619032032
0619032053
0619032059
0619032062
0619032064
0619032067
0619033000
0619033001
0619033012
0619033027
0619034005
0619034011
0619034013
0619034015
0619034019
0619034020
0619034023
0619034027
0619035002
0619036001
0619037002
0619038001
0619038007
0619041003
0619041006
0619042007
0619042008
0619042020
0619042030
0619042031
0619043015
0619044006
0619044024
0619044029
0619044039
0619044043
0619044044
0619048004
0619048011
0619048018
0619051002
0619051003
0619051005
0619051006
0619051015
0619051018
0619051020
0619051702
0619051703
0619051704
0619051705
0619052000
0619052004
0619052007
0619052011
0619052031
0619052032
0619052033
0619052035
0619052038
0619052039
0619052046
0619052047
0619052048
0619052050
0619052051
0619053004
0619053011
0619053012
0619053013
0619053024
0619053030
0619053031
0619053032
0619053034
0619053035
0619054006
0619054007
0619054019
0619054029
0619054032
0619054033
0619054047
0619054048
0619054049
0619054053
0619054059
0619054067
0619054070
0619061000
0619061001
0619061008
0619061014
0619061016
0619061017
0619061020
0619061022
0619061023
0619061024
0619061025
0619061031
0619061032
0619061033
0619062016
0619062017
0619062018
0619062026
0619062701
0619063002
0619063017
0619063018
0619063025
0619063036
0619063700
0619064031
0619064038
0619064039
0619064040
0619064041
0619064043
0619064044
0619064050
0619064051
0619064053
0619064054
0619067003
0619067004
0619067006
0619067011
0619067701
0619068001
0619068003
0619068004
0619071009
0619071010
0619071020
0619071026
0619071029
0619071061
0619071062
0619071064
0619071701
0619072009
0619072024
0619072040
0619072044
0619072048
0619072053
0619072055
0619072901
0619073010
0619073011
0619073019
0619073021
0619073023
0619073026
0619073028
0619073034
0619073035
0619073037
0619073038
0619073040
0619073041
0619073042
0619074002
0619074021
0619074027
0619074028
0619074039
0619074044
0619075003
0619075007
0619075010
0619075011
0619075015
0619075018
0619075020
0619075023
0619075025
0619075027
0619075028
0619075029
0619075030
0619075038
0619075041
0619075042
0619075043
0619075045
0619076003
0619076005
0619076702
0619076704
0619076706
0619078009
0619078011
0619078012
0619078018
0619081002
0619081009
0619081011
0619081013
0619081018
0619081026
0619081027
0619081029
0619081030
0619081033
0619081700
0619081701
0619082002
0619082005
0619082012
0619082014
0619082023
0619082024
0619082031
0619082040
0619082043
0619082044
0619082045
0619082046
0619082048
0619083704
0619084002
0619084005
0619084012
0619084017
0619084052
0619084057
0619084058
0619084063
0619084067
0619084068
0619084069
0619084070
0619086005
0619087000
0619088007
0619088008
0619088010
0619088015
0619088016
0619088018
0619088019
0619088021
0619088026
0619088029
0619091001
0619091005
0619091010
0619091012
0619091032
0619091033
0619092000
0619092001
0619092006
0619092008
0619092009
0619092010
0619092018
0619092029
0619092031
0619092032
0619092033
0619093010
0619093022
0619093040
0619093042
0619093046
0619093048
0619093049
0619093703
0619093707
0619094003
0619094026
0619094027
0619097001
0619097005
0619101025
0619101026
0619101066
0619101067
0619101074
0619101083
0619102001
0619102003
0619102004
0619102013
0619102018
0619102022
0619102024
0619103001
0619103005
0619103008
0619103012
0619105003
0619105006
0619105007
0619105010
0619106030
0619106031
0619106032
0619111011
0619111012
0619111027
0619111033
0619111034
0619111037
0619111038
0619111039
0619111059
0619111063
0619111070
0619111072
0619112006
0619112014
0619112015
0619112053
0619112054
0619112055
0619114004
0619115001
0619115003
0619115004
0619116001
0619117000
0619121000
0619122000
0619122001
0619122002
0619123000
0619124000
0619124002
0619124004
0619132001
0619133000
0619133003
0619151015
0619151018
0619151019
0619151024
0619152008
0619152702
0619152703
0619152704
0619152705
0619152706
0619153014
0619153016
0619153017
0619153018
0619153026
0619153028
0619153037
0619153048
0619153049
0619153050
0619154007
0619154008
0619154010
0619154011
0619154012
0619158001
0619158002
0619161011
0619161012
0619161013
0619161702
0619162019
0619162024
0619162033
0619162034
0619162045
0619163009
0619163042
0619163072
0619163073
0619163075
0619163076
0619164027
0619164034
0619164035
0619164038
0619166002
0619171004
0619171007
0619171020
0619171029
0619171033
0619171037
0619171050
0619171051
0619171054
0619171067
0619171069
0619171074
0619171076
0619171077
0619171080
0619171082
0619171085
0619171086
0619172005
0619172011
0619172017
0619172037
0619172040
0619172041
0619172047
0619172049
0619172051
0619172053
0619172061
0619172062
0619172063
0619172064
0619172700
0619172701
0619173002
0619173005
0619173013
0619173014
0619173026
0619173029
0619174002
0619174004
0619176002
0619177000
0619178000
0619178006
0619178007
0619178011
0619181005
0619181013
0619181019
0619181020
0619181021
0619181036
0619181046
0619181049
0619181051
0619181052
0619181053
0619181054
0619181055
0619182002
0619182036
0619182057
0619182059
0619182060
0619182065
0619182066
0619182067
0619182068
0619183006
0619183008
0619183009
0619183010
0619183012
0619183019
0619183021
0619184007
0619184013
0619184014
0619184017
0619184018
0619184023
0619184026
0619184027
0619184028
0619185001
0619186002
0619186004
0619186007
0619186011
0619188005
0619191004
0619191012
0619191013
0619191014
0619191020
0619191023
0619192001
0619192005
0619192008
0619192009
0619192016
0619192019
0619192025
0619192026
0619192027
0619193021
0619194004
0619194040
0619194047
0619194048
0619194049
0619194050
0619194051
0619194055
0619194057
0619194058
0619198002
0619198006
0619198007
0619198008
0619198011
0619198030
0619198039
0619198054
0619198055
0619198060
0619198061
0619198064
0619198701
0619201001
0619202005
0619202010
0619202012
0619202020
0619202021
0619202029
0619202038
0619203005
0619203006
0619203015
0619203017
0619203036
0619203047
0619203048
0619203049
0619203055
0619203056
0619203064
0619204007
0619204010
0619204035
0619204037
0619204038
0619204042
0619204043
0619205007
0619206007
0619206016
0619207002
0619207003
0619207004
0619207006
0619207007
0619207008
0619208002
0619208003
0619211001
0619212009
0619212013
0619212015
0619213023
0619213024
0619217702
0619222012
0619222013
0619222014
0619222015
0619222018
0619222019
0619231005
0619231006
0619232000
0619232001
0619233000
0619234000
0619234001
0619251004
0619252000
0619252001
0619253000
0619253001
0619254000
0619254001
0619261000
0619262001
0619262002
0619262003
0619271001
0619271003
0619272016
0619272018
0619273004
0619273005
0619273006
0619273007
0619281003
0619281009
0619281027
0619281037
0619281038
0619281049
0619281052
0619281061
0619281062
0619281066
0619281068
0619281076
0619281078
0619281080
0619281081
0619282006
0619282014
0619282015
0619282017
0619282018
0619282024
0619282030
0619282031
0619282035
0619282048
0619282058
0619282059
0619282060
0619282061
0619282063
0619282067
0619282072
0619282078
0619282084
0619282086
0619282088
0619282096
0619283001
0619284001
0619284002
0619284007
0619284015
0619284038
0619284039
0619284043
0619284045
0619284046
0619284057
0619284058
0619284080
0619284081
0619285001
0619285002
0619285003
0619285004
0619286002
0619286003
0619286016
0619294001
0619302003
0619302004
0619305001
0619305008
0619305010
0619305013
0619305016
0619305018
0619305023
0619305024
0619305027
0619305030
0619305039
0619305040
0619305041
0619305047
0619305056
0619305064
0619305065
0619305069
0619305073
0619305074
0619305075
0619305076
0619305077
0619305078
0619305086
0619305092
0619305093
0619305094
0619305109
0619305110
0619305111
0619305114
0619305116
0619321036
0619323019
0619323023
0619323025
0619324003
0619324009
0619324020
0619324023
0619324024
0619324031
0619328002
0619328003
0619328005
0619328006
0619333004
0619333006
0619334000
0619337010
0619337011
0619337012
0619337013
0619337014
0619341001
0620193000
0620293000
0620293001
0620293002
0620294000
0620301000
0620302000
0620303000
0620303001
0620303010
0620303011
0620303015
0620303016
0620303021
0620304000
0620304005
0620304007
0620304008
0620304009
0620304700
0620311020
0620311028
0620311034
0620311035
0620311037
0620311042
0620311043
0620311047
0620312003
0620312004
0620312009
0620312010
0620312022
0620312027
0620312028
0620313018
0620313019
0620313031
0620313035
0620313036
0620313037
0620313039
0620313041
0620313044
0620313045
0620313052
0620313053
0620314019
0620314020
0620314701
0620315000
0620315001
0620321001
0620321005
0620322001
0620322007
0620322008
0620322020
0620322700
0620322704
0620322707
0620323014
0620323703
0620323704
0620323705
0620324003
0620324010
0620324012
0620324017
0620324025
0620324700
0620325005
0620325006
0620325007
0620325011
0620325013
0620325014
0620325017
0620325019
0620325020
0620325023
0620325030
0620325033
0620325038
0620325054
0620325056
0620325065
0620325067
0620325070
0620325077
0620325078
0620325082
0620325084
0620325088
0620325089
0620325096
0620326001
0620326004
0620326023
0620326024
0620326027
0620328001
0620328002
0620333006
0620344001
0620344005
0620344015
0620344016
0620344017
0620344018
0620344019
0715041000
0715051000
0715061000
0715071000
0715081000
0715091000
0715161000
0715171000
0715181000
0715191000
0715201000
0715211000
0715281000
0715283007
0715283028
0715283038
0715283039
0715283040
0715283041
0715283043
0715283700
0715283701
0715283702
0715291000
0715293001
0715293002
0715293003
0715294000
0715294006
0715294015
0715294027
0715294028
0715301000
0715301001
0715302006
0715302019
0715303000
0715303008
0715304002
0715304006
0715306001
0715306002
0715306003
0715312002
0715321000
0715331000
0715331002
0715331003
0715331006
0715331007
0715331009
0715331010
0715331014
0715331016
0715331017
0715331020
0715331022
0715331024
0715331025
0715331026
0715331703
0715331704
0715332011
0715332027
0715332031
0715334001
0715334004
0715334006
0715334008
0715334010
0715334012
0715334013
0715334014
0715334015
0716281001
0716321000
0717041000
0717041001
0717041002
0717041004
0717041005
0717051001
0717061010
0717062001
0717062044
0717062046
0717064003
0717064004
0717064005
0717081000
0717091000
0717091001
0717161000
0717171000
0717181000
0717191000
0717201000
0717211000
0717281000
0717291001
0717301000
0718021000
0718101000
0718121000
0718131000
0718141000
0718171000
0718191000
0718211000
0718221000
0718231000
0718241000
0718251001
0718261000
0718271000
0718291000
0718333001
0718341000
0718353001
0718361000
0719084000
0719091000
0719101000
0719101003
0719101004
0719102002
0719111000
0719122000
0719162002
0719162003
0719171001
0719302001
0719334002
0719334004
0819043001
0819071000
0819082001
0919033006
0919081003
0919091001
0919101004
0919101006
0919101008
0919101014
0919101017
0919101022
0919101026
0919101027
0919101041
0919101047
0919101055
0919101061
0919101062
0919101064
0919101065
0919101066
0919101067
0919102011
0919102014
0919102022
0919102024
0919102035
0919102049
0919102051
0919102057
0919102059
0919102060
0919102062
0919102073
0919102077
0919102079
0919102080
0919102081
0919102082
0919102086
0919102087
0919102093
0919102100
0919102103
0919102104
0919104005
0919104008
0919104009
0919104010
0919104011
0919106001
0919243002
0919251006
0919254003
1017251003
1017251005
1017251007
1017255004
1017255005
1019201000
1019221000
1019252000
1019261000
1019281000
1019302000
1019311001
1019313001
1019321000
1019342000
1019361000
1119311000
2000050011
2000050031
2000050082
2000070070
2000120010
2001080011
2001120010
2001130010
2001130020
2001130030
2001130040
2001130050
2001180010
2002050011
2002050012
2002050021
2002050131
2002050150
2002060010
2002060021
2002060032
2002060051
2002070010
2002070020
2002070030
2002070040
2002080041
2002080060
2002090090
2002090100
2002090110
2002090120
2002180013
2002180020
2002190030
2002190040
2002190051
2002190061
2002200010
2002200020
2002200030
2002200041
2002200042
2002200050
2002210010
2002210020
2003120050
2003180011
2003180031
2003180050
2003190010
2003190020
2003190050
2003190060
2003190070
2003190080
2003200010
2003210010
2003230021
2003260010
2004050012
2004050020
2004050070
2004060022
2004070011
2004070064
2004080010
2004080020
2004080040
2004080051
2004080061
2004090161
2004100010
2004100020
2004100030
2004120031
2004130040
2004190010
2004190020
2004190030
2004190040
2004200012
2004200013
2004200021
2004200030
2004200040
2004210010
2004220014
2004230012
2004230032
2004230043
2004240061
2004250010
2004250080
2004260010
2004260020
2004260030
2004260043
2004260070
2004270030
2004270060
2004280060
2004280070
2004290010
2004290020
2004300010
2005050011
2005050031
2005050072
2005050082
2005120010
2005120020
2005130050
2005180020
2005180030
2005180043
2005190010
2005200010
2005200020
2005200030
2005200040
2005200060
2005200070
2005200080
2005200090
2005210010
2005210041
2005210042
2005220010
2005220020
2005220030
2005220040
2005220050
2005230011
2005230060
2005230070
2005230080
2005230090
2005240091
2005250041
2005260010
2005260021
2005260022
2005260051
2005270010
2005270050
2005300060
2005310030
2005310060
2005310070
2005320013
2005320030
2005330011
2006060020
2006070021
2006080021
2006110010
2006110020
2006120030
2006120040
2006130010
2006130030
2006130040
2006130050
2006140060
2006150013
2006150060
2006180011
2006200010
2006210080
2006210090
2006230012
2006260020
2006260030
2006270020
2006270030
2006270040
2006270050
2006290020
2006290050
2006300010
2006300030
2006300050
2006310011
2006310050
2006320010
2006350020
2006350030
2006350040
2006350070
2006350101
2007030010
2007030051
2007040014
2007040040
2007040050
2007050012
2007050061
2007050110
2007050120
2007050141
2007060021
2007060030
2007060040
2007060071
2007060081
2007060121
2007060130
2007070020
2007080011
2007080024
2007080066
2007090013
2007090021
2007090090
2007100090
2007100100
2007100110
2007110161
2007110181
2007120010
2007140010
2007140020
2007140030
2007140040
2007140050
2007140060
2007140070
2007150060
2007150070
2007170081
2007170090
2007170100
2007180014
2007180030
2007180071
2007200020
2007200080
2007210024
2007250010
2007260030
2007260040
2007270010
2007280020
2007300010
2007300020
2007300110
2007320011
2007340030
2007350030
2007350100
2008030041
2008030060
2008070010
2008070020
2008070030
2008070049
2008140071
2008170013
2008180020
2008180071
2008180072
2008210070
2008210080
2008230051
2008230060
2008250123
2008260070
2008260100
2008290040
2008290050
2008310040
2008310050
2008310060
2008320011
2008320041
2008320100
2008330031
2008330042
2008330043
2008340020
2008340060
2008340070
2008350140
2009030040
2009040011
2009040022
2009040028
2009040034
2009040036
2009040042
2009040125
2009040126
2009050010
2009050020
2009050033
2009050034
2009060030
2009060051
2009060070
2009070010
2009070030
2009080010
2009080070
2009090011
2009090131
2009090141
2009100038
2009100080
2009100090
2009100100
2009110081
2009120010
2009160041
2009170080
2009170090
2009180010
2009180020
2009180073
2009220010
2009220080
2009240011
2009250020
2009250030
2009260090
2009270010
2009270050
2009270080
2009270120
2009270160
2009290100
2009300040
2009300090
2009300120
2009300140
2009300172
2009310040
2009310051
2009310070
2009310120
2009310130
2009310150
2009320010
2009320040
2009320090
2009320100
2009320110
2009320120
2009320140
2009330161
2009330162
2009340030
2009340130
2009340140
2009350100
2009350110
2009360110
2009360210
2009360230
2009360291
2010020011
2010030073
2010160030
2010160040
2010160050
2010160070
2010160080
2010170021
2010170030
2010170040
2010180011
2010190050
2010190060
2010190070
2010200011
2010200071
2010210010
2010210020
2010230010
2010240012
2010240013
2010260010
2011010011
2011010020
2011010041
2011030010
2011030031
2011040079
2011050094
2011050131
2011060030
2011060040
2011080051
2011090081
2011090082
2011090110
2011090120
2011100121
2011110030
2011110040
2011110110
2011110120
2011110130
2011110140
2011120010
2011130020
2011130053
2011140010
2011160030
2011160040
2011160050
2011170020
2011180010
2011190030
2011190040
2011220016
2011220021
2011220041
2011240070
2011250180
2011260010
2011290010
2011290020
2011300050
2011300060
2011310013
2011310060
2011320050
2011320060
2011330040
2011330050
2011340010
2011350071
2012140010
2012160010
2012160020
2012160030
2012160052
2012170011
2012170012
2012170040
2012180052
2012180080
2012180090
2012190034
2012190035
2012200040
2012200050
2012200060
2012200070
2012200080
2012210010
2012210080
2012210090
2012220011
2012220060
2012230020
2012240010
2012250010
2012260011
2012290150
2012320020
2012320060
2012320140
2012330050
2012330110
2012330120
2012330130
2012330140
2012340080
2012340090
2012340110
2012340170
2012350150
2012360110
2013030010
2013040091
2013050132
2013050133
2013080022
2013090051
2013090061
2013100031
2013100040
2013100050
2013100060
2013100070
2013100080
2013120010
2013120020
2013130011
2013140012
2013160010
2013160012
2013160020
2013160031
2013170030
2013180030
2013180050
2013190013
2013200091
2013220032
2013220053
2013250081
2013270020
2013270040
2013270050
2013270070
2013270090
2013290040
2013290050
2013290060
2013290090
2013300020
2013300031
2013340040
2014030020
2014030030
2014030041
2014120011
2014130010
2014130040
2014130050
2014130060
2014130072
2014130080
2014130090
2014140011
2014140080
2014140095
2014150011
2014160012
2014170011
2014170012
2014210040
2014210071
2014210090
2014220030
2014220050
2014220071
2014240040
2014240060
2014270050
2014270060
2014310060
2014310110
2014310160
2014310170
2014310182
2014310183
2014320020
2014330060
2014340030
2015020010
2015020021
2015020030
2015040011
2015060012
2015060015
2015060016
2015090170
2015090180
2015100121
2015100170
2015110011
2015110061
2015110131
2015110140
2015110161
2015120030
2015120040
2015130010
2015130031
2015130051
2015140050
2015140081
2015150061
2015170080
2015180010
2015180040
2015180060
2015190013
2015190030
2015190040
2015190050
2015190060
2015190070
2015190080
2015190090
2015190100
2015220010
2015230041
2015240060
2015250104
2015270100
2015290010
2015290020
2015290130
2015290180
2015310040
2015310100
2015310110
2015310130
2015310141
2015310142
2015320030
2015330020
2015330040
2015340030
2016130072
2016130075
2016140010
2016140030
2016150011
2016160013
2016160020
2016160030
2016160040
2016160050
2016170010
2016170020
2016170030
2016170040
2016170050
2016170060
2016180017
2016210021
2016220011
2016230010
2016240070
2016250011
2016270050
2016270060
2016280020
2016280040
2016280050
2016290070
2016300010
2016300030
2016300040
2016320070
2016320080
2017060030
2017070014
2017070023
2017080011
2017080030
2017080040
2017080050
2017080101
2017090011
2017090030
2017090040
2017090050
2017090111
2017100021
2017100030
2017100040
2017100050
2017100061
2017100111
2017100130
2017100141
2017110010
2017110041
2017120070
2017120080
2017130042
2017130091
2017140041
2017140061
2017160015
2017180014
2017190010
2017190070
2017200010
2017200020
2017200021
2017200030
2017200040
2017200050
2017200070
2017210040
2017220010
2017220020
2017220040
2017230014
2017250030
2017250060
2017250111
2017250130
2017260040
2017260130
2017270010
2017270050
2017270070
2017270130
2017280070
2017280080
2017280090
2017280100
2017280110
2017280120
2017280140
2017290135
2017290150
2017300020
2017300040
2017300061
2017300131
2017300132
2017300142
2017310120
2017310130
2017320020
2017320030
2017320050
2017320080
2017320100
2018040012
2018040060
2018040070
2018040080
2018040090
2018050010
2018060021
2018120010
2018120020
2018130111
2018140070
2018170013
2018180011
2018200010
2018200030
2018200040
2018200050
2018200060
2018200070
2018200080
2018220010
2018220040
2018230090
2018230100
2018250040
2019040010
2019040032
2019050026
2019050027
2019060011
2019060031
2019070010
2019080070
2019080080
2019090041
2019090051
2019100011
2019100060
2019100101
2019110101
2019110102
2019110110
2019110120
2019110130
2019110140
2019120131
2019120140
2019130010
2019130020
2019130030
2019130040
2019130070
2019130090
2019130100
2019130110
2019130120
2019130130
2019130140
2019130150
2019130160
2019130170
2019140020
2019140040
2019140050
2019140060
2019140070
2019140080
2019140090
2019140100
2019140120
2019140130
2019140140
2019140150
2019150021
2019150060
2019150070
2019150080
2019150090
2019150110
2019150120
2019150130
2019160012
2019170070
2019170091
2019170163
2019170191
2019180010
2019180020
2019190010
2019190020
2019190030
2019190040
2019190050
2019190060
2019190070
2019200012
2019200013
2019210052
2019210070
2019220010
2019220061
2019220062
2019220063
2019220064
2019220065
2019220066
2019220081
2019220082
2019220083
2019220084
2019220085
2019220086
2019220087
2019230030
2019240050
2019250060
2019260030
2020050010
2020050020
2020180040
2020180050
2020180070
2020180080
2020180090
2020180120
2020180140
2020190010
2021030020
2021040011
2021040031
2021040060
2021040070
2021050041
2021050042
2021050043
2021050044
2021090112
2021090113
2021100143
2021100144
2021110132
2021110133
2021120051
2021140085
2021140086
2021160011
2021160032
2021170091
2021180020
2022000021
2022000030
2022030010
2022030020
2022120050
2022120080
2023020060
2023060010
2023070010
2023070020
2023070040
2023080010
2023090010
2023100101
2023140022
2023150031
2023150090
2024040020
2024040030
2024050010
2024050020
2024050030
2024170068
2024170069
2024170081
2024170082
2024170084
2024190013
2024190040
2024190070
2025080080
2025090013
2025100020
2025100030
2025110014
2025110015
2025110050
2025110060
2025110134
2025120031
2025120050
2025120131
2025130150
2025130160
2025130171
2025140015
2025140081
2025150011
2025150021
2025160040
2025160071
2025160073
2025160074
2025170092
2025170124
2025170125
2025170190
2025180040
2025180071
2025180091
2025180112
2025180160
2025190010
2025190041
2025190063
2027100010
2027100031
2027110010
2027110020
2027110030
2027120011
2027130011
2027170012
2028100020
2028100030
2028120010
2028120020
2028120030
2028120040
2030090022
2030090025
2030100011
2030100051
2030110030
2030120031
2030120033
2031080010
2031100020
2031100030
2031100040
2031110011
2031110060
2031120010
2031130010
2031140010
2031150010
2031170010
2031170021
2031170041
2032100011
2032100012
2032100030
2032100040
2032110012
2032120011
2032140010
2032140061
2032170020
2032170031
2032170032
2032180020
2032180040
2032180053
2032190013
2032190030
2032190040
2032200011
2032200030
2032210042
2032210050
2033070010
2033080011
2033080041
2033100051
2033110011
2033110020
2033110031
2033120011
2033140021
2033140050
2033150030
2033150040
2033150050
2033170020
2033180020
2033200031
2033200040
2033210030
2033220010
2033220020
2033220030
2033220040
2033230031
2033250010
2033250020
2034050011
2034060020
2034060030
2034070040
2034080043
2034100010
2034100020
2034100030
2034100040
2034110011
2034110015
2034110020
2034110030
2034120020
2034120040
2034120070
2034130010
2034130040
2034140010
2034150012
2034150022
2034150050
2034170061
2034180040
2034190050
2034220020
2034220030
2034220040
2034220060
2034230052
2034230060
2034240012
2034240080
2034240090
2034250020
2034250051
2034250060
2034280020
2034300020
2035070031
2035080020
2035080030
2035080040
2035090070
2035120040
2035130010
2035130041
2035130080
2035140010
2035140020
2035160010
2035160020
2035160030
2035170070
2035210011
2035220030
2035230060
2035240020
2035250030
2035250060
2035250070
2035260011
2035260020
2035260051
2035270030
2035270050
2035270070
2035290040
2035300010
2035300030
2035300050
2035310030
2035320010
2035320030
2035320050
2035320060
2035330010
2035330040
2035340010
2036040010
2036040020
2036040050
2036050010
2036050020
2036070040
2036090010
2036110020
2036120020
2036130010
2036130020
2036130030
2036130060
2036140010
2036150031
2036180021
2036180040
2036190010
2036190020
2036190050
2036200040
2036220023
2036220060
2036230010
2036230030
2036230080
2036250070
2036260020
2036270010
2036270040
2036280020
2036280051
2036290020
2036290060
2036300030
2036310010
2036310060
2036340011
2036340012
2037040040
2037040050
2037050020
2037050060
2037050070
2037060010
2037060020
2037060042
2037070030
2037070050
2037080010
2037100020
2037130040
2037130050
2037140010
2037140040
2037160040
2037180010
2037190050
2037200050
2037210020
2037210070
2037220070
2037230051
2037240020
2037240071
2037250020
2037250040
2037250090
2037260030
2037260040
2037270030
2037280020
2037280030
2037280070
2037290040
2037300010
2037310041
2037310070
2037330040
2038050040
2038060020
2038070010
2038120020
2038130041
2038130050
2038140070
2038150030
2038150050
2038160010
2038160020
2038170030
2038170050
2038180071
2038190030
2038190040
2038190050
2038190060
2038190080
2038200020
2038200060
2038200070
2038210080
2038210090
2038220020
2038230010
2038230060
2038250030
2038250081
2038260030
2038260091
2038270040
2038270070
2038280040
2038290030
2038300070
2038310020
2038310040
2038320050
2038320060
2038330030
2038330060
2038340030
2039110020
2039120050
2039130040
2039140040
2039150011
2039160010
2039160020
2039170010
2039170042
2039180050
2039180070
2039190021
2039190050
2039210013
2039220010
2039220020
2039220030
2039230040
2039230060
2039230070
2039240030
2039240080
2039250021
2039250027
2039260050
2039260070
2039270020
2039270040
2039270081
2039300090
2039310020
2039320010
2039320020
2039320030
2039320050
2039320060
2039320070
2039330020
2039330050
2039330060
2039340010
2040070010
2040080016
2040080017
2040090010
2040100030
2040110011
2040110060
2040110070
2040120040
2040120060
2040120070
2040130070
2040140010
2040140050
2040150010
2040150021
2040150022
2040150023
2040160041
2040190010
2040190020
2040190030
2040190040
2040190050
2040190060
2040190070
2040200041
2040210010
2040220012
2040230070
2040240030
2040250030
2040250050
2040250060
2040260010
2040260050
2040260060
2040270040
2040280030
2040280040
2040280070
2040290020
2040290050
2040290060
2040300040
2040300050
2040320020
2040330040
2041090010
2041090050
2041100020
2041100050
2041110020
2041120030
2041120070
2041130010
2041130060
2041140010
2041170011
2041180010
2041190010
2041200050
2041210041
2041210050
2041220021
2041220070
2041230010
2041230070
2041230080
2041240010
2041240020
2041240040
2041290021
2042140020
2042140030
2042140040
2042140070
2042140080
2042150031
2042150040
2042150080
2042160011
2042180080
2042190030
2042190050
2042190060
2042190070
2042210010
2042210030
2042220070
2043150030
2043190031
2043200030
2044160020
2071190051
2071190052
2071190071
2071200052
2071260010
2073210021
2073240010
2074160012
2074220011
2074240011
2074250010
2074290012
2074340010
2074340020
2074360010
2075130024
2075170051
2075180024
2075200016
2075220017
2075220018
2075220021
2075220022
2075240016
2075300015
2075310012
2075340011
2076120010
2076130020
2076140020
2076140030
2076160010
2076160020
2076160031
2076160032
2076160040
2076170051
2076200010
2076200060
2076200070
2076220070
2076220080
2076230011
2076250030
2076250080
2076250090
2076270010
2076310010
2076330010
2076340010
2076340020
2076340031
2076340040
2076360031
2076370030
2076370101
2076400010
2077110010
2077120030
2077130010
2077130020
2077140010
2077150012
2077150014
2077160030
2077160034
2077160035
2077260060
2077280010
2077300012
2077330010
2077330020
2077330030
2077330040
2077350012
2077350013
2077350014
2077350015
2077350016
2077390010
2078100031
2078100040
2078100061
2078100062
2078140015
2078140041
2078150033
2078150034
2078160031
2078191014
2078191015
2078191016
2078211001
2079070021
2079100020
2079110020
2079110030
2079110065
2079150021
2079300011
2079330020
2079340020
2079360020
2079370010
2079370040
2079380060
2079390012
2079390013
2079400031
2079410022
2080040020
2080050010
2080050020
2080060010
2080080010
2080080020
2080090060
2080230011
2080260010
2080330020
2080330030
2080340033
2080340063
2080350030
2080380040
2080380070
2080390011
2080390012
2080400013
2081030010
2081030020
2081050020
2081070012
2081210010
2081230010
2081230020
2081240010
2081240020
2081310033
2081330010
2081330060
2081330070
2081340040
2081360010
2081380011
2081390021
2081390022
2081400022
2081410050
2082060044
2082080020
2082100010
2082120010
2082140080
2082190021
2082190031
2082200031
2082210022
2082220040
2082220060
2082230010
2082240010
2082240042
2082260020
2082280040
2082290011
2082330050
2082330060
2082340080
2082340110
2082350010
2082350030
2082350040
2082360143
2082390030
2083010020
2083020010
2083040010
2083050050
2083060070
2083070081
2083080060
2083080070
2083080080
2083090010
2083100020
2083100081
2083130013
2083130031
2083130040
2083140041
2083140050
2083140060
2083160011
2083200040
2083210050
2083220030
2083230010
2083230060
2083240080
2083250010
2083260010
2083280011
2083280060
2083280070
2083300070
2083320010
2083330030
2083330140
2083330201
2083330210
2083330232
2083330240
2083330250
2083330260
2083330270
2083340040
2083360030
2083370011
2084010010
2084020010
2084030020
2084030030
2084030060
2084040030
2084040050
2084060030
2084060040
2084070010
2084080010
2084080070
2084090020
2084090060
2084100020
2084100060
2084100070
2084120010
2084130050
2084130060
2084130070
2084140040
2084140050
2084150010
2084150021
2084160010
2084160030
2084160040
2084160050
2084160060
2084190020
2084190030
2084210040
2084210050
2084240080
2084260030
2084260040
2084270010
2084270040
2084290070
2084300020
2084300040
2084310010
2084320060
2084340030
2084350040
2084360010
2084360030
2084370040
2084380040
2084380050
2084390011
2084400010
2084400020
2084410011
2084410022
2084410023
2085010031
2085030071
2085040010
2085040060
2085050050
2085060010
2085060020
2085080021
2085080030
2085080040
2085090040
2085090050
2085100010
2085110030
2085120010
2085130010
2085130020
2085130050
2085130060
2085130070
2085140010
2085140040
2085140050
2085140070
2085150020
2085150062
2085190020
2085230020
2085230060
2085240010
2085240020
2085240050
2085250010
2085260030
2085270050
2085270060
2085310030
2085310050
2085320010
2085320020
2085340031
2085340070
2085360060
2085370040
2085370050
2085370060
2085370070
2085370080
2085380020
2085380030
2085390030
2085400010
2086030010
2086050030
2086070020
2086090050
2086090060
2086130020
2086130030
2086130040
2086160010
2086160040
2086160050
2086210030
2086210050
2086220010
2086220030
2086220040
2086230020
2086260020
2086260050
2086270071
2086280013
2086280050
2086310010
2086320050
2086330050
2086340030
2086370030
2086390011
2087210050
2087250070
2087270011
2087290011
2087290050
2087290060
2087290070
2087290080
2087300051
2087310030
2087320040
2087320060
2087330010
2087340020
2087360012
2087360013
2088310040
2088330030
2100010020
2100010030
2100010040
2100010090
2100020040
2100020060
2100020070
2100020090
2100020100
2100030120
2100040190
2100040250
2100070100
2100070110
2100070120
2100090210
2100100020
2100100030
2100100050
2100100090
2100100120
2100100140
2100100160
2100110142
2100110150
2100200030
2100200061
2100200120
2100200130
2100300080
2100300150
2100600170
2100600250
2100600280
2100600290
2100600300
2100600440
2100600470
2100600540
2100600560
2101000021
2101000034
2101000091
2101000170
2101000180
2101000380
2101000450
2101000630
2101000670
2101000730
2101000890
2101000910
2101000960
2101001050
2101001070
2101001082
2101001090
2102000021
2102000031
2102000071
2102000161
2102000241
2102000321
2102000361
2102000441
2102000451
2102000501
2102000531
2102000541
2102000571
2103000030
2103000060
2103000070
2103000100
2103000130
2103000160
2103000190
2103000250
2103000340
2103000350
2103400010
2103400060
2103400100
2103400110
2103400120
2103400130
2103400210
2103400300
2104000011
2105000015
2105000111
2105000112
2105000150
2105000160
2105000172
2105000174
2105000200
2105000225
2105000255
2105000290
2105000320
2105000332
2105000351
2105000380
2105000393
2105000394
2105000440
2105000471
2105200030
2105200071
2105200091
2105200104
2105200111
2105200121
2105200170
2105200193
2105200203
2105200250
2105200362
2105200380
2105200400
2105210090
2105210100
2105210120
2110000201
2110000204
2110000211
2110000238
2110000239
2110000243
2110000294
2110000332
2110000333
2110000340
2110000400
2110000430
2110000460
2110000481
2110000485
2110000487
2115000071
2120000013
2120000050
2120000111
2120000120
2120000121
2120000122
2120000124
2120000140
2120000160
2120000172
2120000182
2120000184
2120000188
2120000190
2120000218
2120000250
2125000090
2125000110
2125000130
2125000140
2125000150
2125000180
2125000210
2125000250
2125000330
2125000440
2125000460
2125000530
2125000540
2125000591
2130000025
2130000026
2130000032
2130000050
2130000072
2130000082
2130000085
2130000101
2130000111
2130000123
2135000020
2135000030
2135000121
2135000140
2135000161
2135000162
2140000031
2140000037
2140000042
2140110010
2140110030
2140110081
2140200090
2140500010
2140500020
2140500030
2140500040
2140500050
2140500060
2140500070
2140500080
2140500090
2140500100
2141000010
2141000020
2141000070
2141000090
2141020070
2141020080
2141030070
2141030110
2141030120
2144000020
2144000030
2144000050
2144000060
2144000080
2144000090
2145000081
2145000094
2145000095
2145000102
2145000112
2145000121
2145000133
2145000151
2145000180
2145000191
2145000241
2145000300
2145000320
2145000472
2145000540
2145000560
2145000570
2145000680
2145000690
2145000760
2145000800
2145000810
2145000830
2145000850
2145000870
2145000930
2145000990
2145001022
2145001062
2145001073
2145001082
2145001150
2145001243
2145001251
2145001301
2145001320
2145001331
2145001350
2145001370
2145001481
2145001482
2145001545
2145001570
2145001632
2145001641
2145001642
2145001651
2145001691
2145001701
2145001711
2145001790
2145001820
2145001831
2145001840
2145001860
2145001880
2145001890
2145001910
2145001920
2145001941
2145001960
2145020060
2145020070
2145020090
2145020150
2145030020
2145030100
2145030130
2145030151
2145030161
2146000030
2146000050
2146000070
2146000091
2146000100
2150000060
2150000071
2150000080
2150000090
2150000100
2150000110
2150000140
2150000150
2150000173
2150000180
2155000011
2155000040
2155000051
2155000280
2155000361
2155000440
2155000480
2155000520
2155000530
2157000031
2157000051
2157000081
2157000120
2158020010
2158020020
2158020060
2158020120
2158030100
2158040090
2158050050
2160000030
2160000090
2160000150
2161000042
2161000043
2161000061
2161000081
2161000091
2161000096
2161000114
2161000116
2165000010
2165000040
2165000050
2165000100
2165000110
2165000160
2170000090
2170000130
2170000140
2170000150
2170000220
2170000260
2170000290
2170000310
2170000370
2170000380
2170000400
2170000491
2170000500
2170000530
2170000540
2170000670
2170000730
2170000800
2170000830
2170000840
2170000860
2170000870
2175000030
2175000090
2175000100
2180000072
2180000089
2180000201
2180000202
2180000212
2185000080
2195000031
2200000021
2200000023
2200000024
2200000140
2200000150
2200000180
2200000202
2200000480
2200000510
2200000531
2200000550
2200000670
2200000711
2200000760
2200000890
2200000980
2200001041
2200001042
2200001080
2200001091
2200001110
2200001120
2200001200
2200001221
2200001231
2200001310
2200001330
2200001361
2200001371
2200001401
2200001411
2200001421
2200001450
2200001470
2200001480
2200001490
2200001503
2200001540
2200001581
2200001582
2200001681
2200001682
2200001691
2200001692
2200001765
2200001801
2200001820
2200001830
2200001840
2200001860
2200001900
2200002050
2200002062
2200002101
2200002160
2200002171
2200002230
2200002260
2200002280
2200002290
2200002320
2200002330
2200002350
2200002373
2200002421
2200002542
2200002564
2200002640
2200002690
2200002700
2200002712
2200002807
2200002808
2200002940
2200002990
2200003010
2200003020
2200003071
2200003090
2200003310
2200003376
2200003381
2200003450
2200003601
2200003772
2205000033
2205000070
2205000161
2205000300
2205000430
2205000524
2205000525
2205000545
2205000613
2205000631
2205000670
2205000680
2205000690
2205000711
2205000714
2205500030
2205710040
2205710070
2205710090
2206000010
2206000050
2206000070
2210000010
2210000100
2213200040
2213200070
2213200080
2213200090
2213200100
2215000060
2215000160
2215000200
2220000010
2220500040
2220500070
2221000090
2221000130
2221000140
2221000150
2221200010
2221200020
2221500010
2221500090
2221500100
2221500150
2222000020
2222000150
2222000170
2222000190
2222000260
2222000280
2222000341
2222000360
2222000410
2223000010
2223000023
2223000071
2223000130
2223000140
2223000190
2223000220
2223000230
2223000240
2223000250
2223000260
2223000280
2223000360
2224000010
2224000050
2224000060
2225000131
2225000150
2230000020
2230000080
2230000153
2230000155
2230000224
2230000227
2230000270
2230000292
2230000301
2230000302
2235000011
2235000022
2235000070
2235000100
2235000150
2235000170
2235000191
2235000210
2235000320
2235000341
2235000342
2235000350
2235000430
2235000551
2235000552
2235000911
2235000912
2235000941
2235000972
2235000973
2235000995
2235001002
2235001054
2235001074
2235001082
2235001120
2235001145
2235001160
2235001190
2235001240
2235001260
2235001271
2240000020
2240000040
2240000060
2240000330
2240000341
2240000390
2240000430
2240000511
2240000590
2240000600
2240000690
2240000770
2240000790
2240000800
2240000840
2240000850
2240000951
2240001010
2240001050
2240001140
2240001170
2240001200
2240001330
2240001361
2240001362
2240001363
2240001380
2240001391
2240001392
2240001393
2240001394
2240001395
2240001396
2240001398
2240001399
2240001450
2240001460
2240001493
2240001494
2240001495
2240001496
2240001497
2240001530
2240001540
2240001562
2240001563
2240001570
2240001590
2240001600
2240001790
2240001881
2240001930
2240001951
2240001952
2240001960
2240001980
2240002050
2240002060
2240002110
2240002120
2240002190
2240002217
2240002270
2240002350
2240002360
2240002431
2240002490
2240002530
2240002540
2240002570
2240002600
2240002620
2240002630
2240002790
2240002832
2240002850
2240002910
2240003050
2240003080
2240003100
2240003400
2240003411
2240003430
2240003440
2240003445
2240003446
2240003473
2240003474
2240003631
2240003632
2240003650
2240003660
2240003700
2240003726
2240003730
2240003850
2240003870
2240003940
2240003950
2240004001
2240004002
2240004010
2240004060
2240004140
2240004150
2240004220
2240004230
2240004240
2240004420
2240004490
2240004501
2240004510
2240004520
2240004530
2240004540
2240004571
2240004582
2240004631
2240004632
2240004642
2245000071
2245000161
2245000250
2245000260
2245000311
2245000460
2245200032
2255000010
2255000040
2255000090
2255000130
2255000230
2255000240
2255200070
2255200080
2255200110
2255200120
2255200130
2255200150
2255200260
2255200270
2255400050
2255400070
2255400100
2255400110
2255400240
2255400250
2255400310
2255500050
2255500110
2255500230
2255500240
2255500260
2255500310
2255500380
2255500460
2255500470
2255500480
2255500500
2255500510
2255500530
2255500540
2255500590
2255500620
2255600020
2255600100
2255600130
2255700051
2255700080
2255700100
2255700120
2255700130
2255700190
2255700200
2255700220
2255700230
2255700240
2255700250
2255720010
2255720070
2255720080
2255720090
2255720230
2255720240
2255720270
2255740020
2255740080
2255740090
2255740120
2255740140
2255740180
2255740210
2255740220
2255740230
2255740240
2255740280
2255740290
2255740300
2255740310
2255740370
2255740390
2255740400
2255740431
2255740441
2255740460
2255740480
2255740510
2255740520
2255740530
2255740540
2255740560
2255740570
2255760010
2255760031
2255760050
2255760060
2255760160
2255760170
2255760210
2255760220
2255760260
2255760350
2255760360
2255760390
2255760400
2255760410
2255760480
2255760490
2255760540
2255760590
2255780011
2255780022
2255780040
2255780080
2255780100
2255780120
2255780140
2255780150
2255780160
2255780200
2255780210
2255780270
2255780280
2255780300
2255780400
2255780410
2255780430
2255780440
2255780460
2255780500
2255780520
2255780580
2255780600
2255780650
2255780680
2255780710
2255800010
2255800030
2255800040
2255800050
2255800080
2255800090
2255800100
2255800110
2255800140
2255800180
2255800230
2260000041
2260000061
2260000072
2260000091
2260000092
2260000101
2260000201
2260000261
2260000331
2260000350
2260000386
2260000411
2260000480
2260000490
2260000630
2260000723
2260000762
2260000771
2260000851
2260000852
2262000080
2262000190
2262000210
2262000300
2263000031
2263000060
2263000061
2263000070
2263000150
2263000190
2263000230
2263200082
2263200130
2263200150
2263200170
2263200230
2265000020
2265000042
2265000200
2265000210
2265000250
2265000300
2265000340
2265000371
2265000401
2265000480
2265000491
2265000492
2265000503
2265000504
2270000010
2270000020
2270000030
2270000040
2270000060
2270000072
2270000080
2270000110
2270000211
2270000241
2270000300
2270000352
2270000353
2270000390
2270000420
2270000440
2270000450
2270000500
2270000510
2270000550
2271020020
2271020050
2271020070
2271020080
2271030040
2271030060
2271030070
2271030090
2275000020
2275000085
2275000103
2275000105
2275000130
2275000140
2275000150
2275000163
2275000170
2275000180
2275200012
2275200081
2275200211
2275200292
2275200321
2275200322
2275200330
2275200340
2275200420
2275200471
2275200532
2275200610
2275200620
2275200633
2275200650
2275200680
2275200761
2280000031
2280000032
2280000035
2280000036
2280000042
2280000055
2280000060
2280000083
2280000100
2280000110
2280000184
2280000192
2280000241
2280000242
2280000243
2280000244
2280000253
2280000280
2288300060
2288300070
2288300110
2288300130
2288300180
2288300200
2290000020
2290000030
2290000060
2290000090
2290000100
2290000110
2290000130
2290000140
2290000200
2290000220
2290000390
2290000450
2290000480
2290000560
2290000600
2290000700
2290000710
2290000780
2290000810
2290000910
2290000960
2290000990
2290001020
2290001070
2290001080
2290001180
2290001200
2290001251
2290001260
2290001410
2290001450
2290001521
2290001560
2290001760
2290001810
2290001830
2295000040
2295000170
2295000180
2295000190
2295000200
2300000020
2300000051
2300000123
2300000124
2300000131
2300000151
2300000230
2300000240
2300000290
2300000300
2300000330
2300000350
2300000380
2300000420
2300000530
2300000550
2300000580
2300000630
2300002770
2300002820
2300002840
2300002880
2300002920
2300002950
2300003020
2300003130
2300003140
2300003150
2300003160
2300003230
2300003250
2300003340
2300003360
2300003490
2300003500
2300003550
2300003630
2300003640
2300003710
2305000020
2305000050
2305000130
2305000152
2305000160
2305000170
2305000180
2305000200
2305000230
2305000241
2305000250
2305000280
2305000290
2305000300
2305000310
2305000396
2305000421
2305000450
2305000461
2305000510
2305000591
2305000610
2305000651
2305000700
2305000760
2305000800
2305000820
2305000891
2305000914
2305000923
2305000924
2305000926
2305001043
2305001044
2305001050
2305001060
2305001070
2305001090
2305001120
2305001130
2305001200
2305001211
2305001260
2305001310
2305001350
2305001361
2305001370
2305001420
2305001441
2305001442
2305001511
2305001560
2305001702
2305001710
2305001723
2305001735
2305001761
2305001790
2305001831
2305001880
2305001890
2305001921
2305001930
2305001941
2305002011
2305002030
2305002070
2305002120
2305002140
2305002160
2305002230
2305002240
2305002250
2305002260
2305002281
2305002310
2305002333
2305002350
2305002371
2305002375
2305002400
2305002410
2305002422
2305002462
2305002470
2305002502
2305002550
2305002560
2305002573
2305002600
2305002610
2305002622
2305002630
2305002640
2305002650
2305002666
2310000010
2310000030
2315000020
2315000030
2315000080
2315000120
2315000150
2320000262
2320000330
2320000340
2320000400
2320000442
2320000472
2320000512
2320000600
2320000850
2320000862
2320000890
2320000950
2320000962
2320000991
2320000992
2320000993
2320001010
2320001070
2320001080
2320001170
2320001180
2320001230
2320001311
2320001351
2320001371
2320001420
2320001480
2320001570
2320001580
2320001590
2320001840
2320001911
2320001930
2320002071
2320002213
2320002240
2320002300
2320002374
2320002460
2325000023
2325000025
2325000027
2325000041
2325000047
2325000048
2325000051
2326100013
2326100050
2330000011
2330000012
2330000020
2330000030
2330000090
2330000110
2330000130
2330000140
2330000180
2335000010
2335000030
2335000050
2335000060
2335000121
2335000140
2335000150
2335000160
2335000180
2335000230
2335000250
2335000280
2335200040
2335200100
2335200150
2335200160
2335200210
2335200230
2335200240
2335200320
2335200330
2335200340
2335200350
2335200460
2335200510
2335200640
2335200660
2335200670
2335200690
2335200760
2335200770
2335200800
2335200810
2335200890
2335200940
2335201022
2335201040
2335201080
2335201100
2335201150
2335201200
2335201210
2335201230
2335201244
2335201250
2340000010
2340000021
2340000022
2340000032
2340000060
2340000061
2340000075
2340000077
2345000110
2345000120
2345000290
2350000111
2355000110
2360000030
2360000042
2364000010
2365000021
2365000030
2365000040
2365000050
2365000080
2365000101
2365000110
2365000121
2365000140
2365000160
2365000180
2365000250
2365000281
2365000290
2365000310
2365000360
2365000371
2365000400
2365000480
2365000510
2365000531
2365000551
2365000590
2365000600
2365000610
2365000620
2365000783
2365000830
2370000011
2370000070
2371000010
2371000020
2371000030
2372000150
2372000180
2372000250
2372000260
2374000020
2374000030
2374000040
2374000080
2374000140
2375000030
2375000101
2375000110
2375000120
2375000130
2375000210
2375000230
2375000240
2375000260
2375600020
2375600030
2375600080
2375600090
2375600110
2375600140
2375600150
2375600160
2375600190
2375600220
2375600290
2375600310
2375600330
2375600380
2375600390
2375600420
2375600430
2375600440
2375600450
2375600480
2375600501
2375600510
2375600570
2375620020
2375620030
2375620090
2375620100
2375620120
2375620130
2375620140
2375620150
2375620180
2375620300
2375620340
2375620370
2375620390
2375620480
2375630010
2375630020
2375630030
2375630080
2375630110
2375630150
2375630160
2375630182
2375630201
2375630230
2376200050
2376200090
2376200100
2376200110
2376200140
2376200180
2376200200
2376200290
2380000030
2380000050
2380000100
2380000120
2380000140
2380000240
2380000250
2380000310
2380000320
2380000330
2380000340
2380000370
2380000400
2380000480
2385200022
2385200024
2385200092
2387000030
2387000040
2387000050
2387000070
2387000080
2387000100
2387000110
2387000120
2387000130
2387000170
2387000200
2387000220
2387000280
2387200030
2387200060
2387200100
2387200180
2387200210
2387200280
2387200291
2387200310
2387300020
2387300040
2387300070
2387300120
2387300200
2387300230
2387300240
2387400020
2387400070
2387400130
2387400140
2387400210
2387400220
2387400230
2387400241
2387500010
2387500030
2387500070
2387500170
2387500180
2387500190
2387500260
2387500360
2387500470
2387500490
2387500530
2387500640
2387540100
2387540110
2387540120
2387560020
2387560090
2387560130
2387560140
2387560160
2387560170
2387560200
2387560220
2387560310
2387560380
2387560390
2387560400
2387560480
2387560500
2387560520
2387560540
2387560550
2387600010
2387600070
2387610080
2387610090
2387610110
2387610210
2387610230
2387610270
2387610360
2387610370
2387800020
2387800050
2387900310
2387900320
2390000010
2390000020
2390000061
2390000090
2390000160
2390000190
2390000231
2390000260
2390000380
2395000010
2395000050
2395000060
2395000070
2395000090
2395000100
2395000170
2395000200
2395000280
2395000302
2400000090
2400000110
2400000130
2400000180
2400000220
2403000020
2403000030
2403000051
2403000100
2406000040
2406000070
2406000150
2406000171
2406000175
2406000180
2406000270
2406000370
2406000411
2406000420
2406000450
2415000010
2415000080
2415000183
2415000200
2415000220
2415000240
2415000270
2415000280
2415000301
2415000340
2415000490
2415000550
2416000040
2416000060
2416000100
2416000110
2420000050
2420000080
2420000100
2420000141
2420200030
2420200060
2420200090
2420200110
2420300010
2420300040
2420300050
2420300070
2420300101
2420300111
2420300130
2420300140
2425000060
2425000100
2425000130
2425020090
2425020100
2430000011
2430000012
2430000020
2430000050
2430000070
2430000090
2430000210
2430000221
2430000222
2430000271
2430000272
2430000320
2430000490
2430000501
2430000502
2430000541
2430000600
2430000621
2433000030
2433000080
2433000110
2433000120
2433000130
2433000170
2433000180
2433000240
2433000290
2433000320
2433000390
2433000430
2433000450
2433000460
2433000560
2433000640
2434000010
2434000020
2434000060
2434000090
2434000240
2434020040
2434020150
2434020230
2435000010
2435000050
2435000070
2435000110
2435000163
2435000222
2435000223
2435000251
2435000255
2440000030
2440000060
2440000090
2440000110
2440000160
2440000220
2440000230
2440000310
2440000320
2440000410
2440000470
2440000490
2440000521
2440000590
2445000060
2445000090
2445000120
2445000170
2445000260
2445200010
2445200130
2445200160
2445200180
2445200210
2445200230
2445220020
2445220060
2445220080
2445220090
2445220100
2445220120
2445220310
2445220341
2445220351
2445220370
2445220400
2445220422
2445220431
2445220440
2445220530
2445220620
2445220660
2445220670
2445220680
2445220700
2450000123
2450000124
2450000131
2450000160
2450000181
2450000194
2450000201
2450000204
2450000245
2450000246
2450000248
2450000252
2450000261
2450000268
2455000270
2455000282
2455000292
2455000304
2455000311
2455000331
2455000352
2455000365
2455000393
2455000394
2455000404
2455000405
2455000450
2455000664
2455000942
2455000943
2460000024
2460000027
2460000037
2460000041
2460000100
2460000130
2460000140
2460000150
2460000213
2460000222
2460000224
2460000240
2460000291
2460000301
2460000312
2460000314
2465000031
2465000150
2465000160
2465000220
2465000260
2465000270
2465000280
2465000290
2465000300
2465000371
2465000420
2465000670
2465000710
2465000760
2465000780
2465000800
2470000111
2470000151
2480000040
2480000070
2480000120
2480000200
2480000220
2480200040
2480200070
2480200110
2485000052
2485000080
2485000102
2485000104
2485000105
2485000131
2485000220
2485000230
2485000260
2485000280
2485000300
2485000310
2485000350
2485000360
2485000440
2485000451
2485000510
2485000520
2485200120
2485200210
2485200220
2485200241
2485200310
2485200350
2485300050
2485300310
2485300340
2485300380
2485300440
2485300450
2485400050
2485400070
2485400240
2485400380
2485400480
2486000020
2486000110
2486000170
2486000180
2486000290
2486000310
2486000340
2486000370
2486000400
2486000420
2486000440
2486000460
2486000480
2490000011
2490000012
2490000040
2490000050
2490000090
2490000100
2490000110
2490000130
2490000145
2490000146
2490000210
2490000220
2490000240
2492000040
2492000060
2492000070
2492000080
2492000110
2492000120
2492000130
2492000230
2492000260
2492000270
2492000280
2495000040
2495000150
2495000200
2495000240
2495000290
2495000320
2495000330
2500000041
2500000070
2500000100
2500000110
2500000212
2500000260
2500000270
2504500010
2504500030
2505000020
2505000080
2505000090
2505000130
2505000160
2505000200
2505000240
2505000261
2505000280
2505000301
2505000360
2505000381
2505000382
2505000430
2505000471
2505000472
2505000482
2505500020
2505540020
2505540040
2505540070
2505540080
2505540090
2505540110
2505540150
2505540180
2505540200
2505540230
2505540240
2505540250
2505540280
2505540290
2505550030
2505550060
2505550120
2505550150
2505550160
2505550170
2505550210
2505550270
2505550300
2505550310
2505550320
2505550330
2505550420
2505550430
2505550480
2505550490
2505550520
2505550530
2505560030
2505560110
2505560130
2506000070
2506000080
2510000030
2510000040
2510000071
2510000092
2510000110
2510000120
2510000150
2510000161
2510000180
2510000190
2510000282
2510000290
2510000350
2510000351
2510000370
2510000380
2510000393
2510000394
2510000451
2510000482
2510000484
2510000510
2510000530
2510000550
2510000571
2510000620
2510000633
2510000634
2510000649
2510000660
2510000684
2510000690
2510000740
2510000750
2510000771
2510000815
2510000820
2510000831
2510000832
2510000845
2510000877
2510000907
2510000910
2510000912
2510000913
2510000914
2510000915
2510000935
2510000939
2513000010
2513000020
2513000030
2513000061
2513000090
2513000100
2513000110
2513000170
2515000060
2515000070
2515200100
2515200110
2520000087
2520000091
2520000092
2520000182
2520000192
2520000240
2520200012
2520200070
2520200080
2520200130
2520200160
2520200196
2520200240
2520200310
2520200361
2520200362
2520200490
2520200511
2520200512
2520200561
2520200562
2520300050
2520300070
2520300080
2520300160
2520300220
2520300230
2520300330
2520300450
2520300472
2520300491
2520300493
2520300521
2520300540
2520300570
2520300600
2520300660
2520300700
2520300750
2525000030
2530200081
2530300030
2530300040
2530300101
2530400010
2530500010
2530500020
2530500051
2530500110
2530500120
2530500150
2530500160
2530500210
2530500220
2530500260
2530500315
2530500321
2530500330
2530500343
2530500347
2530500348
2530500351
2530500352
2530500361
2530500380
2530500390
2530500400
2530500410
2530500430
2530500441
2530500442
2530500443
2530500444
2530500445
2530500451
2530500456
2530500460
2530500461
2530500470
2530500485
2530500486
2530500487
2530500532
2535000021
2535000034
2535000040
2535000051
2540000040
2540000050
2540000070
2540000090
2540000100
2540000130
2540000190
2540000220
2540000260
2540000310
2540000340
2540000360
2540000420
2545000030
2545000040
2545000051
2545000052
2545000080
2545000120
2545030010
2545030110
2545030160
2545030220
2545050040
2545050080
2545050230
2545050290
2545050300
2545050440
2545050450
2545050680
2545050700
2545050710
2545050820
2545051000
2545051240
2545051360
2545051490
2545051660
2545051710
2545051730
2545100070
2545100220
2545100380
2545100461
2545100510
2545100520
2545100560
2545100670
2545100680
2545100770
2545100830
2545100910
2545100970
2545100980
2545101000
2545101130
2545101140
2545101200
2545101300
2545101410
2545101480
2545101501
2545101580
2545101590
2545101620
2545101630
2545101641
2545101760
2545101820
2550000030
2550000080
2550000090
2553000070
2553000160
2555000022
2555000041
2555000042
2555000052
2555000061
2555000070
2555000080
2555000090
2555000120
2555000161
2555000170
2555000183
2555000200
2555000210
2555000250
2560000060
2560000074
2560000100
2560000130
2560000142
2560000150
2560000160
2560000170
2560000200
2560000220
2560000242
2560000243
2560000283
2560000310
2560000370
2560000380
2560000490
2560000500
2560000620
2560000630
2560000650
2560000700
2560000770
2560000790
2560000800
2560000820
2560000960
2560000970
2560001040
2560001050
2560001080
2560001120
2560001140
2560001150
2560001160
2560001170
2560001180
2560001260
2560001270
2560001350
2560001370
2560001390
2560001430
2560001440
2560100010
2560100020
2560100040
2560100070
2560100090
2560500010
2560500020
2560500040
2560500100
2560500160
2560500170
2560500220
2560500280
2560500320
2560500360
2560500380
2560500400
2560500410
2560500590
2560500620
2560500640
2560500670
2560500770
2560500910
2560500960
2560500970
2560500980
2560501040
2560501050
2560501060
2561000010
2561000020
2561000040
2561000100
2561000140
2561000190
2561000200
2561000210
2561000220
2561000230
2561000250
2561000300
2561000330
2562000030
2562000061
2562000074
2562000110
2562000130
2562000171
2562000185
2562000230
2562200171
2562200210
2562200280
2562200300
2565000022
2565000070
2565000080
2565000090
2565000111
2565000130
2570000130
2575000010
2575000020
2575000030
2575000040
2575000051
2575000052
2575000060
2575000071
2575000072
2575000090
2575000120
2580000010
2580000050
2580000071
2580000080
2580000100
2585000020
2585000060
2585000070
2585000120
2590000010
2590000020
2590000050
2590000061
2590000130
2590000190
2590000370
2590000390
2590000441
2590000491
2590000521
2590000560
2590000600
2590000650
2590000671
2595000030
2595000050
2595000060
2595000070
2595000150
2600000010
2600000031
2600000050
2601000030
2601000070
2601000090
2601000110
2605000180
2605000190
2605000231
2605000291
2605000350
2615000140
2615000150
2615000170
2615000180
2615000190
2615000200
2618000010
2618000030
2618000060
2619500050
2619500100
2619700010
2619700090
2619700140
2619700180
2619700190
2619700200
2620000010
2620000060
2620000110
2620000130
2620000170
2620000251
2620000311
2620000312
2620000330
2620000390
2620000400
2620000420
2620000470
2620000490
2620000610
2620000741
2620000840
2625000062
2625000074
2625000082
2625000140
2625000230
2625000310
2630000060
2630000080
2630000090
2630000112
2630000120
2630000172
2630000190
2630000200
2630000230
2630000293
2630000400
2635000040
2635000080
2635000229
2635000250
2635000281
2635000282
2635000290
2635000317
2635000390
2640000071
2640000090
2640000119
2640000124
2642000020
2642000030
2642000041
2642000053
2642000070
2642000090
2642000120
2642000150
2642000170
2642000190
2642000220
2642000230
2643000030
2643000090
2643000120
2643000220
2643000240
2643000250
2643000260
2645000021
2645000031
2645000111
2645000113
2645000114
2645000140
2645000150
2645000230
2645000240
2645000280
2645000290
2645000310
2645000440
2645000500
2645000520
2645000550
2645000570
2645000640
2650000010
2653000030
2653000050
2653000060
2653000132
2653000142
2653000164
2653000180
2653500030
2653500100
2653500150
2653520270
2653520300
2653520350
2653520480
2655000171
2657000040
2657000061
2657000120
2657000140
2657000231
2657500040
2657500060
2657500070
2657500140
2657500160
2657500223
2657500224
2657500240
2657500250
2657500270
2657500280
2657500320
2657500360
2657500380
2657500390
2658000020
2658000040
2658000100
2658000110
2658000120
2660000010
2660000020
2660000030
2660000040
2660000050
2660000060
2660000100
2660000150
2660000160
2660000171
2660000220
2660000231
2660000280
2660000341
2660000381
2660000400
2660000411
2660000422
2660000423
2660080010
2660100020
2660100100
2660200080
2665000010
2665000020
2667010080
2667010120
2667010130
2668000070
2668000100
2668000140
2668000150
2668000210
2668000270
2668000280
2668000310
2668000370
2668000390
2668000450
2668000580
2668000590
2668000650
2668000680
2668000700
2668000750
2668000790
2668000820
2668000830
2668000880
2668000900
2668000940
2668000980
2668001020
2668001030
2668001050
2668001080
2668001090
2668001130
2668001170
2668001250
2669000030
2669000040
2669000120
2675000061
2675000082
2675000083
2675000084
2675000085
2675000090
2675000121
2680000060
2680000080
2680000140
2680200070
2680200090
2680200150
2680200170
2680200190
2685000012
2685000080
2685000100
2685000110
2685000130
2685000171
2690000050
2690000070
2690000080
2690000120
2690000130
2690000140
2695000011
2695000012
2695000041
2695000110
2695000121
2695000130
2695000140
2695000190
2695000200
2695000230
2695000261
2695000262
2695000263
2695000300
2695000310
2695000350
2695000360
2695000411
2695000442
2695000444
2695000447
2695000450
2695000452
2695000470
2695000522
2695000553
2695000560
2695000571
2695000572
2695000612
2695000640
2695000690
2695000760
2695000768
2695000780
2695000790
2695000841
2695000851
2695000852
2695000890
2695000910
2695000973
2695001051
2695001052
2695001071
2695001120
2695001131
2695001132
2695001150
2695001260
2695001282
2695001411
2695001471
2695001581
2695001582
2695001650
2695001661
2695001662
2695001710
2695001880
2695001913
2695001915
2695001920
2695001940
2695001950
2695001960
2695001970
2695002000
2695002010
2695002040
2695002041
2695002060
2695002150
2695002160
2695002202
2695002221
2695002230
2695002240
2695002250
2695002260
2695002311
2695002331
2695002340
2695002360
2695002374
2695002470
2695002651
2695002711
2695002720
2695002730
2695002740
2695002760
2695002771
2695002810
2695002936
2695002961
2695002962
2695002964
2695002965
2695002966
2695002969
2695002976
2695003020
2695003051
2695003061
2695003062
2695003100
2695003170
2695003180
2695003193
2695003194
2695004100
2695004111
2695004291
2695004400
2695004420
2695004500
2695004540
2695004550
2695004620
2695004631
2695004640
2695004651
2695004653
2695004654
2695004660
2695004700
2695004710
2695004730
2695004741
2695004762
2695004770
2695004780
2695004851
2695004870
2695004880
2695004890
2695004913
2695004920
2695004940
2697000010
2697000020
2697000030
2697000080
2697000120
2697000160
2697000180
2697000190
2697000210
2697000230
2697000340
2697000430
2697000440
2697000540
2697000550
2697000560
2697000570
2697020020
2697020090
2697020100
2697020160
2697020250
2697020270
2697020300
2697020340
2697020390
2697020440
2697020450
2697020480
2697020640
2697020730
2697020750
2697020800
2697020880
2697020900
2697020940
2697020950
2698000110
2698000120
2698000150
2698000200
2698000220
2698000240
2698000260
2698000280
2698000290
2698000320
2698000330
2698000350
2698000380
2698000390
2700000071
2700000140
2700000300
2700000350
2705000010
2705000050
2710000150
2710000200
2715000083
2715000110
2715000180
2715000190
2715000210
2715000221
2715000261
2720000030
2720000040
2720000060
2720000070
2720000180
2725000011
2725000023
2725000032
2725000210
2725000261
2725000307
2725000310
2730000020
2735000050
2735000070
2735000094
2735000100
2735000150
2735000163
2735000201
2735000211
2735000270
2735000300
2735000320
2735000350
2745000010
2745000040
2745000100
2745000120
2745000150
2745000160
2745000180
2745000400
2745000410
2745000450
2745000470
2745000510
2745000540
2745000581
2745000590
2745000630
2745000700
2745000730
2745000770
2745000880
2745000940
2745000950
2745001050
2745001080
2745001130
2745001140
2745001150
2745001190
2745001230
2745001240
2745001410
2745001430
2745001440
2745001450
2745001480
2745001600
2745001660
2745001720
2745001730
2745001740
2745001940
2745001980
2745002030
2745002190
2745002220
2745002250
2745002280
2745002320
2745002330
2745002370
2745002450
2745002460
2745002550
2745002680
2745002700
2745002710
2745002781
2745002783
2745002784
2745002791
2745002800
2745002823
2745002885
2745002970
2745002980
2745003060
2745003170
2745003190
2745003210
2745003220
2745003260
2745003410
2745003470
2745003480
2745003500
2745003550
2745003590
2745003670
2745003730
2745003760
2745003780
2745003820
2745003870
2745004120
2745004190
2745004260
2745004270
2745004290
2745004330
2745004350
2745004410
2745004480
2745004580
2745004710
2745004740
2745004780
2745004810
2745004870
2745004890
2745004910
2745004950
2745004990
2745005020
2745005030
2745005050
2745005070
2745005110
2745005180
2745005190
2745005201
2745005260
2745005281
2745005360
2745005410
2745005420
2745005440
2745005490
2745005520
2745005530
2745005550
2745005590
2745005680
2745005720
2745005750
2745005800
2745005830
2745005860
2745005890
2745005910
2745005920
2745005970
2755000010
2755000033
2755000070
2755000084
2755000085
2755000091
2755000151
2755000164
2755000180
2755000301
2755000302
2760000040
2760000072
2760000130
2760000240
2760000260
2760000370
2760000430
2760000620
2760000631
2760000632
2760000651
2760000670
2765000030
2765000082
2770000070
2775000020
2775000050
2775000080
2775000140
2775000170
2775000180
2775000250
2775000290
2775000320
2775000340
2775000400
2775000420
2775000440
2775000450
2775000580
2775000660
2775000680
2775000740
2775000750
2775000760
2775000770
2775000790
2775000850
2775000950
2775000970
2775000990
2775001000
2775001010
2775001080
2775001150
2775001170
2775001270
2775001300
2775001310
2775001320
2775001330
2775001390
2775001420
2775001440
2775001460
2775001500
2778000070
2778000090
2778000100
2778000120
2778000140
2778000150
2778000170
2778000230
2778000240
2778000250
2778000270
2778000280
2778000331
2778000332
2780000030
2780000100
2780000150
2780000230
2782000020
2782000090
2783010052
2783010062
2783010063
2783010132
2783010182
2783010252
2785000092
2785000110
2790000020
2795000080
2795000091
2795000101
2795000160
2797000030
2797000050
2800000030
2800000050
2800000090
2800000121
2805000041
2805000050
2805000060
2805000271
2805000441
2805000490
2805000521
2805000522
2805000523
2805000524
2805000540
2805000610
2805000661
2805020040
2805020100
2805020130
2805020141
2805020190
2805020210
2805020230
2805020300
2805020310
2805020320
2805020400
2805020451
2805020510
2805020540
2805020581
2805020660
2805020690
2805020710
2805020720
2805020750
2805020780
2805020790
2805020810
2805020830
2805020840
2805020851
2805020930
2805020960
2805021001
2805021010
2805021020
2805021030
2805021110
2805021130
2805021140
2805021150
2805021160
2805021170
2805021200
2805021210
2805021230
2805021240
2805021263
2805021330
2805021340
2805021380
2805021410
2805021480
2805021520
2805500040
2805500050
2810000025
2810000052
2810000090
2810000110
2815000010
2815000020
2815000040
2815000050
2815000111
2815300040
2815300050
2815300090
2815300110
2815300130
2815300150
2815300270
2815300280
2815300290
2815300310
2815300330
2815300370
2815300390
2815300400
2815300410
2815300490
2815300520
2815300570
2815300600
2815300630
2815510050
2815510090
2815520040
2815520080
2815520100
2815520140
2815520180
2815520230
2816000010
2816000030
2816000060
2816000070
2816000220
2816000230
2816000240
2816000270
2816000280
2816000310
2816000390
2817000030
2817000060
2817000090
2817000120
2817000130
2818000041
2818000070
2818000100
2818000190
2818000213
2818000240
2818000270
2818000280
2819510060
2819510120
2819510170
2819510180
2819510230
2819510240
2819510300
2819510350
2819510430
2820000020
2820000040
2820000100
2820000130
2820000170
2820000180
2820000211
2820000250
2820000260
2820000280
2820000300
2820000320
2820000350
2820000370
2820000470
2820000500
2820000510
2825000070
2825000080
2825000110
2825000120
2825000170
2825000180
2825000200
2825000220
2827000010
2827000080
2827000110
2827000120
2827000140
2827310040
2827310060
2827310190
2827310250
2827310260
2827310270
2827310300
2827310320
2827310380
2827310400
2827310420
2827310430
2827310480
2827310491
2827310501
2827310670
2827310680
2827310690
2827310700
2827310710
2827310720
2827310730
2827320110
2827320150
2827320180
2827320360
2827320370
2827320380
2827320390
2827320400
2827410037
2827410070
2827410220
2827410260
2827410390
2827410590
2827410600
2827410660
2827410730
2827420850
2827420880
2827421170
2827421200
2827421211
2827430050
2827430280
2827430320
2827430360
2827430371
2827430380
2827430420
2827430500
2827440060
2827440080
2827440096
2827440101
2827440140
2827440330
2827440340
2827440350
2827440470
2827440490
2827440570
2827440750
2827440770
2827440780
2827450070
2827450250
2827450271
2827450291
2827500020
2827500080
2827500110
2827500150
2827500160
2827500180
2827510020
2827510030
2827510040
2827510070
2827510100
2827510110
2828600040
2828600090
2828600110
2828600150
2828600170
2828600180
2828600210
2828600260
2828650040
2828650050
2828700010
2828700050
2828700110
2828700130
2828700170
2828700190
2828700230
2828700250
2828700270
2828700300
2829000020
2829000060
2829000070
2829000080
2829000100
2829000110
2829000120
2829000140
2829000160
2829000180
2829000190
2829000230
2829000240
2829000260
2829150051
2829150052
2829300020
2829300090
2829510130
2829510140
2829510150
2829510170
2829510220
2829510230
2829520090
2829520110
2829520120
2829710052
2829710130
2830000010
2830000020
2830000040
2830000090
2830000161
2830000170
2830000210
2830000220
2830000230
2830000280
2830000350
2830000380
2830000390
2830000400
2830000450
2830000520
2830000570
2830000600
2830000710
2830000750
2830000760
2830000810
2830000920
2830000940
2830000950
2830000991
2830001040
2830001070
2830001170
2830001180
2830001290
2830001370
2830001420
2830001430
2830001440
2830001500
2830001530
2830001610
2830001650
2830001700
2830001720
2830001850
2830001890
2830001960
2835000010
2835000020
2835000040
2835000120
2835000130
2835200100
2837000011
2837000042
2837000070
2837000080
2837000090
2837000120
2837000150
2837000160
2837000170
2837000231
2837000232
2837000280
2837000342
2837000350
2837000360
2837000390
2837000460
2837000500
2837000520
2837000540
2837000541
2837000550
2837000581
2837000640
2837000660
2837000730
2837000760
2837000770
2837000880
2837000920
2837000930
2837000940
2837000950
2837000960
2837000991
2837001010
2837001040
2837001080
2837001090
2837001101
2837001160
2837001172
2837001270
2837001280
2837001290
2837001320
2837001340
2837001360
2837001370
2837001380
2837001390
2837001431
2837001432
2837001433
2837001450
2837001460
2837001490
2837001550
2837001570
2837001591
2837001620
2837001630
2837001650
2837001661
2840000050
2840000060
2840000080
2840000130
2840000140
2845000020
2845000030
2845000040
2845000071
2845000090
2848000010
2848000020
2848000040
2848000070
2850000012
2850000050
2850000083
2850000113
2850000130
2850000150
2850000163
2850000164
2850000173
2853500060
2853500090
2855000081
2855000111
2855000200
2855000210
2855000220
2855000230
2855000240
2855000250
2855000270
2855000320
2855000330
2855000370
2855000380
2855000390
2855000400
2855000451
2855000452
2855000490
2855000501
2855000502
2855000511
2855000571
2855000572
2855000590
2855000600
2855000611
2855000691
2855001142
2855001143
2855001150
2855001201
2855001250
2860000040
2860000100
2860000170
2865250060
2865250070
2865250080
2865250093
2865250120
2865250160
2865250170
2865250200
2865250210
2870000020
2870000050
2870000060
2870000070
2870000150
2875000030
2875000050
2885000090
2885000162
2888000140
2888200040
2888200080
2888200140
2888200180
2888200190
2888200310
2888200350
2888200360
2888200370
2888200380
2888220070
2888220080
2888220150
2888220160
2888220240
2888220270
2888220290
2889000110
2889000120
2889000130
2889000151
2889000180
2889000190
2889000200
2889000220
2890000150
2890000481
2890000680
2890000730
2890000866
2890000975
2890000995
2890001077
2890001155
2890001156
2890001157
2890001158
2890001231
2890001242
2890001243
2890001244
2890001450
2890001451
2890001640
2890001670
2890001680
2890001711
2890001734
2890001780
2890001800
2890001860
2890001960
2890001990
2890002000
2890002011
2890002015
2890002020
2890002034
2890002044
2890002062
2890002063
2890002110
2890002120
2890002130
2890002140
2890002181
2890002211
2890002270
2890002280
2890002290
2890002292
2890002315
2890002350
2890002360
2890002370
2890002381
2890002431
2890002440
2890002452
2890002461
2890002472
2890002483
2890002512
2890002671
2890002780
2890002850
2890002903
2890002904
2890002960
2890003022
2890003130
2890003162
2890003182
2890003210
2890003221
2890003313
2890003321
2890003322
2890003323
2890003324
2892000010
2892000061
2892000070
2892000100
2892000150
2892000160
2892000170
2892000210
2893100030
2893100040
2893100100
2893100110
2893100120
2893100190
2893100230
2893100240
2893120030
2893120040
2893120050
2893120070
2893120190
2893120230
2893120311
2893120330
2893120370
2893120400
2893120421
2893120432
2893120480
2893120490
2893120501
2893120550
2893120580
2893120600
2893120612
2894000080
2894000090
2894000130
2894000200
2894000270
2894000280
2894000330
2894000350
2894000360
2894000390
2894000400
2894000550
2894500030
2894500060
2894600030
2894600110
2894600120
2895000010
2895000011
2895000020
2895000030
2895000050
2895000150
2895000160
2895000322
2895000340
2895000360
2895000391
2895000510
2895000551
2895000581
2895000801
2895000840
2895001040
2895001140
2895001180
2895001190
2895001200
2895001230
2895001240
2895001290
2895001300
2895001330
2895001350
2895001360
2895001370
2895001380
2895001401
2895001480
2895001500
2895001542
2895001543
2895001552
2895001571
2895001591
2895001601
2895001610
2895001620
2895001630
2895001681
2900000090
2900000100
2900000120
2900000160
2900000170
2900000210
2900000230
2900000260
2905000010
2905000093
2905000130
2905000190
2905200010
2905200023
2905200024
2905200033
2905200034
2905200080
2910000061
2910000112
2910000240
2910000251
2910000260
2910000341
2910000391
2910000392
2910000410
2910000550
2910000600
2910000610
2910000630
2910000640
2910000690
2910000710
2910000723
2910000730
2915000020
2915000030
2915000041
2915000042
2915000062
2915000090
2915000110
2915000130
2915000140
2915000150
2915000310
2915000450
2915000471
2917000060
2917000130
2917100060
2917100100
2917100180
2917100220
2917100270
2917100281
2917100283
2917100320
2917100360
2917100370
2917100380
2917100430
2917100460
2917500080
2917500121
2917500170
2917500180
2917500250
2917500260
2917500270
2917500300
2917500310
2917500340
2917500360
2917500490
2920000010
2920000030
2920000050
2920000110
2920000190
2920000261
2925000010
2925000020
2925000030
2925000080
2925000130
2925000140
2925000151
2925000152
2925000160
2925000170
2925000210
2925000220
2925000240
2925000250
2925000272
2925000340
2925000390
2925000400
2925000421
2925000440
2925000470
2925000480
2925000490
2925000500
2925000542
2925000551
2925000552
2925000560
2925000570
2925000580
2925000600
2930000111
2930000112
2930000201
2930000294
2930000296
2930000336
2930000343
2930000352
2930000375
2930000425
2935000070
2935000110
2935200110
2940000060
2940000070
2940000141
2940000160
2940000170
2940000180
2940000190
2945000060
2945000080
2945500060
2946000080
2946000100
2946000120
2946000160
2946000270
2947000010
2947000080
2947000131
2947000261
2947000460
2947000500
2947000570
2947000632
2947000650
2947000660
2947000670
2947000680
2947000700
2947000760
2947000843
2947001010
2947001060
2947001070
2947001090
2947001120
2947001140
2947001280
2947001290
2947001320
2947001350
2947001360
2947001420
2947001450
2947001460
2947001510
2947001532
2947001533
2947001571
2947001630
2947001650
2947001701
2947001740
2947001760
2947001801
2947001820
2947001850
2947002191
2947002430
2947002522
2947002523
2947002550
2947002640
2947002690
2947002750
2947002820
2947002851
2947200080
2947200120
2947200190
2947200200
2947200270
2947200340
2947200370
2947200400
2947200410
2947200500
2947200550
2947200560
2947200600
2947200630
2947200640
2947200760
2947200770
2947200811
2947200840
2947200880
2947200950
2947201082
2950000014
2950000030
2950000050
2950000080
2950000110
2950000130
2950000140
2950000171
2950000181
2950000212
2950000232
2950000350
2950000380
2950000400
2950000460
2955000010
2955000080
2955000120
2955000161
2955000290
2955500010
2955500040
2955500060
2955500080
2955500110
2955500120
2955520050
2955520060
2955520090
2955520140
2955520240
2955520320
2955520330
2955520350
2955520440
2955520480
2955530030
2955530180
2955530270
2955530280
2955530330
2955530360
2955530370
2955530420
2955530440
2955530500
2955530520
2955530610
2955540030
2955540040
2955540070
2955550070
2955550280
2955550310
2955560150
2955560180
2955560270
2955560310
2960000010
2960000020
2960000040
2960000130
2960000163
2960000180
2960000200
2960000210
2960000220
2960000240
2960000260
2960000270
2960000271
2960000360
2965000010
2965000120
2965000132
2965000140
2965000180
2965000193
2965000203
2965000204
2965000206
2965000210
2965000251
2965000274
2965000276
2965000277
2965000330
2965000432
2965000550
2965000570
2965000610
2965000620
2965000630
2965000640
2965000650
2965000660
2965000670
2965000680
2965000690
2965000700
2965000710
2965000720
2965000730
2970000017
2970000018
2970000019
2970000023
2970000031
2970000035
2970000046
2970000047
2970000049
2970000050
2975000030
2975000040
2975000110
2975000160
2975000200
2975000220
2975000301
2975000320
2975000392
2975000410
2975000503
2975000530
2975000560
2975000572
2975000580
2975000620
2975000670
2975000740
2975000750
2975000781
2975000790
2975000840
2975000870
2978010050
2978010070
2978010090
2978010100
2978010110
2978010150
2978010160
2978010221
2978010230
2978010240
2978020080
2978020090
2978020100
2978020110
2978020130
2978020150
2978020170
2978020180
2978020200
2978020230
2978020290
2978020330
2978020350
2978020430
2978020440
2979000010
2979000050
2979000060
2979000070
2979000120
2979000140
2979000150
2979000161
2979000180
2979000190
2979000210
2979000240
2979500040
2979500120
2979500130
2979500150
2979700030
2979700040
2979700120
2979800050
2979800160
2979800180
2979800260
2980000011
2980000191
2980000201
2980000232
2980000271
2980000551
2980000580
2980000691
2985000172
2987000030
2989500020
2990000010
2990000020
2990000030
2990000041
2990000050
2990000060
2990000080
2990000100
2990000110
2990000120
2990000130
2990000230
2990000240
2990000280
2990000290
2990000320
2990000390
2990000420
2990000442
2990000513
2990000522
2990000531
2990000540
2990000550
2990000581
2990000601
2990000610
2990000630
2990000640
2990000650
2990000660
2990000670
2990000690
2990000711
2990000715
2990000820
2990000981
2990000994
2990001004
2990001005
2990001023
2990001041
2990001042
2990001050
2990001111
2990001112
2990001141
2990001142
2990001143
2990001144
2990001150
2990001160
2990001220
2990001250
2990001253
2990001290
2990001300
2990001350
2990001382
2990001421
2990001432
2990001451
2990001460
2990001500
2990001517
2990001530
2990001561
2990001563
2990001600
2990001625
2990001630
2990001672
2990001681
2990001691
2990001710
2990001720
2990001770
2990001780
2990001810
2990001812
2990001813
2990001830
2990001840
2990001850
2990001890
2990001904
2990001905
2990001906
2990001917
2990001994
2990001998
2990002071
2990002072
2990002091
2990002101
2990002102
2990002103
2990002151
2990002163
2990002169
2990002170
2990002181
2990002232
2990002234
2990002251
2990002252
2990500040
2990500090
2990500160
2990500210
2990500290
2990500420
2990500490
2990500520
2992010020
2992010060
2992010110
2992010120
2992010150
2992010210
2992010270
2992010320
2992010330
2992010360
2992010400
2992010470
2992010500
2992010510
2992020030
2992020070
2992020140
2992020220
2992020240
2992020270
2992020300
2992020360
2992020400
2992020410
2992020420
2992020440
2992020450
2992030010
2992030070
2992030080
2992030090
2992040050
2992040100
2992040150
2992040180
2992040220
2992050040
2992050080
2992050090
2992050150
2992050170
2992050180
2992050190
2992050210
2992050220
2992050270
2992050300
2992050310
2992060020
2992060030
2992060050
2992060160
2992060200
2992060260
2992060270
2992060290
2992060310
2992070020
2992070040
2992070050
2992070070
2992070080
2992070150
2992070220
2992070260
2992070330
2995000030
2995000041
2995000070
2995000082
2995000140
2995000153
2995000155
2995000156
2995000212
2995000329
2995100090
2995100100
2995100110
2995100130
2995100150
2995100170
2995100200
2995200010
2995200040
2995200050
2995200100
2995200140
2995200210
2995200240
2995200250
2995200260
2995300070
2995300130
2995300200
2995300230
2995300280
2995300320
2995400010
2995400020
2995400040
2995400050
2995400070
2995400110
2995400130
2995400150
2995400180
2995400211
2995400280
2995400320
2995400380
2995700030
2995700050
2995800020
2995800090
2995800100
3000000030
3000000100
3000010050
3000010070
3000010120
3000010130
3000010140
3000020020
3000020040
3000020050
3000020090
3000030040
3000030050
3000030080
3000030500
3000030540
3000030570
3000030580
3000030590
3000030730
3000030740
3000030750
3000030760
3000040190
3000050010
3000050020
3000050110
3000050160
3000050360
3000050370
3000060200
3000060210
3000070040
3000070300
3000070310
3000070320
3000070330
3000070340
3000080130
3000080140
3000080190
3000080200
3000090120
3000090130
3000090160
3000090180
3000100010
3000100100
3000100220
3000120040
3000120180
3000120190
3000120270
3000120310
3000120330
3000130290
3000140010
3000140090
3000140120
3000140150
3000140200
3000140210
3000140781
3000140790
3000150280
3000160090
3000170030
3000170190
3000180111
3000180131
3000180150
3000180170
3000180190
3000180230
3000180260
3000190560
3000200100
3000200110
3000200120
3000200140
3000200480
3000200530
3000200560
3000200650
3000200660
3000200670
3000200680
3000200701
3000200711
3000210060
3000210100
3000230351
3000230371
3000230570
3000230580
3000240060
3000240080
3000240120
3000260530
3000260560
3000260570
3000260620
3000260660
3000260800
3000260810
3000260820
3000260830
3000270011
3000270061
3000290240
3000290250
3000290260
3000300010
3000300020
3000310071
3000310081
3000320140
3000330190
3000330290
3000340230
3000340340
3000340380
3000340400
3000340410
3000340500
3000340510
3000350230
3000350330
3000350340
3000360120
3000370310
3000370320
3000370330
3000380710
3000380720
3000380730
3000390283
3000390451
3000400120
3000410660
3000410670
3000410680
3000420240
3000420260
3000430170
3000430180
3000430190
3000430200
3000430210
3000440090
3000440100
3000450940
3000450950
3000450960
3000460100
3000470041
3000470090
3000470110
3000470120
3000480270
3000490210
3000500011
3000500051
3000500090
3000500111
3000510150
3000510160
3000510170
3000510180
3000520510
3000540240
3000540250
3000540260
3000550151
3000550170
3000560190
3000570120
3000580590
3000580600
3000580610
3000580620
3000580630
3000580640
3000580650
3000580660
3000590110
3000600830
3000600841
3000600860
3000600870
3000610930
3000610940
3000610950
3000610960
3000620031
3000620080
3000630190
3000640011
3000640100
3000640110
3000650090
3000661310
3000661320
3000661330
3000661340
3000661350
3000661360
3000661371
3000670340
3000680430
3000690520
3000700180
3000700190
3000710170
3000720220
3000731170
3000731190
3000731200
3000731210
3000750870
3000750880
3000760230
3000760241
3000760250
3000780480
3000780490
3000790920
3000790930
3000790940
3000790951
3000790961
3000790972
3000790981
3000790991
3000791010
3000791020
3000810041
3000810066
3000820791
3000820801
3000820811
3000820821
3000820840
3000820850
3000820860
3000830480
3000830490
3000840380
3000840390
3000850580
3000850590
3000860110
3000870300
3000870310
3000890111
3000890112
3000890140
3000900090
3000900100
3000910440
3000910470
3000920700
3000920710
3000930810
3000930820
3000940110
3000950180
3000970371
3000970380
3000970390
3000980200
3000990770
3000990780
3000990790
3000990811
3000990831
3000990841
3000990850
3000990860
3000990870
3000990880
3000990890
3001000071
3001000091
3001000101
3001000110
3001000120
3001000130
3001010120
3001010520
3001010530
3001010540
3001020750
3001020760
3001020770
3001020780
3001020790
3001020800
3001020820
3001030560
3001030570
3001030580
3001040410
3001040420
3001040430
3001040440
3001040450
3001040460
3001040470
3001040480
3001050950
3001050960
3001050970
3001050980
3001050990
3001051000
3001061610
3001061620
3001061630
3001070010
3001070020
3001070050
3001080220
3001091120
3001091130
3001091140
3001091150
3001091170
3001091182
3001091183
3001091184
3001091186
3001091187
3001091190
3001100820
3001100830
3001100840
3001100850
3001100860
3001100870
3001100880
3001100890
3001100900
3001100910
3001120250
3001130330
3001130340
3001140010
3001140020
3001140030
3001140040
3001150240
3001160370
3001160380
3001171190
3001171200
3001171210
3001171220
3001171230
3001171260
3001171270
3001171280
3001180630
3001180640
3001180650
3001180660
3001180670
3001190031
3001190060
3001190100
3001200040
3001210110
3001210130
3001220140
3001230140
3001240410
3001250180
3001260140
3001270190
3001280290
3001290170
3001300010
3001300020
3001300030
3001310110
3001340010
3001340020
3001340030
3001340040
3001340050
3001340060
3001340070
3001340080
3001340090
3001340100
3001340110
3001340120
3001340130
3001340140
3001340150
3001340160
3001340170
3001340180
3001340190
3001340200
3001340210
3001340220
3001340230
3001340240
3001340250
3001340260
3001340270
3001340280
3001340290
3001340300
3001340310
3001340320
3001340330
3001340340
3001340350
3001340360
3001340370
3001340380
3001340390
3001340400
3001340410
3001340420
3001340430
3001340440
3001340450
3001340460
3001340470
3001340480
3001340490
3001340500
3001340510
3001340520
3001340530
3001340540
3001340550
3001340560
3001340570
3003000010
3003000020
3003000040
3003000130
3003000140
3003000150
3003000190
3003000210
3003000330
3003000340
3003000350
3003000360
3003000370
3005000021
3005000040
3005000055
3005000056
3005000120
3005000141
3005000151
3005100031
3005100050
3008000030
3008000090
3008020130
3008030060
3020000034
3020200011
3020200012
3020200020
3020200030
3025000100
3030000041
3030000051
3030000110
3030000130
3030000230
3030000290
3030200010
3030200060
3030200070
3030200080
3030200090
3030200100
3030200110
3030200120
3030200180
3030200200
3030200220
3030200240
3030200250
3035000012
3035000014
3035000020
3035000081
3035000110
3035000150
3035000181
3035000210
3035000250
3035000272
3035000301
3035000302
3035000351
3035000352
3035000381
3035000382
3035000431
3035000434
3035000471
3035000472
3035000501
3035000510
3035000520
3035000530
3035000571
3035000580
3037000010
3037000030
3037000080
3037000110
3037000140
3037000163
3037000222
3037000270
3037000360
3037000370
3037000380
3037000390
3037000400
3037000410
3037000420
3037000470
3037000490
3037000500
3037000510
3037000550
3037000560
3037000590
3037000760
3037000810
3037000930
3037000980
3037001000
3037001010
3037001020
3037001060
3037001160
3037001190
3037001310
3037001330
3037001380
3037001470
3037001500
3037001540
3037001560
3037001570
3037001580
3037001600
3037001610
3037001620
3037001730
3037001831
3037001832
3037001911
3037001930
3037001940
3037001990
3037002020
3037002060
3037200012
3037200030
3037200052
3037200130
3037200190
3037200210
3037200230
3037200510
3037200530
3037200620
3037200630
3037200700
3037200730
3037200800
3037200830
3037200840
3037200850
3037200860
3037200871
3037200920
3037200940
3037200950
3037200970
3037201032
3037201110
3037201140
3037201150
3037201340
3037201390
3037201400
3037201410
3037201430
3037201440
3037201550
3041000091
3041000092
3045000080
3045000101
3045000150
3047000010
3047000030
3047000080
3047000090
3047000290
3048500180
3048500210
3048500250
3048500330
3048500350
3048500450
3048500500
3048500510
3050000010
3050000020
3050000030
3050000050
3050500030
3050500060
3050500080
3050500090
3050500115
3050500116
3055000013
3055000070
3055000080
3055000101
3055000161
3055000201
3055000220
3055000260
3055000290
3055000300
3055000353
3055000360
3055000373
3055000390
3055000410
3055000423
3055000501
3055000521
3055000522
3055000530
3055000540
3055000551
3055000573
3055000574
3055000600
3055000660
3055000680
3055000690
3055000743
3055000750
3055000771
3055000783
3055000830
3055000910
3055000970
3055001011
3055001030
3055001040
3055001062
3055001064
3055001071
3055500020
3055500050
3055500120
3055500130
3055500140
3055500220
3055500280
3060000040
3065000050
3065000120
3065000140
3065000160
3065000200
3065000230
3065000290
3065000360
3065000410
3065000430
3065000450
3065000550
3065000560
3065000570
3065000590
3065000600
3065000620
3065200010
3065200020
3065200030
3065200040
3065200050
3065200070
3065200090
3065200172
3065200180
3065200200
3065200310
3065200360
3065200380
3065200390
3065200440
3065200460
3065200470
3065200490
3065200520
3065200600
3065200610
3065200650
3065200660
3065200670
3065200680
3073000010
3073000050
3073000060
3073000120
3073000150
3073000160
3073000190
3075000030
3075000110
3075000170
3075000200
3075000210
3075000230
3080000050
3080000070
3080000201
3080000210
3085000020
3085000030
3085000090
3085000110
3085000280
3085000300
3085000333
3085000370
3085000410
3085000450
3085000560
3085000570
3085000590
3085000600
3085000610
3085000621
3085000622
3085000650
3085000700
3085000820
3085000910
3085000990
3085001050
3085001060
3085001071
3085001081
3085001131
3085001141
3085001165
3085001190
3085001210
3085001220
3085001240
3085001280
3085001300
3085001321
3085001400
3085001490
3085001504
3085001510
3085001520
3085001580
3085001620
3085001640
3085001650
3085001670
3085001692
3085001700
3085001710
3085001750
3085001810
3085001910
3085002000
3085002050
3085002120
3085002300
3085002310
3085002320
3085002330
3085002340
3085002350
3085002360
3085002400
3085002410
3085002420
3085002431
3090000012
3090000060
3090000070
3095000060
3095000110
3095000120
3095000130
3095000190
3095000241
3095100016
3095100017
3095100018
3095100120
3095100160
3095100220
3097000010
3097000020
3097000030
3097000040
3097000060
3097000090
3097000100
3097000110
3097000190
3097000200
3097000210
3097000260
3097000280
3097000300
3097000311
3097000312
3097000320
3100000010
3100000070
3100000140
3100000150
3100000330
3100000410
3100000440
3100000520
3100000600
3100000620
3100000760
3100000790
3100000820
3100000850
3100000860
3100000970
3100001050
3100001070
3100001110
3100001120
3100001132
3100001180
3100001223
3100001272
3100001301
3100001312
3100001313
3100001320
3100001380
3100001460
3100001471
3100001472
3100001490
3100001553
3100001560
3100001591
3100001630
3100001800
3100001830
3100001900
3100001910
3100002124
3100002163
3100002300
3100002420
3100002460
3100002470
3100002500
3100002560
3100002610
3100002630
3100002640
3100002760
3100002790
3100002800
3100002930
3100002970
3100003020
3100003030
3100003070
3100003080
3100003090
3100003100
3100003120
3100003141
3100003161
3100003170
3100003210
3100003220
3100003240
3100003280
3100003290
3100003300
3100003333
3100003351
3100003380
3100003437
3100003440
3100003450
3100003461
3100003462
3100003481
3100003511
3100003540
3100003550
3100003570
3100003580
3100003590
3100003600
3100003610
3100003651
3100003652
3100003660
3100003680
3100003700
3100003712
3100003713
3100003780
3100003820
3100003840
3100003850
3105000130
3105000150
3105000220
3105000240
3105000280
3105000340
3105000360
3109000360
3109000430
3109000540
3110000010
3110000072
3110000081
3110000090
3110000100
3115000031
3115000033
3115000041
3115000060
3115000070
3115000080
3115000091
3115000101
3115000102
3115000160
3116000301
3120000020
3120000030
3120000080
3120000090
3120000130
3120000141
3125000110
3125000120
3125000170
3125000190
3125000250
3125000270
3125000300
3125000410
3125000470
3125000480
3127000060
3127000080
3127000120
3127000140
3130000021
3130000022
3130000023
3130000024
3130000025
3130000026
3130000027
3130000028
3130000029
3130000030
3130000031
3130000050
3130000061
3130000062
3130000070
3130000080
3130000091
3130000101
3130000104
3130000105
3130000106
3130000107
3130000108
3130000112
3130000150
3130000241
3130000242
3130000270
3130000280
3130000290
3130000340
3130000350
3130000380
3130000390
3130000400
3130000410
3130000420
3130000480
3130000560
3130000581
3130000592
3130000611
3130000631
3130000671
3130000672
3135000030
3135000080
3135000150
3136000011
3136000030
3136000071
3136000090
3137000023
3137000030
3137000040
3137000050
3137000060
3137000080
3140000040
3140000060
3140000070
3140000080
3140000100
3140000140
3140000150
3140000200
3140210022
3140210024
3140210035
3140210180
3140210210
3140210220
3140210240
3140210390
3140210400
3145000080
3150000060
3150000070
3150000120
3150200020
3155000010
3155000020
3155000080
3155000110
3155000120
3155000150
3155000220
3155000260
3155000280
3155700100
3155700130
3156000010
3156000020
3156000101
3156000120
3156000200
3156000211
3156000212
3156000220
3156000310
3156000350
3156000361
3156000440
3156000560
3156000701
3156000710
3156001151
3156001191
3156001280
3156001290
3160000010
3160000020
3160000032
3160000070
3160000101
3160000121
3160000131
3160000231
3160000236
3160000260
3160000302
3160000316
3160000317
3160000353
3160000358
3160000363
3160000365
3160000368
3160000441
3160000461
3160000490
3161000030
3161000052
3161000060
3161000080
3161000110
3161000130
3161000190
3161000200
3161000210
3161000250
3161000270
3161000320
3161000340
3161000380
3162000010
3162000047
3162000080
3162000130
3162000180
3162000200
3162000210
3162000250
3162500050
3162500100
3162500110
3163500020
3165000030
3165310010
3165310030
3165310040
3165310070
3165310120
3165310210
3165310230
3165310260
3165310270
3165310280
3165310340
3165320020
3165320040
3165320090
3165320100
3165320130
3165320170
3165320190
3165320200
3165320240
3165320270
3165320310
3165320340
3165320350
3165320380
3165320400
3165320420
3165320430
3165320440
3165320450
3165320490
3165320530
3165320550
3165320580
3165320620
3165320640
3165320660
3165320730
3165320790
3165320810
3165320820
3165320850
3165320880
3165320890
3165320910
3165320970
3165320980
3165321010
3165321050
3165321090
3165321110
3165321160
3165321180
3165321200
3165321210
3165330040
3165330070
3165340020
3165340070
3165340080
3165340100
3165340110
3165340120
3165340130
3165340150
3165340230
3165340240
3165340260
3165340270
3165340280
3165340330
3165350020
3165350040
3165350050
3165350070
3165350100
3165350120
3165350200
3165350210
3165350220
3165350290
3165350300
3165350321
3165350380
3165350390
3165350400
3165750030
3165750040
3165750070
3165750090
3165750130
3165750190
3165750260
3165750300
3165750330
3166000051
3166000052
3166000070
3166000090
3170000010
3170000030
3170000081
3170000110
3170000120
3170000130
3170000160
3170000230
3170000240
3170000250
3175000023
3175000050
3175000111
3175000160
3175000261
3175000291
3175000320
3175000501
3175000510
3175000521
3175000662
3175000670
3175000701
3175000702
3175000853
3175001000
3175001135
3175001201
3175001231
3175200040
3175200110
3175200120
3176000010
3176000090
3176000100
3176000110
3176000120
3185000042
3185000062
3185000071
3185000082
3190000010
3195000031
3195000112
3200000060
3200000110
3200000120
3200000150
3200000171
3200000172
3200000212
3200000213
3200000230
3200000300
3200000350
3200000411
3201000021
3201000060
3201000080
3205000030
3205000040
3215000013
3215000014
3215000030
3215000041
3215000100
3217000030
3217000040
3217000050
3217000070
3217000100
3217000130
3217000140
3217000150
3217000180
3217000230
3217000250
3217000280
3217000300
3217000310
3217000340
3217000350
3217000360
3217000370
3217000391
3217000393
3217000404
3217020030
3217020060
3217020070
3217020140
3217020210
3217020270
3217020290
3217020320
3217030030
3217030060
3217030090
3217030150
3217030180
3217030250
3217030300
3217030320
3217030330
3217030360
3217030380
3220000010
3220000020
3220000040
3220000060
3220000070
3220000080
3222000020
3222000040
3225000040
3225000060
3225000220
3225000250
3225000280
3225000300
3225000430
3225000440
3225000460
3225000470
3225000510
3225000521
3225000522
3225000560
3225000570
3225000790
3225000800
3225000810
3225000820
3225000860
3225000870
3225000900
3225000950
3225000960
3225000980
3225001030
3225001060
3225001080
3225001110
3225001141
3225001142
3225001174
3225001190
3225001210
3225001230
3225001270
3230000012
3230000090
3230000101
3230000120
3230000130
3230000140
3230000193
3230000221
3230000250
3230000271
3230000300
3230000310
3235000030
3235000080
3235000180
3235000190
3235000200
3235000230
3235000240
3235000260
3235000290
3235000440
3237000020
3237000030
3237000040
3240000040
3240000060
3240000100
3240000124
3240000126
3240000132
3240000150
3240000160
3240000210
3240000220
3240000230
3240000251
3240000334
3240000371
3240000380
3240000392
3240000400
3240000410
3240000420
3240000430
3245000032
3245000210
3245000220
3245000250
3245000280
3245000300
3245000320
3245000490
3245000770
3245000780
3245000840
3245000860
3245000900
3245001000
3245001030
3245001070
3245001160
3245001180
3245001200
3245001220
3245001230
3245001260
3245001330
3245001540
3245001610
3245001620
3245001650
3245001660
3245001670
3245001720
3245001770
3245001801
3245001980
3245002060
3245002090
3245002110
3245002220
3245002250
3245002300
3245002591
3245002700
3245002710
3245002830
3245002840
3245002870
3245002880
3245002920
3245002980
3245003020
3245003260
3245003290
3245003370
3245003450
3245003470
3245003480
3245003550
3245003670
3245003680
3245003700
3245003720
3245003750
3245003760
3245003780
3245003800
3245003830
3245003850
3245003890
3245003920
3245003930
3245003980
3245003990
3245004060
3245004070
3245004150
3245004161
3245004162
3245004181
3245004300
3245004310
3245004351
3245004410
3245004490
3245004550
3245004610
3245004650
3245004770
3245004830
3245004921
3245004942
3245005080
3245005100
3245005120
3245005130
3245005160
3245005190
3245005310
3245005321
3245005420
3245005530
3245005550
3245005560
3245005580
3245005600
3245005641
3245005670
3245005772
3245005870
3245006020
3245006050
3245006051
3245006130
3245006142
3245006180
3245006200
3245006250
3245006310
3245006440
3245006500
3245006530
3245006560
3245006780
3245006800
3245006860
3245006880
3245006930
3245006970
3245006980
3245007041
3245007050
3245007070
3245007090
3245007140
3245007161
3245007300
3245007321
3245007322
3245007330
3245007350
3245007372
3245007380
3245007400
3245007510
3245007560
3245007610
3245007703
3245007720
3245007810
3245007820
3245007960
3245008070
3245008080
3245008141
3249000050
3249000120
3249000160
3249000230
3250000011
3250000024
3250000040
3250000161
3250000190
3250000332
3255000010
3255000032
3255000033
3256000041
3256000080
3256000150
3256000160
3256510020
3256510060
3256510080
3256510100
3256510150
3256510190
3256520010
3256520030
3256520060
3256520110
3256520170
3256520220
3256530030
3256530040
3256530060
3256530090
3256530160
3256540010
3256540020
3256540040
3256540060
3256540080
3256540210
3256800020
3256800050
3256800090
3256800100
3256800110
3256800120
3256800140
3256800210
3256800240
3256800250
3257000010
3257000030
3257000100
3257000180
3259010030
3259010062
3259010080
3259010110
3260000010
3260000030
3260000090
3260000130
3260000160
3260200030
3260200040
3260200120
3260500010
3260500110
3260500190
3260500270
3260500340
3260500390
3260500460
3260700070
3260700090
3260700110
3260800010
3260800040
3260800090
3260800100
3260800110
3260800120
3260800140
3261000061
3261000091
3261000101
3261000110
3263000010
3263000030
3263000140
3265000020
3265500030
3265500050
3266000060
3266000070
3267000020
3270000061
3270000072
3270000080
3270000093
3270000160
3275000030
3275000040
3275000150
3275000230
3276010160
3276010170
3276010230
3276010351
3276010360
3276010370
3276010381
3276020010
3276020030
3276020060
3276020070
3276020080
3276020090
3276020110
3276020140
3276020150
3276020170
3276020200
3276020210
3276020220
3277000040
3278100020
3280000033
3280000110
3280000120
3280000140
3285000030
3285000060
3285000070
3285000080
3285000110
3285000130
3285200010
3290000022
3290000031
3290000053
3290000105
3290000107
3290000108
3290000140
3290000161
3290000171
3290000180
3290000190
3290000200
3290000210
3290000220
3290000310
3290000321
3290000322
3290000400
3290000410
3290000431
3290000480
3290000491
3290000492
3290000500
3290000510
3290000520
3290000550
3290000560
3290000570
3290000650
3290000680
3290000742
3290000743
3290000791
3290000802
3290000810
3290000841
3290000842
3295000050
3295000070
3295000140
3295000150
3295000160
3295000250
3295000280
3295000361
3295000400
3295000442
3295000446
3295000451
3300000010
3300000020
3300000170
3300000180
3300000190
3300000200
3300000280
3302000030
3302000040
3302000071
3302000110
3302000120
3302000140
3302000160
3302000180
3302000222
3302000270
3305000050
3305000120
3305000130
3305000140
3305000250
3305000260
3305000380
3305000390
3305000410
3305000520
3305000550
3305200040
3305200050
3305200090
3305200140
3305200160
3305200170
3305200180
3305200190
3305200250
3305200360
3305220590
3305220650
3305220700
3305220710
3305220780
3305220800
3305220820
3305220870
3305240041
3305240071
3305240081
3305240101
3305240141
3305240151
3305240161
3305240181
3305240401
3305240411
3308000040
3308000080
3308000090
3308000160
3308000190
3308000250
3308000270
3310000010
3310000060
3310000070
3310000110
3310000130
3310000140
3315000020
3315000030
3315000040
3315000050
3315000060
3315000143
3315000171
3317000030
3317000040
3317000060
3317000070
3317000100
3317000120
3317000140
3317000160
3317000180
3317000220
3318000041
3318000070
3320000010
3320000062
3320000130
3320000183
3320000220
3320000250
3325000020
3325000060
3325200010
3325200020
3325200050
3325200100
3325200160
3328000080
3328000220
3328000230
3328000240
3330000011
3330000070
3330000080
3330000090
3330000100
3330000111
3330000202
3330000220
3334500041
3334600050
3334600070
3334600130
3334600170
3334600230
3335000040
3335000051
3335000150
3335000163
3335000192
3340000030
3340000080
3340000100
3340000150
3340000170
3340000180
3340000260
3340000300
3340000330
3340000370
3340000410
3340000430
3340000440
3340000470
3340000510
3340000550
3340000580
3340000600
3340000630
3340000640
3340200020
3340200030
3340200040
3340200090
3340200100
3340200150
3340200160
3340200200
3340200210
3340200250
3340200290
3340200300
3340200360
3340200370
3340200380
3340200400
3340200410
3340200460
3340200480
3340200510
3340200520
3340200550
3340200560
3340300040
3340300100
3340300140
3340300270
3340300300
3340300350
3340300360
3340300370
3340300400
3340300410
3344000010
3344000050
3344000060
3344000130
3344000290
3344000340
3344000360
3344000390
3344000400
3344000460
3344000470
3344000520
3344000540
3344000600
3344000640
3345000050
3345000250
3345000300
3345200010
3345200080
3345200140
3350000040
3350000060
3350000070
3350000090
3350000100
3350000120
3350000140
3350000150
3350000171
3350000180
3350000200
3350000210
3350000230
3350000240
3350000300
3350000360
3350000391
3352000070
3352000120
3352000160
3352000280
3352000290
3352000310
3352000320
3354000030
3354000110
3354000130
3355000020
3355000040
3355000070
3355000090
3355000113
3355000143
3355000144
3355000170
3355000210
3355000224
3355000231
3355000251
3355000270
3355000281
3355000301
3355000350
3355000360
3355000370
3355000390
3355000501
3355000502
3355000503
3355000542
3355000693
3355000694
3355000695
3355000742
3355000785
3355000786
3355000803
3355000813
3355000814
3355000815
3355000850
3355000891
3355000931
3355000940
3355000991
3355001040
3355001072
3355001081
3355001082
3355001100
3355001131
3355001141
3355001160
3356000050
3356000150
3356000180
3356000200
3356000230
3356000280
3356000290
3360000100
3360000110
3360000120
3360000140
3360000170
3360000230
3360000240
3360000250
3360000310
3360000330
3360000340
3360000360
3360000380
3360000400
3360000430
3360000440
3360000470
3360000480
3360000490
3360020150
3360020170
3360020180
3360020200
3360020210
3360030020
3360030053
3360030061
3360030074
3360040010
3360040082
3360040130
3360040160
3360040220
3360040230
3360040300
3360040310
3360040360
3360040390
3360040400
3360040440
3360040500
3360040510
3360040600
3360040692
3360040700
3360040730
3360040750
3360040821
3360040890
3360040910
3360040920
3360040940
3360040980
3360041020
3360041090
3360041141
3360041220
3360041230
3360041360
3360041404
3360050030
3360050140
3360050240
3360050260
3360050290
3360050300
3360050310
3360050330
3360050350
3360050360
3360050430
3360050450
3360050490
3360050530
3360050560
3360050650
3360050670
3360050680
3360050700
3360050710
3360050760
3360050800
3360050810
3360090040
3360090120
3360090200
3360090210
3365000020
3365000030
3365000050
3365000060
3365000062
3365000071
3365000072
3365000081
3365000093
3365000094
3365100010
3365200030
3365200072
3365200103
3365200130
3365200160
3365200191
3365200210
3365200251
3365200253
3365200257
3365200258
3365200284
3365200292
3365200293
3365200313
3365200335
3365200372
3365200394
3365200397
3365200402
3365200430
3365200451
3365200462
3365200480
3365200491
3365200492
3365200520
3365200530
3365300011
3365300047
3365300080
3365300090
3365300120
3365300160
3365300180
3365300190
3370000080
3370000100
3370000120
3370000130
3370000170
3370000260
3370000290
3370000330
3375000030
3375000060
3375000070
3375000090
3375000190
3375000210
3375000220
3375000230
3375000240
3375000260
3375000300
3375000324
3375000325
3375000400
3375000570
3375000712
3375000770
3375000890
3375000920
3375000960
3375000990
3381000041
3381000061
3381000101
3381000121
3381000141
3381000231
3381000241
3381500020
3381500080
3381500140
3381500160
3382000021
3382000093
3382000121
3382000221
3383000010
3383000100
3383000150
3383000180
3383000210
3383000270
3383000280
3385000091
3385000092
3385000100
3385000140
3385000160
3385000170
3385000190
3385000200
3385000210
3385000240
3390000010
3390000022
3390000030
3390000040
3390000081
3390000091
3390000180
3390000270
3390000280
3390000290
3390000300
3390000320
3390000330
3390000410
3390000430
3390000440
3390000630
3390200018
3390200020
3390200080
3390200125
3390200142
3390200153
3390200171
3390200173
3390200174
3390200180
3390200200
3390200220
3390200236
3390200411
3390200412
3390200431
3390200450
3390200480
3390200490
3390200532
3390200544
3390200545
3390200661
3390200690
3390200701
3390200731
3390200741
3395000014
3395000015
3395000016
3395000090
3395000110
3395000210
3400000030
3400000070
3400000110
3400000130
3400000163
3400000166
3400000220
3400000260
3400000321
3400000330
3400000340
3400000370
3400000382
3400000401
3405000010
3405000030
3405000050
3405000110
3405000120
3405000140
3405000210
3405000240
3405000250
3407000200
3407000280
3407000291
3407000292
3409500050
3409500080
3409500150
3409500200
3409500260
3409500290
3409500510
3409500540
3409500640
3409500760
3409500780
3409500790
3409500820
3409500850
3409500880
3409501050
3409501130
3409501150
3410000014
3410000015
3410000040
3410000061
3410000101
3410000120
3415000020
3415000031
3415000050
3415000091
3415000100
3415000180
3415000281
3415000311
3415000350
3415000370
3415000391
3415000392
3415000400
3415000410
3415000420
3415000430
3415000431
3415000440
3415000450
3415000510
3415000540
3415000640
3415000650
3415000691
3415000840
3415000850
3415000910
3415000930
3415000940
3415000950
3415001030
3415001040
3415001090
3415001100
3415001130
3415001140
3415001170
3415001210
3415001251
3415001260
3415001270
3415001360
3415001380
3415001400
3415001440
3415001451
3415001480
3415001500
3415001510
3415001520
3415001561
3415001590
3415001610
3415001733
3416000040
3416000080
3417000050
3422000010
3422000070
3423000031
3423000050
3423000060
3423000090
3423000100
3423000110
3423000200
3423000210
3423000261
3425000020
3425000070
3425000090
3425000110
3425000120
3425000150
3425000180
3425000250
3425000321
3425000380
3425000400
3425000441
3425000450
3425000460
3425000470
3425000490
3425000590
3425000631
3425000633
3425000650
3425000680
3425000700
3425000740
3425000772
3425000800
3425000821
3425000860
3425000900
3425000910
3425000970
3425000980
3425000990
3425001020
3425001040
3425001060
3425001072
3425001080
3425001090
3425001140
3425001281
3425001310
3425001331
3425001460
3425001480
3425001520
3425001530
3425001600
3430000040
3430000050
3430000090
3430000110
3430000230
3430200100
3430200240
3430200260
3430200300
3430200311
3430200341
3430600012
3430600041
3431000040
3431000050
3431000060
3431000080
3431000120
3431000150
3431000160
3431000220
3431000260
3431000270
3431000300
3431000310
3431000330
3431000350
3431000390
3431000420
3431000440
3435000060
3435000070
3435000080
3435000090
3440000010
3440000070
3440000080
3440000160
3440000180
3440000200
3440000210
3440000250
3440000300
3440000310
3440000320
3440000370
3440000470
3440000500
3440000510
3440000530
3440000630
3440000640
3440000670
3440000680
3440000690
3440000700
3440000710
3440000720
3440000730
3440000750
3440000830
3440000930
3440000940
3440000950
3440000960
3440000990
3440001010
3440001080
3440001111
3440001140
3440001150
3440001170
3440001240
3440001270
3440001280
3440001380
3440001400
3440001410
3440001420
3440001482
3440001570
3440001620
3440001650
3440001672
3440001720
3440001731
3440001740
3440001760
3440001770
3440001780
3440001850
3440001920
3440001930
3440001940
3440002030
3440002080
3440002102
3440002103
3440002170
3440002230
3440002241
3440002300
3440002320
3440002350
3440002360
3440002370
3440002402
3440002450
3440002470
3440002540
3440002580
3440002590
3440002640
3440002660
3440002690
3440002700
3440002710
3440002770
3440002780
3440002800
3440002820
3440002880
3440002920
3440002930
3440002990
3440003083
3440003110
3440003130
3440003160
3440003170
3440003180
3440003190
3440003220
3440003230
3440003240
3440003300
3440003310
3440003340
3440003350
3440003360
3440003380
3440003390
3440003410
3440003450
3440003460
3440003482
3440003520
3440003540
3440200010
3440200020
3440200041
3440200063
3440200071
3440200190
3440200200
3440200210
3440200260
3440200290
3440200340
3440200360
3440200430
3440200471
3440200510
3440200590
3440200620
3440300020
3440300031
3440300032
3440300034
3440300053
3440300055
3440300090
3440300100
3440400070
3445000044
3445000045
3445000051
3445000070
3445000080
3445000090
3445000130
3445000190
3445500060
3445500091
3445500110
3445500120
3445500130
3445500140
3450000010
3450000060
3450000120
3450000180
3450000191
3450000192
3450000220
3450000270
3450000322
3450000350
3450000360
3450000370
3450000411
3450000431
3450000450
3450000460
3450000501
3450000512
3450000540
3450000561
3450000580
3450000590
3450000600
3450000640
3450000650
3450000670
3450000710
3450000730
3450000741
3450000770
3450000820
3450000861
3450000931
3450000943
3450000961
3450000962
3450000970
3450001002
3450001010
3450001021
3450001022
3450001030
3450001070
3450001102
3450001110
3450001151
3450001170
3450001180
3450001237
3450001242
3450001243
3450001290
3450001300
3450001321
3450001353
3450001560
3450001570
3450001590
3450001672
3450001695
3450001696
3450001702
3450001731
3450001791
3450001793
3450001832
3450001851
3450001852
3450001860
3450001881
3450001950
3450001960
3450001970
3450002000
3450002010
3450002050
3450002060
3450002071
3450002080
3450002090
3450002110
3450002150
3450002170
3450002180
3450002350
3450002370
3450002390
3450002400
3450002410
3450002451
3450002460
3450002470
3450002554
3450002560
3450002605
3450002610
3450002700
3450100010
3450100030
3452000020
3452000040
3452000090
3455000010
3455000020
3455000030
3455000040
3455000055
3455000070
3455000081
3455000090
3455000111
3455000161
3455000171
3455000191
3460000014
3460000015
3460000120
3460000180
3460000341
3460000350
3460000360
3460000370
3460000430
3460000440
3460000460
3460000621
3460000631
3460000632
3460000633
3460000634
3460000635
3460000636
3460000655
3460000661
3460000662
3460000663
3460000665
3460000666
3460000667
3460000668
3460000669
3460000672
3460000678
3460000712
3460000730
3460000750
3460000830
3460000850
3460000860
3460000870
3460000880
3460000927
3460000950
3460000960
3465000011
3465000012
3465000020
3465000031
3465000040
3470000032
3470000040
3470000080
3470000090
3470000100
3470000110
3470000120
3470000141
3470000142
3470000165
3470000166
3470000184
3470000190
3470000230
3470000242
3470000250
3470000300
3472000090
3472000100
3475000011
3475000110
3475000131
3475000140
3475000160
3475000170
3475000191
3475000250
3475000320
3475000330
3475000340
3475000410
3475000430
3475000460
3475000490
3475000500
3475000540
3475000550
3480000020
3480000050
3480000070
3480000110
3480000150
3480000192
3482000010
3482000040
3482000100
3482000140
3482000170
3482000190
3482000240
3482000250
3482000290
3482000320
3482000340
3485010011
3485010090
3485010110
3485010250
3485010352
3485010396
3485010398
3485010572
3485010573
3485010800
3485010900
3485011005
3485011033
3485011650
3485011670
3485011720
3485011911
3485011940
3485011982
3485011994
3485011995
3485012291
3485012294
3485012581
3485012585
3485012587
3485012588
3485012902
3485012905
3485012906
3485013144
3485013292
3485013294
3485013391
3485013553
3485014260
3485014360
3485014422
3485014502
3485014551
3485014701
3485014760
3485015000
3485015203
3485015262
3485015300
3485015320
3485015802
3485015872
3485015960
3485015990
3485016210
3485016250
3485016410
3485016550
3485016571
3485016593
3485016702
3485016705
3485016853
3485016854
3485017408
3485017701
3485017890
3485018051
3485018101
3485018144
3485018201
3485018205
3485018210
3485018483
3485018696
3485018702
3485018703
3485018712
3485018713
3485018715
3485018716
3486000031
3486000080
3486020020
3486020030
3495000020
3495000060
3500000010
3500000070
3500000110
3500000130
3500000290
3500000360
3500000380
3501000010
3501000030
3501000110
3504000050
3504000080
3504000090
3504000100
3504000130
3505000050
3505000060
3507000040
3507000180
3508500020
3508500100
3508500130
3508500160
3508500200
3510000014
3510000050
3510000070
3510000120
3510000191
3510000193
3510000203
3510000233
3510000252
3510000254
3514000010
3514000100
3514000150
3514000161
3514000171
3514000230
3514000280
3514300021
3514300071
3514300101
3514300111
3514300221
3514400020
3514400060
3514400090
3514400110
3514400120
3514450020
3514450070
3514450100
3514450110
3514450120
3514710040
3514710050
3514710070
3515000036
3520000030
3520000050
3520000060
3520000090
3520000100
3520000170
3520000190
3520200200
3520200222
3520200300
3522020040
3525000090
3530000020
3530000030
3530000050
3530000080
3530000090
3535000050
3535000090
3535000100
3537000040
3537000050
3537000090
3537000100
3537000120
3537000210
3537000290
3537000330
3537000360
3537000380
3537000400
3540000010
3540000021
3540000060
3540000230
3540000240
3540000310
3545000040
3545000090
3545000110
3545000120
3545000180
3545000200
3545000230
3545000250
3550000030
3550000040
3555000030
3555000060
3555000081
3555000101
3555000121
3555000141
3555000151
3555000160
3555000191
3555000202
3555000220
3555000250
3555000260
3555000355
3555000356
3555000357
3555000400
3555000431
3560000180
3560000220
3560000250
3560000261
3565000011
3565000080
3565000110
3565000120
3565000130
3565000150
3565000160
3565000170
3565000180
3565000220
3565000240
3565000250
3565000270
3565000280
3565000310
3565000320
3565000330
3565000351
3570000030
3570000060
3570000080
3570000100
3570000150
3570000171
3570000172
3570000231
3570100030
3570100100
3570100110
3570100130
3570100140
3570100150
3570100160
3570100170
3570100200
3570100210
3575000020
3575000040
3575000050
3575000060
3575000080
3575000110
3575000120
3575000170
3575000180
3575000190
3575000210
3575000220
3575000290
3575000430
3575000440
3575000450
3575000480
3575000490
3575000500
3575000530
3575000550
3575000570
3575000620
3575000660
3575000680
3575000710
3575000720
3575000740
3575000840
3575000880
3575000910
3575000990
3575001010
3575001020
3575001030
3575001050
3575001075
3575001076
3575001091
3575001120
3575001150
3575001220
3575001270
3575001280
3581000010
3581000020
3581000040
3581000110
3581000160
3581000210
3582000030
3582000050
3582000070
3582000080
3582000100
3582000140
3582000170
3582510010
3583000030
3583000100
3583000120
3583000190
3583000230
3583000270
3583000404
3583000405
3583000410
3584000010
3584000020
3584000040
3584000050
3584000060
3584000080
3584000104
3584000106
3585010020
3585010050
3585010100
3585010150
3585010160
3585010170
3585010200
3585010230
3590000160
3590000180
3595000040
3595000051
3595000052
3595000150
3595000240
3595000290
3595000330
3595000350
3600000070
3600000082
3600000110
3600000120
3600000130
3600000150
3600000160
3600000170
3600000181
3600000193
3600000200
3600100111
3600100191
3600200140
3600200210
3600200230
3600200240
3600200250
3600200300
3600200310
3600200320
3600200350
3600200420
3600200480
3600200600
3600200620
3600200660
3600200710
3600200740
3600200810
3600200900
3600200930
3600200950
3605000070
3605000080
3605000101
3605000102
3605000120
3605000150
3605000170
3605000180
3605000190
3605000230
3605000240
3605000250
3605000290
3605000370
3605000390
3605000400
3605000410
3605000430
3605000520
3605000540
3605000670
3605000690
3605000750
3605000780
3605000810
3605000820
3605000841
3605000850
3605000860
3605000890
3605000901
3605000950
3605000981
3605000982
3605000990
3605001160
3605001230
3605001290
3605001300
3605001333
3605001351
3605001360
3605001370
3605001380
3605001400
3605001410
3605001450
3605001560
3605001810
3605001840
3605001850
3605001980
3605002010
3605002020
3605002041
3605002071
3605002080
3605002111
3605002112
3605002122
3605002141
3605002142
3605002160
3605002171
3605002181
3605002191
3605002210
3605002220
3605002230
3605002240
3605002250
3605002280
3605002300
3605002310
3605002322
3605002373
3605002403
3605002410
3605002421
3605002423
3605002430
3605002460
3605002490
3605002501
3605002510
3605002522
3605002525
3605002533
3605002534
3605002535
3605002536
3605002570
3605002580
3605002601
3605002602
3605002670
3605002692
3605002722
3605002725
3605002871
3610000030
3610000150
3610000160
3610000170
3610000310
3615000013
3615000014
3615000020
3615000030
3615000091
3615000092
3615000111
3615000280
3615000290
3615000390
3615000400
3615000430
3615000461
3615200220
3615200240
3615200250
3615200260
3615200270
3615200400
3615200480
3615200530
3615200570
3615200580
3615200670
3615200710
3615200760
3615200841
3615201071
3615201110
3615201120
3615201130
3615201140
3615201160
3615201170
3615220020
3615220100
3615220110
3615220180
3615220190
3615220420
3615220430
3615220450
3615220910
3615220920
3615220930
3615220960
3615220970
3615221060
3615221090
3615221130
3615221140
3615221160
3615221170
3615221190
3615221231
3615221350
3615221360
3615221420
3615221430
3620000050
3620000110
3620000130
3622000020
3622000030
3622000150
3625000021
3625000040
3625000091
3625000092
3625000100
3625000111
3625000130
3625000160
3625000260
3625000270
3625000280
3625000290
3625000340
3625000371
3630000060
3630000080
3630000150
3630000160
3630200010
3630200070
3630200090
3630200100
3630200120
3632000010
3632000020
3632000121
3632500020
3632500030
3632500040
3632500080
3633000060
3633000080
3633000094
3633000097
3635000013
3635000040
3635000050
3635000060
3635000070
3635000080
3635000090
3635000100
3635000105
3635000110
3635000120
3635000130
3640000040
3640000050
3640000070
3642000060
3642000110
3642000150
3642000160
3642000200
3645000141
3645000220
3645000230
3645000240
3645000258
3645000259
3645000262
3645000263
3645000292
3645000321
3645000331
3645000344
3645000350
3645000363
3655000070
3655000100
3655000120
3660000020
3660000041
3660000101
3660000102
3660000110
3660000232
3665000030
3665000070
3665000210
3665000220
3665000240
3665000250
3665000290
3665000300
3665000320
3665000421
3665000540
3665000590
3665000650
3665000710
3665000790
3665000831
3665000882
3670000031
3670000152
3670000281
3670000310
3670000411
3670000440
3670000450
3670000512
3670000570
3670000580
3670000610
3670000620
3670000660
3670000680
3670000791
3670200020
3670200030
3670200040
3670200100
3670200121
3670200122
3670200200
3670200210
3670300061
3670300102
3670300110
3670300120
3670300130
3670300140
3670300211
3671000030
3671000040
3671000050
3671000060
3671000070
3671000090
3671000100
3671000140
3671000160
3671000190
3671000200
3671000250
3672000050
3672000080
3675000010
3675000040
3675000080
3675000230
3675000240
3675000260
3685000030
3685000070
3685000080
3685000220
3685100010
3685100040
3685100060
3685100120
3685100130
3685100140
3685100150
3685100180
3685100200
3685100230
3685100250
3685100260
3685100270
3685100280
3685100290
3685100310
3685100320
3685300010
3685300030
3685300100
3690000060
3690000191
3690000270
3690000280
3690000290
3690000321
3690000340
3690000390
3690000425
3690000441
3690000442
3690000501
3693000030
3693000070
3693000090
3693000121
3693000122
3693000190
3693000200
3693000260
3693000270
3693000290
3695000050
3695000090
3695000150
3695000250
3695000310
3695000350
3695000560
3695000620
3695000680
3695000740
3695000810
3695000830
3695000892
3700000020
3700000030
3700000130
3700000140
3701500040
3701500060
3701500080
3701500090
3701500190
3702000050
3702020030
3702020040
3702020080
3702020100
3703000020
3703000100
3703000120
3703000160
3704000021
3704000090
3704000100
3704000120
3704000150
3704000161
3704000171
3704000181
3704000200
3704000250
3704000260
3704020100
3704020180
3704020250
3705000010
3710000030
3710000040
3710000090
3710000120
3710000160
3710000171
3710000210
3710000220
3710000230
3710000251
3710000321
3712000031
3712000070
3712000081
3713100040
3713100060
3713100070
3713100090
3713100120
3713100150
3713100170
3714000020
3714000200
3714000220
3714000240
3717000010
3717000020
3717000030
3717000070
3717000100
3717000120
3717000160
3717000170
3719000330
3719000360
3719000370
3719000390
3719000460
3719000490
3719000500
3719000510
3719000520
3719000560
3719000570
3719000580
3719000590
3719000600
3719000640
3719000650
3719000790
3719000830
3720000070
3720000140
3720000161
3720000180
3720000190
3720000210
3720000260
3721000021
3721000051
3722000060
3723000070
3723200112
3724000010
3724000040
3724000072
3724000092
3724000093
3724000094
3724000130
3724000170
3724500060
3724500080
3724500160
3724500180
3724500300
3724500310
3724500350
3724500370
3725000113
3725000165
3725000211
3725000255
3725000260
3725000341
3725000350
3725000360
3725000370
3725000390
3725000521
3725000531
3725000600
3725000610
3725000621
3725000632
3725000641
3725000730
3725000742
3725000743
3730000025
3730000060
3730000230
3735000080
3740000045
3740000130
3740000153
3745000010
3745000035
3745000037
3745000042
3745000054
3745000056
3745000057
3745000078
3745000081
3745000087
3745000110
3745000121
3745000184
3745000199
3745000217
3745000233
3745000247
3745000252
3745000310
3745000330
3745100020
3750000040
3750000090
3750200010
3750200061
3750200071
3750200091
3750200120
3755000021
3755000160
3755000280
3755000400
3755000410
3755000430
3755000510
3755000610
3755000650
3755000660
3755000690
3755000710
3755000720
3755000730
3755000760
3755000780
3755000790
3756000020
3756000110
3756000140
3756000150
3756000250
3756000260
3756020010
3756020040
3756020070
3756020090
3756020130
3756020160
3756020170
3756020190
3756020210
3756020260
3756020270
3756030011
3756030031
3756030061
3756030121
3756030151
3756030201
3756030211
3756030291
3756030301
3756030311
3756030321
3756030331
3756030361
3756030401
3756030461
3756030471
3756030481
3756030521
3756030581
3756030591
3756030611
3756030631
3756030641
3756030671
3756030721
3756030741
3756030751
3756030761
3756030771
3759000010
3759000080
3759000090
3759000210
3759000250
3759000270
3759000300
3760000020
3760000080
3760000170
3760000180
3760000240
3765000040
3765000070
3765000100
3765000110
3765000170
3765000190
3765000200
3765000210
3765000230
3765000250
3765000320
3765000330
3765000350
3765000360
3765000390
3765000420
3765000460
3765000490
3765000520
3765010010
3765010090
3765010110
3765010120
3765200010
3765200030
3765200050
3765200080
3765200090
3765200180
3765200190
3765300010
3765300020
3765300030
3765300040
3765300060
3765300080
3765300100
3765300110
3765300120
3765300130
3765300140
3765300150
3765300160
3770000010
3770000040
3770000084
3770000086
3770000088
3770000141
3770000165
3770000180
3770000236
3770000244
3770000260
3770000280
3770000291
3770000300
3770000310
3770000340
3770000350
3770000374
3770000384
3770000385
3770000403
3770000405
3770000420
3770000435
3770000436
3770000450
3770000470
3775000010
3775000020
3775000030
3775000170
3775000220
3775000310
3775000370
3775000420
3775000440
3775000480
3775000580
3775000690
3775000700
3775000720
3775000830
3775000930
3775000950
3775000980
3775001040
3775001050
3775001070
3775001150
3775001200
3775500250
3775500290
3775500311
3775500360
3775500420
3775500431
3775500432
3778000060
3778000071
3778000110
3778000120
3778000130
3778000140
3778000170
3778000230
3778000260
3778000310
3778000330
3778000340
3778000350
3778020010
3778020190
3778020350
3780000020
3782000031
3782000032
3785000040
3788000040
3788000070
3788000090
3788000160
3788000230
3788000240
3790000020
3790000041
3790000051
3790000070
3790000081
3790000083
3790000092
3790000111
3790000131
3790000132
3790000133
3790000134
3790000141
3790000151
3795000030
3795000050
3795000110
3795000120
3795000220
3795000240
3795000310
3795000340
3795000350
3795000360
3795000370
3795000540
3795000550
3795200030
3795200040
3800000040
3800000081
3800000091
3800200020
3800200030
3800200050
3800300020
3800300100
3800300150
3800300170
3800300180
3800400030
3800400040
3800400050
3800400100
3800400110
3800400130
3800400140
3800400161
3800400170
3800400180
3805000030
3805000040
3805000051
3805000052
3805000054
3805000056
3805000082
3805000092
3805000150
3805000160
3805000203
3805000214
3805000232
3805000246
3805000255
3805000256
3805000257
3805000269
3805000270
3805000304
3805000311
3805000313
3805000314
3805000315
3805000330
3805000351
3805000381
3805000420
3810000020
3810000181
3810000211
3810000291
3810000292
3810000570
3810000820
3810000925
3810000993
3810001081
3810001100
3810001120
3815000040
3815000050
3815000100
3815000150
3815000161
3815000211
3820000022
3820000032
3820000080
3820000090
3820000143
3820000212
3820000220
3820000271
3820000276
3820000290
3820000301
3820000303
3820000310
3823000031
3823000040
3823000060
3823000090
3823000110
3823000150
3823000170
3823000190
3823000210
3823000230
3823000240
3823000300
3823000310
3823020020
3823020030
3823020070
3823020130
3823020150
3823020180
3825000040
3825000080
3825000090
3825000100
3825000120
3825000140
3825000150
3825000250
3825000360
3825000380
3825000390
3825000420
3825000570
3825000610
3825000720
3825000730
3825000760
3825000800
3830000040
3830000110
3830000120
3830000130
3830000150
3830200010
3830200071
3830200090
3830200151
3830200220
3830200260
3830200270
3830200280
3830200322
3830200381
3830200391
3830200440
3830200483
3830200484
3830200760
3830200790
3830200810
3835000050
3835000060
3835000121
3835000161
3840000015
3840000030
3840000040
3840000060
3840000066
3840000073
3840000082
3840000084
3840000091
3840000101
3840000110
3840000130
3840000142
3840000174
3840000180
3840000200
3840000215
3840000220
3840000233
3840000360
3840000381
3840000391
3840000392
3840000420
3840000454
3840000470
3840500070
3841000260
3842000010
3842000050
3842000090
3842000110
3843000010
3843000030
3843000050
3843000060
3843000070
3843000080
3843000170
3845000090
3845000110
3845000210
3845000230
3845000310
3845000340
3845000360
3845000370
3845000380
3845000410
3847000040
3847000060
3847000140
3847000163
3847000170
3847000240
3847020030
3847020050
3847020060
3847040050
3847040070
3847040100
3847040120
3847040140
3847040190
3847040230
3847040240
3847040260
3847040281
3847050060
3847050070
3847050110
3847060010
3847060030
3847060120
3847060150
3847060240
3847070010
3847070030
3847070230
3847070290
3847070300
3847070310
3847070320
3847300150
3847800060
3847800080
3848000040
3848000050
3848000070
3848000090
3848000181
3848000280
3848000290
3848000300
3848000310
3848000320
3848000420
3848000480
3848000640
3848000680
3848000761
3848000780
3848000880
3848000910
3848000940
3848001090
3848001120
3848001350
3848001370
3848001411
3848001430
3848001540
3848001590
3848001670
3848001690
3848001710
3848001750
3848001820
3848001890
3848001910
3848001930
3848001940
3848002020
3848002030
3848002060
3848002070
3848002190
3848002210
3848002270
3848002350
3848002360
3848002370
3848002381
3848002410
3848002420
3848002430
3848002460
3848002650
3848002660
3848002670
3848002751
3848002770
3848002781
3848002840
3848002881
3848002960
3848002970
3848003011
3848003060
3850000060
3850000110
3850000160
3850300060
3850300070
3850300160
3850300250
3850300260
3850500011
3850500021
3850500031
3850500061
3851510050
3851510070
3851520010
3851520020
3851520030
3851520080
3851530020
3851530030
3851530060
3851530090
3851540030
3851540050
3851550010
3851560010
3851560060
3851560080
3851560090
3851570010
3851570030
3851570050
3851570060
3851570070
3851580042
3851580072
3851580110
3851580140
3851590010
3851590070
3855000020
3855000030
3855000050
3855000080
3855000120
3855000150
3855000250
3855000260
3855000300
3855000350
3855000360
3855000370
3855000430
3855000540
3855000560
3855000570
3855000590
3855000630
3855000660
3855000700
3855000720
3855250020
3855250050
3855250070
3857000070
3857000100
3857000160
3857000270
3857000410
3860000020
3860000060
3860000092
3860000101
3860100012
3860100050
3860100060
3860100080
3860100090
3860100100
3860100140
3860100160
3860100180
3860100210
3860100270
3860100331
3860100352
3860100390
3860100410
3860100420
3860100430
3860100440
3860100460
3860100540
3860100610
3860100713
3860100750
3860100760
3860100801
3860100840
3865000060
3865000071
3867000010
3867000020
3867000090
3867000120
3867000140
3867000280
3867000290
3867000300
3867000310
3867000320
3870000050
3870000060
3870000070
3870000110
3870000120
3870000210
3870000230
3870000270
3870000290
3870000310
3870200060
3870200070
3870200100
3870200110
3870200150
3870200160
3870200260
3870200300
3870200325
3871000110
3871000140
3871000190
3873000011
3873000040
3873000080
3873000171
3873000220
3873000240
3875000010
3875000040
3875000080
3875200020
3875300010
3875300060
3875400040
3875400050
3875400070
3875400090
3875400100
3875420010
3875420020
3875420040
3875420050
3875420100
3875420110
3875420130
3875420140
3875420160
3875420170
3875420180
3875420220
3875440011
3875460010
3875460020
3875460041
3875460120
3880000030
3880000110
3880000120
3880000130
3880000140
3880000160
3880000210
3880000300
3880000330
3880000340
3880000360
3880000391
3880000410
3880000460
3880000510
3885000160
3886000120
3886400060
3886400090
3886400110
3886400120
3886400220
3886400230
3886400250
3886400320
3886500020
3886500050
3886500060
3886500090
3886700050
3886700080
3887000100
3887000110
3887000170
3887100020
3887100050
3887100200
3887100240
3887100290
3887100310
3887100330
3887100340
3887100370
3887100470
3887100480
3888000010
3895000052
3895000053
3895000110
3895000130
3895000140
3895000231
3895000232
3895000233
3895000240
3895000260
3895000282
3895000320
3895000330
3895000350
3895000390
3895000414
3895000424
3897000050
3900000020
3900000030
3900000120
3900000270
3900000390
3900000410
3900000430
3900000440
3900000550
3900000580
3900000610
3900000820
3900000924
3900000925
3900000926
3900000940
3900000950
3900000970
3900000980
3900001010
3900001030
3900001070
3900001160
3900001220
3900001240
3900001251
3900001420
3900001480
3900001490
3900001500
3900001550
3900001560
3900001571
3900001610
3900001640
3900001760
3900001820
3900001910
3900001920
3900002010
3900002070
3900002080
3900002111
3900002170
3900002180
3900002210
3900002240
3900002270
3900002290
3900002400
3900002510
3900002651
3900002772
3900002790
3900002810
3900200060
3900200070
3900200100
3900200110
3900200180
3905000031
3905000042
3905000073
3905000074
3905000080
3905000101
3905000150
3905000200
3905000211
3905000221
3905000240
3905000280
3905000290
3905000300
3905000390
3905000400
3905000422
3905000470
3905000500
3905000512
3905000513
3905000514
3905000542
3905000543
3905000580
3905000591
3905000632
3905000653
3905000654
3905000655
3905000677
3905000720
3905000761
3905000790
3905000820
3905000830
3905000840
3905000850
3905000860
3905000870
3905000881
3905000901
3905000981
3905000986
3905000991
3905000993
3905001083
3905001124
3905001125
3910000060
3910000080
3910000170
3910000190
3910000290
3910000310
3910000370
3912000010
3912000060
3912000090
3912000100
3912000111
3912000130
3912000150
3913000030
3913000040
3913000070
3913000090
3913000110
3913000150
3913000180
3915000090
3915000100
3915000200
3915000210
3915000261
3915000280
3915000310
3915000340
3915000350
3915000381
3915000390
3915000400
3915000470
3915000600
3915000610
3915200020
3915200050
3915200093
3915200105
3915200110
3915200161
3918000020
3918000030
3918000040
3918000050
3918000080
3918000120
3918000140
3918000180
3918000220
3918000240
3918000260
3918000320
3918000350
3918000370
3918000380
3918000400
3918000410
3918000420
3918000440
3918000460
3918000470
3918000510
3918000540
3918000570
3918000600
3918000620
3918000630
3918000640
3918000650
3918000660
3918000680
3918000690
3918000730
3918000770
3918000790
3918000810
3918000830
3918000840
3918000950
3918000970
3918000990
3918001040
3918001050
3918020020
3918020050
3920000050
3920000090
3920000100
3920000140
3920300030
3920300150
3920300210
3920300250
3920300260
3920300310
3920300370
3920300420
3920300430
3920300470
3920300500
3920300520
3920300560
3920300570
3920300640
3920300650
3920300710
3920300820
3920300890
3920300910
3920300950
3920300960
3920320010
3920320030
3920320040
3920320060
3920320190
3920320200
3920320240
3920320270
3920320370
3920320380
3920320410
3920320420
3920320430
3920320460
3920320510
3920320530
3920320550
3920320580
3920320660
3920320690
3920330030
3920330050
3920330070
3920330110
3920330170
3920330180
3920330190
3920330280
3920330320
3920330330
3920330371
3920500020
3920500030
3920500050
3920500070
3920500080
3920520100
3920520150
3920520180
3921010020
3921010030
3921010080
3921010130
3921010190
3921010210
3921010230
3921010330
3921010350
3921010440
3921010590
3921010670
3921010680
3921010730
3921010740
3921010750
3921010800
3921010840
3921010862
3921010870
3921010930
3921011030
3921011060
3921011100
3921011130
3921011190
3921011210
3921011240
3921011260
3921020110
3921020120
3921020170
3921020190
3921020230
3921020340
3921020360
3921020410
3921020430
3921020500
3921020560
3921020600
3921020650
3921020680
3925000030
3925000050
3925000130
3925000160
3925000180
3925000210
3925000250
3925000320
3925000390
3925000410
3925000440
3925000530
3925000560
3925200090
3925200150
3925200160
3925200170
3925200190
3925200200
3925200250
3925300040
3925300050
3925300090
3925300120
3925300140
3925300170
3925300180
3925300220
3925300250
3925300260
3925300280
3925300290
3925300310
3930000060
3930000110
3930000163
3930000190
3932500010
3932500030
3932500040
3932500060
3932500100
3935000010
3935000060
3935000080
3935000100
3935000130
3935000160
3935000210
3935000230
3935000320
3935000350
3940000020
3940000040
3940000050
3940000100
3940000110
3940000120
3940000130
3940000240
3941500050
3941500090
3941500120
3941500130
3941500140
3941520150
3941520190
3941520200
3941520210
3942000020
3942000040
3942000060
3942000070
3942000160
3942000200
3944000011
3944000040
3944000051
3944000120
3944000130
3944000140
3944000170
3944000200
3944000230
3944000240
3945000030
3945000040
3945000051
3945000110
3945000160
3945000200
3945000220
3945000250
3945000290
3947000020
3947000040
3947000120
3947000190
3947000200
3947000220
3947000230
3947000240
3947000250
3947000260
3950000042
3950000092
3950000221
3950000222
3950000223
3950000224
3950000225
3950000226
3950000240
3950000254
3955000010
3955000032
3955000050
3955000060
3955000110
3960000150
3960000180
3960000211
3960000261
3960000320
3960000332
3960000333
3960000334
3961000040
3961000100
3961000130
3961000160
3961000190
3961000200
3961020070
3961020130
3961030010
3961030020
3961030070
3961030080
3961030150
3961030160
3961030170
3961030180
3961030210
3961030230
3961030240
3961030260
3961030410
3961030440
3961030450
3961030460
3961030520
3961030570
3961030580
3961030630
3961030640
3961030660
3961030730
3961030810
3961030840
3965000030
3965000040
3965000070
3965000081
3970000051
3970000052
3970000117
3970000130
3970000145
3970000146
3970000172
3970000173
3970000181
3970000200
3970000201
3970000224
3970000240
3970000241
3970000242
3970000244
3970000246
3970000251
3970000265
3970000271
3970000277
3970000278
3970000279
3970000286
3970000288
3970000291
3970000310
3970000351
3970000383
3970000410
3970000432
3970000433
3970000434
3970000451
3970000453
3970000455
3970000456
3970000472
3970000502
3970000510
3970000512
3970000530
3970000541
3970000551
3970000562
3970000589
3970000596
3970000612
3970000617
3970000651
3970000660
3970000670
3970000690
3970000700
3970000740
3970000770
3970000861
3970000862
3970000863
3970000864
3970000874
3970000877
3970000880
3970000971
3970000982
3970001098
3970001100
3970100080
3970100150
3971000080
3971000110
3971000120
3971000140
3971000150
3971000160
3971000200
3971000210
3971000261
3971000270
3971000280
3971000300
3971000310
3971000320
3971000350
3971000360
3971000370
3971000420
3971000440
3971000450
3971000500
3971000510
3975000010
3975000041
3975000190
3975000200
3977000011
3977000012
3977000020
3980000020
3980000090
3980000110
3980000180
3980000190
3980000240
3980000261
3980000290
3980000330
3980000390
3980000430
3980000470
3980000480
3980000490
3980000500
3980200010
3980200050
3980200130
3980200150
3980200170
3980200220
3980200250
3980200260
3980200300
3980200350
3980200410
3980200450
3980300020
3980300040
3980300060
3980300070
3980300120
3980300170
3985000010
3985000040
3985000070
3985000080
3985000090
3987000110
3987000120
3987000190
3987000260
3987000270
3987000340
3987000370
3987000390
3987000400
3987000410
3989000010
3989000020
3989000030
3989000040
3989000190
3990000040
3990000060
3990000090
3990000110
3990000160
3995000040
3995000060
3995000180
3995000190
3995000270
3995000280
3995000340
3995000411
3995000412
3995000440
3995000450
4000000060
4000010011
4000010012
4000010021
4000010031
4000010051
4000010061
4000020020
4000020040
4000020090
4000020110
4000020120
4000020170
4000020180
4000030010
4000030040
4000040050
4000040100
4000040130
4000040140
4000040180
4000040200
4000040220
4000040230
4000050030
4000050160
4000050230
4000050280
4000050370
4000050490
4000050501
4000050502
4000070050
4000080010
4000080040
4000090040
4000090230
4000090320
4000090450
4000090580
4000090590
4000090600
4000090610
4000090620
4000090630
4000090640
4000090641
4000100010
4000100050
4000100140
4000100220
4000100230
4000100290
4000100300
4000100310
4000110040
4000110140
4000110160
4000110220
4000110230
4000110360
4000110430
4000110440
4000120080
4000120110
4000120120
4000120170
4000120180
4000140020
4000200011
4000210110
4000210260
4000210420
4000210430
4000210440
4000210450
4000220040
4000220070
4000220090
4000220130
4000220140
4000220150
4000220160
4000220190
4000220210
4000230060
4000230070
4000230080
4000230100
4000230160
4000230180
4000230190
4000230210
4000230250
4000230270
4000230290
4000230320
4000230370
4000230380
4000230400
4000230420
4000230460
4000230480
4000230510
4000230530
4000230540
4000230550
4000230580
4000230670
4000230680
4000230700
4000230710
4000230720
4000230730
4000230740
4000230800
4000230840
4000230860
4000230890
4000230930
4000230940
4000240010
4000240110
4000240150
4000240180
4000240300
4000240320
4000240370
4000240380
4000240390
4000240420
4000240430
4000240450
4000240490
4000240510
4000240570
4000240580
4000250020
4000250050
4000250060
4000250071
4000250072
4000250080
4000250110
4000250140
4000250200
4000250220
4000250240
4000270020
4000270110
4000270200
4000270210
4000280010
4000290010
4000290020
4000290190
4000290450
4000300011
4000300012
4000300070
4000310020
4000310060
4000310070
4000310150
4000310240
4000310360
4000310370
4000310390
4000310410
4000310420
4000310490
4000310580
4000310590
4000310600
4000320020
4000320111
4000320160
4000320210
4000320220
4000330010
4000330020
4000330030
4000330050
4000330080
4000330090
4000330150
4000330180
4000330220
4000330230
4000330250
4000330260
4000330390
4000330410
4000330440
4000330450
4000330460
4000330520
4000330540
4000330590
4000330620
4000330660
4000330720
4000330760
4000330900
4000330920
4000330960
4000330981
4000331030
4000331060
4000331070
4000340030
4000340130
4000340140
4000340150
4000340160
4000340170
4000350011
4000350021
4000350031
4000350070
4000350080
4000350090
4000350100
4000350120
4000350160
4000350200
4000350220
4000350260
4000350300
4000350330
4000350340
4000350460
4000350480
4000350500
4000350550
4000350570
4000350590
4000350600
4000350610
4000350620
4000350630
4000350640
4000350670
4000350720
4000350850
4000350860
4000350900
4000350910
4000350960
4000350980
4000351070
4000351190
4000351200
4000351240
4000351320
4000351330
4000351350
4000351360
4000351370
4000351381
4000351390
4000351420
4000351430
4000360010
4000360050
4000360060
4000360260
4000360390
4000360400
4000360410
4000360600
4000360650
4000360670
4000360700
4000360860
4000360870
4000360880
4000360890
4000360900
4000370011
4000380080
4000390070
4000390160
4000390200
4000400130
4000400160
4000400170
4000400220
4000400300
4000400330
4000400340
4000400360
4000400380
4000400390
4000410091
4000420190
4000420200
4000430010
4000430020
4000430030
4000430050
4000430060
4000430070
4000430090
4000430100
4000440080
4000450070
4000450100
4000450110
4000450120
4000450130
4000450200
4000450270
4000450330
4000450370
4000450390
4000450400
4000450410
4000450420
4000450430
4000450440
4000450450
4000460021
4000460051
4000460071
4000460091
4000460661
4000460662
4000470050
4000470060
4000470100
4000470130
4000480030
4000480300
4000480340
4000480370
4000480380
4000480390
4000490060
4000490110
4000500110
4000500490
4000500500
4000510010
4000510020
4000510090
4000510110
4000510120
4000510140
4000510150
4000510160
4000510170
4000510210
4000510220
4000510230
4000540030
4000540040
4000550020
4000550060
4000550090
4000550100
4000550110
4000560010
4000560160
4000560380
4000560560
4000560610
4000560630
4000560700
4000560750
4000560930
4000560940
4000560950
4000560960
4000560970
4000560980
4000560990
4000561000
4000561010
4000561020
4000561030
4000580100
4000590020
4000590040
4000590050
4000590060
4000590070
4000590090
4000590100
4000590130
4000590160
4000590170
4000590180
4000590190
4000590210
4000590220
4000590230
4000590250
4000590290
4000600020
4000600060
4000600080
4000600130
4000600150
4000600170
4000610220
4000610340
4000630070
4000630080
4000630250
4000630380
4000630390
4000640040
4000640070
4000650030
4000650050
4000650060
4000650080
4000650110
4000660160
4000660170
4000670060
4000670070
4000670220
4000680010
4000680030
4000680040
4000680060
4000680130
4000680190
4000680200
4000680210
4000680280
4000680310
4000680320
4000680330
4000680340
4000680350
4000680361
4000680370
4000680380
4000680390
4000680420
4000680430
4000680440
4000690010
4000690050
4000690060
4000690070
4000690080
4000690110
4000690120
4000700070
4000700080
4000710011
4000710021
4000710081
4000720140
4000730060
4000730110
4000730140
4000730150
4000730190
4000730210
4000730340
4000730380
4000750090
4000750120
4000750160
4000750220
4000750260
4000750270
4000750280
4000750290
4000760020
4000760030
4000760090
4000760150
4000770070
4000770090
4000770140
4000770170
4000770280
4000770470
4000770490
4000780210
4000780220
4000780290
4000780350
4000780370
4000780390
4000780460
4000780490
4000780510
4000780640
4000780690
4000780730
4000780740
4000780760
4000780770
4000780780
4000780810
4000780830
4000780940
4000780950
4000780960
4000781080
4000781110
4000781240
4000781270
4000781290
4000781310
4000781340
4000781350
4000781380
4000781410
4000781430
4000781480
4000781490
4000790090
4000800080
4000800090
4000800140
4000800280
4000800320
4000800370
4000800440
4000810080
4000810140
4000810170
4000810210
4000820110
4000820200
4000820270
4000820370
4000820410
4000830010
4000840020
4000840100
4000850190
4000850200
4000850210
4000850220
4000860070
4000860100
4000860140
4000860190
4000860200
4000860210
4000860220
4000870120
4000880042
4000880110
4000880140
4000890040
4000890210
4000900020
4000900080
4000900090
4000900100
4000910020
4000910131
4000910380
4000910530
4000910560
4000910570
4000910580
4000910590
4000920142
4000920191
4000920201
4000920381
4000920431
4000920441
4000920631
4000930130
4000930170
4000930200
4000930400
4000940010
4000940050
4000970120
4000970240
4000970250
4000980040
4000980080
4000980090
4000980100
4000980190
4000980200
4000980220
4000980280
4000980300
4000980320
4000990080
4001000041
4001000060
4001000070
4001000140
4001010031
4001010190
4001010240
4001020010
4001020020
4001020031
4001020052
4001020061
4001020101
4001020121
4001020141
4001020161
4001020194
4001020195
4001020196
4001020197
4001020200
4001040060
4001040090
4001040100
4001040110
4001040130
4001040150
4001040180
4001050011
4001050061
4001050111
4001050161
4001060030
4001060070
4001060090
4001060200
4001060280
4001060290
4001070090
4001070230
4001070240
4001080011
4001080051
4001080081
4001080110
4001090030
4001090060
4001090100
4001090190
4001090230
4001090720
4001090760
4001090770
4001100040
4001100150
4001100320
4001100330
4001110050
4001120180
4001120310
4001120410
4001120540
4001120590
4001120780
4001120840
4001120850
4001130050
4001140041
4001140042
4001150011
4001150050
4001160011
4001170130
4001180020
4001180090
4001180100
4001180230
4001180300
4001180310
4001190070
4001190100
4001200011
4001200031
4001210020
4001210040
4001210240
4001210280
4001210300
4001210310
4001210350
4001210410
4001210420
4001210430
4001210440
4001210450
4001230050
4001230070
4001230080
4001240350
4001250020
4001250030
4001250040
4001250050
4001260440
4001260520
4001260530
4001270500
4001280011
4001280041
4001280051
4001280071
4001290080
4001290100
4001300011
4001300031
4001300051
4001320230
4001320240
4001340050
4001340070
4001340090
4001350010
4001360011
4001370150
4001370160
4001370210
4001370220
4001370250
4001370610
4001380160
4001380170
4001400480
4001400490
4001400500
4001400510
4001410020
4001410060
4001420011
4001420051
4001420071
4001420111
4001420131
4001420151
4001420161
4001420230
4001420240
4001430011
4001430061
4001430071
4001430081
4001430091
4001441110
4001441130
4001441140
4001450100
4001460460
4001460470
4001460480
4001460500
4001470300
4001480610
4001480750
4001480760
4001480770
4001490032
4001490050
4001490060
4001500120
4001500130
4001510250
4001520140
4001550480
4001550490
4001550500
4001570270
4001580260
4001600010
4001610110
4001610120
4001620090
4001620100
4001620110
4001620120
4001620130
4001620140
4001620180
4001630050
4001640840
4001640850
4001640860
4001640870
4001660131
4001670500
4001670510
4001680410
4001690041
4001690051
4001700610
4001700620
4001700630
4001700640
4001700650
4001700660
4001700670
4001700680
4001710170
4001720980
4001740310
4001750130
4001790250
4001790260
4001790270
4001790280
4001800131
4001800250
4001810220
4001810230
4001810240
4001810250
4001820110
4001860180
4001870100
4001880100
4001880101
4001890150
4001900011
4001900021
4001900031
4001900051
4001900061
4001900071
4001900090
4001900120
4001910150
4001910160
4001920010
4001920020
4001930030
4001930040
4001930100
4001950240
4001960190
4001971130
4001971140
4001971150
4001971161
4001971170
4001971180
4001971190
4001971200
4001980490
4001990011
4001990021
4001990031
4001990051
4002000090
4002010050
4002020020
4002020030
4002020040
4002020050
4002020060
4002030280
4002050011
4002050060
4002060030
4002060040
4002060050
4002060060
4002060070
4002060080
4002060090
4002080560
4002090300
4002100090
4002110340
4002120100
4002130041
4002130830
4002140120
4002160290
4002170560
4002180130
4002180140
4002180150
4002180160
4002180170
4002180200
4002190610
4002190640
4002200520
4002200530
4002220010
4002220030
4002220041
4002220052
4002220060
4002220070
4002220080
4002220090
4002220101
4002220111
4002220120
4002220130
4002230160
4002240011
4002250410
4002250420
4002260490
4002260510
4002271850
4002280720
4002290340
4002310220
4002330011
4002340240
4002350110
4002360640
4002360650
4002380091
4002390104
4002400370
4002400380
4002400390
4002400400
4002410010
4002410020
4002430270
4002440030
4002450380
4002460110
4002460120
4002460130
4002470030
4002470061
4002470070
4002470080
4002470110
4002480350
4002490020
4002490030
4002490040
4002500500
4002500510
4002510220
4002530030
4002530080
4002541830
4002541840
4002541850
4002541860
4002550011
4002560012
4002560013
4002560020
4002560031
4002560034
4002560081
4002560091
4002560140
4002560150
4002570250
4002580020
4002580030
4002590291
4002600031
4002610120
4002620081
4002620082
4002620083
4002630170
4002630210
4002630220
4002640190
4002640200
4002640210
4002640220
4002650060
4002670060
4002670120
4002680090
4002690100
4002700220
4002700230
4002700240
4002700250
4002700260
4002710150
4002710160
4002730010
4002730020
4002730030
4002730040
4002730050
4002740010
4002740020
4002740030
4002740040
4002740050
4002740060
4002740070
4002740080
4002740090
4002740100
4002740110
4002740120
4002740130
4002750190
4002750200
4002760060
4002770070
4002780210
4002790010
4002790020
4002790030
4002790040
4002790050
4002790060
4002800170
4002810010
4002820370
4002820380
4002820390
4002830120
4002840010
4002840020
4002840030
4002860090
4002870010
4002870020
4002870030
4002870040
4002870050
4002870060
4002870070
4002870080
4002870090
4002870100
4002870110
4002870120
4002870130
4002870140
4002870150
4002870160
4002881210
4002881220
4002881230
4002881241
4002890011
4002890013
4002890014
4002890016
4002890018
4002890020
4002890022
4002890023
4002890026
4002890028
4002890029
4002890031
4002890033
4002890034
4002900010
4002900110
4002900120
4002900130
4002910200
4002910210
4002910220
4002910230
4002910240
4002920061
4002920370
4002920380
4002930010
4002960150
4002970120
4002970130
4002970140
4002970150
4002980080
4002990010
4002990030
4003000070
4003020330
4003030130
4003050120
4003060010
4003060020
4003070011
4003070021
4003070031
4003090100
4003090110
4003090120
4003090130
4003090140
4003100810
4003100820
4003100830
4003100840
4003100850
4003100860
4003100870
4003100880
4003110650
4003110660
4003110670
4003110680
4003110690
4003110700
4003120190
4003140380
4003140390
4003140400
4003150220
4003150230
4003160320
4003170120
4003180120
4003190340
4003190350
4003190360
4003200260
4003200270
4003210300
4003220170
4003240110
4003251010
4003260090
4003270430
4003270440
4003281240
4003290260
4003300010
4003301190
4003301200
4003310010
4003320630
4003331550
4003340130
4003350110
4003360080
4003370190
4003370200
4003370210
4003370220
4003380160
4003380170
4003380180
4003390640
4003400240
4003410130
4003420160
4003430031
4003430041
4003430052
4003430053
4003440520
4003450170
4003450180
4003461910
4003470410
4003470420
4003480660
4003480670
4003480680
4003480690
4003480700
4003490010
4003490020
4003490030
4003490040
4003490050
4003490060
4003490070
4003490080
4003490090
4003490100
4003490110
4003490120
4003490130
4003490140
4003490150
4003490160
4003490170
4003490180
4003490190
4003490200
4003490210
4003490220
4003490230
4003490240
4003490250
4003490260
4003490270
4003490280
4003490290
4003490300
4003490310
4003490320
4003490330
4003490340
4003490350
4003490360
4003490370
4003490380
4003490390
4003490400
4003490410
4003490420
4003490430
4003490440
4003490450
4003490460
4003490470
4003490480
4003490490
4003490500
4003490510
4003490520
4003490530
4003490540
4003490550
4003490560
4003490570
4003490580
4003490590
4003490600
4003490610
4003490620
4003490630
4003490640
4003490650
4003490660
4003490670
4003490680
4003490690
4003490700
4003490710
4003490720
4003490730
4003490740
4003490750
4003490760
4003490770
4003490780
4003490790
4003490800
4003490810
4003490820
4003490830
4003490840
4003490850
4003490860
4003490870
4003490880
4003490890
4003490900
4003490910
4003490920
4003490930
4003490940
4003490950
4003490960
4003490970
4003490980
4003490990
4003491000
4003491010
4003491020
4003491030
4003491040
4003491050
4003491060
4003491070
4003491080
4003491090
4003491100
4003491110
4003491120
4003491130
4003491140
4003491150
4003491160
4003491170
4003491180
4003491190
4003491200
4003491210
4003491220
4003491230
4003491240
4003491250
4003491260
4003491270
4003491280
4003491290
4003491300
4003491310
4003491320
4003491330
4003491340
4003491350
4003491360
4003491370
4003491380
4003491390
4003491400
4003491410
4003491420
4003491430
4003491440
4003491450
4003491460
4003491470
4003491480
4003491490
4003491500
4003491510
4003491520
4003491530
4003491540
4003491550
4003491560
4003491570
4003491580
4003491590
4003491600
4003491610
4003491620
4003491630
4003491640
4003491650
4003491660
4003491670
4003491680
4003491690
4003491700
4003491710
4003491720
4003491730
4003491740
4003491750
4003500010
4003500020
4003500030
4003500040
4005000012
4005000018
4005000019
4005000020
4005000075
4005000076
4005000077
4005000083
4005000084
4005000100
4005000120
4005000144
4005000172
4005000261
4005000273
4005000288
4005000290
4005000300
4005000330
4005000350
4005000360
4005000383
4005010210
4005010220
4005021730
4005021731
4005030820
4005040170
4005050010
4005050011
4005050020
4005050030
4005050040
4005050041
4005060200
4005070270
4005090140
4009000013
4009000014
4009000015
4010000020
4010000030
4010000040
4010000090
4010000110
4010000140
4010000230
4010020030
4015000010
4015000064
4015000116
4015000132
4015000174
4015000177
4015000183
4015000231
4015000232
4015000233
4015000242
4015000245
4015000270
4015000330
4015000344
4015000370
4015000400
4015000454
4015000494
4015000523
4015000551
4015000552
4015000553
4015000554
4015000575
4015000581
4015000601
4015000603
4015000604
4015000612
4015000634
4015000640
4015000680
4015000705
4015000724
4015000772
4015000830
4015000850
4015000920
4015200020
4015200050
4015200063
4015200131
4015200150
4015200151
4015200152
4015200153
4015200164
4015200171
4015200173
4015200180
4015200232
4015200233
4015200234
4015200235
4015200236
4015200241
4015310210
4015310651
4015311140
4015311220
4015311541
4015311544
4015311551
4015311552
4015311554
4015311730
4015311742
4015311943
4015311945
4015311952
4015311953
4015312101
4015312104
4015312105
4015312106
4015312107
4015312108
4015312201
4015312534
4015312611
4015312952
4015313440
4015313490
4015313541
4015313542
4015313591
4015313592
4015313593
4015313594
4015313670
4015313831
4015313926
4015313927
4015314624
4015315671
4015315921
4015315923
4015316940
4015316949
4015316959
4015316960
4015317502
4015317960
4015318224
4015318386
4015318387
4015318486
4015320020
4015330090
4015330110
4015330150
4015410080
4015410430
4015410450
4015410510
4015410530
4015410630
4015410690
4015410740
4015410812
4015411045
4015411161
4015411231
4015411237
4015411330
4015411530
4015411560
4015411601
4015411630
4015411681
4015411780
4015411834
4015412080
4015412585
4015412586
4015412995
4015413060
4015413092
4015413100
4015413122
4015413231
4015413232
4015413233
4015413291
4015413292
4015413343
4015413452
4015413500
4015413531
4015413610
4015414060
4015414311
4015414711
4015414713
4015414753
4015414940
4015415882
4015415883
4015415884
4015415885
4015415886
4015415887
4015416280
4015416382
4015417021
4015417022
4015417071
4015417530
4015417580
4015417600
4015418020
4015418123
4015418126
4015418127
4015418128
4015418182
4015418322
4015418324
4015418421
4015418423
4015418770
4015418821
4015419080
4015419410
4015419510
4015419730
4015419800
4015420180
4015420200
4015420226
4015420325
4015420474
4015420576
4015420577
4015420728
4015420730
4015420731
4015420733
4015420871
4015421071
4015421161
4015421162
4015421210
4015421250
4015421290
4015421330
4015421370
4015421570
4015421600
4015421671
4015422130
4015422281
4015422380
4015422580
4015422632
4015422730
4015422932
4015423135
4015423350
4015423440
4015423454
4015423456
4015423551
4015423570
4015423592
4015423870
4015423972
4015424020
4015424070
4015424170
4015424370
4015424571
4015424572
4015424670
4015424774
4015424888
4015425221
4015425222
4015425322
4015425326
4015425427
4015425674
4015425676
4015425679
4015425681
4015425871
4015425874
4015426320
4015427182
4015427183
4015427186
4015427192
4015427193
4015427194
4015427735
4015427737
4015428281
4015428660
4015428741
4015428742
4015429105
4015429106
4015429111
4015429112
4015429113
4015430082
4015430090
4015430120
4015430130
4015430140
4020000040
4020000041
4020000052
4020000090
4020000130
4020000140
4020000160
4020000170
4020000190
4025000030
4025000100
4025200020
4025200090
4025200110
4025200120
4030000090
4030000100
4030000120
4030000170
4030000180
4030000221
4030000270
4030000311
4030200013
4035000091
4037000010
4037020020
4037020050
4037020060
4037020140
4037020160
4037020190
4037020220
4037020251
4037020270
4037220010
4037220070
4037220080
4037220090
4037220110
4037220120
4037220150
4037220180
4037220200
4037220220
4040000024
4040000060
4040000120
4040000160
4040000181
4040000281
4040000422
4045000120
4050200010
4050200040
4050200080
4050200100
4050200120
4050200140
4050200160
4055000071
4060000040
4063000010
4063000060
4063000070
4063000110
4063000120
4063000140
4065000010
4065000051
4065000052
4065000060
4065000102
4065000105
4065000110
4065000122
4065000155
4065000156
4065000161
4065000174
4065000190
4065000203
4067000020
4067000050
4067200040
4067200090
4067200140
4067200150
4067200180
4070000010
4070000090
4070000110
4070000120
4075010070
4075010193
4075010422
4075010593
4075010594
4075010623
4075010624
4075010752
4075210011
4075211287
4075211931
4075310013
4075310394
4075310653
4075310860
4075311181
4075311183
4075311184
4075311314
4080000031
4082000040
4082000070
4082000150
4082000190
4082000200
4082000280
4082000290
4082000310
4082000330
4082000360
4082000370
4082000380
4082000420
4082000430
4082000440
4082000460
4082000470
4082030020
4082030090
4082030110
4082030130
4082030170
4082030200
4082030250
4082030270
4082030300
4082030310
4082030320
4084000041
4084000080
4084000131
4084000140
4084000200
4084000210
4084000230
4084000250
4085000010
4085000020
4085000030
4085000060
4085000100
4085000120
4085000130
4088000020
4088000030
4088000060
4088000070
4088000080
4088000100
4088000120
4088000150
4090000020
4090000050
4090000070
4090000090
4090000130
4090000140
4090020011
4090020051
4093000050
4093000060
4093000100
4093000150
4093000180
4093000220
4093000260
4093000370
4093000420
4093000430
4093000480
4093000530
4093000560
4094010020
4094010050
4094010140
4094010180
4094010360
4094010460
4094010470
4094010480
4094010503
4094010522
4094010560
4094010590
4094010640
4094010710
4094010740
4094010780
4094010790
4094010811
4094020070
4094020120
4094020190
4094020230
4094020250
4094020350
4094020370
4095000010
4095000130
4095000140
4095000203
4095000250
4095000330
4095000350
4095000420
4095000432
4097000020
4097000130
4097000151
4097000161
4097000271
4100000012
4100000051
4100000052
4100000102
4100000103
4100000104
4100000105
4100000106
4100000107
4102000022
4102000032
4102000041
4102003580
4105000200
4105000310
4105000360
4105000400
4105000460
4105000470
4105000520
4105000540
4105000562
4105000650
4105000674
4105000675
4105000710
4105000720
4105000740
4105000837
4105000950
4105000960
4105000970
4105000980
4105000990
4105001050
4105001080
4105001120
4105001140
4105001170
4105001190
4105001200
4105001250
4105001260
4105001270
4105001360
4105001380
4105001410
4105001420
4105001430
4105001440
4105001450
4105001460
4105001530
4105001590
4105001602
4105001660
4105001750
4105001760
4105001780
4105001790
4105001820
4105001910
4105001920
4105001940
4105001950
4105001980
4105002070
4105002080
4105002101
4105002130
4105002170
4105002220
4115000050
4115000080
4115000130
4115000160
4115000180
4115100030
4120000010
4125000030
4125000050
4125000062
4125500070
4125500080
4125500150
4125500170
4125500250
4125500270
4125500280
4125500310
4125500380
4125500390
4125500490
4126000020
4126000040
4126000080
4126500110
4127000040
4127000110
4127000120
4127000170
4127000230
4127000260
4127000280
4127000290
4127500090
4127500150
4127500160
4130000180
4130000190
4130000200
4130000210
4130000290
4130000310
4130000500
4130000520
4130000590
4130000690
4130000753
4130000754
4130000831
4130000900
4130000970
4130001010
4130001070
4130001100
4130001250
4130001300
4130001330
4130001341
4130001350
4130001380
4130001390
4130001630
4130001680
4130001690
4130001740
4130001760
4130001820
4130001890
4130001920
4130001930
4130002060
4130002070
4130002080
4130002180
4130002190
4130002220
4130002280
4130002290
4130002310
4130002320
4130002450
4130002550
4130002600
4130002670
4130002690
4130002700
4130002720
4130002800
4130002870
4130002900
4130002910
4130002940
4130002950
4130003150
4130003191
4130003290
4130003360
4130003503
4130500040
4130500060
4132000020
4132000050
4132000081
4132000090
4132000120
4132000130
4132200030
4132200050
4132200070
4132200090
4132200120
4132500010
4132500080
4132500110
4132500120
4132500140
4132500150
4132500170
4132500220
4132500250
4132500270
4132500280
4132500310
4133000030
4133000080
4133000090
4135000071
4135000170
4135000200
4135000220
4135000240
4135000260
4135000320
4135000340
4135000390
4135000420
4135000440
4135000600
4135000621
4135000660
4135000680
4135000690
4135000750
4135000760
4135000770
4135000820
4135000860
4135000910
4135000930
4135000950
4135000990
4135001000
4135001010
4135001020
4135001040
4135001070
4135001090
4135001100
4135001130
4135001140
4135001261
4135001281
4135001330
4135001370
4135001410
4135001480
4135001590
4135001610
4135001640
4135200031
4135200040
4135200060
4135200071
4135200082
4135200090
4135200112
4135200113
4135200130
4135200141
4135200142
4135200150
4135200160
4135200181
4135200182
4135200191
4135200192
4135200200
4135200220
4135200240
4135200292
4135200293
4135200311
4135200321
4135200362
4135200371
4145000040
4145000070
4145000080
4145000090
4145000130
4145000230
4145000280
4145000290
4145000370
4145000430
4145000450
4145200030
4145200090
4145200130
4145200170
4145200191
4145200192
4145200211
4145200260
4145200320
4145200330
4145200400
4145200430
4145200480
4145200490
4145200500
4145200521
4145200530
4145200540
4145230020
4145230060
4145230070
4145240010
4145240030
4145240060
4150000012
4150000030
4150000090
4150000151
4150000152
4150000190
4150000231
4150000232
4150000233
4150000350
4150000501
4150000522
4150000532
4150000533
4150000552
4150000573
4150000576
4150000585
4150000591
4150000592
4155000080
4155000090
4155000103
4157010021
4157010031
4157010041
4157010051
4157010081
4157010091
4157010101
4157010111
4157010141
4157010151
4157010181
4157010211
4157010241
4157010251
4157010271
4157010281
4157010291
4157010341
4157010351
4157010381
4157010401
4157010411
4157010421
4157010471
4157010481
4157010541
4157010551
4157010561
4157010581
4157010591
4157010601
4157010611
4157010631
4160000120
4160000130
4160000172
4160000176
4161000030
4161000050
4161000060
4161000350
4163000040
4163000110
4163000120
4163000140
4163000150
4163000170
4163000180
4163000210
4163000280
4163000340
4163000390
4163000420
4163500030
4163500040
4163500050
4165000042
4165000055
4165000062
4165000152
4165000253
4165000330
4165000362
4165000370
4165000390
4165000430
4165000440
4165000470
4165000491
4165000502
4165000510
4167000040
4167000070
4167000080
4167200090
4167200110
4167200120
4170000020
4170000040
4170000060
4170000070
4170000080
4170000110
4170000130
4170000140
4170000150
4170000240
4170000270
4170000280
4170000310
4170000380
4170000390
4170000420
4170000450
4170000500
4170000530
4170000580
4170000630
4170000650
4170000740
4170000810
4170000830
4174000010
4174000030
4174000040
4174000050
4174000131
4174000141
4174000142
4174000161
4174000182
4174000192
4174000202
4174000223
4174000232
4174000242
4174000260
4174000270
4174000330
4174200012
4174200030
4174200054
4174200080
4174200100
4174200115
4174200116
4174200123
4174200160
4174200170
4174200190
4174200200
4174200210
4174200241
4174200340
4174200350
4174200390
4175000151
4175000170
4180000141
4180000191
4180000192
4180000210
4180000230
4180000280
4180000310
4180000320
4180000330
4180000340
4180000350
4180000370
4180000420
4180000450
4180000460
4180000470
4180000500
4180000611
4180000680
4180000730
4180000760
4180000790
4180000800
4180000870
4180000890
4180001020
4180001070
4180001160
4180001210
4180001220
4180001230
4180001260
4180001280
4180001290
4180001300
4180001320
4180001350
4180001401
4180001431
4180001451
4183000080
4183000090
4183000100
4183000110
4183000150
4183000160
4183000180
4185000019
4185000070
4185000120
4190000010
4190000060
4190000110
4190200080
4190200100
4190200140
4190300030
4190300150
4190300170
4190300180
4190300191
4190500050
4190500060
4190500070
4190500090
4190500140
4190600020
4190600040
4190600090
4190600140
4190600150
4190600210
4190600240
4190600260
4190600270
4190600280
4190600330
4190600400
4190600410
4190600470
4190600480
4190600490
4190600530
4190600550
4190650010
4190650020
4190650030
4190650040
4190650090
4190650140
4190900050
4190900110
4190900120
4190900150
4190900170
4190900210
4190900380
4191000040
4191000050
4191000060
4191000070
4191000090
4191000100
4191000110
4191000130
4191000140
4191000150
4191000170
4191000250
4191000260
4191000350
4191000370
4191000390
4191000400
4191000410
4191000440
4191200030
4191230070
4191230080
4191230090
4191230130
4191230150
4191230160
4191230220
4191240030
4191240131
4195000060
4195000100
4195000120
4195000151
4195000153
4195000156
4205000010
4205000031
4205000032
4205000071
4205000101
4205000181
4210000015
4210000021
4210000022
4210000029
4210000031
4210000070
4210000090
4210000130
4210000230
4210000240
4210000290
4210000310
4210000320
4210000340
4210000350
4210000360
4210000370
4215000021
4215000040
4215000121
4215000122
4215000130
4220000011
4220000012
4220000051
4220000060
4220000071
4220000140
4220000161
4220000173
4220000174
4220000220
4220000240
4220000280
4220000292
4220000303
4220000318
4220000332
4220000340
4220000363
4220000364
4220000365
4220000366
4225000070
4225000080
4225000120
4225000150
4225000160
4225000230
4225000261
4225000340
4225000360
4225000380
4225000401
4230000020
4230000060
4230000090
4230000130
4230000150
4230200100
4230200110
4230200160
4230200190
4230200200
4230300030
4230300040
4230300080
4230300090
4230300100
4230300150
4230300240
4230400021
4230400022
4230400033
4230400034
4230400036
4230400037
4230400038
4230400044
4230400048
4230400064
4230400069
4230400082
4230400083
4230400089
4230400106
4230500010
4230500020
4230500050
4230500100
4230500110
4230500160
4230500301
4230500330
4230500340
4230500380
4235000010
4235000020
4235000060
4235000070
4235000100
4235000160
4235000170
4235000190
4235000250
4235000270
4240000030
4240000100
4240000110
4240000150
4240000170
4240000182
4240000200
4240000250
4240000260
4240000270
4242000040
4242000110
4242000120
4242000140
4242000220
4242000250
4242000290
4242000310
4242000320
4242000350
4243000050
4243000070
4243000090
4243000100
4243000120
4243000130
4243000140
4243000330
4245000110
4250000040
4250000194
4250000195
4250000241
4250000270
4250000280
4250000290
4250000410
4250000590
4250000630
4250000682
4250000691
4250000692
4250000810
4250000820
4250000840
4250000933
4250001051
4250001063
4250001081
4250001105
4250001111
4250001117
4250001123
4250001142
4250001152
4250001153
4250001155
4250001391
4250001393
4250001394
4250001395
4252000080
4252000090
4252000130
4252500030
4252500050
4252500060
4252500080
4252500090
4253000091
4253000140
4253000170
4253000210
4253000220
4253000260
4253000350
4253000400
4253000410
4253000421
4253000440
4253000500
4253000510
4253000550
4253000652
4253000660
4253000711
4253000810
4254000050
4254000080
4254000130
4254000140
4254000150
4254000170
4254000210
4254000220
4254000230
4254000280
4254500041
4254500081
4254500111
4254500121
4254500131
4254500161
4254500181
4254500250
4254700081
4254700101
4254700131
4254700161
4254730010
4254730110
4254730120
4254730160
4254740011
4254740080
4254740120
4254740180
4254740260
4254740270
4255000040
4255000050
4255000090
4255000150
4255000160
4255000220
4255200060
4255200070
4255200140
4255200171
4258000020
4258000050
4258000080
4258000110
4258000131
4258000201
4258000240
4258000261
4260000073
4260000076
4260000079
4260000083
4260000151
4260000152
4260000153
4260000154
4260000155
4260000156
4260000157
4260000159
4260000161
4260000164
4260000165
4260000166
4260000205
4260000206
4260000207
4260000208
4263000050
4263020030
4265000010
4265000080
4265000090
4265200070
4265200090
4265500010
4265500020
4265500030
4265500040
4265500050
4265500060
4265500070
4265500080
4265520010
4265520020
4265520040
4265520070
4265520080
4265520090
4265520130
4265520170
4265520190
4265520210
4270000021
4270000023
4270000052
4270000053
4270000061
4270000080
4270000122
4270000132
4270000134
4270000170
4270000180
4270000181
4270000290
4270000300
4270000360
4273000010
4273000030
4273000160
4273000200
4273000230
4273000250
4273000300
4273000370
4273000390
4273000400
4273000410
4273000460
4273000550
4273000580
4273000600
4273000630
4275000070
4280000073
4280000090
4280000170
4280000180
4280000190
4280000220
4280000230
4280000281
4280000312
4280000313
4280000340
4280000353
4280000361
4280000400
4280000410
4280000430
4280000440
4280000460
4280000516
4280000518
4285000043
4285000061
4285001401
4290000060
4290000070
4290000100
4295000200
4295000210
4295000324
4295000330
4295000370
4295000397
4295000480
4295000490
4295000750
4295000817
4295000821
4295000862
4295001012
4295001100
4295001151
4295001152
4295001201
4295001213
4300000092
4305000040
4305000070
4305000150
4305000170
4308000050
4310000011
4310000012
4310000060
4310000170
4313200030
4313200060
4313200100
4313200110
4313320040
4313320100
4313600040
4313700020
4313800020
4313800090
4313800100
4313820060
4313830010
4313830060
4313830080
4315000020
4315000091
4315000092
4315000095
4315000096
4315000105
4315000106
4315000120
4315000141
4315000261
4315000313
4315000314
4315000320
4315000322
4315000331
4315000334
4315000364
4315000366
4315000410
4315000427
4315000430
4315000501
4315000502
4315000560
4315000570
4315000600
4315000690
4315000700
4315000710
4315000720
4315000731
4315000732
4315000790
4315000810
4315000823
4315000840
4315000850
4315000870
4315000941
4315001001
4315001010
4315001028
4315001029
4315001040
4315001050
4315001092
4315001100
4315001130
4320000010
4320000025
4320000051
4320000064
4320000127
4320000132
4320000290
4320000300
4320000450
4320000480
4320000543
4320000550
4320000601
4320000602
4320000610
4320000670
4320000730
4320000741
4320000790
4320000801
4320000802
4320000820
4320000860
4320000954
4320000969
4320000971
4320000980
4320001010
4320001030
4320001078
4320001130
4320001150
4320001160
4320001280
4320001290
4320001302
4320001340
4320001370
4320001380
4320001395
4320001410
4320001460
4320001480
4320001540
4320001631
4320001643
4320001770
4320001793
4320001810
4320001841
4320001878
4320001900
4320001925
4320001941
4320001948
4320001970
4320001980
4320002002
4320002010
4320002031
4320002060
4320002091
4320002120
4320002141
4320002161
4320002162
4320002170
4320002180
4320002192
4320002211
4320002222
4320002243
4320002244
4320002280
4320002291
4320002293
4320002321
4320002322
4320002360
4320002390
4320002413
4320002415
4320002421
4320002422
4320002459
4320002470
4320002490
4320002500
4320002514
4320002520
4320002530
4320002547
4320002585
4320002590
4320002600
4320002621
4320002660
4320002674
4320002680
4320002744
4320002771
4320002772
4320002773
4320002774
4320002881
4320002882
4320002883
4320002884
4320002892
4320002897
4320002898
4320002910
4320002981
4320003032
4320003033
4320003060
4320003071
4325000080
4325000110
4325000140
4325000150
4325000220
4325000260
4325000450
4325000500
4325000531
4325000640
4325000690
4325000790
4325000810
4325000920
4325000980
4325001120
4325001160
4325001270
4325001280
4325001320
4325001400
4325001470
4325001510
4325001630
4325001690
4325001700
4325001730
4325001740
4325500010
4325500020
4325500070
4325500090
4325500140
4326000050
4326000080
4326000100
4326000110
4326000140
4326000160
4326000170
4326000180
4326000340
4326000360
4326000370
4326000410
4326000450
4330000020
4330000060
4330000110
4330000150
4330000160
4330000210
4330000220
4335000040
4335000120
4340000023
4340000025
4340000042
4340000052
4340000057
4340000130
4341000070
4341000200
4345000080
4345000090
4345000120
4345000130
4345000190
4347000010
4347000020
4347000030
4347000060
4347000070
4347000090
4347000120
4347000130
4347000140
4347000150
4347000191
4347000210
4348000011
4348000051
4348100020
4348100050
4348100120
4348100130
4348100140
4348100180
4348100190
4348100230
4348100300
4348100330
4348100340
4348100410
4348100420
4348100430
4348310020
4348310060
4348310110
4348310180
4348310200
4348310330
4348310380
4348310460
4348310500
4348310510
4348500030
4348500040
4348500050
4348500080
4348500110
4348500120
4348500250
4348500280
4348500310
4348500340
4348500360
4348500370
4348500380
4348501350
4350000030
4350000040
4350000120
4350000150
4353000020
4353000070
4353000130
4353000210
4353000280
4353000340
4353000350
4353000480
4353000510
4353000520
4353000580
4353000640
4353000650
4353000730
4353000770
4353000780
4353000831
4353000910
4353000940
4353001000
4353001050
4353001090
4353001140
4353001160
4353001190
4353001200
4353001280
4353001290
4353001310
4353001400
4353001420
4353001440
4353001451
4353100060
4353100090
4353100100
4353100170
4353100250
4353100260
4353100290
4353100450
4353100460
4353100470
4353100480
4353100540
4353100570
4353100620
4353100640
4353100650
4353100710
4353100760
4353100780
4353100900
4353100910
4353100920
4353100930
4353100940
4353100950
4353100960
4353100970
4353100980
4354000050
4354000100
4354000110
4355200010
4355200170
4355500010
4355500060
4355500071
4355500110
4355500190
4355500230
4355500270
4355500280
4355500290
4355500300
4357000010
4357000020
4357000030
4357000040
4357500030
4360000011
4360000060
4360000080
4360000090
4360000110
4360000130
4360000150
4360000160
4360000190
4360000240
4360000271
4360000273
4360000330
4360000360
4363000040
4363000070
4363000090
4363000100
4363000130
4363000190
4363000360
4363000420
4363000480
4363000490
4364000050
4364000090
4365000011
4365000060
4365000110
4365000120
4365000130
4365000280
4365000340
4365000350
4365000360
4365000390
4365000430
4365000440
4365000471
4365100112
4365100113
4365100121
4365100150
4365100160
4365100200
4365100210
4365100230
4365100340
4365100430
4370000121
4370000131
4375000020
4375000035
4375000050
4387000010
4387000020
4387000030
4387000070
4389000010
4389000020
4389000042
4389000182
4389000183
4389000190
4389000200
4390000031
4390000180
4390000200
4395000020
4395000110
4395000120
4395000140
4395000170
4395000180
4395000235
4395000270
4395000291
4395500103
4395500120
4395500200
4395500210
4395500220
4395500270
4395500420
4395500470
4395500480
4400000080
4400000150
4400000170
4400000212
4400000266
4400000270
4400000280
4400000311
4400000550
4400000570
4400000580
4400000620
4400000640
4400000670
4405000010
4405000050
4405000060
4405000070
4405000120
4405000150
4405000220
4405000250
4405000300
4407000060
4407000180
4407000192
4407000194
4407000210
4407000230
4407000290
4407000410
4407000461
4407000500
4408000021
4408000031
4408000040
4408000060
4410000020
4410000030
4410000040
4410000050
4410000060
4410000080
4410000100
4410000150
4410000161
4410000170
4410000181
4410000220
4410000240
4415000050
4415000252
4415000330
4415000360
4415000910
4415000920
4420000018
4420000019
4420000025
4420000040
4420000050
4420000060
4420000072
4420000076
4420000077
4420000081
4420000121
4420000160
4420000171
4420000172
4420000217
4420000242
4420000274
4420000280
4420000319
4420000320
4425000010
4425000050
4425000120
4425000180
4425000290
4425000400
4425000420
4425000510
4425000630
4425000650
4425000700
4425001061
4425001110
4425001132
4425001136
4425001166
4425001450
4425001511
4425001512
4425001551
4425001552
4425001570
4425001630
4425001670
4425001771
4425001781
4425001800
4425001810
4425001841
4425001930
4425001970
4425001980
4425002000
4425002010
4425002021
4425002081
4425002101
4425002110
4425500010
4425500020
4425500120
4425500130
4425500150
4425500160
4425500200
4425500210
4426000040
4426000050
4426000060
4426000070
4426000100
4426500050
4426500080
4426500100
4426500130
4426500200
4426500280
4426500290
4426500350
4426500360
4426500370
4426500400
4426500520
4426500540
4426500550
4426500580
4426500660
4426500680
4426500700
4426500710
4426500750
4426500780
4426500800
4426500820
4426500830
4426500900
4426500930
4426501010
4426501020
4428000030
4428000080
4428000100
4429000050
4429000060
4429000130
4429000160
4430000090
4430000190
4430000200
4430000260
4430000290
4430000330
4430000340
4430000360
4430000400
4430000410
4430000420
4430000500
4430000520
4430000550
4430000570
4430000620
4430000630
4430000643
4430000660
4430000680
4430000720
4430000735
4430000751
4430000752
4430000780
4430000790
4430000810
4430000830
4430000853
4430020010
4430020020
4430020060
4430020090
4430020110
4430020210
4430020230
4430020290
4430020300
4430020320
4430020390
4430200010
4430200050
4430200060
4430200090
4430200130
4430200140
4430200150
4430200200
4430200210
4430200230
4430200260
4430200290
4430200320
4430200330
4430200340
4430200370
4430200400
4430200420
4430200430
4430200460
4430200590
4430200600
4430200640
4430200660
4430200690
4430200780
4430200820
4430200850
4430200900
4430200950
4430200960
4430200980
4430201000
4430201010
4430201070
4430201090
4430201110
4430201200
4430201210
4430201220
4430201230
4430300040
4430300050
4430300070
4430300080
4430300110
4430300150
4430300200
4430300220
4430300280
4430300310
4430300360
4430300420
4430300540
4430300570
4430300580
4430300620
4430300710
4430300740
4430300750
4430300780
4430300790
4430300900
4430300910
4430300920
4430300950
4430300970
4430300990
4430301060
4430301120
4430301130
4430301150
4430301160
4430301240
4430301250
4430400050
4430400090
4430400200
4430400220
4430400390
4432000010
4432000020
4432000030
4432000040
4432000060
4432000110
4432000120
4434500091
4434500151
4434500181
4434500211
4434500252
4434500261
4434500271
4434500281
4435000010
4435000042
4435000043
4435000050
4435000060
4435000081
4435000328
4435000330
4435000340
4435000370
4435000380
4435000411
4435000420
4435000450
4435000470
4435500030
4440000040
4440000050
4440000070
4440000150
4440000160
4440000210
4440000290
4440000360
4440000370
4440000380
4445150050
4445150070
4445150110
4445160040
4445160050
4445250050
4445250130
4445250240
4445250250
4445250260
4445250270
4445270050
4445270112
4445270130
4445270160
4445270170
4445270230
4445270250
4445270310
4445270470
4445270500
4445270520
4445290030
4445290070
4445290080
4445290110
4445290200
4445290210
4445290230
4445290260
4445290300
4445290330
4445290360
4445290420
4445290450
4445290540
4445290570
4445290580
4445290590
4445290600
4445290620
4445290712
4445300020
4445300050
4445300080
4445300110
4445300160
4445300190
4445300210
4445300232
4445330020
4445330030
4445330080
4445330130
4445330140
4445330150
4445700040
4445700320
4445700360
4445700370
4446000030
4446000110
4446000160
4446000210
4446000220
4446000250
4446000270
4446000350
4446100090
4446100160
4446100200
4446100210
4446100280
4446100290
4446100300
4450000011
4450000042
4450000045
4450000050
4450000083
4450000110
4450000140
4450000210
4450000280
4450000311
4450000340
4450000390
4450000400
4450000660
4450200010
4450200080
4450200090
4450200120
4450200130
4450200140
4450200170
4450200200
4450200271
4450200300
4450200350
4450200420
4450200430
4450200690
4450200771
4450300020
4450300040
4450300110
4450300201
4450300250
4450300260
4450300390
4450300400
4450300420
4450300430
4450300440
4450300460
4450300500
4450300551
4450300580
4450300590
4450300610
4450300680
4450300760
4450300790
4450300921
4450301000
4450301080
4450301090
4450301110
4450301201
4450301211
4450301230
4450400101
4450400180
4450400241
4450400322
4450400340
4450400471
4450400480
4450400510
4450500160
4450500170
4450500180
4450500200
4450500221
4450500361
4450500472
4450500510
4450500631
4450500810
4450500880
4450500890
4450500941
4450600020
4450600090
4450600331
4450600400
4450600421
4450600431
4450600460
4450600531
4450600580
4450600680
4450600690
4450600700
4450600782
4450600820
4450600830
4450600912
4450600930
4450600970
4450601021
4450602031
4450602082
4450603090
4450604040
4454000060
4455000060
4455000160
4455000170
4455000310
4455000340
4455000450
4455000510
4455000550
4455000560
4455200010
4455200020
4455200050
4455200060
4455200080
4455300070
4455300080
4455300100
4455300120
4455300240
4455300291
4460000031
4460000060
4460000121
4460000140
4460000200
4460000210
4461000060
4461000081
4461000240
4461000280
4462000060
4462000080
4462000090
4462000120
4462000160
4462000230
4462100050
4462100150
4462100160
4462100170
4462100190
4462200100
4462200140
4462200160
4462200220
4462400011
4462400041
4462400050
4462400110
4462400130
4462400210
4462400260
4462400270
4462400290
4462400301
4462400351
4462400361
4462500100
4462500170
4463000180
4463000210
4463000280
4463000290
4463000300
4463000310
4463000330
4463000401
4463000402
4463000440
4463000481
4463000490
4463000500
4463000530
4463000540
4465000040
4465000082
4465000103
4465000115
4465000125
4465000160
4465000161
4465000180
4465000233
4465000250
4467100010
4467100040
4467100060
4467100100
4467100120
4467100140
4467100190
4467100200
4467100210
4467100272
4467100371
4467100431
4467100550
4467100630
4467100640
4467120020
4467120040
4467120050
4467120150
4467120280
4467120320
4467120330
4467120350
4467120370
4467120380
4467120421
4467120570
4467120580
4467120590
4467120620
4467120630
4467120660
4467120670
4467120680
4467120750
4467120770
4467120790
4467120830
4467120880
4467120960
4467120970
4467121010
4467121060
4467121150
4467121160
4467121181
4467121240
4467121250
4470000071
4470000080
4470000132
4470000171
4470000270
4470000410
4470000471
4470000520
4470000680
4470000700
4470000730
4470000740
4470000770
4470000860
4470000900
4470000930
4470000940
4470000950
4470001010
4470001030
4475000010
4475000020
4475000030
4475000100
4475000110
4475000111
4475000130
4475000160
4475000170
4475000180
4475000190
4475000200
4475000261
4475000265
4475000267
4475000268
4475000270
4475000280
4475000310
4475000320
4475000321
4475000350
4475000360
4475000442
4475000485
4475000487
4475000502
4475000503
4475000510
4475000511
4475000520
4475000590
4475000610
4475000620
4475000642
4475000680
4475000771
4475000791
4475000831
4475000833
4475000834
4475000842
4475000851
4475000852
4475000861
4475000874
4475000883
4475000901
4475000907
4475000913
4475000940
4475000950
4475000960
4475000980
4475001020
4475001040
4475001201
4475001205
4475001220
4475001230
4475001261
4475001282
4475001300
4475001370
4475001390
4475001400
4475001412
4475001600
4475001612
4475001614
4475001620
4475001650
4475001660
4475001670
4475001715
4475001760
4475001773
4475001800
4475001810
4475001832
4475001902
4475001976
4475002010
4475002032
4475002065
4475002066
4475002067
4475002130
4475002160
4475002183
4475002191
4480000150
4480000182
4480000191
4480000192
4480000250
4480000301
4480000330
4480000340
4480000370
4480000420
4480000490
4480000500
4480000510
4480000520
4480000550
4480000610
4480000660
4480000730
4480000750
4480000820
4480100030
4480100041
4480100042
4480100060
4480100091
4480100100
4480100280
4485000131
4485000260
4485000290
4485000420
4485000470
4485000480
4485000530
4485000570
4485000660
4485000691
4485000740
4485000790
4485000960
4485001010
4485001042
4485001043
4485001100
4485001130
4485001200
4485001260
4485001290
4485001320
4485001330
4485001450
4485001590
4485001620
4485001650
4485001820
4485001850
4485001890
4485001950
4485001990
4485002040
4485200020
4485200030
4485200110
4485200120
4485200150
4485200210
4485200230
4485200400
4485200470
4485200500
4485200570
4485200600
4485200610
4485200660
4485200680
4485200690
4485200700
4485200780
4485200850
4485200880
4485200990
4485201030
4485201040
4485201050
4485201070
4485201090
4485201110
4485201200
4485201210
4486010020
4486010180
4486010400
4486010480
4486010490
4486010550
4486010580
4486010630
4486020090
4486020130
4486020240
4486020280
4486020480
4486030020
4486030030
4486030040
4486030060
4486030100
4486030210
4486030320
4486040140
4486040340
4486040360
4487000040
4487000050
4487000100
4487000110
4487000130
4487000180
4487000200
4489000040
4489000050
4489000080
4489000110
4490000340
4490000391
4490000400
4490000420
4490000430
4490000480
4490000500
4490000600
4490000610
4490000650
4490000680
4490000770
4490000830
4490000890
4490001010
4490001040
4490500020
4490500055
4490500060
4490500081
4490500101
4490500260
4490500270
4490500330
4490500340
4490500460
4490500590
4490500600
4490500660
4491000040
4491000050
4495400051
4495400082
4495400083
4495400131
4495400195
4495400213
4495400310
4495400320
4495400422
4495400454
4495400481
4495400491
4495400492
4495400591
4495400689
4495400730
4495400750
4495400761
4495400815
4495400823
4495400917
4495401020
4495401021
4495401023
4495401027
4495401034
4495401035
4495401046
4495401047
4495401082
4495401162
4495401163
4495401164
4495401165
4495401166
4495401213
4495401301
4495401340
4495401363
4495401364
4495401603
4495401604
4495401607
4495401608
4495700015
4495700016
4495700021
4495700071
4495700106
4495700136
4495700163
4495700164
4495700165
4495700171
4495700173
4495700174
4495700193
4500000017
4500000018
4500000019
4500000020
4500000022
4500000050
4500000060
4500000112
4500000120
4500000150
4500000180
4503000050
4503000060
4503000080
4503000160
4503000170
4505000010
4505000020
4505000080
4505000110
4510000070
4515000030
4515000060
4515000100
4515000120
4520000030
4520000080
4520000090
4520000100
4520000150
4520000171
4520000200
4520000210
4520000222
4520000232
4520000260
4520000270
4520000280
4520000300
4520000310
4525000030
4525000041
4525000060
4525000130
4525000160
4525000210
4527000020
4527000100
4527000120
4527000130
4527000160
4527000200
4530000010
4530000030
4530000090
4530000100
4530000220
4530000230
4530000240
4530000270
4530200020
4530200030
4530200140
4530200260
4530200280
4530300050
4530300070
4530300110
4530400010
4530400020
4530400120
4530400140
4530400290
4530400340
4530400350
4530400370
4530400380
4530400400
4530400420
4530400430
4530400470
4530400510
4530400570
4530400660
4530400670
4530400680
4530400760
4530400770
4530400781
4530400800
4530400810
4530400820
4530400830
4530600040
4530600080
4530700040
4530700050
4530700090
4530700120
4530700130
4530700180
4530700200
4530700220
4530700270
4530700281
4530700290
4530700310
4530700340
4530700390
4530700480
4530700510
4530700520
4530700550
4530700640
4530700650
4530790020
4530790040
4530790060
4530790080
4530810010
4530810020
4530810060
4530810070
4530810080
4533000011
4533000050
4533000150
4533000160
4535000110
4535000180
4535000221
4535000301
4535000320
4535000440
4535000500
4545000020
4545000040
4545000050
4545000061
4545000081
4545000100
4545000110
4545000210
4545000220
4545000230
4545000240
4547000020
4547000035
4547000036
4550000090
4550000100
4550000120
4550000170
4550000180
4550000190
4550000230
4550000320
4550000330
4550000340
4550000370
4550000400
4550100010
4550100022
4550100050
4550100070
4550100141
4550200030
4550200050
4550200090
4550200110
4550200120
4550200140
4550200200
4550200220
4550200230
4550200240
4550300040
4550300050
4550300080
4550320050
4550320060
4550320100
4550320110
4550320120
4550320140
4550320150
4550320160
4550320170
4550320190
4550320200
4550320210
4550320221
4550320231
4550320240
4550320250
4550320280
4550320290
4552000140
4552000160
4552000180
4555000018
4555000019
4555000052
4555000100
4555000110
4555000121
4560000020
4560000060
4560000071
4560000120
4560000160
4560200050
4560200070
4560200130
4560200160
4560200230
4560230010
4560230130
4560230150
4565000010
4565000020
4565000030
4565000091
4565000110
4565000150
4565000180
4565000200
4565000210
4570000080
4570000180
4570000260
4570000270
4570000280
4570000300
4570000320
4570000340
4570000420
4570000430
4570000491
4570000520
4570000550
4570000580
4575000010
4575000030
4575000041
4575000090
4575000150
4575000290
4575000310
4580000021
4580000080
4580000100
4580000142
4580000190
4580000220
4580000230
4585000020
4585000030
4585000060
4585000170
4585000190
4585000214
4585000250
4585000270
4585000291
4585000292
4585000300
4585000371
4585000390
4585000402
4585000450
4585000468
4585000480
4585000481
4585000500
4585000504
4585000510
4585000550
4585000660
4585000670
4585000710
4585000750
4585000762
4585000772
4585000783
4585000791
4585000800
4585000820
4585000870
4585000890
4585000930
4585000940
4585000960
4585000980
4585001080
4585001090
4585001110
4585001120
4585001141
4585001144
4585001150
4585001210
4585001280
4585001340
4585001350
4585001360
4585001370
4585001390
4585001391
4585001410
4585001432
4585001433
4585001440
4585001460
4585001502
4585001521
4585001530
4585001652
4585001720
4585001760
4585001790
4585001841
4585001845
4585001863
4585001870
4585001900
4585001953
4585001956
4585001980
4590000010
4590000030
4590000090
4590000100
4590000120
4590000150
4590000160
4590000210
4590000220
4590000251
4590000320
4590000390
4590000421
4590000500
4590000530
4590000550
4590000630
4590000650
4590000700
4590000780
4590000850
4590000880
4590000931
4590000980
4590001150
4590001160
4590001170
4590001180
4595000041
4595000070
4595000120
4595000133
4595000141
4595000192
4595000197
4595000260
4595000310
4595000340
4595000441
4595000450
4595000480
4595000550
4595000560
4600000040
4600000052
4600000061
4600000065
4600000100
4600000129
4600000134
4600000170
4600000180
4600200014
4600200048
4600200049
4600200050
4600200052
4600200060
4600200082
4600200090
4600200160
4600200161
4600200180
4600200232
4600200242
4600300040
4600300111
4600300112
4600300150
4600300160
4600300180
4600300201
4600300202
4600300214
4600300222
4600300263
4605000080
4605000180
4610000010
4610000080
4610000101
4610000210
4615000050
4615000110
4615000120
4615000210
4615000220
4615000240
4615000320
4615000380
4615000430
4615000470
4615000497
4615000503
4615000530
4615000550
4615000601
4615000602
4615000671
4615000700
4615000710
4615000821
4615000830
4615000851
4615000862
4615000902
4615001021
4615001023
4615001070
4615001090
4615001112
4620000045
4620000046
4627000012
4627000032
4627100020
4627100070
4630000050
4630000061
4630000062
4630000150
4630000160
4630000180
4630000230
4630000360
4630000380
4630000440
4630000450
4630000460
4630000490
4630000510
4630000540
4630000560
4630000580
4630000590
4630000720
4630000790
4630000810
4630000830
4630000850
4630000951
4630000952
4630000960
4630000990
4630001010
4630001060
4630001110
4630001120
4630001140
4630001150
4630001180
4630001210
4630001220
4630001240
4630001370
4630001390
4630001560
4630001610
4635000061
4635000091
4635000150
4635000160
4635000210
4635000220
4635000241
4637000012
4637500010
4637500080
4637500090
4637500120
4637500130
4637500150
4637500230
4637600050
4637600060
4637600070
4637600161
4637600200
4637600210
4637700010
4637700050
4637700060
4637700090
4637700100
4637700131
4637700210
4637700290
4637700300
4637700310
4638000130
4638000220
4638000311
4638000320
4638000330
4638000421
4638000440
4638000460
4638000530
4638000630
4638000710
4638000730
4638000740
4638000760
4638000810
4638000851
4638001000
4638001090
4638001122
4638001261
4638001262
4640000020
4640000040
4640000060
4640000080
4645000041
4645000042
4645000051
4645000084
4645000088
4645000091
4645000180
4645000212
4645000350
4645000360
4645000390
4645000440
4645000450
4645000570
4645000643
4645000660
4645000670
4645000681
4645000741
4645000742
4645000811
4645000822
4645000840
4645000870
4645200110
4645200120
4645200270
4645200400
4645200520
4645200540
4645200570
4645200620
4645200642
4645200700
4645200760
4645200801
4645200810
4645200850
4645200890
4645250050
4645250105
4645250141
4645250170
4645250210
4645250300
4645250350
4645250360
4645250371
4645250390
4645250520
4645250551
4645250590
4645250602
4645250610
4645250611
4645250674
4645250810
4645250821
4645250840
4645251021
4645251100
4645251140
4645251150
4645251160
4645251232
4645251360
4645251380
4645251660
4645251670
4645251740
4645251810
4645251831
4645251910
4645251930
4645251950
4645251962
4645252010
4645252060
4645252110
4645252120
4645252200
4645252210
4645252220
4645252240
4645252261
4645252330
4645252350
4645252390
4645252562
4645252570
4645252580
4645252590
4645252601
4645252610
4645252660
4645252750
4645252771
4645253000
4645253010
4645253100
4645253110
4645253222
4645253232
4645253350
4645253360
4645253550
4647000130
4647000331
4647000360
4647000370
4647000380
4647000521
4650000120
4650000130
4650000230
4650000260
4650000400
4650000430
4650000440
4650000470
4650000773
4650000840
4650000870
4650000970
4650001110
4650001140
4650001210
4650001280
4650001290
4650001310
4650001450
4650001600
4650001620
4650001660
4650001680
4650001690
4655000040
4655000071
4655000200
4655000220
4655000300
4655000320
4655000330
4655000410
4655000500
4655000540
4655000570
4655000620
4655100033
4655100051
4655200011
4655200090
4655200114
4655200120
4655200160
4655200190
4655200240
4655200250
4655200300
4655200360
4655200460
4655200491
4655200492
4655200500
4660000030
4660000050
4660000060
4660000084
4660000172
4660000180
4660000240
4660000335
4660000336
4660000342
4660000343
4660000351
4660000372
4660000374
4660000431
4665000010
4665000020
4665000030
4665000040
4665000050
4665200031
4665300020
4665300170
4665300200
4665300240
4665300250
4665300320
4666000060
4666000150
4666000160
4666000170
4666000180
4670000020
4670000030
4675000100
4675000130
4675200020
4675200090
4680000020
4680000030
4680000040
4680000060
4680000080
4685000030
4685000055
4685000062
4685000063
4685000064
4690000011
4690000050
4690000090
4690000120
4690000140
4690200030
4690200050
4695000061
4695000070
4695000080
4695000201
4695000261
4695000540
4695000561
4695000650
4695000660
4695000710
4695000720
4695000731
4695000782
4695000793
4695000794
4695000804
4695000806
4695000830
4695000860
4695000866
4695000867
4695000900
4695000910
4695001000
4695001070
4695001102
4695001111
4695001132
4695001150
4695001160
4695001180
4695001320
4695500030
4695500060
4695500080
4695500100
4695500110
4695500150
4695500170
4695500190
4695500230
4695500260
4695500330
4700000011
4700000030
4700000040
4700000061
4700000081
4700000120
4700000130
4700000150
4700000160
4700000170
4700000180
4700000190
4700000201
4700000202
4700000250
4700000270
4700000280
4700000321
4700000360
4700000370
4700000491
4700000550
4700000570
4700000580
4700000591
4700000600
4700000612
4700000613
4700000630
4700000640
4700000653
4700000661
4700000700
4700000750
4700000781
4700000782
4700000811
4700000820
4700000830
4700000861
4700000970
4700001000
4700001030
4700001040
4700001080
4700001092
4700001120
4700001141
4700001170
4700001210
4700001271
4700001370
4700001380
4700001400
4700001410
4700001480
4700001490
4700001520
4700001610
4700001640
4700001670
4700001681
4700001701
4700001740
4700001750
4700001760
4700001780
4700001790
4700001810
4700001880
4700001890
4700001900
4700001910
4700001920
4700001930
4700001951
4700001970
4700002020
4700002031
4700002052
4700002142
4700002180
4700002270
4700002291
4700002302
4700002351
4700002420
4700002470
4700002491
4700002510
4700002590
4700002610
4700002630
4700002801
4700002820
4700002853
4700002854
4700002892
4700002900
4700002911
4700002921
4700002940
4700002970
4700002990
4700003034
4700003051
4700003090
4700003111
4705000020
4705000030
4705000040
4705000060
4705000070
4710000060
4710000090
4710000100
4710000110
4710000202
4710000210
4710000220
4710000230
4710000320
4713000040
4713000070
4713000100
4713000110
4713000150
4713000160
4713000220
4715010010
4715010040
4715010050
4715010070
4715010080
4715010090
4715010100
4715010110
4715010120
4715010166
4715010167
4715010170
4715010172
4715010220
4715010251
4715010460
4715010505
4715010550
4715010561
4715010571
4715010580
4715010661
4715010740
4715010753
4715010755
4715010780
4715010790
4715010800
4715010811
4715010820
4715010830
4715010840
4715010850
4715011010
4715011020
4715011171
4715011180
4715011231
4715011350
4715011370
4715011400
4715011492
4715011512
4715011520
4715011530
4715011540
4715011580
4715011640
4715011651
4715011753
4715011770
4715011890
4715011931
4715011991
4715012030
4715012040
4715012080
4715012110
4715012120
4715012130
4715012140
4715012180
4715012190
4715012210
4715012220
4715012240
4715012250
4715012260
4715012300
4715012310
4715012330
4715012344
4715012370
4715012380
4715012390
4715012400
4715012410
4715012420
4715012440
4715012450
4715012470
4715012490
4715012530
4715012760
4715012996
4715013050
4715013060
4715013070
4715013100
4715013112
4715013120
4715013140
4715013171
4715013173
4715013190
4715013210
4715013220
4715013230
4715013323
4715013324
4715013352
4715013360
4715013370
4715013510
4715013530
4715013540
4715013560
4715013621
4715013671
4715013672
4715013720
4715013730
4715013800
4715013880
4715014090
4715014120
4715014130
4715014160
4715014210
4715014230
4715014240
4715014320
4715014321
4715014330
4715014340
4715014430
4715014450
4715014460
4715014470
4715014610
4715014620
4715014650
4715014710
4715014750
4715014760
4715014770
4715014810
4715014860
4715014900
4715014940
4715014980
4715015040
4715015041
4715015042
4715015100
4715015110
4715015140
4715015344
4715015390
4715015500
4715015530
4715015551
4715015560
4715015570
4715015590
4715015603
4715015630
4715015721
4715015800
4715015830
4715015841
4715015941
4715016060
4715016150
4715016160
4715016180
4715016210
4715016251
4715016252
4715016370
4715016420
4715016480
4715016490
4715016511
4715016521
4715016600
4715016610
4715016671
4715016710
4715016720
4715016744
4715016770
4715016790
4715016851
4715016861
4715016890
4715016920
4715016990
4715017120
4715017121
4715017151
4715017160
4715017170
4715017180
4715017190
4715017191
4715017192
4715017210
4715017280
4715017360
4715017410
4715017462
4715017463
4715017530
4715017610
4715017620
4715017630
4715017703
4715020060
4715020070
4715020110
4715020120
4715020181
4715020200
4715020232
4715020293
4715020320
4715020321
4715020342
4715020360
4715020362
4715020450
4715020500
4715020540
4715020820
4715020890
4715020940
4715021041
4715021042
4715021080
4715021120
4715021130
4715021230
4715021240
4715021310
4715021341
4715021440
4715021471
4715021500
4715021580
4715021620
4715021630
4715021660
4715021680
4715021722
4715021740
4715021765
4715021766
4715021810
4715021820
4715021830
4715021840
4715021920
4715021970
4715022010
4715022062
4715022063
4715022150
4715022270
4715022330
4715022340
4715022341
4715022440
4715022441
4715022560
4715022720
4715022770
4715022780
4715022790
4715022800
4715022810
4715022910
4715022940
4715022950
4715022980
4715023042
4715023043
4715023050
4715023180
4715023190
4715023231
4715023340
4715023442
4715023443
4715023500
4715023590
4715023600
4715023610
4715023630
4715023640
4715023650
4715023660
4715023710
4715023711
4715023721
4715023722
4715023730
4715023741
4715023814
4715023815
4715023900
4715023931
4715023932
4715023950
4715023980
4715024031
4715024071
4715024072
4715024073
4715024074
4715024100
4715024180
4715024202
4715024210
4715024223
4715024260
4715024350
4715024360
4715024370
4715024380
4715024420
4715024430
4715024440
4715024460
4715520020
4715520030
4715520060
4715520070
4715520170
4715520190
4715520220
4715520240
4715520280
4715520340
4717000010
4717000020
4717000040
4717000110
4717000120
4717000170
4717000223
4717000250
4717000280
4717800010
4717800020
4717800050
4717800130
4717800160
4718000030
4718000035
4718000050
4718000081
4718000110
4718000120
4718000140
4718000150
4718000230
4718000240
4718000260
4718000280
4718000290
4718000300
4718000310
4718000320
4718000330
4718020030
4718020050
4718020060
4718020070
4718020080
4718020130
4718020170
4718020300
4718020390
4718020440
4718020470
4718020490
4718020550
4718020590
4718020610
4718020650
4718020690
4718020720
4718020750
4718020790
4718020810
4718020860
4718020870
4718020880
4718030040
4718500020
4718500040
4719000020
4719000030
4719000050
4719000060
4719000100
4720000030
4720000050
4720000070
4720000100
4720000130
4720000210
4720000220
4720000290
4720000340
4720000370
4720000540
4720000550
4720000560
4720000570
4720000600
4720000630
4720000640
4720000650
4720000670
4720000710
4720000720
4720000730
4720000740
4720000750
4720000760
4720000850
4720000920
4720000930
4720000950
4720000970
4720000981
4720001000
4720001040
4720001150
4720001170
4720001250
4720001280
4720001320
4720001581
4720001640
4720001740
4720001750
4720001760
4720001800
4720001820
4720001880
4720002010
4720002060
4720002170
4720002180
4720002221
4720002250
4720002292
4720002310
4720002361
4720002420
4720002440
4720002480
4720002500
4720002510
4720002520
4720002530
4720002710
4720002740
4720002770
4720002780
4720002800
4720002810
4720002860
4720002870
4720002880
4720002891
4720002901
4720002910
4720003030
4720003080
4720003151
4720003160
4720003180
4720003240
4720003250
4720003271
4720003291
4720003320
4720003350
4720003410
4720003430
4720003491
4720003570
4720003581
4720003590
4720003620
4720003650
4720003720
4723000021
4723000040
4723000050
4725000020
4725000040
4725000070
4725000084
4725000100
4725000120
4725000130
4725000140
4725000210
4725000211
4725000230
4725000250
4725000260
4725000280
4725000290
4725000391
4725000401
4725000440
4725000480
4725000580
4725000592
4725000593
4725000601
4725000610
4725000677
4725000703
4725000712
4725000713
4725000714
4725000720
4725000730
4725000740
4725000790
4725000801
4725000820
4725000880
4725000900
4725000941
4725000960
4725001010
4725001020
4725001030
4725001070
4725001193
4725001202
4725001220
4725001230
4725001281
4725001330
4725001371
4725001390
4725001420
4725001470
4725001480
4725001490
4725001500
4725001540
4725001560
4725001570
4725001666
4725001680
4725001700
4725001810
4725001834
4725001840
4725001880
4725001900
4725001950
4725001980
4725002022
4725002110
4725002130
4725002170
4725002211
4725002300
4725002371
4725002372
4725002430
4725002456
4725002463
4725002467
4725002469
4725002474
4725002475
4725002476
4725002511
4725002523
4725002525
4725002611
4725002616
4725002646
4725002730
4725002740
4725002780
4725002850
4725002890
4725002923
4725002971
4725003060
4725100040
4725200111
4725200121
4725300040
4725300050
4725300060
4725300120
4725300130
4725300150
4725300173
4725300180
4730000050
4730000060
4730000130
4730000170
4730000200
4730000230
4730000270
4730000302
4730000303
4730000340
4730000350
4730000370
4730000400
4730000410
4730000420
4730000460
4735000010
4735000020
4735000050
4735000060
4735000080
4735000110
4735000120
4735000170
4735000220
4735000230
4735000240
4735000290
4735000380
4735000420
4735000530
4735000560
4735000570
4735000580
4735000590
4735000630
4735000660
4735000680
4735000710
4735000850
4735000880
4735000920
4735000930
4735000973
4735001050
4735001091
4735001120
4735001160
4735001190
4735001201
4735001265
4735001282
4735001304
4735001350
4735001370
4735001380
4735001410
4735001440
4735001460
4735001470
4740000021
4740000041
4740000070
4740000081
4740000100
4740000150
4740000163
4745000111
4745000270
4745000293
4745000310
4745000416
4745000443
4745000461
4745000490
4745000510
4745000582
4745000583
4745000640
4745000710
4745000720
4745000731
4745000840
4745000850
4745000862
4745000870
4745000920
4745000942
4745000943
4745000944
4745000945
4745000946
4745001063
4745001110
4745001130
4745001270
4745001331
4745001350
4745001433
4745001442
4745001480
4745001501
4745001520
4755000020
4755000050
4755000060
4755000110
4755000130
4755000170
4755000190
4755000200
4755000220
4755000230
4755000240
4755100020
4755100070
4755100110
4755400020
4755400040
4755400090
4764010030
4764600040
4764600050
4764600060
4764600090
4765000010
4765000090
4765000130
4765000192
4765000201
4765000211
4765000220
4765000260
4765000280
4770000100
4770000240
4775000010
4775000040
4775000070
4775000080
4775000093
4775000100
4775000110
4775000121
4775100040
4775100060
4775100090
4775100100
4775120060
4775120090
4775120150
4775120170
4775120180
4776010020
4776010040
4776500110
4776500200
4776700020
4776700040
4777000021
4778000100
4778000160
4780000020
4780000050
4780000060
4785000010
4785000080
4786000040
4786000060
4786000070
4786000080
4786000180
4786000370
4786000400
4786000450
4786000560
4790000040
4790000051
4795000064
4795000065
4795000100
4800000040
4800000050
4800000160
4800000190
4800000270
4800000280
4800000300
4800000310
4800200070
4800200080
4800200210
4800200260
4800200290
4800200300
4800200310
4800200320
4800200351
4800200380
4800200400
4800200420
4800200430
4800200440
4800200480
4800200490
4800200500
4800200531
4800200570
4800200584
4800200620
4805000011
4805000020
4805000060
4805000071
4805000100
4805000130
4805000170
4805000194
4805200050
4805200100
4805200110
4805200140
4810000060
4810000070
4810000080
4815000010
4820000030
4820000060
4820000070
4820000100
4820000120
4825000070
4825000080
4825000110
4830000010
4830000040
4830000090
4830000100
4830000110
4835000040
4835000060
4835000080
4835000120
4835200030
4835200060
4835200110
4835200120
4840000030
4840000110
4840000121
4840000161
4845000120
4845000130
4845000140
4845000150
4845500050
4850000040
4850000060
4850000100
4850000110
4850000160
4850000170
4850000180
4850000211
4850000230
4850000240
4850000280
4850000310
4850000320
4850000330
4850000350
4850200010
4850200011
4850200070
4850200080
4850200100
4850200230
4850200270
4850200281
4850200284
4850200380
4850200410
4850200430
4850200440
4850200460
4850200470
4850200471
4851000010
4851000020
4851000030
4855000081
4855000100
4855000111
4855000112
4855000120
4855000156
4860000150
4860000180
4860000190
4860000200
4860000210
4860000220
4860000260
4860000270
4860000410
4860000427
4860000450
4860000470
4860000500
4860000640
4860000684
4860000700
4860000710
4860000730
4865000010
4865000020
4870000040
4870000090
4870000100
4870000120
4870000171
4870000180
4870000190
4875000010
4875000034
4875000035
4875000040
4875000050
4878000051
4878000061
4878000101
4880000361
4880000362
4880000363
4880000364
4880000365
4885000011
4885100010
4885100020
4885100030
4885100040
4885100050
4885100102
4885100212
4885100290
4885100340
4885100350
4885100360
4885100390
4885100400
4885100422
4885100431
4885100432
4885100440
4885100451
4885100472
4885100482
4885100483
4885100490
4885100500
4885100510
4885100531
4885100532
4885100610
4885100621
4885100623
4885100630
4885600060
4885600090
4885600110
4885600180
4886000120
4886000130
4886000230
4886000240
4886000250
4890000010
4890000070
4890000081
4890000110
4890000120
4890000130
4890000140
4890000200
4890000210
4890000270
4890000311
4890000320
4890000330
4895000010
4895000030
4895000140
4895000170
4895000210
4895000260
4900000020
4900000100
4900000122
4905000033
4905000037
4905000040
4905000110
4905000124
4905000128
4910000060
4910000070
4910000172
4910000260
4910000271
4910000272
4910000310
4911000010
4911000090
4911000220
4911000250
4911000260
4911000270
4911000290
4911000310
4911000330
4911000350
4911000360
4912000030
4912000050
4912000180
4915000060
4915000070
4915000090
4915000110
4915000120
4915000150
4915000180
4920000011
4920000032
4920000083
4920000090
4920000150
4920000170
4920000290
4920000320
4920000340
4920000360
4920000400
4920000491
4920000501
4920000540
4920000570
4920000600
4920000631
4920000716
4920000724
4920000759
4920000770
4920000800
4920000820
4920000865
4920000878
4920001021
4920200020
4920200050
4920200100
4920200151
4920200152
4920200153
4920200154
4920200250
4920200320
4920200380
4920200401
4920200420
4920200450
4920200480
4920200510
4920200672
4920200741
4920200796
4920200840
4920200862
4920250020
4920250080
4920250090
4920250130
4920250151
4920250160
4920250170
4920250190
4925000031
4925000066
4925000073
4925000093
4925000110
4925000133
4930000010
4930000030
4930000050
4930000100
4930000116
4930000120
4930100060
4930100070
4930100100
4930100160
4940000030
4940000070
4940000260
4940000270
4940000310
4940000360
4940000510
4940000530
4940000540
4940000570
4940000620
4940000630
4940000702
4940000850
4940000910
4940000971
4940001120
4940001200
4940001250
4940001390
4940001440
4940001460
4940001490
4940001540
4940001590
4940001600
4940001610
4940001680
4940001740
4940001780
4940001790
4940001840
4940001850
4940001870
4940001890
4940001950
4940001960
4940001990
4940002050
4940002060
4940002110
4940002120
4940002140
4940002150
4940002170
4940002200
4940002270
4940002280
4940002300
4940002310
4940002370
4940002490
4940002600
4940002630
4940002650
4940002780
4945000110
4945200021
4945200032
4945200081
4945200100
4945200150
4947000020
4947000030
4947000062
4947000073
4947000100
4947000120
4947200030
4947200070
4947500050
4947500060
4948000010
4948000020
4948000030
4948000040
4948000050
4948000060
4948000100
4948000110
4948000140
4948000150
4948000180
4948000200
4948000210
4948000220
4948000250
4948000280
4948000300
4948000310
4948000330
4948000350
4948000360
4948000380
4948000390
4948000400
4948000420
4948000450
4948000460
4948000470
4948000480
4948000490
4948000500
4948000510
4948000520
4948000530
4948000540
4948000550
4948000560
4948000570
4948000590
4948000600
4948000610
4948000620
4948000630
4948000640
4948000650
4948000660
4948000700
4948000720
4950000070
4950000120
4950000201
4950000260
4950000320
4950000350
4950000410
4950000450
4950000460
4950000480
4950000490
4950000500
4950000560
4950000570
4950000580
4950000590
4950000640
4950000680
4950000690
4950000700
4950000710
4950000720
4950000730
4950000750
4950000850
4950001000
4950200020
4950200030
4950200050
4950200060
4950200070
4950200080
4950200090
4950200150
4950200160
4950200170
4950200180
4950200310
4950200320
4950200330
4950200340
4950200380
4950200390
4950200690
4950200700
4950200710
4950200750
4950200770
4950200780
4950200930
4950200970
4950201010
4950201030
4950201040
4950201050
4950201070
4950201080
4950201140
4950201150
4950201160
4950201180
4950201200
4950201210
4950201240
4950201250
4950201260
4953500010
4953500091
4955000010
4955000020
4955000030
4955000040
4955000050
4955000060
4955000070
4955000080
4955000090
4955000100
4955000110
4955000120
4955000220
4955000230
4955000273
4955000310
4955000320
4955000332
4955000341
4955000490
4955000550
4955000570
4955000590
4955200040
4955200070
4955200120
4955200150
4955200200
4960000010
4968500042
4970000040
4970000080
4970000090
4970000110
4970000150
4970000240
4970000280
4970000300
4970000310
4970000390
4970000430
4970000440
4970000450
4970000490
4970000500
4970100010
4970100092
4970100095
4970100102
4970200030
4970200060
4970200090
4970200120
4970220101
4973000050
4975000060
4980000012
4980000031
4980000035
4980000061
4985000040
4985000090
4985000120
4985000141
4985000190
4985000260
4985000321
4990000010
4990000030
4990000040
4990000110
4990000120
4990000130
4990000170
4991000010
4991000121
4991000140
4991000160
4991000170
4991000210
4991000380
4991000400
4991020010
4991020031
4991020060
4991020071
4991020080
4991030010
4991030040
4991030160
4991030260
4991200060
4991200100
4991310050
4991310060
4991310130
4991310150
4991310161
4991320040
4991320090
4991320130
4991320230
4991320320
4991320340
4991320350
4991320360
4991330060
4991330080
4991330160
4991330190
4991330200
4991330280
4991330290
4991330300
4992000110
4992000120
4992000140
4994000040
4994000050
4994000070
4994000090
4994000100
4994000110
4994000140
4994000151
4995000030
4995000062
4995000070
4995000080
4995000160
4995000201
4995000220
4995000230
4995000240
4995000250
4995000324
4995000325
4995000350
4995000392
4995000430
4995000452
4995000473
4995000480
4995000494
4995000550
4995000563
4995000600
4995000611
4995000613
4995000691
4995000710
4995000760
4995000791
4995000796
4995000800
4995000820
4995000830
4995000920
4995000980
4995001030
4995001080
4995001131
4995001140
4995001150
4995100070
4995100100
4995100120
4995100152
4995100160
4995100171
4995100175
4995100220
4995100261
4995100281
4995100320
4995100381
4995100431
4995100441
4995100470
4995100480
4995100490
4995100690
4995100720
4995100764
4996000020
4997200060
4997200160
4997200270
4997200290
4997200320
4997200330
4997200370
4997200470
4997500010
4997500060
4997500070
4997500110
4997500140
5000000014
5000000050
5000000161
5000000162
5000000180
5000010010
5000010040
5000010050
5000010120
5000010130
5000010140
5000010150
5000010190
5000020020
5000020050
5000020110
5000020130
5000020170
5000020190
5000020270
5000030030
5000030040
5000030070
5000040040
5000040080
5000040100
5000040160
5000040190
5000040230
5000040350
5000040480
5000040560
5000040570
5000040590
5000040600
5000050090
5000050110
5000050150
5000050160
5000050200
5000050211
5000050270
5000050280
5000050340
5000050370
5000050381
5000060030
5000060041
5000060101
5000070060
5000070140
5000070230
5000080020
5000080060
5000080070
5000080090
5000090040
5000090060
5000100040
5000100090
5000100100
5000100140
5000100150
5000100180
5000100190
5000100250
5000100260
5000100270
5000100280
5000100300
5000120080
5000120090
5000120100
5000120130
5000120150
5000120160
5000120180
5000120190
5000130010
5000130020
5000130030
5000130040
5000130050
5000130060
5000130070
5000130080
5000130090
5000130100
5000130110
5000130120
5000130130
5000130140
5000130150
5000140030
5000140050
5000150010
5000150020
5000150030
5000150060
5000150100
5000150150
5000150160
5000150170
5000150180
5000150200
5000160010
5000160020
5000160030
5000160060
5000160190
5000160220
5000160340
5000160370
5000160390
5000160490
5000160670
5000160730
5000160740
5000160750
5000160760
5000160770
5000160780
5000160790
5000170050
5000170080
5000170110
5000170160
5000170170
5000170330
5000170360
5000170530
5000170580
5000170590
5000170600
5000170610
5000170620
5000180010
5000180050
5000180080
5000190080
5000190090
5000190100
5000190140
5000200040
5000200060
5000200080
5000200090
5000220050
5000220060
5000220080
5000230020
5000230060
5000230160
5000230190
5000230240
5000230250
5000230320
5000240010
5000240120
5000240200
5000240310
5000240430
5000240490
5000240520
5000250050
5000250080
5000250120
5000250240
5000250340
5000250360
5000250380
5000260070
5000260080
5000260090
5000270180
5000270320
5000280050
5000280060
5000280090
5000280110
5000280130
5000280140
5000290050
5000290060
5000290070
5000290120
5000290130
5000290140
5000290180
5000290210
5000290220
5000300040
5000300070
5000300100
5000300140
5000300160
5000310030
5000310110
5000310120
5000310160
5000310190
5000310210
5000310250
5000310270
5000310280
5000310290
5000310320
5000310370
5000310390
5000320030
5000320070
5000320080
5000330020
5000330090
5000330100
5000330200
5000330280
5000330290
5000330370
5000330390
5000330450
5000330520
5000340030
5000340120
5000340130
5000340140
5000340150
5000340190
5000340230
5000340270
5000340370
5000340400
5000340410
5000340420
5000340430
5000340540
5000340600
5000340620
5000340640
5000340660
5000340710
5000340760
5000340830
5000340860
5000340870
5000340880
5000340900
5000350011
5000350013
5000350041
5000350051
5000350061
5000350083
5000350090
5000350113
5000350130
5000350150
5000350190
5000350431
5000350432
5000350470
5000350500
5000350580
5000350671
5000350672
5000350690
5000360010
5000370020
5000370030
5000370090
5000370100
5000380070
5000380220
5000380290
5000380410
5000380440
5000380580
5000390010
5000390060
5000390070
5000390090
5000390120
5000390150
5000390160
5000390190
5000390210
5000390220
5000400070
5000400100
5000410040
5000410180
5000410260
5000410380
5000410590
5000410600
5000420280
5000420350
5000420490
5000420530
5000420580
5000420590
5000420900
5000421060
5000421540
5000421550
5000421600
5000421610
5000421650
5000421660
5000421670
5000421680
5000421690
5000430020
5000430210
5000430280
5000440030
5000440040
5000440080
5000440100
5000440120
5000440140
5000440190
5000440210
5000440290
5000440300
5000450010
5000450020
5000450040
5000460100
5000460110
5000470030
5000470050
5000480020
5000480050
5000480100
5000480150
5000480180
5000480220
5000480250
5000490030
5000490230
5000490240
5000500030
5000500060
5000510010
5000510060
5000510080
5000510090
5000510140
5000510150
5000510180
5000510240
5000510340
5000510520
5000510560
5000510580
5000510590
5000510600
5000510620
5000510730
5000510740
5000520100
5000520110
5000530020
5000530060
5000530100
5000530110
5000530140
5000530160
5000530170
5000530220
5000530230
5000530290
5000540020
5000540050
5000550030
5000550110
5000550120
5000550200
5000550260
5000550270
5000550280
5000550290
5000550330
5000550390
5000550620
5000550640
5000550680
5000550720
5000550730
5000550740
5000550750
5000560010
5000560060
5000560100
5000560110
5000570070
5000570180
5000570200
5000570220
5000570280
5000570480
5000570580
5000570590
5000570670
5000570730
5000570850
5000570870
5000571010
5000571030
5000571050
5000571130
5000571180
5000571200
5000571270
5000571310
5000571320
5000571340
5000571350
5000571370
5000571380
5000571430
5000571440
5000571450
5000571470
5000571510
5000571540
5000571550
5000571560
5000580020
5000580030
5000580050
5000580110
5000580170
5000580240
5000580250
5000580260
5000580310
5000580320
5000580370
5000580390
5000580410
5000580420
5000590040
5000590060
5000590180
5000590200
5000600020
5000600040
5000610050
5000610080
5000610090
5000610110
5000610190
5000610260
5000610290
5000610410
5000620050
5000620150
5000620160
5000620170
5000630011
5000630051
5000630091
5000630111
5000640010
5000640070
5000640180
5000640210
5000640260
5000640350
5000640510
5000640530
5000640540
5000640550
5000640580
5000640650
5000640700
5000640750
5000640810
5000640830
5000640850
5000640860
5000640870
5000640880
5000650020
5000650040
5000650050
5000650160
5000650180
5000660040
5000670140
5000670190
5000670250
5000670280
5000670290
5000670300
5000690060
5000690070
5000690100
5000690120
5000700082
5000710040
5000710050
5000710120
5000710170
5000710260
5000710300
5000710370
5000710430
5000710580
5000710680
5000710690
5000710890
5000710900
5000710910
5000710920
5000720070
5000720200
5000720250
5000720260
5000720340
5000720360
5000720370
5000720390
5000720410
5000720440
5000730020
5000730040
5000730050
5000730060
5000730110
5000740030
5000740040
5000750090
5000750130
5000760030
5000760040
5000760090
5000760120
5000760130
5000760180
5000760210
5000760250
5000770020
5000770150
5000770160
5000790010
5000790100
5000790120
5000790210
5000790250
5000790290
5000800010
5000800020
5000800040
5000800060
5000800070
5000800090
5000800130
5000800150
5000800170
5000800200
5000800210
5000800250
5000800260
5000800300
5000800310
5000800350
5000800360
5000800370
5000800410
5000800460
5000800470
5000810020
5000810070
5000810120
5000810130
5000810190
5000810240
5000810270
5000810280
5000810290
5000810320
5000820010
5000820030
5000820120
5000820270
5000820340
5000820350
5000830040
5000830050
5000830100
5000830230
5000830240
5000840010
5000840030
5000840040
5000850020
5000850040
5000850100
5000850140
5000850150
5000850190
5000850200
5000850220
5000850250
5000850270
5000850280
5000850320
5000860010
5000860020
5000860030
5000860060
5000860080
5000860110
5000860120
5000870020
5000870040
5000870080
5000870110
5000870160
5000870170
5000870180
5000890080
5000890180
5000890300
5000890320
5000890330
5000890440
5000890480
5000890520
5000900140
5000900830
5000900860
5000901930
5000901960
5000902020
5000902040
5000902130
5000902250
5000902340
5000902360
5000902570
5000910020
5000910210
5000910320
5000910360
5000910590
5000920010
5000920050
5000920100
5000920130
5000920170
5000930010
5000940160
5000950010
5000950110
5000960050
5000960070
5000960110
5000970130
5000970180
5000970400
5000982540
5000982550
5000990650
5000990690
5000990700
5000990870
5000990920
5000991010
5000991030
5000991040
5000991070
5000991240
5000991260
5000992470
5001000080
5001000100
5001000110
5001000141
5001020030
5001020100
5001020240
5001020260
5001030020
5001030100
5001030180
5001030190
5001030220
5001030230
5001030240
5001040010
5001040150
5001040230
5001040260
5001040360
5001040430
5001040510
5001040530
5001040810
5001051010
5001051020
5001051260
5001080010
5001080020
5001080030
5001080040
5001080050
5001080060
5001080070
5001080080
5001080090
5001080100
5001090060
5001090100
5001090110
5001090140
5001090160
5001090180
5001090220
5001090240
5001100030
5001100040
5001100050
5001100060
5001100070
5001100080
5001100090
5001100100
5001100110
5001100120
5001100130
5001100140
5001100150
5001100160
5001110050
5001110090
5001120200
5001120240
5001130090
5001130140
5001130180
5001140020
5001140150
5001140320
5001141450
5001141480
5001141530
5001141610
5001141890
5001141920
5001150010
5001150030
5001150100
5001150110
5001150130
5001160100
5001160110
5001171440
5001171490
5001171500
5001171580
5001171710
5001171720
5001190080
5001190120
5001190170
5001200080
5001200520
5001200530
5001200540
5001210020
5001210030
5001210040
5001220050
5001230270
5001230290
5001230300
5001230460
5001240010
5001240020
5001240030
5001240040
5001240050
5001240060
5001240070
5001240080
5001240090
5001240100
5001250010
5001250020
5001250030
5001250040
5001250050
5001250060
5001250070
5001250080
5001250090
5001270010
5001270020
5001270030
5001270040
5001270050
5001270060
5001270070
5001270080
5001270090
5001280080
5001280100
5001280110
5001280180
5001280250
5001280270
5001280280
5001300280
5001310070
5001320010
5001320390
5001320420
5001320470
5001320810
5001320820
5001330140
5001330230
5001350200
5001350230
5001360220
5001370020
5001370030
5001370040
5001370050
5001370060
5001370070
5001370080
5001370090
5001370100
5001370110
5001370121
5001370122
5001370130
5001370140
5001370230
5001370240
5001370250
5001370260
5001370270
5001370280
5001370290
5001370300
5001370310
5001380260
5001380340
5001380400
5001380440
5001380480
5001380530
5001380560
5001381340
5001381430
5001400060
5001400090
5001400390
5001430040
5001441060
5001441070
5001441080
5001441090
5001441100
5001450010
5001450020
5001450030
5001450040
5001450050
5001450090
5001480030
5001480190
5001490011
5001490021
5001490060
5001510060
5001530330
5001530350
5001560640
5001590430
5001590500
5001620090
5001650140
5001680250
5001700010
5001700020
5001700030
5001700040
5001700050
5001700060
5001700070
5001700080
5001700090
5001700100
5001700110
5001700120
5001711080
5001711090
5001711160
5001711170
5001711180
5001720130
5001720140
5001730580
5001750450
5001760050
5001760060
5001760070
5001770020
5001770030
5001770040
5001770050
5001770060
5001770070
5001770080
5001800011
5001800091
5001810160
5001820180
5001840040
5001860110
5001870060
5001880350
5001900910
5001910250
5001930240
5001930250
5001930260
5001960210
5001960290
5001960300
5001982220
5001991810
5002000060
5002000080
5002000110
5002010180
5002010220
5002022040
5002022050
5002022060
5002022070
5002022080
5002022090
5002022100
5002030410
5002030420
5002030460
5002030470
5002030550
5002040400
5002050170
5002061000
5002070200
5002080330
5002080340
5002100011
5002100051
5002100111
5002121000
5002121010
5002121020
5002130970
5002130980
5002140020
5002140030
5002140040
5002140050
5002140060
5002140070
5002140080
5002160490
5002160500
5002160510
5002170251
5002170261
5002170340
5002170350
5002170360
5002180390
5002200500
5002220120
5002240011
5002240090
5002250240
5002260210
5002280320
5002280330
5002280340
5002280350
5002290090
5002300220
5002320010
5002331410
5002340061
5002340111
5002340161
5002340211
5002350230
5002350240
5002370250
5002380170
5002380180
5002380190
5002390270
5002401330
5002401340
5002401350
5002401360
5002401370
5002420020
5002430380
5002430390
5002460790
5002500350
5002500360
5002500370
5002500380
5002510013
5002510031
5002520520
5002520540
5002530170
5002530180
5002530190
5002540010
5002540020
5002550080
5002560210
5002600040
5002640810
5002660260
5002670330
5002690120
5002710031
5002710041
5002720990
5002730110
5002750700
5002750710
5002760110
5002780330
5002780340
5002780350
5002780360
5002780370
5002780380
5002780390
5002780400
5002780410
5002780420
5002780430
5002780440
5002780450
5002780460
5002780470
5002780480
5002780490
5002780500
5002780510
5002780520
5002780530
5002780540
5002780550
5002780560
5002780570
5002780580
5002780590
5002780600
5002780610
5002780620
5002780630
5002780640
5002780650
5002780660
5002780670
5002780680
5002780691
5002780692
5002780700
5002790090
5002800120
5002810240
5002820100
5002830440
5002830450
5002860360
5002880130
5002890020
5002890030
5002900230
5002910890
5002910900
5002920061
5002920062
5002930390
5002940180
5002950190
5002960170
5002960180
5002960190
5002960200
5002960210
5002960220
5002960231
5002960232
5002960233
5002960240
5002960250
5002970240
5002970250
5002990270
5002990280
5003000010
5003000020
5003000030
5003000110
5003000121
5003000140
5003010870
5003020170
5003030100
5003040052
5003041600
5003041610
5003041620
5003051000
5003070010
5003070020
5003070030
5003070040
5003070050
5003070060
5003070070
5003070080
5003070090
5003070100
5003070110
5003070120
5003070130
5003070140
5003070150
5003070160
5003070170
5003070180
5003070190
5003080271
5003080280
5003090060
5003130190
5003140400
5003150150
5003160190
5003190470
5003200080
5003210070
5003220076
5003240420
5003240430
5003260320
5003280080
5003290093
5003290193
5003290203
5003290220
5003300050
5003300060
5003300070
5003310250
5003310260
5003320053
5003320113
5003320123
5003330150
5003340130
5003350160
5003360120
5003370040
5003380210
5003380220
5003390360
5003400240
5003410040
5003410050
5003410081
5003410082
5003420200
5003450310
5003460860
5003480100
5003480110
5003490180
5003490190
5003501450
5003501460
5003501470
5003520150
5003530010
5003530030
5003530040
5003540017
5003551700
5003560400
5003571490
5003571500
5003571510
5003571520
5003571530
5003571540
5003571550
5003571560
5003580460
5003580470
5003590110
5003590120
5003600330
5003610170
5003630010
5003640210
5003640270
5003640480
5003640490
5003640500
5003640670
5003640680
5003640800
5003640810
5003640820
5003640970
5003640980
5003640990
5003641150
5003641160
5003641170
5003641240
5003641250
5003641260
5003641270
5003641280
5003641290
5003641300
5003641310
5003641320
5003641330
5003641340
5003641350
5003641360
5003641370
5003641380
5003641410
5003641420
5003641430
5003641460
5003641470
5003641480
5003641670
5003641680
5003641690
5003641720
5003641730
5003641740
5003641750
5003641760
5003641770
5003641780
5003641790
5003641800
5003641810
5003641820
5003641830
5003641880
5003641890
5003641900
5003641910
5003641920
5003641930
5003641940
5003641950
5003641960
5003641970
5003641980
5003641990
5003642000
5003642010
5003642020
5003642030
5003642040
5003642050
5003642060
5003642070
5003642080
5003642090
5003642100
5003642110
5003642120
5003642130
5003642140
5003642150
5003642160
5003642170
5003642180
5003642190
5003642200
5003642210
5003642220
5003642230
5003642240
5003642250
5003642260
5003642270
5003642280
5003642290
5003642300
5003642310
5003642320
5003642330
5003642340
5003642360
5003642380
5003642400
5003642410
5003642420
5003642430
5003642440
5003642450
5003642460
5003642470
5003642480
5003642490
5003642500
5003642510
5003642520
5003642530
5003642540
5003642550
5003642560
5003642570
5003642580
5003642590
5003642600
5003642610
5003642620
5003642630
5003642640
5003642650
5003642660
5003642670
5003642680
5003642690
5003642700
5003650011
5003662620
5003662630
5003670300
5003680160
5003690720
5003700011
5003700350
5003721550
5003730080
5003740011
5003750070
5003760410
5003770010
5003770020
5003770030
5003770040
5003770050
5003770060
5003770070
5003770080
5003770090
5003770100
5003780270
5003790210
5003800120
5003800130
5003810770
5003820590
5003820600
5003831310
5003840280
5003840290
5003840320
5003840330
5003840340
5003852090
5003860460
5003870040
5003880290
5003890560
5003901890
5003901900
5003901910
5003901920
5003901930
5003901940
5003901950
5003901960
5003901970
5003901980
5003901990
5003902000
5003902010
5003910900
5003910910
5003920800
5003920810
5003931100
5003950012
5003950013
5003960201
5003960440
5003960450
5003970200
5003970210
5003980900
5003980910
5003990150
5004000010
5004010150
5004010160
5004010210
5004010220
5004020010
5004020020
5004020030
5004020040
5004030670
5004040170
5004050090
5004060011
5004080380
5004090090
5004090100
5004110640
5004120270
5004120280
5004130010
5004130020
5004130030
5004130420
5004130430
5004130950
5004150680
5004150690
5004170070
5004170100
5004170110
5004180660
5004180670
5004180680
5004190570
5004190580
5004200160
5004220010
5004220020
5004220030
5004220040
5004220050
5004220060
5004220070
5004220080
5004220090
5004220100
5004220110
5004220120
5004220130
5004220140
5004220150
5004220160
5004220170
5004220180
5004220190
5004220200
5004220210
5004220220
5004220230
5004220240
5004220250
5004220260
5004220270
5004220280
5004220290
5004220300
5004220321
5004220322
5004220341
5004220350
5004220370
5004220380
5004220390
5004220401
5004220410
5004220420
5004230010
5004230020
5004230030
5004230040
5004230050
5004230060
5004230070
5004230080
5004230250
5004230260
5004230270
5004230280
5004230290
5004230300
5004230310
5004230320
5004230330
5004230340
5004230350
5004230360
5004230370
5004230380
5004230390
5004230400
5004230410
5004230420
5004230430
5004230440
5004230450
5004230800
5004230810
5004230820
5004230830
5004230890
5004230900
5004230910
5004231070
5004231080
5004231090
5004231100
5004231110
5004231120
5004231130
5004231140
5004231450
5004231460
5004231470
5004231480
5004231490
5004231500
5004231510
5004231520
5004231530
5004231540
5004231550
5004231560
5004231570
5004231580
5004231730
5004231740
5004231750
5004231760
5004231770
5004231780
5004231790
5004231800
5004231810
5004231820
5004232000
5004232010
5004232020
5004232030
5004232040
5004232050
5004232060
5004232070
5004232080
5004232090
5004232480
5004232490
5004232500
5004232510
5004232520
5004232530
5004232540
5004232550
5004232560
5004232700
5004232710
5004232720
5004232730
5004232740
5004232750
5004240130
5004240140
5004250180
5004250190
5004260760
5004270280
5004270290
5004280310
5004280320
5004290230
5004300130
5004330070
5004330080
5004350010
5004350020
5004350030
5004390042
5004390050
5004410350
5004440090
5004460160
5004500080
5004520170
5004530110
5004550480
5004561020
5004561030
5004580150
5004580170
5004590150
5004601590
5004610020
5004650010
5004650020
5004650030
5004660300
5004670080
5004680010
5004680020
5004680030
5004680040
5004680050
5004680060
5004680070
5004680120
5004680130
5004680140
5004680150
5004690110
5004690120
5004690130
5004690140
5004690150
5004690160
5004690170
5004690180
5004690190
5004690200
5004690210
5004690280
5004690290
5004690300
5004690310
5004690320
5004690330
5004690340
5004690480
5004690490
5004690610
5004690620
5004690630
5004690640
5004690650
5004690660
5004690670
5004690680
5004690690
5004690700
5004690710
5004690720
5004690730
5004691170
5004691180
5004691190
5004691200
5004691210
5004691220
5004691230
5004691240
5004691250
5004691260
5004691270
5004691280
5004691290
5004700500
5004700510
5004700520
5004700530
5004700540
5004700550
5004710150
5004720420
5004732310
5004732320
5004740140
5004770070
5004780610
5004801470
5004801480
5004810520
5004810530
5004820010
5004820020
5004820030
5004820040
5004820050
5004820060
5004820070
5004820080
5004840940
5004860110
5004870150
5004870160
5004881210
5004881220
5004881230
5004891170
5004900660
5004920010
5004920020
5004920030
5004920040
5004920050
5004920060
5004920070
5004920080
5004920090
5004930050
5004930060
5004930070
5004940410
5004940420
5004940430
5004940440
5004940450
5004940460
5004950120
5004960090
5004960200
5004970120
5004980010
5004980020
5004980030
5004980040
5004980050
5004980060
5004980070
5004980080
5004980090
5004980100
5004980110
5004980120
5004980130
5004980140
5004980150
5004980160
5004980170
5004980180
5004980190
5004990110
5004990480
5004990490
5005000080
5005000114
5005000123
5005000126
5005000162
5005000165
5005000241
5005000248
5005000310
5005000320
5005000342
5005000350
5005000472
5005000473
5005000492
5005000523
5005000541
5005000570
5005000650
5005000692
5005000720
5005000730
5005000751
5005000803
5005000870
5005000890
5005000920
5005000930
5005000993
5005000994
5005001021
5005001022
5005001080
5005001110
5005001130
5005001161
5005001236
5005001238
5005001243
5005001245
5005001246
5005001256
5005001261
5005001270
5005001340
5005001360
5005001382
5005001446
5005001447
5005001451
5005001452
5005001453
5005001455
5005001460
5005001471
5005001482
5005001483
5005001485
5005001495
5005001499
5005001500
5005001522
5005001541
5005001550
5005001632
5005001660
5005001691
5005001710
5005001740
5005001771
5005001820
5005001843
5005001850
5005001871
5005001883
5005001961
5005001987
5005001992
5005002062
5005002070
5005002100
5005002130
5005002160
5005002220
5005002231
5005002271
5005002281
5005002282
5005002303
5005002360
5005002372
5005002374
5005002375
5005002376
5005002387
5005002450
5005002510
5005002520
5005002530
5005002570
5005002640
5005002650
5005002661
5005002790
5005002871
5005002872
5005002900
5005002920
5005002930
5005002940
5005002950
5005003051
5005003052
5005003060
5005003120
5005003160
5005003170
5005003190
5005003210
5005003230
5005003240
5005003280
5005003300
5005003390
5005003400
5005003530
5005003590
5005003620
5005003680
5005003700
5005003760
5005003870
5005003900
5005003920
5005003930
5005003940
5005004011
5005004060
5005004080
5005004130
5005004170
5005004250
5005004260
5005004280
5005004310
5005004380
5005004390
5005004412
5005004450
5005004480
5005004560
5005004570
5005004600
5005004610
5005004630
5005004670
5005004750
5005004761
5005004762
5005004770
5005004881
5005004882
5005004883
5005004902
5005004910
5005004920
5005004930
5005004990
5005005060
5005005140
5005005210
5005005220
5005005230
5005005311
5005005340
5005005362
5005005367
5005005368
5005005384
5005005490
5005005540
5005005590
5005005610
5005005630
5005005701
5005005710
5005005720
5005005733
5005005790
5005005981
5005006030
5005006050
5005006230
5005006283
5005006290
5005006300
5005006310
5005006360
5005006380
5005006432
5005006480
5005006520
5005006541
5005006570
5005006611
5005006661
5005006670
5005006710
5005006800
5005006820
5005006830
5005006930
5005007020
5005007090
5005007100
5005007230
5005020190
5005030150
5005040010
5005040020
5005050680
5005050690
5005050700
5005070030
5005070280
5005070290
5005070300
5005090010
5005100270
5005101210
5005101220
5005101230
5005110280
5005110290
5005120190
5005130010
5005130020
5005130030
5005130040
5005130050
5005130060
5005130070
5005130080
5005130090
5005130100
5005130110
5005130120
5005130130
5005130140
5005130150
5005130160
5005130170
5005130180
5005130190
5005130200
5005130210
5005130220
5005130230
5005130240
5005130250
5005130270
5005140010
5005140040
5005140080
5005140130
5005150150
5005150160
5005150170
5005160120
5005160130
5005160140
5005160150
5005170270
5005180010
5005180020
5005180030
5005181030
5005200120
5005200130
5005210250
5005210260
5005220160
5005230140
5005240010
5005240020
5005240030
5005240040
5005240120
5005240370
5005243880
5005250130
5005250140
5005260020
5005260040
5005260050
5005260200
5005280010
5005280040
5005280050
5005280080
5005280120
5005280130
5005280140
5005280160
5005280170
5005280250
5005280260
5005280270
5005280280
5005280290
5005280300
5005280310
5005280320
5005280330
5005280340
5005280370
5005280380
5005280390
5005280400
5005280410
5005280420
5005280430
5005280440
5005280450
5005280460
5005280470
5005280480
5005280490
5005280500
5005280510
5005290010
5005290470
5005290480
5005300040
5005300050
5005300060
5005320010
5005320020
5005320030
5005320040
5005320050
5005320060
5005320070
5005320080
5005320090
5005320100
5005320110
5005320120
5005320130
5005320140
5005320150
5005320160
5005320170
5005320180
5005320190
5005320200
5005320210
5005320220
5005320230
5005320240
5005320250
5005320260
5005320270
5005320280
5005320290
5005320300
5005320310
5005320320
5005320330
5005320340
5005320350
5005330230
5005330240
5005342050
5005342060
5005342070
5005342080
5005342090
5005342100
5005342110
5005342120
5005342130
5005342131
5005342140
5005342150
5005342160
5005342170
5005342180
5005342190
5005342200
5005342210
5005350360
5005350370
5005350380
5005350390
5005350400
5005350410
5005350420
5005350430
5005350440
5005350450
5005350460
5005350470
5005350480
5005350490
5005350500
5005350510
5005350520
5005350530
5005350540
5005350550
5005350560
5005350570
5005350580
5005350590
5005350600
5005350610
5005350620
5005350630
5005350640
5005350650
5005350660
5005350670
5005350680
5005350690
5005350700
5005350710
5005350720
5005350730
5005350740
5005350750
5005350760
5005350770
5005350780
5005350790
5005350800
5005350810
5005350820
5005350830
5005350840
5005350850
5005350860
5005350870
5005350880
5005350890
5005350900
5005350910
5005350920
5005350930
5005350940
5005350950
5005350960
5005350970
5005350980
5005350990
5005351000
5005351010
5005351020
5005351030
5005351040
5005351050
5005351060
5005351070
5005351080
5005351090
5005351100
5005351110
5005351120
5005351130
5005351140
5005351150
5005351160
5005351170
5005351180
5005351190
5005351200
5005351210
5005351220
5005351230
5005351240
5005351250
5005351260
5005351270
5005351280
5005351290
5005351300
5005351310
5005351320
5005351330
5005351340
5005351350
5005351360
5005351370
5005351380
5005351390
5005351400
5005351410
5005351420
5005351430
5005351440
5005351450
5005351460
5005351470
5005351480
5005351490
5005351500
5005351510
5005351520
5005351530
5005351540
5005351550
5005351560
5005351570
5005351580
5005351590
5005351600
5005351610
5005351620
5005351630
5005351640
5005351650
5005351660
5005351670
5005351680
5005351690
5005351700
5005351710
5005351720
5005351730
5005351740
5005351750
5005351760
5005351770
5005351780
5005351790
5005351800
5005351810
5005351820
5005351830
5005351840
5005352050
5005352051
5005352060
5005352070
5005352080
5005352090
5005352100
5005352110
5005360010
5005360020
5005360030
5005360040
5005360050
5005360060
5005360070
5005360080
5005360090
5005360100
5005360210
5005360290
5005360320
5005360330
5005360340
5005360350
5005360360
5005360370
5005360380
5005360390
5005360400
5005360410
5005360420
5005360430
5005360440
5005360450
5005360460
5005360470
5005360480
5005360490
5005360500
5005360520
5005360530
5005360540
5005370020
5005370030
5005370040
5005370050
5005370060
5005370070
5005370080
5005370090
5005370100
5005370110
5005370120
5005370130
5005370140
5005370150
5005370160
5005370180
5005370190
5005370280
5005370290
5005370300
5005370370
5005370380
5005370400
5005370410
5005370420
5005370430
5005370450
5005370470
5005370480
5005370490
5005370500
5005370510
5005370520
5005370530
5005370540
5005370550
5005370560
5005370570
5005370580
5005370590
5005370600
5005370610
5005370620
5005370630
5005370640
5005370650
5005370660
5005370670
5005370680
5005370690
5005370700
5005370720
5005370730
5005370740
5005380010
5005380020
5005380030
5005380040
5005380050
5005380060
5005380070
5005380080
5005380090
5005380100
5005380110
5005380120
5005380130
5005380140
5005380150
5005380160
5005380170
5005380180
5005380190
5005390010
5005390020
5005390030
5005390040
5005390050
5005390060
5005390070
5005390080
5005390090
5005390100
5005390110
5005390120
5005390130
5005390140
5005390150
5005390160
5005390170
5005390180
5005390190
5005400010
5005400020
5005400030
5005400040
5005400050
5005400060
5005400070
5005400080
5005400090
5005400100
5005400110
5005400120
5005400130
5005400140
5005400150
5005400160
5005400170
5005400180
5005400190
5005400200
5005400210
5005400220
5005400230
5005400240
5005400250
5005400260
5005400270
5005400280
5005400290
5005400300
5005400310
5005400320
5005400330
5005400340
5005400350
5005400360
5005400370
5005400380
5005400390
5005400400
5005400410
5005400420
5005400430
5005400440
5005400450
5005400460
5005400470
5005400480
5005400490
5005400500
5005400510
5005400520
5005400530
5005400540
5005400550
5005400560
5005400570
5005400580
5005400590
5005400600
5005400610
5005400620
5005410010
5005410020
5005410030
5005410040
5005410050
5005410060
5005410070
5005410080
5005410090
5005410100
5005410110
5005410120
5005410130
5005410140
5005410150
5015000032
5015000033
5015000090
5017100051
5017100102
5017100110
5017100120
5017100140
5017100150
5017100230
5017100280
5017100310
5017100330
5017100340
5017100350
5017100390
5017100490
5017100660
5017100670
5017100690
5017100800
5017101120
5017101130
5017101190
5017101231
5017101250
5017101280
5017101340
5017101362
5017101460
5017101480
5017101500
5017101560
5017200030
5017200160
5017200180
5017200190
5017200280
5017200350
5017200411
5017200452
5017200551
5017200570
5017200600
5017200610
5017200630
5017200710
5017200760
5017200781
5017200790
5017200841
5017200870
5017200880
5017201111
5017201170
5017201230
5017201250
5017201281
5017201511
5017201530
5017201540
5017201550
5017201560
5017300031
5017300100
5017300140
5017300400
5017300421
5017300510
5017300710
5017300840
5017300900
5017300970
5017301000
5017301010
5017301020
5017301030
5017301060
5017301100
5017400070
5017400150
5017400160
5017400201
5017400350
5017400360
5017400400
5017400550
5017400670
5017400760
5017400851
5017401070
5017401100
5017401150
5017401160
5017401180
5017401190
5017401220
5017401260
5017500060
5017500070
5017500110
5017500200
5017500230
5017500260
5017500270
5017500370
5017500430
5017500450
5017500501
5017500530
5017500540
5017500552
5017600070
5017600130
5017600180
5017600300
5017600310
5017600351
5017600370
5017600391
5017600450
5017600490
5017600581
5017600591
5017600700
5017600710
5017600721
5017600760
5017600840
5017600850
5017600940
5017600970
5017700010
5017700150
5017700211
5017700300
5017700321
5017700370
5017700380
5017700390
5017700441
5017700470
5017700730
5017700881
5017700910
5017700920
5017700940
5017701000
5017701170
5017701193
5017701300
5017701310
5017701341
5017701360
5017701460
5017701490
5017701500
5017701531
5017701590
5017701600
5017800130
5017800140
5017800180
5017800190
5017800222
5017800251
5017800270
5017800280
5017800311
5017800351
5017800370
5017800460
5017800480
5017800541
5017800630
5017800640
5017800650
5017800790
5017800800
5017800890
5017800900
5017800920
5017800960
5017801101
5017801190
5017801321
5017801340
5017801381
5017801460
5017801610
5017801650
5017801680
5017801750
5017801760
5017801780
5017801790
5017801860
5017801890
5017801900
5017801910
5017801920
5017820021
5017820160
5017820200
5017820250
5017820260
5017820291
5017820330
5017820390
5017820500
5017820521
5017820620
5017820750
5017820760
5017820820
5017820830
5017820980
5017820990
5017840010
5017840020
5017840061
5017840080
5017840190
5017840230
5017840240
5017840250
5017840330
5017840340
5017840350
5017840440
5017840560
5017840701
5017840720
5017840760
5017840770
5017840780
5017840881
5017840990
5017841140
5017841221
5017841320
5017841371
5017841380
5017841411
5017841471
5017841670
5017841680
5017841820
5017841830
5017841850
5017841860
5017841870
5017841880
5017841940
5017841950
5017841960
5017841970
5017860010
5017860090
5017860130
5017860150
5017860290
5017860311
5017860370
5017860630
5017860640
5017860660
5017860710
5017860741
5017860900
5017861030
5017861060
5017861120
5017861130
5017861200
5017861220
5017880030
5017880130
5017880191
5017880280
5017880290
5017880350
5017880410
5017880520
5017880590
5017880670
5017880730
5017880740
5017900080
5017900100
5017900171
5017900310
5017900390
5017900430
5017900490
5017900500
5017900530
5017900540
5017900610
5017900620
5017900641
5017900740
5017900750
5017900760
5017900880
5017900920
5018000040
5018000070
5018000080
5018000180
5018000210
5018000260
5018000290
5018000490
5018000550
5018000580
5018000630
5018000670
5018000680
5018000701
5018000780
5018000800
5018000820
5018000840
5018000860
5018000930
5018000980
5018001050
5018001060
5018001101
5018001140
5018001150
5018001360
5018001420
5018001441
5018001471
5018001491
5018001511
5018001580
5018001680
5018001730
5018001760
5018001810
5018001900
5018001910
5018001920
5018020130
5018020170
5018020220
5018020240
5018020320
5018020330
5018020350
5018020390
5018020400
5018020420
5018020440
5018040030
5018040241
5018040300
5018040310
5018040320
5018040401
5018040590
5018040600
5018040690
5018040730
5018040760
5018040840
5018040850
5018040901
5018040940
5018040950
5018041010
5018041080
5018041140
5018041200
5018041290
5018041380
5018041401
5018041551
5018041570
5018041630
5018041640
5018041650
5018041670
5018060020
5018060040
5018060080
5018060160
5018060180
5018060192
5018060220
5018060360
5018060430
5018060451
5018060490
5018060540
5018060630
5018060661
5018060790
5018060850
5018060910
5018060930
5018060940
5018060970
5018061040
5018061220
5018061300
5018061320
5018061410
5018061440
5018061450
5018061480
5018061490
5018061510
5018061520
5018061641
5018061760
5018062191
5018062240
5018062371
5018062390
5018080170
5018080180
5018080201
5018080220
5018080270
5018080280
5018080290
5018080330
5018080360
5018080380
5018080400
5018080440
5018080590
5018080610
5018080690
5018080780
5018080820
5018080840
5018080870
5018080960
5018080980
5018100080
5018100100
5018100110
5018100181
5018100200
5018100240
5018100330
5018100440
5018100500
5018100550
5018100600
5018100610
5018100650
5018100730
5018100762
5018100763
5018100780
5018100830
5018100900
5018101092
5018101120
5018101190
5018101200
5018101210
5018101230
5018101240
5018101260
5018101331
5018120141
5018120191
5018120220
5018120230
5018120280
5018120300
5018120320
5018120360
5018120420
5018120430
5018120460
5018120510
5018120530
5018120700
5018140040
5018140240
5018160070
5018160241
5018160390
5018160540
5018160580
5018160590
5018160600
5018160740
5018160850
5018160920
5018160930
5018161131
5018161160
5018161170
5018161230
5018161280
5018161290
5018161520
5018161610
5018161671
5018161721
5018180010
5018180131
5018180190
5018180250
5018180301
5018180330
5018180510
5018180520
5018180540
5018180580
5018180730
5018180740
5018180760
5018180780
5018180820
5018180830
5018180840
5018180860
5018180910
5018181040
5018181110
5018181130
5018181190
5018181270
5018181370
5018181400
5018181440
5018181480
5018181540
5018181550
5018181561
5018181660
5018181820
5018182010
5018182100
5018182180
5018182210
5018182291
5018182410
5018182460
5018182481
5018182540
5018182570
5018182700
5018182850
5018182880
5018182941
5018182970
5018182980
5018183060
5018183120
5018183161
5018183191
5018183200
5018183210
5018183370
5018183390
5018183480
5018183490
5020000010
5020000020
5020000030
5020000050
5020000074
5020000075
5020000081
5020000082
5020000090
5020000130
5020000150
5020000210
5020000230
5020000240
5020000250
5020000260
5020000280
5020000300
5020000320
5020000423
5020000429
5020000431
5020000441
5022000070
5022000090
5022000100
5022000400
5022000480
5022000500
5022000510
5022000520
5022000571
5022000580
5022000720
5022000810
5022000831
5022000900
5022000950
5022001040
5022001060
5022001070
5022001120
5022001160
5022001290
5022001300
5022001410
5022001440
5022001482
5022001512
5022001580
5022001590
5022001660
5022001670
5022001860
5022001870
5022001900
5022001910
5022001960
5022002050
5022002130
5022002270
5022002300
5022002310
5022002350
5022002360
5022002440
5022002450
5022002460
5022002530
5022002630
5022002640
5022002650
5022002663
5022002670
5024000030
5024000070
5024000080
5024000140
5024000160
5024000200
5024000260
5024000300
5024000320
5024000360
5024000500
5024000550
5024000660
5024000690
5024200080
5024200160
5024200240
5024200340
5024200360
5024200370
5024200380
5024200400
5024200430
5024300040
5024300090
5024300290
5024300470
5024300520
5024300640
5024401811
5024401881
5024401891
5024401901
5024401941
5024402031
5024402061
5024402081
5024402101
5024402131
5024402201
5024500011
5024500031
5024500221
5024500241
5024500251
5024500271
5024500321
5024500361
5024600010
5024600020
5024600050
5024600120
5024600190
5024600200
5024600210
5024600240
5024600250
5024600290
5024600300
5024600320
5024600330
5024600340
5024600460
5024600480
5024670010
5024670100
5024670120
5024670130
5024670160
5024670170
5024670180
5024670190
5024670280
5024670300
5024670330
5024670390
5025000013
5025000110
5025000114
5025000115
5025000121
5025000122
5025000165
5025000166
5025000191
5025000291
5025000370
5025000380
5025000390
5025000400
5025000410
5025000471
5025000541
5025000542
5025000543
5025000544
5025000545
5025000546
5025000570
5025000580
5025000590
5025000653
5025000654
5025000680
5025000733
5025000800
5025000810
5025000833
5025000834
5025000835
5025000840
5025000850
5025000920
5025000941
5025000942
5025000950
5025001029
5025001030
5025001031
5025001033
5025001035
5025001050
5025001091
5025001092
5025001140
5025001151
5025001160
5025001191
5025001224
5025001225
5025001232
5025001242
5025001261
5025001265
5025001352
5025001400
5025001427
5025001461
5025001462
5025001463
5025001472
5025001500
5025001511
5025001512
5025001540
5025001550
5025001570
5025001580
5025001610
5025001620
5025001630
5025001650
5025001660
5025001681
5025001730
5025001740
5025001751
5025001812
5025001940
5025001991
5025002091
5025002120
5025002130
5025002150
5025002160
5025002170
5025002200
5025002241
5025002242
5025002270
5025002364
5025002373
5025002382
5025002521
5025002581
5025002670
5025002680
5025002700
5025002731
5025002740
5025002771
5025002861
5025002880
5025002890
5025002900
5025002910
5025002971
5025003010
5025003020
5025003021
5025003041
5025003060
5025003090
5025003112
5025003113
5025003170
5025003181
5025003273
5025003280
5025003400
5025003421
5025003431
5025003480
5025003530
5025003531
5025003562
5025003630
5025003640
5025003702
5025003812
5025003863
5025003885
5025003888
5025003919
5025004082
5025004111
5025004140
5025004150
5025004160
5025004170
5025004220
5025004262
5025004300
5025004340
5025004350
5025004360
5025004403
5025004455
5025004481
5025004570
5025004590
5025004600
5025004610
5025004680
5025004690
5025004800
5025004811
5025004840
5025004856
5025004890
5025004931
5025004950
5025005041
5025005111
5025005170
5025005180
5025005261
5025005280
5025005290
5025005301
5025005441
5025005442
5025005480
5025005500
5025005520
5025005551
5025005552
5025005610
5025005651
5025005670
5025005680
5025005690
5025005731
5025005732
5025005734
5025005740
5025005790
5025005810
5025005861
5025005901
5025005911
5025005920
5025005991
5025006000
5025006040
5025006050
5025006060
5025006070
5025006080
5025006090
5025006161
5025006162
5025006163
5025006230
5025006250
5025006372
5025006373
5025006378
5025006392
5025006394
5025006401
5025006414
5025006442
5025006477
5025006520
5025006560
5025006570
5025006580
5025006660
5025006680
5025006730
5025006770
5025006780
5025006810
5025006863
5025006864
5025006900
5025006950
5025007014
5025007021
5025007022
5025007033
5025007043
5025007044
5025007071
5025007072
5025007093
5025007100
5025007140
5025007157
5025007170
5025007210
5025007220
5025007240
5025007260
5025007340
5025100050
5027000100
5027000201
5027000220
5027000240
5027000291
5027000360
5027000540
5027000550
5027000560
5027000570
5029500050
5030000020
5030000041
5030000060
5030000070
5030000091
5030000170
5030000230
5030000273
5030000310
5030000320
5030000360
5030000380
5030000490
5030000510
5030000550
5030000591
5030000600
5030000601
5030000610
5030000680
5030000700
5030000710
5030000730
5030000750
5030000790
5030000800
5030000960
5030001070
5030001114
5030001121
5030001160
5030001212
5030001230
5030001250
5030001260
5030001450
5030001463
5030001470
5030001480
5030001510
5030001640
5030001673
5030001730
5030001740
5030001750
5030001780
5030001790
5030001870
5030001881
5030001930
5030001940
5030002011
5030002042
5030002060
5030002073
5030002074
5030002150
5030002211
5030002240
5030002400
5030002410
5030002435
5030002501
5030002502
5030002551
5030002593
5030002653
5030002655
5030002662
5030002683
5030002684
5030002734
5030002739
5030002751
5030002871
5030002902
5030002903
5030002920
5030002991
5030003002
5035000010
5035000050
5035000100
5035000120
5035000190
5035000211
5035000240
5035000250
5035000281
5035000350
5038000010
5038000080
5038000090
5038000100
5038000110
5038000160
5038000180
5038000200
5038000240
5038000320
5038000350
5038000380
5040000022
5040000024
5040000041
5040000043
5040000044
5040000048
5040000049
5040000065
5040000099
5040000100
5040000101
5040000102
5040000113
5045000070
5045000100
5045000110
5045000150
5045000170
5045000180
5045000190
5045000240
5045000280
5045000330
5045000370
5045000371
5045000381
5045000390
5045000400
5045000440
5045000450
5045000480
5045000500
5045000540
5045000590
5045000650
5045000700
5045000720
5045000740
5045000782
5045000800
5045000820
5050000080
5050000140
5050000170
5050000200
5050000210
5050000230
5050000240
5050000250
5050000300
5050000310
5050000330
5050000380
5050000390
5050000400
5050000410
5050000430
5050000440
5050000470
5050000500
5050000540
5050000550
5050000560
5050000590
5050000710
5050000730
5050000740
5050000760
5050000780
5050000850
5050000860
5050001060
5050002040
5050002062
5050002070
5050002090
5050002100
5050002120
5050002150
5050002190
5050002200
5050002230
5050002290
5050002310
5050002410
5050002490
5050002520
5050002530
5050002590
5050002610
5050002680
5050002710
5050200010
5050200040
5050200090
5050200150
5050200210
5050200230
5050200240
5050200290
5050200310
5050200320
5050200390
5050200400
5050200450
5050200460
5050200490
5050200510
5050200590
5050200650
5050200670
5050200710
5050200730
5050200740
5050200750
5050200760
5050200770
5050200801
5050200810
5050200840
5050200850
5050200860
5050200900
5050200910
5050200920
5050200930
5050200990
5050201000
5050201010
5050201050
5050201060
5050201070
5050201140
5050201160
5050201190
5050201210
5050201240
5050201300
5050201330
5050201340
5050201350
5050201360
5050201380
5050201410
5050201480
5050201500
5050201520
5050201570
5050201650
5050201700
5050201770
5050201780
5050201790
5050201810
5050300070
5050300100
5050300120
5050300130
5050300150
5050300160
5050300170
5050300180
5050300190
5050300200
5050300241
5050300251
5050300270
5050400024
5050400027
5050400038
5050400053
5050400062
5050400070
5055000050
5055000060
5055000140
5055000150
5055000170
5055000180
5055000230
5055000310
5055000320
5055000331
5055000360
5055000390
5055000400
5055000410
5055000420
5055000430
5055000460
5055200010
5055200051
5055200130
5055200140
5055200160
5055200170
5055200212
5055200213
5055200221
5055200222
5055200270
5055200283
5055200284
5055200340
5055200401
5055200402
5060000100
5060000120
5060000130
5060000170
5060000190
5060000200
5060000210
5060000221
5060000300
5060000310
5060000422
5060000450
5060000510
5065000020
5065000070
5065000140
5065000160
5065000200
5065000210
5065000230
5065000250
5065000310
5065000370
5065000400
5065000460
5065000470
5065000520
5065000550
5065000560
5065000570
5065000590
5065000600
5065000610
5065000630
5065000640
5065000650
5065000660
5065000730
5065000740
5065000760
5065000770
5065000780
5065000790
5065000820
5065000830
5065000860
5065000890
5065000930
5065000940
5065001020
5065001030
5065001040
5065001110
5065001170
5065001260
5065001310
5065001350
5065001380
5065001390
5065001400
5065001540
5065001550
5065001580
5065001590
5065001600
5065001620
5065001640
5065001670
5065001680
5065001730
5065001790
5065001830
5065001831
5065001842
5065001860
5065001870
5065200020
5065200030
5065200080
5065200123
5065200124
5065200160
5065200191
5065200220
5065200280
5065200410
5065200440
5065200470
5065200480
5065200520
5065200540
5065200610
5065200630
5065200690
5065200740
5065200760
5065200790
5065200800
5065200830
5065200840
5065200880
5065200890
5065200940
5065200951
5065200990
5065201080
5065201090
5065201100
5065201150
5065201200
5065201210
5065201360
5065201390
5065201420
5065201430
5065201440
5065201460
5065201480
5065201490
5065201510
5065201550
5065201590
5065201600
5065201610
5065201640
5065201650
5065201660
5065201670
5065201770
5065201810
5065201871
5065300100
5065300110
5065300120
5065300171
5065300320
5065300401
5065300441
5065300540
5065400010
5065400020
5065400040
5065400050
5065400060
5065400070
5065400160
5065400200
5065400240
5065400250
5065400320
5065400440
5065400450
5065400470
5065400500
5065400560
5065400570
5065400580
5065400590
5065400600
5065400690
5065400810
5065400870
5065400890
5065400910
5065400950
5065401060
5065401090
5065401120
5065401180
5065401190
5065401220
5065401250
5065401290
5065401310
5065401320
5065401380
5065401390
5065401470
5065500040
5065500080
5065500090
5065500120
5065500140
5065500190
5065500220
5065500250
5065500260
5065500270
5065500300
5065500310
5065500330
5065500340
5065500370
5065500490
5065500520
5065500530
5065500560
5065500570
5065500580
5065500601
5065500650
5065500690
5065500730
5065500760
5065500780
5065500790
5065500810
5065500910
5065501050
5065501060
5065501170
5065501280
5065501290
5065501300
5065501310
5065501440
5065501470
5065501490
5065501580
5065501820
5065501900
5065501910
5065501930
5065501940
5065501982
5065501991
5065502111
5065502130
5065502140
5065502211
5065502260
5065502280
5065502290
5065502300
5065800090
5065800100
5065800120
5065800130
5065800140
5065800150
5065800160
5065800260
5065800330
5065800440
5065800470
5065800490
5065800510
5065800530
5065800630
5065800700
5070000060
5070000110
5070000130
5070000190
5070000230
5070000240
5070000250
5070000371
5070000381
5070000391
5070000402
5070000403
5070000404
5070000405
5070000433
5070000434
5070000435
5070000441
5070000451
5070200051
5070200061
5070200090
5070200100
5070200110
5070200170
5070200230
5070200261
5070200262
5070200270
5070200280
5070300011
5070300012
5070300020
5075000090
5075000130
5075000180
5075000211
5075000230
5075000300
5075000311
5075000321
5075000370
5075000400
5075000420
5075000440
5075000450
5075000460
5075000470
5075000590
5075000601
5075000640
5075000660
5075000680
5075000690
5075000760
5075000780
5075000810
5075000840
5075000860
5075000870
5075000910
5075000930
5075000990
5075001030
5075001060
5075001120
5075001150
5075001170
5075001200
5075001210
5075001220
5075001230
5075001250
5075001260
5075001270
5075001340
5075001370
5075001390
5075001440
5075001480
5075001500
5075001510
5075001530
5075001540
5075001600
5075001630
5075001670
5075001750
5075001770
5075001850
5075002010
5075002060
5075002090
5075002100
5075002120
5075002150
5075002180
5075002202
5075002221
5075002222
5075002240
5075002271
5075002330
5075002380
5075002411
5075002441
5075002452
5075002474
5075002479
5075002483
5075002486
5075002489
5075200040
5075200060
5075200130
5075200140
5080000032
5080000034
5080000041
5080000043
5080000130
5080000140
5080000256
5080000320
5080000350
5080000382
5080000398
5080000420
5080000431
5080000432
5080000530
5080000621
5080000672
5080000690
5080000700
5080000720
5080000740
5080000751
5080000752
5080000760
5080000780
5080000790
5080000800
5080000881
5080001061
5080001080
5080001100
5080001120
5080001131
5080001140
5080001170
5080001210
5080001220
5080001320
5080001350
5080001380
5080001450
5080001500
5080001510
5080001520
5080001550
5080001610
5080001631
5080001632
5080001711
5080001770
5080001790
5080001800
5080001821
5080001830
5080001840
5080001860
5080001996
5080002060
5080002070
5085000010
5085000031
5085000091
5085000102
5085000140
5085000150
5085000160
5085000170
5085000191
5085000220
5085000270
5085000290
5085000300
5085000320
5085000350
5085000431
5085000432
5085000433
5087000050
5087000060
5087000070
5087000080
5087000090
5087000100
5087000122
5090000030
5095000015
5095000036
5095000054
5095000056
5095000057
5095000058
5095000123
5095000175
5095000180
5096000040
5096000060
5096000070
5096000150
5096000220
5096000250
5096000300
5096000340
5096000370
5096000380
5096000390
5096000420
5096000440
5096000500
5096000530
5096000570
5096000580
5096000590
5096000600
5096000610
5096000630
5096000640
5096000660
5100000011
5100000023
5100000024
5100000060
5100000070
5100000180
5100000220
5100000270
5100000302
5100000341
5100000440
5100000520
5100000530
5100000640
5100000670
5100000690
5100000700
5100000710
5100000770
5100000791
5100000792
5100000830
5100000840
5100000900
5100000980
5100001000
5100001010
5100001011
5100001070
5100001161
5100002000
5100002021
5100002022
5100002023
5100002024
5100002032
5100002034
5100002035
5100002043
5100002044
5100002045
5100002046
5100002047
5100002073
5100002074
5105000060
5105000110
5105000130
5105000140
5105000150
5105000163
5105000170
5105000210
5105000280
5105000360
5105000380
5105000390
5105000430
5105000460
5105000500
5105000521
5105000540
5110000030
5110000060
5110000070
5110000141
5110000151
5110000160
5110000202
5110000221
5110000232
5110000233
5110000234
5110000235
5115000060
5115000100
5115000140
5115000190
5115000200
5115000280
5115000330
5115000410
5115000470
5115000480
5115000490
5115000510
5115000530
5115000690
5115000770
5115000790
5115000870
5115000880
5115000890
5115000970
5115001000
5115001010
5115001020
5115001100
5115001160
5115001180
5115001200
5115001260
5115001280
5115001320
5115001370
5115001390
5115001400
5115001460
5115001480
5115001510
5115001530
5115001670
5115001690
5115001750
5115001780
5115001790
5115001800
5115001820
5115001881
5115001882
5115001910
5115001920
5120000020
5120000050
5120000120
5125000030
5125000050
5125000061
5125000070
5125000080
5125000140
5125000150
5125000170
5125000180
5125000220
5125200020
5125200040
5125200110
5125200120
5125200130
5125200140
5125200160
5125200170
5125200240
5125200260
5125200290
5125200340
5125200380
5125200420
5125200430
5125300030
5125300040
5125300050
5125300060
5125300080
5125300090
5125300120
5125300130
5125300150
5125300160
5125300200
5125300210
5125300220
5125300230
5125300240
5130000020
5130000040
5130000050
5130000080
5130000110
5130000120
5130000130
5130000140
5130000160
5130000170
5130000200
5130000250
5130000270
5130000460
5130000470
5130000520
5130000530
5130000580
5130000600
5130000620
5130000671
5130000740
5130000840
5130000940
5130000990
5130001040
5130001110
5130001200
5130001230
5130001260
5130001290
5130001300
5130001331
5130001421
5130001470
5130001480
5130001510
5130001520
5130001570
5130001580
5130001651
5130001671
5130001700
5130001730
5130001750
5130001781
5130001782
5130001791
5130001881
5130001890
5130001912
5130001913
5130001914
5135000045
5135000084
5135000093
5135000104
5135000130
5135000142
5135000144
5140000010
5140000040
5140000090
5140000100
5140000130
5140000170
5140000191
5140000192
5140000200
5140000241
5140000260
5140000281
5140000460
5140000470
5140000510
5140000520
5140000550
5140000590
5140000660
5140000740
5140000860
5140000891
5140000930
5140000971
5140001430
5140001450
5140001470
5140500050
5140500060
5140500071
5140500191
5140500220
5141000050
5141000070
5141000100
5141000120
5141000160
5141000180
5141000190
5141000210
5141000270
5141000300
5141000320
5145000020
5145000060
5145000100
5145000120
5145000140
5149000030
5149000040
5149000050
5149000060
5149000090
5149000100
5149000200
5149000210
5150000060
5150000100
5150000140
5150000160
5150000200
5150000280
5150000310
5150000320
5150000340
5150000350
5150000390
5150000450
5150000463
5150000471
5150000520
5150000550
5151000050
5151000080
5151000090
5151000100
5151000130
5151000250
5151000260
5151000290
5151000300
5151000320
5151000430
5151000470
5151000500
5155000010
5155000020
5155000040
5155000050
5155000070
5155000110
5157000050
5157000070
5158000020
5158000030
5158000050
5158000090
5160000030
5160000040
5160000050
5160000060
5160000210
5160000220
5160000230
5160000240
5160000260
5160000280
5160000290
5160000311
5160000400
5160000474
5160000530
5160000540
5160000561
5160000600
5160000610
5165500040
5165500060
5165500130
5165500150
5165500160
5165500180
5165500190
5165500200
5165500230
5165500250
5165500270
5165500290
5165500370
5165500380
5165500431
5165500460
5165500490
5165500580
5165500600
5165500630
5170000010
5170000090
5170000120
5170000180
5170000210
5170000220
5170000260
5170000280
5170000320
5170000350
5170200020
5170200060
5170200090
5170200120
5170200170
5170200190
5170200270
5170200320
5170200330
5170200360
5170200380
5170200420
5170200450
5170300110
5170300220
5170300230
5170300241
5190000023
5190000024
5190000040
5190000051
5190000066
5190000067
5190000068
5190000069
5190000090
5190000120
5190000140
5190000151
5190000160
5195000010
5195000028
5200000010
5200000020
5200000060
5200000070
5200000100
5200000120
5200000160
5200000190
5200000240
5200000260
5200000300
5200000320
5200000370
5200000450
5200000480
5200000520
5200000550
5200000560
5200000580
5200000641
5200000690
5200000700
5200000710
5200000780
5200000890
5200000900
5200000920
5200000930
5200000961
5205000050
5205000063
5205000070
5205000110
5205000140
5205000241
5205000310
5205000330
5205000390
5205000406
5205000460
5205000470
5205000490
5205000510
5205000610
5205000740
5205000750
5205000760
5205000781
5205000782
5205000790
5205000820
5205000830
5205000840
5205000850
5205000881
5205000980
5205000990
5205001000
5205001010
5205001050
5205001080
5205001090
5205001180
5205001220
5205001281
5205001300
5205001350
5205001370
5205001380
5205001391
5205001403
5205001420
5205001460
5210000031
5210000061
5213000010
5213000080
5215000070
5215000290
5215000380
5215000931
5215000932
5215001110
5215001120
5215001590
5215200004
5215200011
5215200050
5215200060
5215200070
5215200140
5215200150
5215200180
5215201093
5215201094
5215201095
5215201097
5220000071
5220000091
5220000101
5220000110
5220000120
5220000130
5220000250
5220000341
5220000361
5220100030
5225000020
5225000100
5225000150
5225000231
5226000014
5226000080
5226000210
5226500020
5226500090
5226500270
5226500400
5226800100
5226800110
5227000010
5227000080
5227000160
5230000041
5230000070
5230000100
5230000200
5230000251
5230000360
5230000412
5231000200
5235000060
5235000131
5235000223
5235000241
5235000242
5235000243
5240000071
5240000090
5240000120
5240000180
5240000212
5240000220
5240000222
5240400050
5240400150
5240400170
5240400220
5240400230
5240400260
5240400290
5240400330
5240400350
5240400360
5240400370
5240800020
5240800090
5240800160
5241000010
5241000020
5241000030
5245000060
5245000100
5245000120
5245000220
5245000300
5250000030
5250000081
5250000100
5250000120
5250000172
5250000180
5250000192
5260000030
5260000040
5270000250
5270000260
5270000270
5270000280
5270000290
5270000340
5270000350
5270000360
5270000380
5270000390
5270000410
5270000450
5270000490
5270000500
5270000520
5270000530
5270000540
5270000550
5270000560
5270001160
5270001180
5270001200
5270001220
5270001270
5270001280
5270001290
5270001300
5270001360
5270001370
5270001380
5270001390
5270001400
5270001410
5270001420
5270001490
5270001530
5270001560
5270001600
5270001611
5270001752
5270001753
5270002293
5270002461
5270002471
5270002520
5270002530
5270002540
5270002550
5270002581
5270002582
5270002610
5270002621
5270002643
5275000070
5275000140
5275000231
5275000232
5275000250
5275000290
5275000300
5275000310
5275000400
5275000430
5275000450
5275000490
5275000510
5275000520
5275000525
5275000530
5275000560
5275000650
5275000680
5275000720
5280000020
5280000060
5280000070
5280000090
5280000110
5280000170
5280000191
5285000700
5290000060
5290000080
5295000020
5295000040
5295000060
5295000100
5295000110
5295000130
5295000160
5295000230
5300000030
5300200010
5300200110
5300200120
5300200140
5300200170
5300300030
5300300100
5300300120
5300300200
5300300360
5300400070
5300400090
5300400130
5300400160
5300400170
5300400190
5300400230
5300400300
5300400330
5300400340
5300400350
5300400410
5303000030
5303000040
5303000090
5305000180
5305000190
5305200060
5305200080
5305200100
5305200110
5305200121
5305200151
5305200190
5305300050
5305300110
5305300170
5305300230
5305400050
5305400130
5305400190
5305500030
5305500040
5305500080
5305500140
5305500200
5305500230
5305600050
5305700030
5305700060
5310000030
5310000060
5310000070
5310000090
5310000120
5310000220
5310000240
5310000330
5310000360
5310000372
5310000375
5310200010
5310200100
5315000050
5315000140
5315000261
5315000280
5315000310
5315000320
5315000341
5315000343
5315000370
5315000371
5315000390
5315000420
5315000460
5315000510
5315100010
5315100080
5315100100
5315100150
5316000020
5320000020
5320000040
5320000230
5320000330
5320000370
5320000380
5320000390
5320000400
5325000011
5325000030
5325000063
5325000101
5325000113
5325000155
5325000175
5325000176
5325000201
5325000212
5325000222
5325000225
5325000226
5325000231
5325000245
5325000263
5325000277
5325000279
5325000283
5325000287
5325000290
5325000293
5325000294
5325000296
5325000297
5325000301
5325000331
5325000332
5325000333
5325000334
5325000339
5325000340
5325000342
5325000398
5325000407
5325000411
5325000421
5325000423
5325000435
5325000455
5325000470
5325000480
5325000492
5325000496
5325000503
5325000510
5325000514
5325200010
5325200020
5325200050
5325200081
5325200087
5325200088
5329000010
5329000040
5329000080
5329000130
5329000160
5330000020
5330000090
5330000100
5330000130
5330300020
5330300040
5330300050
5330300060
5330300160
5330300170
5330400010
5330400060
5330400220
5335000021
5335000040
5335000050
5335000060
5335000140
5335000160
5335000260
5335020010
5335020021
5335020022
5335020070
5335020080
5335020110
5335020140
5340000041
5341500020
5341500100
5342500060
5343000130
5343000160
5343000180
5343000250
5343000260
5343000310
5343000361
5343000390
5343000400
5343000440
5345000102
5345000131
5345000260
5345000270
5345000280
5345000310
5345000320
5345000330
5345000340
5345000396
5345000441
5345000511
5345000520
5345000542
5345000552
5345000554
5345000581
5345000601
5345000642
5345000652
5345000665
5345000668
5345000684
5345000734
5345000781
5345000791
5345000820
5347000040
5350000050
5350000100
5350000130
5350000140
5350000180
5350000222
5350000229
5350000237
5350000239
5350000244
5350000245
5350000249
5350200060
5350200120
5350200140
5350200180
5354000140
5354000200
5354000272
5354000281
5354000350
5354000360
5354000370
5354020400
5354020410
5354020430
5354020440
5354500030
5354500060
5354500070
5354500080
5354500090
5360000130
5360000140
5360000210
5360000220
5360000271
5360000330
5360000400
5360000590
5360000850
5360000860
5360000880
5360000940
5360000951
5360000991
5360001000
5360001011
5365000051
5365100010
5365200010
5365200050
5365200070
5365200100
5365200130
5365200270
5365200300
5365200440
5365200470
5365200530
5365200560
5365200590
5365220020
5365220030
5365220130
5365220150
5365220220
5365220240
5365220250
5365220280
5365220330
5365220350
5365220370
5365220380
5365220390
5365220440
5365220470
5370000010
5370000040
5370000050
5370000060
5370000070
5370000080
5370000090
5370000110
5370000151
5370000180
5370000250
5370000260
5370000300
5370000322
5370000331
5370000390
5370000400
5370000430
5370000450
5370000460
5370000470
5370000550
5370000670
5370000730
5370000770
5370000821
5370000900
5370200021
5370200060
5370200110
5370500040
5370500060
5370500070
5370500120
5370500140
5370500190
5370500200
5370500210
5370600010
5370600090
5372800020
5372800030
5372800060
5372800080
5372800090
5372800110
5372800160
5372800170
5372800190
5372800230
5373000010
5373000100
5374000030
5375000050
5375000151
5375000152
5375000211
5380000030
5380000090
5380000150
5380000160
5380000170
5380000200
5380000210
5380000230
5380000240
5380000251
5380000270
5380000281
5380000290
5380000300
5380000310
5380200010
5388000010
5388000020
5388000041
5388000062
5390000080
5390000170
5390000180
5390000210
5390000230
5390000260
5390000350
5390000410
5390000420
5390000510
5390000580
5390000680
5390000800
5390000880
5390100090
5390100130
5390100170
5390100260
5395000010
5395000030
5395000050
5395000060
5395000072
5400000100
5400000140
5400000160
5400000220
5400000230
5400000250
5400000270
5400000320
5400000620
5400000680
5400000690
5400200202
5400200331
5400200531
5400200580
5400200590
5400200650
5400200730
5400200740
5400200760
5400200780
5400200790
5400300010
5400300080
5400300100
5400300110
5400300120
5400300130
5400300170
5400300180
5400300190
5400300250
5400300320
5400300330
5400300340
5400300380
5400300390
5400300400
5400300410
5400300460
5400300510
5400300520
5400300620
5400300650
5400300690
5400300710
5400300750
5400300760
5400300770
5400300840
5400300890
5400300900
5400301080
5400301100
5400301130
5400301190
5400301230
5400301240
5400301260
5400301270
5400301340
5400301350
5400301360
5400301370
5400301410
5400301430
5400301490
5400301510
5400301600
5400301620
5400301750
5400301760
5400301830
5400301850
5400301890
5400301900
5400301940
5400301980
5400301990
5400302000
5400302010
5400302020
5400302090
5400302120
5400302140
5400302150
5400302160
5400302170
5400302180
5400302190
5400302260
5402000030
5402000080
5403500010
5403500030
5403500060
5403500120
5403500150
5403500190
5403500330
5403500470
5403500490
5403500530
5403500570
5403500610
5403500640
5403500660
5403500670
5405000100
5405000120
5405000162
5405000163
5405000164
5405000190
5405000220
5405000230
5410000040
5410000081
5415000040
5415000050
5415000060
5415000086
5415000087
5415000088
5415000089
5415000091
5415000092
5415000101
5415000112
5415500030
5415500060
5415500120
5415500160
5415500170
5415500190
5415500200
5415500280
5415500340
5417000070
5417000130
5420000050
5420000161
5420000170
5420000180
5420000190
5425000010
5425000050
5425000070
5425000080
5425000140
5425000171
5425000200
5425000211
5430000192
5430000230
5430000290
5430000351
5430000381
5430000382
5430020010
5430020020
5430020140
5430020180
5430020220
5430020230
5430020270
5430020310
5430020350
5430020420
5430020430
5430030050
5430030130
5430030190
5430030210
5430030250
5430030260
5430040020
5430040030
5430040040
5430040050
5430040090
5430040130
5430040160
5430040260
5430040300
5430040310
5430040380
5430040421
5430040423
5430040425
5430040441
5430040442
5430040443
5430040444
5430050050
5430050120
5430050160
5430050170
5430050200
5430050260
5430050290
5430050300
5430050310
5430050340
5430050350
5430050390
5430050470
5430500020
5430500040
5430500110
5430500150
5435000010
5435000020
5435000030
5435000040
5435000050
5435000070
5435000090
5435000100
5435200090
5435200101
5435200120
5435200141
5435200170
5435200280
5435200300
5435200380
5435200420
5435200430
5437000021
5437000051
5437000061
5437000081
5437000091
5437200030
5437200060
5437200150
5440000030
5440000050
5444000020
5444000070
5444000110
5444000140
5444000170
5444000190
5444000200
5444000220
5444000250
5445000113
5445000114
5445000131
5445000150
5445000194
5445000201
5445000203
5445000214
5450000010
5450000050
5450000060
5450000120
5450000140
5450000160
5450000180
5450000200
5450000212
5450000220
5450200010
5450200040
5450200050
5450200110
5450200140
5450300010
5450300050
5450300110
5450300120
5450300170
5450400060
5450400140
5450400150
5450400170
5450400180
5450400190
5450400200
5450400210
5450400220
5450400230
5450400240
5450400250
5450400260
5450400280
5450400350
5450400400
5453000051
5453000071
5453000111
5453000121
5453000151
5453000161
5453000181
5455000010
5455000020
5455000030
5455000040
5455000050
5455000060
5455000070
5455000111
5455000122
5455000142
5455000148
5455000151
5455000152
5455000153
5455000160
5455000190
5455000211
5455000220
5455000230
5455000281
5455000310
5455000330
5455000373
5455000430
5455000471
5455000480
5455000491
5455000500
5455000591
5455000594
5455000602
5455000640
5455000650
5455000660
5455000670
5455000680
5455000690
5455000700
5460000030
5460000040
5460000051
5460000052
5460000070
5460000130
5460000200
5460000240
5460000290
5460000300
5460000330
5460000340
5460000380
5460000390
5460000400
5460000410
5460000420
5460000460
5460000490
5460000530
5460000580
5460000590
5460000670
5460000790
5460000830
5460000854
5460000930
5460000940
5460000962
5460000964
5460000980
5460001030
5460001050
5460001070
5460001080
5460001100
5460001160
5460001232
5460001250
5460001320
5460001330
5460001340
5460001410
5460001420
5460001430
5460001460
5460001490
5460001540
5460001560
5460001570
5460001610
5460001650
5460001780
5460001790
5460001850
5460001860
5460001890
5460001950
5460001990
5465000012
5465000020
5465000030
5465000106
5465000193
5465000221
5465000254
5465000360
5465000371
5465000440
5465000450
5465000502
5465000571
5465000620
5465000690
5465000780
5465000867
5465000902
5465000920
5465000933
5465000950
5465000980
5465001010
5465001020
5465001040
5465001100
5465001111
5465001332
5465001340
5465001400
5465001420
5465001490
5465001500
5465001640
5465001660
5465001800
5465001842
5465001900
5465001940
5465001992
5465002030
5465002040
5465002151
5465002250
5465002260
5465002301
5470000012
5470000021
5470000120
5470000210
5470000242
5470000251
5470000312
5470000315
5470000316
5470000317
5470000366
5470000371
5470000420
5470000510
5470000522
5470000540
5470000570
5470000610
5470000650
5470000690
5470000750
5470000760
5481000020
5481000040
5481000060
5481000090
5481000160
5481000220
5481000280
5481000350
5481000380
5481000440
5481000470
5481000540
5481000550
5481000580
5481000600
5481000670
5481000770
5481000781
5481000792
5481000810
5481000860
5481000870
5481000880
5481000910
5481000950
5481000960
5481000980
5481001030
5481001060
5481001100
5481001150
5481310010
5481310100
5481310110
5481310160
5481310200
5481310230
5481310240
5481310290
5481310300
5481310330
5481310360
5481310370
5481310390
5481310400
5481310440
5481310450
5481500010
5481500050
5481500060
5481500090
5481500160
5481500220
5481500240
5481500250
5481500290
5481500300
5481500310
5481500340
5481500360
5481500380
5481500390
5481500440
5481500480
5481500490
5481500530
5481500540
5481500550
5481500560
5481500670
5481500680
5481500690
5481500720
5481500780
5481500800
5481500810
5481500850
5481500890
5481500940
5481501000
5481501010
5481501060
5481610080
5481610140
5481610170
5481610190
5481610260
5481610340
5481610360
5481610550
5481610560
5481610620
5481610670
5481610680
5481610720
5481610742
5481610743
5481610900
5481610970
5481610980
5481610990
5481611010
5481611020
5481611080
5481611130
5481611150
5481611160
5481611260
5481611270
5481611310
5481611370
5481611380
5481620070
5481620090
5481620130
5481620170
5481620180
5481620240
5481620250
5481620270
5481620330
5481620390
5481620430
5481620570
5481620620
5481620630
5481620670
5481620690
5481620700
5485000020
5485000031
5485000043
5485000180
5485000211
5485000290
5492800020
5492800030
5492800060
5492800091
5492800130
5492800200
5492900240
5492900270
5492900290
5492900310
5492900330
5492900340
5492900380
5492900410
5492900430
5492900470
5492900490
5492900510
5492900610
5492900620
5492900650
5492900670
5492900690
5493000041
5493000051
5494000020
5494000040
5494000080
5494000120
5494000140
5494000210
5494000220
5494000270
5494000390
5495000081
5495000082
5495000110
5495000132
5500000112
5500000130
5500000150
5500000180
5500000290
5500000390
5500000530
5505000020
5505000050
5505000090
5505000100
5505000300
5505000310
5505200010
5505200040
5505200050
5505200131
5505200210
5505200240
5505200250
5505200500
5505200570
5505200580
5505200591
5505200600
5505200610
5505200620
5505200690
5505200710
5505200731
5505200740
5505200761
5505200790
5505200830
5505200881
5505200920
5505200922
5505200950
5505200960
5505201060
5505201110
5505201130
5505201200
5505201220
5505201330
5505201340
5505201370
5505201390
5505201460
5505201470
5505201520
5505201530
5505201550
5505201611
5505201651
5505201660
5505201710
5505201732
5505201761
5505201770
5505201851
5505201930
5505201953
5505201960
5505201975
5505201990
5505202013
5505202051
5505202071
5505202150
5505202201
5505202211
5505202241
5505202280
5505202291
5505202292
5505202293
5505202294
5505202301
5505202302
5505202322
5505202352
5505202380
5505202390
5505202412
5505202415
5505202422
5505202470
5505202500
5505202510
5505202520
5505202530
5505202540
5505202590
5505202630
5505202655
5505202657
5505202660
5505202670
5505202680
5505202692
5505202707
5505202708
5505202709
5505202712
5505202713
5505202715
5505202719
5505202721
5505202731
5505202732
5505202770
5505202830
5505202890
5505220040
5505250080
5505250140
5505250180
5505250190
5505250210
5505250230
5505250250
5505250260
5505250301
5505250320
5505250390
5505250401
5505250450
5505250500
5505250520
5505250550
5505250590
5505250620
5505250630
5505250710
5505250840
5505250850
5505250860
5505250910
5505250960
5505250970
5505251000
5505251030
5505251120
5505251160
5505251170
5505251200
5505251230
5505251260
5505251280
5505251300
5505300050
5505300090
5505300192
5505300202
5505300275
5505300278
5505300291
5505300330
5505300391
5505300400
5505300410
5505300420
5505300440
5505300470
5505300490
5505300500
5505300520
5505300551
5505300552
5505300570
5505300613
5505300614
5505300622
5505300641
5505300692
5505300700
5505300720
5505300816
5505300832
5505300833
5505300851
5505300865
5505300900
5505300910
5505300927
5505300928
5505300929
5505300940
5505300973
5505300974
5505301011
5505301012
5505301020
5505301031
5505301046
5505301055
5505301058
5505301059
5505301131
5505301171
5505301220
5505301230
5505301240
5505301250
5505301281
5505301310
5505301341
5505301446
5505301510
5505301530
5505301553
5505301554
5505301577
5505400050
5505400070
5505400090
5505400121
5505400122
5505400149
5505400150
5505450050
5505450081
5505450094
5505450095
5505450101
5505500040
5505500080
5505500100
5505500160
5505500170
5510000090
5515000030
5515000120
5515000170
5515000190
5515000210
5515000240
5515000300
5515000310
5515000330
5515000350
5515000370
5515000380
5515000460
5515000520
5515000590
5515000640
5515000660
5515000700
5515000760
5515000790
5515000860
5515000870
5515000890
5515000920
5515000930
5515000950
5515000970
5515000980
5515001000
5515001020
5515001030
5515001090
5515001110
5515001180
5515001190
5515001250
5515001350
5515001390
5515001450
5520000100
5520000200
5520000210
5520000220
5520000250
5525000070
5525000080
5525000160
5525000170
5525000230
5525000330
5525000370
5525000430
5525000480
5525000490
5525000510
5530000120
5530000160
5532000010
5532000040
5532000080
5532000100
5532000150
5532000170
5532000220
5532000280
5543000030
5543000090
5545000020
5545000182
5545000190
5545000270
5545000280
5545000340
5550000070
5550000102
5550000110
5550000120
5550000180
5550000220
5551000022
5551000072
5551000100
5551000113
5554000013
5554000230
5555100051
5555100060
5555100080
5555100090
5560000020
5560000051
5560000062
5560000080
5560000090
5560000151
5560000192
5560000193
5560000201
5560000251
5560000261
5560000280
5560000310
5565000030
5565000040
5565000170
5565000180
5565000191
5565000210
5565000220
5565000440
5570000020
5570000040
5570000050
5570000070
5570000080
5570000110
5572000030
5572000040
5572000070
5575000070
5575000100
5575000170
5580000030
5580000040
5580000050
5580000070
5580000090
5580000130
5580000140
5580000160
5580000180
5580000200
5580000240
5580000270
5580200071
5580200080
5580200130
5580200160
5580200210
5580200260
5580200270
5580200280
5580200300
5580200310
5580200320
5580300050
5580300060
5580300070
5580300090
5580300110
5580300220
5580300230
5580400011
5580400020
5580400050
5580400070
5580400100
5580400160
5580500030
5580500110
5580500170
5580500180
5580500250
5580500280
5580500290
5580500310
5580500330
5580500340
5580500360
5580500370
5580500390
5580500430
5580500460
5585000060
5590000040
5590000050
5590000060
5590000070
5590000080
5590000170
5590000190
5590000210
5590000220
5590000240
5590000270
5590000290
5590000300
5590000310
5590000320
5590000330
5590000360
5590000400
5590000410
5590000440
5590000480
5590000500
5590000510
5590000580
5595000010
5595000020
5595000030
5595000040
5595000130
5595000161
5595000180
5595000230
5595000250
5595000361
5595000380
5595000410
5595000440
5595000490
5595000510
5595000520
5595000580
5595000590
5600000060
5600000150
5610000020
5610000380
5610100040
5610100070
5610100100
5610100210
5610100230
5610100260
5610100340
5610100360
5610100400
5610100410
5610100430
5610100490
5610100520
5610100590
5610100600
5610100630
5610100650
5610100680
5610100690
5610100750
5610100840
5610100860
5610100870
5615000031
5615000150
5620000060
5620000094
5620000120
5620000210
5620000290
5620000360
5620000370
5620000420
5620000430
5620000450
5620000481
5620000570
5620000630
5620000650
5620000660
5620000750
5620000770
5620000800
5620000850
5620000870
5620000910
5620000960
5620001160
5620001261
5620001270
5620001290
5620001500
5620001530
5620001600
5620001650
5620001760
5620001810
5620001950
5620002080
5620002180
5620002250
5620002270
5620002310
5620002350
5620002400
5620002440
5620002480
5620002580
5623000010
5623000030
5625000083
5625000110
5625000291
5625000320
5625000360
5625000401
5625000460
5625000530
5625000610
5625000620
5625000630
5625000690
5625000742
5625000760
5625000780
5625000790
5625000864
5625000870
5625000993
5625001011
5625001142
5625001143
5625001144
5625001351
5625001430
5625001461
5625001513
5625001590
5625001600
5625001610
5625001660
5625001692
5625001705
5625001720
5625001730
5625001748
5625001752
5625001783
5625001795
5625001796
5625001808
5625001823
5625001831
5625001833
5625001838
5625001845
5625001865
5625001871
5625001873
5625001912
5625001917
5625001923
5625001933
5625001992
5625002022
5625002080
5625002205
5625002212
5625002232
5625002262
5625002267
5625002296
5625002297
5625002341
5625002342
5625002353
5625002368
5625002421
5625002490
5625002503
5625002570
5625002605
5625002624
5625002628
5625002630
5625002661
5625002662
5625002666
5625002770
5625002777
5625002778
5625002791
5625002812
5625002821
5625002822
5625002825
5625002832
5625002843
5625002847
5625002849
5625002850
5625002860
5625002872
5625002892
5625002893
5625002940
5625002950
5625002970
5625003000
5625003070
5625003100
5625003110
5625003150
5625003160
5625003190
5625003200
5625003230
5625003250
5625003291
5625003292
5625003293
5625003311
5625003320
5625003323
5625003350
5625003381
5625003420
5625003421
5625003480
5625003533
5625003561
5625003562
5625003580
5625003592
5625003614
5625003620
5625003661
5625003701
5625003781
5625003814
5630000061
5630000130
5630000160
5630000251
5630000280
5630000290
5630000470
5630000490
5630000520
5630000570
5630000580
5630000620
5630000660
5630000670
5635000020
5635000040
5635000111
5635000121
5635000123
5635000220
5635000251
5635000252
5635000370
5635000420
5635000450
5635000501
5640000011
5640000020
5640000030
5640000060
5640000080
5640000090
5640000100
5640000120
5640000137
5640000138
5640000142
5640000177
5640000193
5640000203
5640000221
5640000250
5640000261
5640000288
5640000289
5640000290
5640000322
5640000340
5640000361
5640000380
5640000460
5640000552
5640000570
5640000581
5640000600
5640000710
5640000720
5640000742
5640000765
5640000766
5640000881
5640000886
5640000895
5640000896
5640000982
5640000984
5640001001
5640001010
5640001031
5640001051
5640001060
5640001103
5640001110
5640001130
5640001171
5640001192
5640001221
5640001270
5640001301
5640001362
5640001370
5640001380
5640001390
5640001402
5640001420
5640001421
5640001571
5640001601
5640001612
5640001703
5640001752
5640001760
5640001912
5640001921
5642000100
5642000140
5642000150
5642200010
5642200020
5642200060
5642200130
5642200140
5642200160
5642200170
5645000030
5645000040
5645000050
5645000110
5645000120
5645000130
5645000150
5645000190
5650000060
5650000111
5650000141
5650000170
5650000180
5650000190
5650000240
5650000270
5650000290
5650000330
5650200021
5650200040
5650200052
5650200070
5650200100
5650200190
5655000070
5657000030
5657000043
5657000080
5657000130
5657000222
5657000250
5660000010
5660000082
5660000092
5660000131
5660000152
5660000350
5660000360
5660000420
5660000490
5660000530
5660000550
5660000640
5660000660
5660000671
5660000690
5660000780
5660000803
5660200040
5660200250
5660200261
5660200281
5660200291
5660200341
5660200344
5660200390
5660200401
5665000018
5665000025
5665000030
5665000043
5665000044
5665000050
5665000060
5665000072
5665000073
5665000101
5665000130
5665000151
5665000152
5665000257
5665000258
5665000263
5665000312
5665000422
5665000458
5665000459
5665000461
5670000010
5670000050
5670000090
5670000190
5670000250
5670000260
5670000330
5670000420
5670000500
5670000580
5670000680
5670000710
5670000760
5670000830
5670000850
5670000970
5670000990
5670001050
5670001130
5670001150
5670001201
5670001221
5670001390
5670001400
5670001440
5670001500
5670001570
5670001610
5670001640
5670001650
5670001720
5670001770
5670001820
5670001940
5670002060
5670002061
5670002100
5670002110
5670002150
5670002170
5670002230
5670002410
5670002420
5670002590
5670002600
5670002620
5670002730
5670002840
5670002850
5670002910
5670003000
5670003021
5670003090
5670003270
5670003300
5670003330
5670003340
5670003490
5670003620
5670003770
5670003780
5670003841
5670003860
5670003900
5670004000
5670004010
5670004020
5670200010
5670200030
5670200040
5670200081
5670200090
5670200150
5670200160
5670200210
5670200251
5670200300
5670300080
5670300090
5670300100
5670300150
5670400021
5670400101
5670400130
5670400251
5670400300
5670400330
5670400421
5670400470
5670400490
5670400511
5670400540
5670400561
5670400562
5670400563
5670400570
5670400580
5670400590
5670400721
5670400781
5675000061
5675000270
5675000350
5675000460
5675000510
5675000530
5675000610
5675000630
5675000670
5675000730
5675000750
5680000021
5680000090
5680000120
5680000130
5680000150
5680000160
5685800060
5685800090
5690000030
5690000100
5690000110
5690000170
5690000180
5690000190
5690000290
5690000470
5690000530
5690000650
5690000690
5690000731
5690000800
5690000810
5690000821
5690000831
5690000841
5700000062
5700000091
5700000092
5700000101
5700000102
5700000112
5700000115
5700000116
5700000122
5700000151
5700000184
5700000186
5700000192
5700000202
5700000260
5700000321
5700000331
5705000031
5705000032
5705000050
5705000060
5705000150
5705000160
5705000170
5705000181
5705000182
5705000200
5705000210
5705000250
5705000260
5705000270
5705000300
5705200030
5705200050
5705200060
5705200110
5705200120
5710000010
5715000015
5715000019
5715000020
5715000021
5715000022
5715000025
5715000039
5715000057
5715000101
5715000104
5715000190
5715000211
5715000280
5719000100
5720000100
5720000110
5720000140
5720000150
5721000070
5721000100
5721000110
5721000120
5721000130
5721000170
5721000190
5721000200
5721000250
5721000270
5721000280
5721000310
5721000320
5721000380
5721000390
5721000440
5721000510
5721000520
5721000590
5721000610
5721000620
5721000630
5723000010
5723000040
5723000050
5723000110
5723000130
5723000200
5724000010
5724000050
5725000020
5725000030
5725000050
5725000070
5725000110
5725000120
5725000140
5725000150
5725000161
5725000171
5725000191
5725000220
5727000030
5727000060
5727000130
5727000140
5728000020
5728000040
5728000140
5731000010
5731000090
5731000100
5731000110
5731000120
5731000160
5731000250
5731000290
5733100040
5733100060
5733100070
5733100090
5733100100
5733100140
5733100180
5733100250
5733100300
5733100330
5733100360
5733100380
5733100400
5733100410
5733100440
5733100490
5733100530
5733100550
5733100570
5733100610
5733100620
5733100640
5733100670
5733100680
5733100690
5733100760
5733100780
5733100830
5733100840
5735000010
5735000020
5735000030
5735000042
5735000050
5735000102
5740000060
5740000070
5740000102
5740000130
5740000200
5740000210
5740000381
5740000420
5740000430
5740000440
5740000460
5740000470
5740000480
5740000490
5740000500
5740000570
5740000580
5740000590
5740000630
5740000810
5740000830
5742000010
5742000070
5744500110
5744500120
5744500130
5744500150
5745000020
5745000030
5745000061
5745000140
5745000150
5745000160
5745000200
5745000230
5745000301
5745000302
5745000340
5745000360
5745000400
5745000471
5745000480
5745000510
5745000520
5745000530
5745000600
5745000670
5745000680
5745000690
5745000720
5745000730
5745000750
5745000831
5745000860
5745000870
5745000890
5745000900
5745000910
5745001070
5745001150
5745001160
5745001170
5745001180
5745001190
5745001200
5745001210
5745001220
5745001230
5745001240
5745001281
5745001282
5745001310
5745001351
5745001371
5745001380
5745001410
5745001430
5745001480
5745001551
5745001590
5745001601
5745001661
5745001671
5745001680
5745300030
5745300050
5745300140
5745300150
5745300160
5745300170
5745300180
5745300190
5745300200
5745300210
5745300220
5745300230
5745300240
5745300251
5745300252
5745300260
5745300270
5745300280
5745300290
5745300300
5745300330
5745300480
5745300490
5745300510
5745300520
5745300550
5745300560
5745300570
5745300580
5745300630
5745300710
5745300750
5745300760
5745300801
5745300802
5745300830
5745300920
5745301020
5745301030
5745301040
5745301080
5745301100
5745301110
5745301140
5745301160
5745301250
5745301261
5745301280
5745301300
5745301310
5750000012
5750000018
5750000064
5750000080
5750000081
5750000088
5750000089
5750000091
5750000092
5750000096
5750000102
5750000114
5750000120
5750000141
5750000171
5750000200
5755000030
5755000140
5755000210
5760000030
5760000060
5760000120
5760000180
5766500010
5766500030
5766500040
5766500080
5766500160
5766500190
5766500240
5766500250
5766500260
5767000010
5767000020
5767000090
5767000110
5767000120
5767000130
5767000140
5767000190
5767000210
5767000220
5767000250
5767000331
5767000340
5767000350
5770000110
5770000180
5770000410
5770000510
5770000550
5770000710
5775000010
5775000030
5775000040
5780000031
5780000111
5780000112
5780000270
5780000280
5780000310
5780000350
5780000370
5780000400
5780000529
5780000534
5780000536
5780000544
5780000545
5780000557
5780000561
5780000563
5780000564
5780000576
5780000582
5780000622
5780000643
5780000646
5780000647
5780000648
5780000710
5780000790
5780000800
5780000801
5780000901
5780000960
5780001173
5780001174
5780001210
5780001221
5780001222
5780001231
5780001270
5780001290
5780001361
5780001372
5780001410
5780001540
5780001600
5780001641
5780001700
5780001771
5780001773
5780001774
5780001800
5780001880
5780001922
5780001927
5780001980
5780002020
5780002080
5780002100
5780002110
5780002120
5780002130
5780002180
5780002194
5780002197
5780002220
5780002230
5780002263
5780002264
5780002284
5780002311
5780002312
5780002322
5780002324
5780002326
5781000090
5781000130
5781000180
5781000190
5781000210
5781000240
5781000262
5781000310
5781000320
5785000031
5785000090
5785000120
5785000162
5785000167
5785000211
5785000251
5785000290
5785000400
5785000510
5785000700
5785000710
5785000730
5785000800
5785000830
5785000920
5785000930
5785000960
5785000991
5785001050
5785001110
5785001150
5785001200
5785001210
5785001293
5785001302
5785001430
5785001460
5785001500
5785001660
5785001680
5785001720
5785001731
5785001750
5785001760
5785001780
5785001890
5785001900
5785001912
5785001930
5785001960
5785001972
5785002030
5785002050
5785002060
5785002100
5785002120
5785002130
5785002200
5785002291
5785002320
5785002330
5785002400
5785002440
5785002450
5785002510
5785002540
5785002560
5785002620
5785002653
5785002670
5790000041
5790000050
5790000070
5790000110
5790000134
5790000150
5790000190
5790000204
5790000207
5790000215
5790000230
5790000240
5790000250
5792000010
5792000040
5792000080
5792000130
5792000210
5792000230
5792000243
5792000260
5792000280
5792000370
5792000440
5792000560
5792000620
5792000690
5792000700
5792000730
5792000750
5792000820
5792020071
5792020080
5792030080
5792030090
5792040020
5792040120
5792500010
5792500040
5792500050
5792500071
5792500081
5792500110
5792700070
5792700080
5792700110
5792700200
5792700210
5792700230
5793000020
5793000070
5793000080
5794000010
5794000030
5794000050
5794000060
5795000011
5795000030
5795000060
5795000120
5795000130
5795000160
5795000210
5795000250
5805000062
5805000070
5805000090
5805000110
5805000120
5805000141
5805000180
5805000201
5805000202
5805000250
5805000270
5805000280
5805000400
5805000440
5805000460
5805000483
5805000540
5805000591
5805000600
5805000610
5805000611
5805000620
5805000720
5805000760
5805000780
5805000840
5810000010
5810000040
5810000120
5810000180
5810000200
5810000210
5810000220
5810000230
5810000242
5810000330
5810000440
5810000470
5810000481
5815000020
5815000050
5815000234
5815000320
5815000340
5815000360
5815000370
5815000391
5815000392
5820000010
5820000020
5820000031
5820000070
5820000124
5820000140
5820000141
5820000250
5820000260
5820000335
5820000338
5820000340
5820000350
5820000391
5820000530
5820000552
5820000600
5820000690
5820000700
5820000710
5820000731
5825000013
5825000050
5825000060
5825000100
5825000133
5825000190
5825000210
5825000230
5830000161
5830000162
5830000170
5830000270
5830000290
5830000300
5830000301
5830000362
5830000363
5830000390
5840000080
5840000090
5840000130
5840000140
5840000173
5840000280
5840000311
5840000312
5840000313
5840000410
5840000510
5840000610
5840000621
5840000780
5840000790
5840000840
5840000871
5840000910
5840000970
5840001210
5840001230
5840001240
5840001260
5840001322
5840001372
5840001470
5840001541
5840001670
5840001690
5840001710
5840001860
5840001911
5840001912
5840002060
5840002081
5840002082
5840002083
5840002103
5840002104
5840002130
5840002140
5840002150
5840002162
5840002182
5840002183
5840002190
5840002220
5840002260
5840002280
5840002300
5840002370
5840002391
5840002434
5840002500
5840002520
5840002530
5840002632
5840002770
5840002780
5840002820
5840002830
5840002840
5840002930
5843000030
5843000040
5843000060
5843000080
5843000130
5843000200
5843000230
5843000240
5844000070
5844000080
5844000120
5844000144
5844000182
5844000183
5844000200
5844000300
5844000310
5844000340
5844000421
5844000441
5844000451
5844000471
5844000493
5844000500
5844000522
5844000523
5844000531
5844000570
5844020090
5844020151
5844020180
5844020231
5844020270
5844020300
5844020361
5844020371
5844020380
5844020410
5844020421
5844020441
5844020451
5844020460
5844020470
5844020480
5844020511
5844020531
5844020560
5845000021
5845000040
5845000050
5845000060
5845000070
5845000150
5845000160
5845000320
5845000380
5845000440
5845000480
5845000520
5845000560
5845000570
5845000600
5845000630
5845000720
5845000750
5845000760
5845000800
5845000860
5845000890
5850000013
5850000015
5850000018
5850000019
5850000020
5850000041
5850000085
5850000086
5850000088
5850000089
5850000103
5850000106
5850000107
5850000108
5850000123
5850000133
5850000134
5850000135
5850000142
5850000144
5850000145
5850000146
5850000147
5850000180
5850000190
5850000200
5850000201
5850000211
5850000252
5850000265
5850000270
5855000044
5855000059
5855000069
5855000072
5855000082
5855000091
5855000092
5855000095
5855000106
5855000114
5855000125
5855000273
5855000282
5855000283
5855000358
5855000362
5855000371
5855000396
5855000397
5855000398
5855000423
5855200183
5860000060
5860000100
5860000150
5860000160
5860000203
5860000230
5860000250
5860000290
5860000302
5860000303
5860000309
5860000334
5860000361
5860200020
5860200060
5860200080
5860200182
5860200200
5860200210
5860200240
5860200250
5860200270
5860200341
5860200411
5860200424
5860200431
5860200432
5860200460
5860200461
5860200474
5860200531
5860250020
5860250040
5860300030
5860300050
5860300060
5860300070
5860300080
5860300091
5860300092
5860300113
5860300114
5860300115
5860300116
5860300140
5860300150
5860300170
5860300180
5865000010
5865000031
5865000050
5870000060
5870000070
5870000080
5870000100
5870000120
5870000140
5870000151
5870000160
5870000171
5870000191
5870000240
5870000251
5870000271
5870000280
5870000290
5870000300
5870000350
5870000390
5870000415
5870000444
5870000450
5870000462
5870000521
5870000560
5870000670
5870000690
5870200040
5870200051
5870200052
5870200070
5870200090
5870200120
5870200150
5870200170
5870200232
5870200260
5870200270
5870200320
5870200340
5870200350
5870200372
5870300070
5870300090
5870300190
5870300230
5870300260
5870300270
5870300300
5870300320
5870300380
5870300420
5870300430
5870300510
5870300530
5870300540
5870300560
5870300600
5870300630
5870300650
5875000051
5875000089
5875000107
5875000120
5875000192
5875000231
5875000236
5875000270
5875000292
5875000311
5875000323
5875000325
5875000383
5875000385
5875000388
5875000391
5875000392
5875000394
5875000417
5875000434
5875000455
5880000010
5880000040
5880000101
5880000102
5880000110
5880000150
5880000163
5880000220
5880000260
5880000332
5880000340
5880000450
5880200061
5880200170
5890000042
5890000100
5890000160
5890000220
5890000300
5890000360
5890000460
5890000470
5890000510
5890000551
5890000580
5895000020
5895000070
5900000012
5900000013
5900000091
5900000112
5900000114
5900000170
5900000204
5900000230
5900000240
5900000250
5900000391
5900000393
5900000394
5900000411
5900000432
5900000450
5900000462
5900000490
5905000011
5905000040
5905000080
5905000120
5905000160
5905000170
5905000190
5905000230
5905000270
5905000340
5905000350
5905000370
5905000390
5905000400
5905000440
5905000450
5905000480
5905000610
5905000660
5905000670
5905000770
5905000930
5905001060
5905001070
5905001130
5905001150
5905001190
5905001210
5905001280
5905001300
5905001360
5905001380
5905001390
5905001400
5905001410
5905001450
5905001490
5905001500
5905001550
5905001570
5905001580
5905001590
5905001670
5905001680
5905001690
5905001710
5905001800
5905001870
5905001880
5905001910
5905001930
5905002020
5905002040
5905002110
5905002200
5905002210
5905002232
5905002330
5905002380
5905002410
5905002460
5905002490
5905002500
5905002530
5905002560
5905100030
5905100050
5905100060
5905100130
5905100170
5910000011
5910000020
5910000060
5910000150
5910000211
5910000291
5910000310
5910000320
5910000360
5910000400
5910000420
5910000520
5910000540
5910000550
5910000590
5910000640
5910000690
5910000740
5910000780
5910000831
5915000010
5915000042
5915000111
5915000112
5915000180
5915000190
5915000250
5915000260
5915000281
5920000070
5920000090
5920000122
5920000131
5920000134
5920000170
5925000010
5925000080
5925000111
5925000200
5925000230
5925000240
5925000260
5925000270
5925000360
5925000382
5925000410
5925000420
5925000430
5925000440
5925200010
5925200050
5925200110
5925200150
5925200180
5925200190
5925200240
5925200321
5925200322
5925200350
5930000010
5930000050
5930000080
5930000090
5930000210
5930000230
5930000370
5930020050
5930020070
5930020110
5930020150
5930020190
5930020240
5930020280
5930020320
5930020390
5930020410
5930020430
5930020480
5930020500
5930020530
5930020540
5930030011
5930030050
5930030060
5930030150
5930030160
5930030200
5930030261
5930030310
5930030330
5930030340
5930030350
5930030370
5935000080
5940000030
5940000060
5940000110
5940020020
5940020040
5940020080
5945200040
5945200110
5945200140
5945200190
5945200200
5945200220
5945200250
5945200260
5945200300
5945200320
5945200371
5945200410
5945200530
5945200540
5945200560
5945200610
5945200640
5945200651
5945200700
5945200710
5945300019
5945300030
5945400060
5945400121
5945400132
5945400160
5945400220
5945400230
5945400240
5945400260
5945400330
5945400400
5945400430
5945400440
5945400460
5945400540
5945400571
5945400580
5945400590
5945400650
5945400670
5945400700
5945400730
5945400810
5945400840
5945400850
5945400880
5945400920
5945400950
5945400980
5945400990
5945401020
5945401050
5945401111
5945401120
5945401130
5945401140
5945401180
5945401270
5945401293
5945401312
5945401320
5945401360
5945401430
5945401440
5945401470
5945401490
5945500070
5945500120
5945500180
5945500190
5945600090
5945600120
5945600160
5945600220
5945600260
5945600270
5945600290
5945600310
5945600370
5945600390
5945600401
5945620030
5945620070
5945620090
5945620150
5945620180
5945620230
5945620250
5945620300
5945620310
5945620320
5945620330
5945620360
5945620460
5945620510
5945620520
5945620530
5945620560
5945620590
5945620610
5945620620
5945620660
5945620670
5945620750
5945620800
5945620820
5945620840
5945620880
5945620890
5945620900
5945620950
5945620970
5945621010
5945621030
5945621070
5945621170
5945621200
5945621211
5945621212
5945850030
5945850050
5945850090
5945850100
5945850130
5945850170
5945850180
5945850200
5945850220
5945850230
5945850260
5945850270
5945850280
5945850290
5945850330
5946000010
5946000020
5946000030
5946000150
5946000160
5946000180
5950000020
5950000080
5950000140
5950000200
5950000250
5950000260
5950000270
5950000290
5950000320
5950000360
5950000370
5950000390
5950000400
5950000420
5950000540
5950000550
5950000560
5955000170
5955000180
5955000240
5955000290
5955000320
5955000330
5955000340
5955000350
5960000012
5960000040
5960000060
5960000160
5960000230
5960000330
5965200011
5965200023
5965200024
5965200025
5965200121
5965200122
5965200221
5965200280
5965200290
5965200330
5965200400
5965200474
5965200475
5965200476
5965200477
5970000030
5970000040
5970000050
5970000060
5970000071
5970000072
5970000090
5970000102
5970000120
5970000131
5970000163
5970000191
5970000230
5970000244
5970000271
5970000291
5970000301
5970000310
5970000340
5970000371
5970000372
5970000380
5970000390
5970000423
5970000430
5970000450
5970000481
5970000482
5970000521
5970000600
5970000620
5970000630
5973000020
5973000060
5973010010
5975000050
5980000020
5985000012
5985000021
5985000022
5985000023
5985000030
5985000043
5985000044
5985000053
5985000062
5985000063
5985000070
5985000081
5985000082
5985000122
5985000130
5985000141
5985000160
5985000194
5985000198
5985000220
5985000270
5985000284
5985000311
5985000340
5985000360
5985000384
5985000386
5985000388
5985000392
5985000400
5985000460
5985000500
5985000690
5985000730
5985000761
5985000770
5985000790
5985000791
5985000811
5985000820
5985000830
5985000834
5985000880
5985000890
5985000900
5985000910
5985000921
5985000931
5985000932
5985001000
5985001030
5985001071
5985001074
5985001080
5985001110
5985001145
5985001146
5985001156
5985001158
5985001200
5985001210
5985001240
5985001250
5985001260
5985001270
5985001291
5985001292
5985001302
5985001303
5985001352
5985001410
5985001511
5985001550
5985001580
5985001610
5985001660
5985001670
5985001680
5985001690
5985001700
5985001710
5985001743
5985001744
5985001775
5985001800
5985001890
5985001933
5985001951
5985001960
5985001971
5985002001
5985002040
5985002051
5985002071
5985002072
5985002080
5985002092
5985002142
5985002152
5985002153
5985002181
5985002182
5985002200
5985002211
5985002247
5985002249
5985002281
5985002352
5985002390
5985002430
5985002440
5985002450
5985002470
5985002551
5985002570
5985002580
5985002590
5985002600
5985002650
5985002670
5985002730
5985002740
5985002890
5985002900
5985002970
5985002980
5985003061
5985003070
5985003080
5985003120
5985003150
5985003160
5985003180
5985003251
5987000050
5987000070
5990000012
5990000030
5990000241
5990000242
5990000243
5990000252
5990000271
5990000281
5990000310
5990000320
5990000360
5990000400
5990000411
5990000412
5990000435
5990000450
5990000462
5990000473
5990000474
5990000550
5990000551
5990200043
5990200050
5990200060
5990200113
5990200114
5990200121
5990200123
5990200131
5990200132
5990200170
5990200190
5990200200
5990200360
5990200430
5990200440
5990200450
5995000041
5995000042
5995000050
5995000060
5995000130
5995000171
5995000182
5995000191
5995000210
5995000220
5995000240
5995000250
5995000260
5995000270
5995000310
5995000330
5995000331
5995000360
5995000370
5995000400
5995000431
5995000432
5995000480
5995000490
5995000512
5995000520
5995000552
5995000600
5995000610
5995000662
5995000664
5995000665
5995000670
5995000751
5995000753
5995000760
5995000771
5995000772
5995000800
5995000810
5995000870
5995000880
5995000890
5995000900
5995000910
5995000931
5995000932
5995000950
5995000960
5995001012
5995001070
5995001120
5995200031
5995200260
5995200320
5995200330
5995200340
5995200370
5995200380
5995200401
5995200410
5995200480
5995200495
5995200534
5995200581
5995200602
5995200610
6000000012
6000000030
6000000036
6000000064
6000000075
6000000086
6000000101
6000000136
6000000137
6000000150
6000000170
6000000180
6000000200
6000000240
6000000250
6000000260
6000000277
6000000290
6000000323
6000000324
6000000331
6000000341
6000000353
6000000354
6000000364
6000000390
6000000401
6000000410
6000000422
6000000432
6000000435
6000000450
6000000460
6000000501
6000000502
6000000545
6000000561
6000000562
6000000571
6000000580
6000000620
6000000630
6000000660
6000000691
6000000711
6000000726
6000000727
6000000740
6000000780
6000000852
6000000857
6000000900
6020000010
6020000090
6020000100
6020000110
6020000122
6020000140
6020000170
6020000230
6020000350
6020000360
6020000370
6020010010
6020010020
6020010050
6020010080
6020010120
6020010150
6020010160
6020010170
6020020010
6020020070
6020030010
6020030020
6020030150
6020030200
6020030220
6020040030
6020040040
6020040060
6020040080
6020050060
6020050100
6020050201
6020050360
6020060010
6020060050
6020060080
6020060090
6020060110
6020070190
6020070220
6020070230
6020080060
6020080090
6020080180
6020080290
6020080360
6020080380
6020080390
6020080400
6020080410
6020090040
6020090090
6020090150
6020090230
6020090240
6020090270
6020090320
6020090350
6020100060
6020100140
6020100150
6020110040
6020110050
6020110070
6020110100
6020120023
6020120040
6020120050
6020120060
6020120071
6020130140
6020140030
6020140040
6020140050
6020140100
6020150051
6020160050
6020160150
6020160210
6020160300
6020160330
6020160390
6020170010
6020170120
6020170150
6020180030
6020180080
6020180130
6020180140
6020190060
6020190110
6020190120
6020190210
6020190270
6020190280
6020190330
6020190350
6020190370
6020190400
6020190430
6020190570
6020190590
6020190630
6020190720
6020190730
6020200011
6020200030
6020200070
6020200090
6020200100
6020200110
6020200120
6020200130
6020200151
6020200180
6020200190
6020200200
6020210040
6020210080
6020210150
6020210160
6020220060
6020230040
6020230120
6020230230
6020230360
6020230400
6020230450
6020240011
6020250010
6020250040
6020250050
6020250090
6020250110
6020250130
6020250140
6020260050
6020260070
6020260140
6020270010
6020280041
6020280051
6020290030
6020290080
6020290160
6020290170
6020290180
6020290200
6020290210
6020300050
6020300060
6020310050
6020310110
6020310140
6020310170
6020310180
6020310230
6020310240
6020310250
6020310270
6020320040
6020320130
6020330010
6020330060
6020330090
6020330170
6020330190
6020340010
6020340030
6020340040
6020340050
6020340120
6020340130
6020340140
6020340150
6020340160
6020340170
6020360010
6020360150
6020360370
6020360390
6020360480
6020360510
6020360550
6020360570
6020360630
6020360640
6020360650
6020360700
6020360720
6020360750
6020360770
6020360780
6020360820
6020360870
6020361000
6020361080
6020361140
6020361210
6020361260
6020361330
6020361340
6020370020
6020370090
6020370170
6020370180
6020370240
6020370250
6020370260
6020370320
6020370340
6020370401
6020370460
6020370530
6020380060
6020380070
6020380120
6020400010
6020400020
6020400080
6020400110
6020400130
6020400150
6020400200
6020400240
6020400410
6020400430
6020400500
6020410070
6020410080
6020410100
6020410110
6020410120
6020420060
6020420070
6020420120
6020430070
6020430120
6020430140
6020430170
6020430180
6020430200
6020430210
6020430230
6020430300
6020430310
6020430350
6020430370
6020430380
6020430390
6020430440
6020430450
6020430460
6020440020
6020450060
6020450080
6020450090
6020450100
6020450110
6020450120
6020450130
6020450140
6020450160
6020450180
6020450210
6020450270
6020450320
6020450370
6020450400
6020450420
6020450450
6020450460
6020450470
6020460010
6020460170
6020460190
6020460200
6020460210
6020460240
6020460320
6020460360
6020460420
6020460430
6020460440
6020460570
6020460580
6020460590
6020470010
6020470080
6020470100
6020470110
6020480030
6020480080
6020480190
6020480200
6020480210
6020490110
6020490140
6020490160
6020490170
6020490190
6020490220
6020490290
6020490310
6020490340
6020490380
6020490410
6020490420
6020490490
6020490520
6020490550
6020490570
6020490580
6020490680
6020490730
6020490740
6020490750
6020490760
6020490770
6020490780
6020490790
6020490800
6020500040
6020500270
6020500410
6020500420
6020510021
6020510070
6020510080
6020510090
6020510110
6020510160
6020510250
6020510300
6020510330
6020510350
6020510360
6020510390
6020510400
6020510480
6020510490
6020510500
6020510530
6020510620
6020510680
6020510760
6020510790
6020510840
6020511010
6020511090
6020511100
6020511150
6020511180
6020511210
6020511220
6020511230
6020511240
6020520050
6020520130
6020520150
6020520190
6020520260
6020520270
6020530030
6020530050
6020530080
6020530110
6020530170
6020530250
6020540040
6020550050
6020560090
6020560170
6020560380
6020560600
6020560610
6020560660
6020560680
6020560780
6020560810
6020560870
6020560900
6020560930
6020560940
6020560950
6020560960
6020570010
6020570080
6020570120
6020570320
6020570330
6020570340
6020570390
6020570440
6020570450
6020570460
6020580020
6020580030
6020580080
6020580180
6020580220
6020580230
6020590050
6020590090
6020590110
6020590120
6020600130
6020600140
6020610040
6020610060
6020610090
6020610100
6020610110
6020610120
6020610150
6020610160
6020610200
6020610210
6020610270
6020610350
6020610360
6020610380
6020610420
6020610470
6020610520
6020610590
6020610800
6020610980
6020611020
6020611030
6020611080
6020611090
6020620010
6020630080
6020630160
6020640070
6020640090
6020640110
6020640120
6020650020
6020650030
6020650130
6020650140
6020650170
6020650180
6020650230
6020660020
6020660070
6020660390
6020670010
6020670020
6020670070
6020670100
6020670130
6020670150
6020670180
6020670200
6020680030
6020680200
6020690010
6020690080
6020690110
6020690220
6020690230
6020700040
6020700050
6020700110
6020700150
6020700250
6020700270
6020710020
6020720023
6020720030
6020720070
6020720090
6020720110
6020720130
6020730010
6020730020
6020730030
6020740020
6020740130
6020740230
6020760490
6020760510
6020760540
6020760640
6020760710
6020770140
6020770170
6020770190
6020770200
6020770210
6020770240
6020770260
6020780030
6020780050
6020780100
6020780140
6020780260
6020780280
6020780290
6020780320
6020780420
6020780460
6020780540
6020780570
6020790020
6020790070
6020790080
6020790110
6020790180
6020790200
6020790220
6020800030
6020810011
6020810021
6020810031
6020810120
6020820070
6020820110
6020820170
6020820180
6020820220
6020820230
6020820280
6020830070
6020830090
6020830170
6020830190
6020830220
6020840080
6020840130
6020840200
6020840210
6020850020
6020850120
6020850130
6020850210
6020850220
6020850240
6020860030
6020860090
6020860130
6020860240
6020860320
6020860330
6020860510
6020860520
6020860530
6020870040
6020870050
6020870120
6020870150
6020870200
6020870290
6020870300
6020870310
6020870350
6020870360
6020870420
6020870430
6020870440
6020870500
6020870530
6020870560
6020870590
6020870640
6020870670
6020870720
6020870790
6020870810
6020870850
6020870870
6020870880
6020870890
6020870900
6020870930
6020870940
6020870980
6020871050
6020871090
6020871101
6020871102
6020880080
6020880210
6020880230
6020880330
6020880340
6020880350
6020890080
6020890090
6020890120
6020890130
6020890150
6020890190
6020890200
6020890240
6020890270
6020890280
6020890330
6020890370
6020890390
6020900040
6020900070
6020900090
6020900110
6020900160
6020900280
6020900390
6020900480
6020910010
6020910270
6020910350
6020910370
6020910400
6020910440
6020910550
6020910710
6020910730
6020910770
6020910810
6020910820
6020920030
6020920070
6020930050
6020930140
6020930150
6020930160
6020930170
6020930240
6020930260
6020930280
6020930300
6020940010
6020940060
6020950110
6020960011
6020960100
6020960110
6020960120
6020970050
6020970070
6020970080
6020970450
6020970510
6020980120
6021000130
6021000210
6021000220
6021000360
6021000400
6021000440
6021000471
6021010010
6021010020
6021010030
6021020011
6021030020
6021030040
6021030130
6021030180
6021030190
6021030240
6021040050
6021040090
6021040120
6021040260
6021040270
6021050100
6021050180
6021050290
6021050370
6021050380
6021050390
6021050470
6021050480
6021050500
6021060020
6021060050
6021060080
6021060100
6021060110
6021060120
6021060130
6021080060
6021080120
6021080160
6021080190
6021080300
6021080310
6021080340
6021080430
6021090011
6021090080
6021090100
6021090120
6021090170
6021090180
6021100090
6021100120
6021100170
6021100190
6021110020
6021110050
6021110110
6021110150
6021110180
6021110250
6021110300
6021110410
6021110430
6021110470
6021110500
6021110650
6021110670
6021110810
6021110820
6021120010
6021120070
6021120210
6021120250
6021120380
6021120390
6021120400
6021120410
6021130120
6021130160
6021130190
6021130330
6021130350
6021130560
6021130820
6021130830
6021131020
6021131030
6021140050
6021140150
6021140260
6021140280
6021140330
6021140350
6021140400
6021140410
6021140490
6021140510
6021140570
6021150090
6021150101
6021150120
6021170030
6021170250
6021170260
6021170270
6021170280
6021170330
6021170450
6021170460
6021180040
6021180420
6021180590
6021180630
6021180720
6021180740
6021180800
6021180860
6021180900
6021190030
6021190040
6021190130
6021190270
6021190320
6021190340
6021200040
6021200070
6021200380
6021200400
6021200450
6021210020
6021210030
6021210050
6021210060
6021210090
6021210160
6021210200
6021210280
6021250060
6021250070
6021250130
6021250140
6021250230
6021250300
6021260011
6021260041
6021260071
6021260091
6021270270
6021270560
6021270710
6021270730
6021270740
6021270750
6021280050
6021280080
6021280100
6021280130
6021280200
6021280220
6021290230
6021310020
6021310060
6021310110
6021310120
6021310190
6021310300
6021310360
6021310370
6021320010
6021320112
6021330060
6021330110
6021340020
6021340120
6021340240
6021340350
6021340400
6021340470
6021350720
6021360170
6021360340
6021360400
6021360410
6021370100
6021370110
6021370160
6021370300
6021370370
6021370520
6021370530
6021370540
6021370590
6021370610
6021370680
6021370750
6021380020
6021380040
6021380370
6021380390
6021380450
6021380470
6021380540
6021380570
6021380900
6021380920
6021380940
6021380960
6021381020
6021381050
6021381070
6021381080
6021381090
6021381100
6021381160
6021390160
6021400040
6021400110
6021410010
6021410020
6021410030
6021420020
6021420090
6021430100
6021430110
6021430150
6021430160
6021430170
6021430200
6021430280
6021440040
6021440050
6021440060
6021440320
6021440420
6021450050
6021450060
6021450130
6021450140
6021450160
6021450200
6021450210
6021450250
6021450260
6021450270
6021450280
6021460120
6021470020
6021470190
6021470200
6021470290
6021470381
6021480040
6021480070
6021480080
6021480140
6021480150
6021480230
6021490090
6021510080
6021510130
6021510160
6021510171
6021510340
6021510350
6021510410
6021510440
6021510610
6021510740
6021510750
6021520620
6021520650
6021520700
6021520740
6021520900
6021520940
6021520950
6021520960
6021530010
6021530020
6021540020
6021550030
6021550100
6021550240
6021560090
6021580100
6021580160
6021580230
6021580240
6021580290
6021580330
6021580370
6021580400
6021590011
6021590022
6021590032
6021590042
6021590051
6021590070
6021590080
6021590090
6021600590
6021600620
6021600700
6021600780
6021600850
6021600920
6021600990
6021610240
6021610350
6021610360
6021630030
6021640060
6021640070
6021640090
6021640100
6021640110
6021640120
6021650031
6021660110
6021660310
6021660440
6021660500
6021660910
6021661030
6021661040
6021661120
6021661280
6021661290
6021661300
6021661310
6021661320
6021661330
6021661340
6021661350
6021670520
6021670530
6021690431
6021690580
6021700010
6021710060
6021710080
6021710140
6021710310
6021710320
6021710330
6021720550
6021720560
6021720710
6021720750
6021720820
6021720990
6021721010
6021721020
6021730690
6021730700
6021750020
6021760010
6021780050
6021790100
6021790110
6021790120
6021790130
6021800051
6021800061
6021800071
6021800081
6021800091
6021800101
6021800111
6021800121
6021800131
6021800151
6021800201
6021800211
6021800221
6021800520
6021800691
6021800701
6021800710
6021800720
6021820070
6021820160
6021820180
6021830050
6021840210
6021850100
6021850160
6021850180
6021850300
6021860540
6021860550
6021860560
6021870111
6021870121
6021870131
6021870141
6021870151
6021880420
6021880460
6021900010
6021900050
6021900590
6021910013
6021910110
6021920480
6021931000
6021931010
6021931020
6021950140
6021961480
6021961490
6021961500
6021961510
6021980420
6021990160
6022001140
6022001150
6022001160
6022001170
6022001180
6022010600
6022020080
6022030590
6022030600
6022050380
6022050390
6022050400
6022060150
6022060160
6022060170
6022060180
6022060190
6022060200
6022060210
6022080210
6022080220
6022080230
6022090330
6022100120
6022111240
6022120110
6022130060
6022151020
6022160390
6022160400
6022160410
6022180010
6022180380
6022180390
6022190120
6022210060
6022210740
6022220440
6022230110
6022240160
6022250071
6022260120
6022270660
6022280380
6022280390
6022300860
6022300870
6022310200
6022320340
6022320350
6022320360
6022330160
6022330170
6022330180
6022330190
6022330200
6022350270
6022360430
6022370410
6022390060
6022400011
6022400031
6022400070
6022410280
6022410290
6022420460
6022420470
6022420480
6022440610
6022450180
6022450190
6022460740
6022480930
6022480940
6022480950
6022500120
6022520680
6022520690
6022520700
6022520710
6022520720
6022520730
6022520740
6022520750
6022520760
6022520770
6022520780
6022520790
6022530490
6022540560
6022540570
6022550090
6022550100
6022550110
6022580110
6022590100
6022611740
6022611750
6022611760
6022611791
6022611793
6022620250
6022630330
6022630340
6022650270
6022660240
6022671340
6022671350
6022671360
6022680180
6022680190
6022690320
6022701100
6022710310
6022720021
6022720320
6022730490
6022730500
6022730510
6022730520
6022740240
6022740250
6022740260
6022770220
6022780500
6022790410
6022810071
6022810650
6022810660
6022810670
6022820050
6022850010
6022850040
6022851010
6022851020
6022851030
6022851040
6022851050
6022851060
6022851070
6022851080
6022851090
6022851100
6022851110
6022851120
6022851130
6022851140
6022851150
6022851160
6022851170
6022851440
6022851450
6022851460
6022851470
6022851480
6022851490
6022851500
6022851510
6022851520
6022860010
6022860020
6022860030
6022860040
6022860050
6022860060
6022860070
6022860080
6022860090
6022860100
6022870940
6022870950
6022870960
6022870970
6022880010
6022880020
6022880030
6022880040
6022900370
6022910920
6022920780
6022940180
6022950480
6022970700
6022970710
6022980460
6022980470
6022990280
6023000250
6023012470
6023012480
6023012490
6023012500
6023012510
6023012520
6023012530
6023012540
6023021890
6023021900
6023030170
6023030180
6023030190
6023040270
6023060010
6023060020
6023060040
6023070230
6023090750
6023090760
6023110210
6023120340
6023120360
6023133580
6023133590
6023133600
6023133610
6023133620
6023141070
6023150370
6023150380
6023160240
6023160250
6023170020
6023170030
6023170060
6023170120
6023180320
6023190100
6023210280
6023220140
6023220150
6023230280
6023240270
6023240280
6023250250
6023250260
6023250270
6023260330
6023260350
6023291370
6023291380
6023300140
6023310130
6023320210
6023320220
6023320230
6023320240
6023320250
6023330290
6023340981
6023340982
6023340990
6023350320
6023361060
6023380010
6023380020
6023380030
6023380040
6023390470
6023400180
6023410460
6023420250
6023440850
6023450900
6023450910
6023460580
6023460590
6023470170
6023470310
6023470320
6023480820
6023490510
6023490530
6023500011
6023500012
6023500040
6023520130
6023530690
6023541460
6023550260
6023560170
6023570340
6023590250
6023590260
6023600320
6023610230
6023620170
6023630570
6023640350
6023640360
6023650010
6023650020
6023650030
6023650040
6023650050
6023650060
6023650070
6023650080
6023650090
6023650100
6023650110
6023650120
6023650130
6023650140
6023650150
6023650160
6023650170
6023650180
6023650190
6023650200
6023650210
6023650220
6023650230
6023650240
6023650250
6023650260
6023650270
6023650280
6023650290
6023650300
6023650310
6023650320
6023650330
6023650340
6023650350
6023650360
6023650370
6023650380
6023650390
6023650400
6023650410
6023650420
6023650430
6023660110
6023680500
6023691060
6023700490
6023710400
6023710410
6023710420
6023720100
6023730770
6023730780
6023730790
6023740290
6023751460
6023763640
6023763650
6023772960
6023772970
6023780740
6023790420
6023800280
6023800290
6023800300
6023800310
6023830210
6023830220
6023830230
6023840290
6023850260
6023870490
6023891220
6023891230
6023900390
6023920160
6023930440
6023940240
6023940560
6023950440
6023960200
6023981020
6023990240
6023990250
6024000030
6024000040
6024000050
6024000060
6024000090
6024000160
6024000170
6024010220
6024021180
6024021190
6024021200
6024030230
6024040570
6024050300
6024070810
6024090460
6024100720
6024100730
6024100740
6024110640
6024110650
6024110660
6024110670
6024130070
6024130110
6024130250
6024140220
6024150360
6024160170
6024160180
6024170320
6024180150
6024180160
6024190120
6024190130
6024210290
6024220140
6024220150
6024230360
6024240420
6024240430
6024250320
6024260190
6024270800
6024270810
6024280011
6024290330
6024290340
6024290350
6024300050
6024300070
6024300150
6024300220
6024300240
6024311650
6024311660
6024311670
6024320270
6024330011
6024330021
6024330051
6024330080
6024340450
6024340470
6024350460
6024350470
6024380090
6024410061
6024420260
6024450190
6024460340
6024470560
6024470570
6024480240
6024491010
6024500280
6024500290
6024500300
6024520190
6024520200
6024520210
6024530270
6024530280
6024530990
6024531000
6024540210
6024550310
6024560110
6024570240
6024580250
6024590070
6024600520
6024612081
6024612082
6024612101
6024612102
6024620040
6024630010
6024640250
6024640260
6024654810
6024664760
6024670600
6024680420
6024680440
6024690090
6024710060
6024720200
6024720210
6024720220
6024730190
6024730200
6024740120
6024740130
6024750151
6024760070
6024770260
6024792540
6024800050
6024810070
6024810090
6024810130
6024822930
6024822940
6024822950
6024822960
6024822970
6024822980
6024830200
6024840130
6024840140
6024850022
6024871970
6024880550
6024880560
6024890190
6024890200
6024900740
6024900750
6024910200
6024920470
6024920480
6024930140
6024930150
6024940250
6024950210
6024970130
6024982630
6024982640
6024991480
6025000040
6025000050
6025000090
6025010380
6025010390
6025020010
6025040020
6025050250
6025060030
6025060040
6025070260
6025070270
6025080070
6025095270
6025095280
6025100260
6025100270
6025120450
6025120480
6025131090
6025131100
6025131110
6025131120
6025131130
6025140900
6025151110
6025160220
6025170010
6025181800
6025200150
6025210011
6025210111
6025210181
6025210230
6025210240
6025220360
6025231560
6025231570
6025231580
6025241480
6025241490
6025241500
6025241510
6025241520
6025250981
6025251010
6025251020
6025251030
6025260011
6025276910
6025276920
6025276930
6025280150
6025280160
6025280170
6025290110
6025300120
6025310250
6025322310
6025330250
6025330260
6025330270
6025340620
6025353900
6025360780
6025360790
6025360800
6025360810
6025360820
6025370010
6025370020
6025370030
6025370040
6025370050
6025370060
6025370070
6025370080
6025370090
6025370100
6025370110
6025370120
6025370130
6025370140
6025370150
6025380720
6025393450
6025393451
6025400320
6025400330
6025410120
6025410130
6025420600
6025430990
6025431000
6025440040
6025440080
6025450070
6025450090
6025450100
6025450110
6025450120
6025462930
6025462940
6025492170
6025500020
6025510270
6025510280
6025510290
6025510300
6025520950
6025520960
6025533360
6025533370
6025533380
6025533410
6025533420
6025533430
6025533440
6025533450
6025533460
6025533470
6025533480
6025533490
6025533500
6025542250
6025550250
6025560060
6025570130
6025570140
6025580100
6025590130
6025601110
6025601120
6025601130
6025601140
6025601150
6025601160
6025601170
6025610011
6025610060
6025620130
6025650200
6025660010
6025660030
6025660040
6025660050
6025660060
6025660070
6025660080
6025660090
6025660100
6025660120
6025660130
6025660140
6025660150
6025660160
6025660170
6025660180
6025660190
6025660200
6025660210
6025660220
6025660230
6025660240
6025660250
6025660270
6025660280
6025660290
6025670150
6025680190
6025690250
6025690260
6025701860
6025701870
6025701880
6025701890
6025701900
6025720130
6025720210
6025720220
6025720230
6025720240
6025720250
6025720260
6025720310
6025720320
6025720390
6025720400
6025720410
6025720420
6025720430
6025720440
6025720450
6025720460
6025720470
6025720480
6025720490
6025720500
6025720510
6025720530
6025720550
6025720710
6025720720
6025720740
6025720750
6025720760
6025720770
6025720780
6025720790
6025720800
6025720810
6025720820
6025720830
6025720840
6025720850
6025720860
6025720870
6025720880
6025720890
6025721000
6025721010
6025721020
6025721030
6025721040
6025721210
6025721220
6025730010
6025730023
6025730024
6025730025
6025730028
6025730029
6025730034
6025730035
6025730036
6025730040
6025730080
6025743450
6025750010
6025750020
6025750030
6025750040
6025750050
6025750060
6025760010
6025760020
6025760030
6025760040
6025760050
6025760060
6025760070
6025760080
6025760090
6025760120
6025760130
6025760140
6025760150
6025760160
6025770320
6025771000
6025771010
6025771020
6025780280
6025780290
6025790140
6025790150
6025801860
6025801870
6025801880
6025801890
6025801900
6025801910
6025801920
6025801930
6025801940
6025810150
6025810160
6025824030
6025824040
6025832340
6025840040
6025840050
6025840070
6025840080
6025840090
6025840100
6025850110
6025860680
6025870211
6025871100
6025880200
6025880210
6025890550
6025890700
6025890780
6025890960
6025891050
6025891120
6025891470
6025891480
6025891490
6025891500
6025900770
6025900780
6025900790
6025900800
6025910032
6025921060
6025921080
6025940530
6025940550
6025950080
6025970150
6025980720
6025980730
6025980740
6025980750
6025980760
6025980770
6025980780
6025980790
6025980800
6025980810
6025980820
6025990990
6025991070
6025991120
6025991130
6025991140
6025991170
6025991180
6025991190
6025991210
6025991220
6025991230
6025991240
6025991250
6025991260
6025991270
6025991280
6025991290
6025991300
6025991310
6025991320
6025991330
6025991340
6025991350
6025991360
6025991370
6025991380
6025991390
6025991400
6025991410
6025991420
6025991430
6025991440
6025991450
6025991460
6025991470
6025991480
6025991490
6025991500
6025991510
6025991520
6025991530
6025991590
6025991600
6025991610
6025991620
6025991630
6025991640
6025991650
6025991660
6025991670
6025991680
6025991700
6025991710
6025991720
6025991730
6025991740
6025991750
6025991760
6025991770
6025991780
6025991790
6025991800
6025991810
6025991820
6025991830
6025991840
6025991850
6025991860
6025991870
6025991880
6025991890
6026000050
6026000060
6026020130
6026020140
6026030140
6026040220
6026040230
6026050021
6026050030
6026050042
6026050080
6026060220
6026070060
6026070090
6026087400
6026087410
6026087420
6026090460
6026090470
6026090480
6026090490
6026090500
6026101690
6026101700
6026101710
6026101730
6026110190
6026120081
6026120140
6026130010
6026130020
6026130030
6026130040
6026130050
6026130060
6026130070
6026130080
6026130090
6026130100
6026130110
6026130120
6026130130
6026130140
6026130150
6026130160
6026130170
6026130180
6026130190
6026140890
6026140900
6026150170
6026150180
6026163330
6026180210
6026180220
6026190050
6026190061
6026190071
6026190080
6026190090
6026190101
6026190130
6026200330
6026200340
6026200350
6026210390
6026210400
6026231180
6026231190
6026240050
6026250140
6026260110
6026270030
6026280010
6026280020
6026280030
6026280040
6026280050
6026280060
6026280070
6026280080
6026280090
6026290100
6026300680
6026300690
6026300710
6026300720
6026310240
6026330430
6026330440
6026340130
6026340140
6026382340
6026390030
6026390040
6026390050
6026390060
6026390070
6026390080
6026390090
6026390100
6026390110
6026390120
6026390130
6026390140
6026390150
6026390160
6026390170
6026390180
6026390220
6026390230
6026390240
6026400590
6026400600
6026410690
6026410700
6026410720
6026420010
6026420020
6026430100
6026441010
6026441030
6026455570
6026455580
6026455590
6026455600
6026455611
6026455612
6026460190
6026470041
6026470051
6026470061
6026470071
6026470081
6026470091
6026480550
6026490190
6026490200
6026490210
6026500320
6026500330
6026500340
6026500350
6026500360
6026510010
6026510040
6026510050
6026510060
6026510070
6026510080
6026520010
6026520020
6026520030
6026530930
6026540210
6026540220
6026540230
6026553540
6026561550
6026561560
6026561570
6026561580
6026561590
6026561600
6026561610
6026561620
6026561630
6026561640
6026561650
6026561660
6026561670
6026561680
6026561690
6026561700
6026570340
6026580760
6026580770
6026593350
6026593360
6026593370
6026600190
6026600200
6026610190
6026610200
6026610210
6026630530
6026640020
6026640100
6026640110
6026650112
6026660950
6026660970
6026670090
6026680310
6026680320
6026680330
6026690710
6026700070
6026710250
6026710260
6026710270
6026710280
6026720010
6026720020
6026731190
6026731200
6026740610
6026740620
6026750141
6026750480
6026750490
6026750500
6026750510
6026761010
6026770010
6026770020
6026770030
6026770040
6026770050
6026770060
6026781790
6026782290
6026782300
6026790300
6026790310
6026800220
6026800230
6026810360
6026820190
6026820200
6026820210
6026830010
6026830020
6026830030
6026830040
6026830050
6026830060
6026830070
6026840070
6026850090
6026861050
6026861070
6026870480
6026882850
6026882860
6026882870
6026890232
6026890233
6026890240
6026900130
6026900140
6026910080
6026910090
6026910100
6026910120
6026920500
6026920510
6026920520
6026920530
6026920540
6026920550
6026920560
6026930162
6026930300
6026930310
6026930321
6026930330
6026940200
6026940210
6026950330
6026960340
6026970300
6026970310
6026980520
6026990250
6027000070
6027010860
6027020020
6027020030
6027033101
6027033102
6027033120
6027040140
6027040150
6027050580
6027060180
6027060190
6027060200
6027070010
6027070020
6027090540
6027091010
6027100100
6027100110
6027110250
6027110450
6027110460
6027120010
6027120020
6027120030
6027120040
6027120050
6027120060
6027120070
6027120080
6027120090
6027120100
6027120110
6027120120
6027120130
6027120140
6027120150
6027120160
6027120170
6027120180
6027120190
6027120200
6027120210
6027120220
6027120230
6027120240
6027120250
6027120260
6027120270
6027120280
6027120290
6027120300
6027120310
6027120320
6027120330
6027120340
6027120350
6027120360
6027120370
6027120380
6027120390
6027120400
6027120410
6027120420
6027120430
6027120440
6027120450
6027120460
6027120470
6027120480
6027120490
6027130680
6027130690
6027130700
6027130710
6027130720
6027130730
6027130740
6027150160
6027170010
6027190010
6027190020
6027200320
6027200330
6027200340
6027200350
6027200360
6027210360
6027210370
6027210380
6027250140
6027260090
6027270020
6027270030
6027270100
6027280370
6027290100
6027300290
6027300300
6027300310
6027310570
6027330280
6027340340
6027340350
6027340360
6027360160
6027370310
6027380110
6027380120
6027390070
6027390080
6027390350
6027390360
6027391360
6027391370
6027391630
6027391640
6027391650
6027391660
6027391670
6027391680
6027410090
6027424110
6027424120
6027424130
6027424140
6027424150
6027431310
6027431320
6027431330
6027431340
6027431350
6027440070
6027460090
6027485692
6027490350
6027500190
6027510010
6027510020
6027510030
6027510040
6027510050
6027510060
6027510070
6027510080
6027510090
6027510100
6027510110
6027510120
6027510140
6027510150
6027510160
6027520400
6027530110
6027530200
6027540190
6027540200
6027550240
6027550250
6027550270
6027560030
6027560070
6027560080
6027560090
6027560100
6027560110
6027560240
6027560360
6027560510
6027560520
6027560530
6027581810
6027581820
6027581830
6027581840
6027581850
6027590010
6027590020
6027590030
6027590040
6027590050
6027590060
6027590070
6027600910
6027617800
6027620120
6027635560
6027635570
6027635580
6027635590
6027635600
6027640150
6027658250
6027660150
6027680010
6027680140
6027680150
6027680450
6027690060
6027690070
6027690080
6027690090
6027690100
6027690110
6027690120
6027690130
6027690140
6027690150
6027690160
6027690170
6027690180
6027690190
6027690200
6027690210
6027690220
6027690230
6027690240
6027690250
6027701390
6027710060
6027710070
6027721630
6027721640
6027721650
6027721660
6027730511
6027730521
6027730531
6027730541
6027730551
6027741089
6027750050
6027750060
6027750070
6027750080
6027750090
6027750110
6027750120
6027750130
6027750170
6027770310
6027780260
6027799620
6027800171
6027800181
6027810190
6027810230
6027810300
6027810360
6027810370
6027810380
6027810390
6027810400
6027810410
6027810420
6027820150
6027820160
6027820170
6027820180
6027830160
6027830230
6027830240
6027840190
6027840200
6027840360
6027840380
6027840400
6027840410
6027840420
6027840430
6027840440
6027840450
6027840460
6027840470
6027840480
6027840490
6027840550
6027840560
6027840570
6027840630
6027840640
6027840650
6027840660
6027840880
6027850340
6027850350
6027860010
6027860020
6027860030
6027860040
6027860050
6027860060
6027860070
6027860100
6027860120
6027860130
6027860140
6027860160
6027860180
6027860210
6027875360
6027890050
6027890060
6027890070
6027890080
6027890120
6027890130
6027890140
6027890150
6027890160
6027890170
6027890180
6027890190
6027890200
6027890210
6027890270
6027890280
6027890290
6027890340
6027890350
6027890370
6027890420
6027890430
6027890440
6027890450
6027890490
6027890500
6027890510
6027890520
6027890560
6027890570
6027890571
6027904270
6027904280
6027904290
6027910010
6027910240
6027910250
6027910260
6027920280
6027930180
6027930190
6027930200
6027940010
6027940020
6027940030
6027940080
6027940120
6027940130
6027940140
6027940150
6027940160
6027940180
6027940190
6027940200
6027940210
6027940250
6027940290
6027940300
6027940310
6027940320
6027940350
6027940360
6027940370
6027940380
6027940410
6027940420
6027940430
6027940440
6027940450
6027940460
6027940470
6027940480
6027940490
6027940500
6027940510
6027940520
6027940530
6027940540
6027940550
6027940560
6027940570
6027940580
6027940590
6027940600
6027940610
6027940620
6027950010
6027950020
6027950030
6027950070
6027950080
6027950090
6027950100
6027950110
6027950120
6027950130
6027950140
6027950150
6027950160
6027950170
6027950180
6027950190
6027950210
6027950220
6027950230
6027950240
6027950250
6027950260
6027950270
6027950280
6027950290
6027950300
6027950310
6027950320
6027950330
6027950340
6027950350
6027950360
6027950370
6027950380
6027950390
6027950400
6027950410
6027950420
6027950430
6027960160
6027960170
6027960180
6027960190
6027960200
6027960210
6027960220
6027960230
6027960240
6027960250
6027960260
6027960270
6027960280
6027960410
6027960430
6027960440
6027960730
6027960740
6027960750
6027960760
6027960770
6027960780
6027960790
6027960800
6027960810
6027960840
6027960850
6027960860
6027960870
6027960880
6027960890
6027960900
6027990010
6027990020
6027990030
6027990040
6027990050
6027990060
6027990070
6027990080
6027990090
6027990100
6027990110
6027990120
6027990130
6027990140
6027990150
6027990160
6027990170
6027990180
6027990190
6027990200
6027990230
6027990240
6027990250
6027990260
6027990270
6027990280
6027990290
6027990300
6027990370
6028000010
6028000020
6028000030
6028000050
6028000060
6028000070
6028000080
6028000090
6028000100
6028000110
6028000120
6028000130
6028000140
6028000150
6028000160
6028000170
6028000180
6028000190
6028000200
6028000210
6028000220
6028000230
6028000240
6028000250
6028000260
6028000270
6028000280
6028000290
6028000300
6028000310
6028000320
6028000330
6028000340
6028000360
6028000380
6028000390
6028000400
6028000410
6028000420
6028000430
6028000440
6028000450
6028000460
6028000470
6028000480
6028000490
6028000500
6028000510
6028000520
6028000530
6028000540
6028020140
6028030020
6028030030
6028030040
6028030050
6028030060
6028030070
6028030080
6028030090
6028030100
6028030110
6028030120
6028030130
6028030140
6028030150
6028030160
6028030170
6028030180
6028030190
6028030200
6028030210
6028030220
6028030230
6028030240
6028030250
6028030260
6028030270
6028030280
6028030290
6028030300
6028030310
6028030320
6028030330
6028030340
6028030350
6028030360
6028030370
6028030380
6028030390
6028030400
6028030410
6028030420
6028030430
6028030440
6028030450
6028030460
6028050470
6028050480
6028071023
6028071024
6028071025
6028071027
6028071029
6028071031
6028071032
6028071033
6028071034
6028071035
6028071036
6028071037
6028071039
6028071040
6028071041
6028071042
6028071043
6030000011
6030000030
6030000060
6030000080
6030000090
6030000100
6030000110
6030000140
6030000161
6030000190
6030000200
6030000210
6030060131
6030100025
6030100031
6030100032
6030100041
6030100071
6030100072
6030100150
6030100180
6030100190
6030100220
6030100230
6030100280
6030100282
6030100312
6031000040
6031000050
6032010020
6035000013
6035000015
6035000016
6035000020
6035000080
6035000120
6035000130
6035000140
6035000170
6035000280
6040000010
6040000051
6040000060
6040000070
6040000080
6040000090
6040000113
6040000120
6040000130
6040000170
6050000050
6050000070
6050000080
6050000090
6050000100
6050000120
6050000180
6050000190
6050000220
6050000230
6050000240
6053000020
6053000100
6053000131
6053200010
6053200020
6053200060
6053200080
6053200110
6053200170
6053300010
6053300020
6053400020
6053400031
6053400032
6053400060
6053400090
6053400140
6053400150
6053400180
6053400210
6053400230
6053400250
6053500010
6053500070
6053500081
6053500120
6053500150
6053500190
6053500200
6053500220
6053500290
6060000112
6070000040
6070000060
6070000090
6070000170
6070000190
6070000200
6070000220
6070000260
6073000030
6073000040
6073000080
6073000090
6075000032
6075000050
6075000071
6075000082
6075000083
6075000091
6075000101
6075000170
6075000215
6075000218
6075000219
6075000220
6075000230
6080000060
6080000140
6080000280
6080000300
6080000310
6080000360
6080000370
6080000380
6080000470
6080000480
6080000520
6080000530
6080000540
6080000550
6080000580
6080000600
6080000640
6080000761
6080001071
6080001090
6080001191
6080001390
6080001410
6080001420
6080001460
6080001540
6080001550
6080001590
6080001600
6080001650
6080001710
6080001750
6080001820
6080001900
6080001930
6080001960
6080002020
6080002060
6080002120
6080002210
6080002220
6080002420
6080002440
6080002520
6080002530
6080002561
6080002570
6080002640
6080002680
6080002700
6080002900
6080002971
6080003010
6080003261
6080003290
6080003320
6080003370
6080003380
6080003410
6080003460
6080003470
6080003480
6080003500
6080003540
6080003550
6080003580
6080003590
6080003650
6080003690
6080003710
6080003910
6080003930
6080003950
6080003990
6080004070
6080004120
6080004220
6080004240
6080004250
6080004260
6080004270
6080004281
6080004300
6080004310
6080004370
6080004400
6080004420
6080004430
6080004510
6080004530
6080004541
6080004542
6080004600
6085000070
6085000080
6085000090
6085000140
6085000150
6085000160
6085000170
6085000190
6090000020
6090000060
6090000070
6090000100
6090000140
6091000010
6091000091
6091000120
6095000010
6095000091
6095000100
6095000173
6095000200
6095000270
6095000320
6095000340
6095000351
6095000352
6095000380
6095000390
6095000400
6100000040
6100000070
6100000090
6100000180
6100000230
6100000240
6100000260
6100000280
6100000300
6100000310
6100000320
6100000360
6100000420
6100000430
6100000481
6100000501
6100000520
6100000610
6100000650
6100000680
6100000730
6100000750
6100000840
6100100010
6100100040
6100100110
6105000051
6105000052
6110000010
6110000020
6110000080
6111000010
6111000020
6111000040
6111000050
6111000060
6111000110
6111000120
6111000150
6115000021
6115000032
6115000070
6115000090
6115000130
6115000140
6115000150
6115200021
6115200050
6115200130
6115200152
6115200200
6115200230
6115200250
6120000015
6120000026
6120000030
6120000045
6120000140
6120000180
6120000200
6120000250
6120000270
6120000320
6120000330
6120000331
6120000341
6120000360
6120000471
6120000472
6120000490
6120000502
6120000560
6120000570
6120000720
6125000022
6125000051
6125000090
6125000110
6125000210
6125000220
6125000230
6127000030
6127000080
6127000130
6128000040
6128000080
6128000110
6128000140
6128000190
6128000220
6128000230
6128000250
6128000270
6128000300
6128000320
6128000330
6128000360
6128000380
6128000410
6128000430
6128000460
6128000520
6128000600
6130000030
6130000060
6130000090
6130000120
6132000010
6132000040
6135000042
6135000172
6135000193
6135000301
6135000310
6135000320
6135000321
6140000010
6140000070
6140000150
6140000210
6140000410
6140000430
6140000470
6140000501
6140000540
6140000570
6140200040
6140200050
6140200080
6140200123
6140200151
6140200160
6140200170
6140200232
6140200250
6140200261
6140200302
6140200342
6140200372
6140200373
6140200391
6140200431
6140200513
6140200531
6140200561
6140200610
6140200620
6144000030
6144000040
6144000050
6144000060
6144000070
6144000080
6144000110
6148000010
6148000030
6148000050
6148000060
6148000110
6148000150
6148000160
6148000230
6148000260
6148000270
6148000300
6148000330
6148000410
6148000420
6148000460
6148000470
6148000510
6148000520
6148000570
6150000010
6150000020
6150000031
6150000060
6150000070
6150000100
6150000161
6150000220
6150000240
6150000270
6150000300
6150000320
6150000360
6150000370
6150000380
6150000410
6150000490
6150200021
6150200080
6150200120
6150200130
6150200140
6150200320
6150200340
6150200360
6150200490
6150200520
6150200560
6150200610
6150200620
6152000020
6152000050
6152000110
6152000160
6152000210
6152000420
6152000440
6152000470
6152000480
6152000640
6152000670
6152000710
6152000740
6152000820
6152000870
6152000950
6152001000
6152001030
6152001060
6152001090
6152001110
6152001120
6152001400
6155300010
6155300030
6155300070
6155300080
6160000012
6160000040
6160000070
6160000080
6160000112
6160000121
6160000260
6160000270
6160200060
6165000040
6165000100
6165500010
6165500020
6165500030
6165500040
6165500050
6165500060
6165500070
6165500080
6165500100
6167010020
6167010060
6167010100
6167010210
6167010220
6167010360
6167010380
6167010390
6167010400
6167010470
6167010510
6167010520
6167010570
6167010580
6167010680
6167010690
6167010710
6167010780
6167010810
6167010900
6167010910
6167010920
6167010980
6167011000
6167011030
6167011040
6167011050
6167020180
6167020250
6167020280
6167020300
6167020310
6167020370
6167020380
6167020420
6167020430
6167020440
6167020500
6167020510
6167020550
6167020620
6167020680
6167020690
6167020720
6167030220
6167040010
6167040020
6167040060
6167040370
6167040400
6168000030
6168000050
6168000060
6168000100
6168000190
6168000220
6168000260
6168000270
6168000320
6168000400
6168000420
6168000430
6168000440
6170000010
6170000101
6170000102
6170000150
6175000020
6175000030
6175000081
6175000180
6175000250
6175000301
6175000340
6175000450
6175000470
6175000480
6175000490
6175200020
6175200070
6175200082
6175200120
6175200221
6175200300
6175200390
6175200400
6175200420
6180000251
6180000301
6180000304
6180000320
6180000331
6180000341
6180000351
6180000362
6180000371
6180000401
6180000402
6180000410
6180000430
6180000580
6180000611
6180000612
6180000622
6180000660
6180000721
6180000830
6180000851
6180000880
6180000980
6180000990
6180001011
6180001050
6180001080
6180001091
6180001171
6180001230
6180001280
6180001371
6180001431
6185500070
6185500200
6185500240
6185500250
6185500270
6185500280
6186000091
6186000111
6186000130
6186000160
6186000182
6186000271
6186000301
6186000341
6190000021
6190000022
6190000023
6190000030
6190000040
6190000080
6190000120
6190000180
6190000200
6190000210
6190000240
6190000310
6190000390
6190000410
6190000430
6195000020
6195000030
6195000100
6195000180
6195000200
6205000070
6205000090
6205000110
6205000120
6205000280
6205000360
6205000380
6205000410
6205000470
6205000541
6205000620
6205000680
6205000740
6205000760
6205000820
6207000030
6207000040
6208000760
6208000790
6208000900
6208000910
6208000920
6208001000
6208001090
6208001100
6208001130
6208010010
6208010220
6210000010
6210000040
6210000070
6210000170
6210000200
6210000270
6210000320
6210000360
6210000370
6210000390
6210000500
6210000560
6215000042
6215000070
6215000100
6215000162
6215000163
6215000230
6215000280
6215000290
6215000310
6215000350
6215000390
6215000440
6215000480
6215000510
6215000580
6215000590
6220000090
6220000100
6220000160
6220000200
6220000280
6220000352
6220500020
6220500050
6220500060
6220500070
6220800010
6220800020
6220800060
6220800070
6220800080
6220800090
6220800100
6220800140
6220800150
6220800160
6220800180
6220800200
6220800220
6220800230
6221000030
6221000040
6221000080
6221000120
6221000130
6221000140
6221000150
6221000200
6221000230
6221000240
6221000300
6221000320
6221000330
6221000350
6221000360
6221000410
6221000520
6221000530
6230000010
6230000020
6230000040
6230000060
6230000073
6230000081
6235000010
6235000020
6235000038
6235000062
6235000063
6235000090
6235000150
6235000160
6235000170
6235000200
6235000220
6235000350
6235000360
6235000370
6235000390
6235000500
6235000530
6235000550
6235000560
6235000590
6235000640
6235000750
6235000810
6235000820
6235000871
6235000882
6235000900
6235000972
6235001120
6235001130
6235001142
6235001143
6235001153
6235001162
6235001170
6235200020
6235200150
6235200180
6235200260
6235200270
6235200280
6235200310
6235200340
6235200370
6235200420
6235200480
6235200560
6235200620
6235300030
6235300040
6235300070
6235300080
6235300100
6235300160
6235300170
6235300190
6235300210
6235300240
6235300310
6235300320
6235300550
6235300580
6235300600
6235300630
6235300700
6235300760
6235300770
6235300780
6235300803
6235300830
6235300870
6235400011
6235400020
6235400081
6235400130
6235400140
6235400150
6235400180
6235400210
6235400260
6235400270
6235400314
6235400322
6235400342
6235400350
6235400381
6235400382
6236000060
6236000130
6240000120
6240000160
6240000171
6240000172
6240000210
6240000250
6240000280
6240000290
6240000320
6240000350
6240000380
6240000420
6240000430
6240000460
6240000470
6240000490
6240000520
6242000020
6242000082
6243030020
6245000010
6245000026
6245000029
6245000032
6245000033
6245000035
6245000040
6245000041
6245000042
6245000043
6245000045
6245000046
6245000047
6245000050
6245000051
6245000054
6245000057
6245000058
6245000059
6245000071
6245000120
6245000130
6245000140
6245000150
6245000160
6245000181
6245000190
6245000200
6245000210
6245000224
6245000225
6245000240
6245000250
6245000260
6250000060
6250000120
6250000170
6250000190
6250000200
6250000210
6251510130
6251510280
6251510410
6255000020
6255000051
6255000090
6255000211
6255000220
6255000365
6255000400
6260000040
6260000070
6260000100
6260000110
6260000140
6260000240
6260000300
6260000320
6260000430
6260000440
6260000460
6260000530
6260000551
6260000650
6260000660
6260000700
6260000710
6260000770
6260000780
6260000790
6260000820
6260000850
6260000860
6260000870
6260000880
6260000890
6260001031
6260001080
6260001090
6260001111
6260001112
6260001120
6260001150
6260001191
6260001192
6260001220
6260001250
6260001500
6260001540
6260001570
6260001593
6260001641
6260001700
6260001740
6265000083
6265000112
6265000180
6265000190
6265000200
6265000240
6265000270
6265000390
6265000430
6265000480
6265000500
6265000511
6270000011
6270000030
6270000120
6270000130
6270000150
6270000160
6270000180
6270000211
6270000230
6270200012
6275000030
6275000040
6275000100
6275000220
6275000230
6275000281
6275000300
6276000010
6276000030
6276000100
6276000120
6276000140
6276020040
6276020080
6280000020
6280000040
6280000050
6280000170
6280000260
6280000290
6280200020
6280200040
6280200110
6280200120
6280200130
6280200200
6280200210
6280200220
6280200250
6285000017
6285000072
6285000086
6285000095
6285000105
6285000106
6285000111
6285000114
6285000116
6285000131
6285000155
6285000157
6285000171
6287000011
6287000014
6287000031
6287000033
6287000053
6287000055
6287000090
6287000133
6287000134
6287000142
6287000150
6290200040
6293000013
6293000091
6295000015
6300000011
6300000090
6300000140
6300000150
6300000160
6300000180
6300000200
6300000240
6300000250
6300000260
6300000271
6300000281
6300200011
6300200030
6300200040
6300200070
6300200091
6300200100
6300200150
6300200160
6300200180
6300200190
6300200200
6300200250
6300200300
6300200310
6300200320
6300200350
6300200380
6300200390
6300200430
6300200450
6300200460
6300200502
6300300020
6300300050
6300300070
6300300180
6300300220
6300300290
6300320060
6300320160
6300320230
6300320280
6300320310
6300320380
6300320400
6305000060
6305000110
6305000151
6310000030
6310000072
6310000110
6310000130
6310000160
6310000200
6310000210
6310000230
6310000250
6315000072
6320000020
6320000040
6323000020
6323000070
6323000100
6325000010
6340000023
6340000024
6340000072
6340000132
6340000150
6340000170
6340000180
6340000191
6340000203
6340000230
6340000261
6340000290
6340000300
6350000023
6350000026
6350000027
6350000029
6350000074
6350000079
6350000085
6350000091
6350000212
6350000247
6350000248
6350000254
6350000265
6350000303
6350000304
6350000312
6350000344
6350000401
6350000432
6350000443
6350000468
6350000490
6350000500
6350000521
6350000522
6350000523
6350000533
6350000616
6350000641
6350000650
6350000681
6350000682
6350000691
6350000720
6350000754
6350000832
6350000841
6350000881
6350000950
6350001026
6350001050
6350001080
6350001090
6350001100
6350001110
6350001151
6350001152
6350001191
6350001231
6350001235
6350001241
6350001273
6350001291
6350001340
6350001360
6350001401
6350001406
6350001411
6350001422
6350001423
6350001424
6350001441
6350001483
6350001501
6350001503
6350001510
6350001552
6350001553
6350001584
6350001588
6350001589
6350001606
6350001610
6350001623
6350001650
6350001705
6350001711
6350001741
6350001754
6350001757
6350001764
6350001766
6350001774
6350001786
6350001791
6355000023
6355000030
6355000051
6355000052
6355000053
6355000074
6355000081
6355000084
6355000109
6360000031
6360000080
6360000110
6365000013
6365000018
6365000020
6365000040
6365000060
6365000090
6365000091
6365000100
6365000110
6366500020
6366500110
6366500150
6366500160
6366500180
6366500190
6366500220
6366500280
6366500370
6366500400
6366500410
6366500460
6366500500
6368000030
6368000100
6368000120
6368000190
6368000200
6368000210
6368000270
6370000070
6370000080
6370000082
6370000083
6370000091
6370000092
6375000011
6375000030
6375000060
6375000093
6375000110
6375000120
6375000130
6375000141
6375000170
6380000020
6380000040
6380000130
6380000140
6380000170
6380000190
6385000060
6385000120
6385000181
6385000200
6385000222
6385000230
6385000240
6385000252
6385000255
6385000294
6385000295
6385000296
6385000300
6385000310
6385000320
6385000401
6385000411
6385000423
6385000443
6385100010
6385100081
6385100082
6385100100
6385100110
6385100140
6385100150
6385100270
6385100341
6385100342
6385100380
6385200030
6385200100
6385200130
6385200180
6385200190
6385200210
6385200240
6385200250
6385200260
6385200281
6385200380
6385200420
6385200440
6385200455
6385200466
6385300132
6385300135
6385300154
6385300180
6385300251
6385300252
6385300270
6385300312
6385300313
6385300340
6385300390
6387000021
6387000061
6387000111
6387000161
6390000010
6390000020
6390000050
6390000060
6390000070
6390000100
6390100190
6390100200
6390100230
6390100240
6391000120
6391000130
6391000140
6391000170
6391000180
6392000170
6392000180
6392000190
6392000250
6392000330
6392000340
6392000350
6392000360
6392000390
6392000400
6392000410
6392000430
6392000450
6392000460
6392000500
6392000510
6392020050
6392020120
6392020130
6392020160
6392020200
6392020210
6392020270
6392020360
6392020390
6392020400
6392020410
6392020460
6392020550
6392020660
6392020670
6392020680
6392020710
6392020730
6392020760
6392030060
6392030080
6392030110
6392030140
6395000010
6395000070
6400010190
6400010250
6400010300
6400010340
6400010500
6400010520
6400010580
6400010670
6400010700
6400010723
6400010730
6400010750
6400010760
6400010840
6400010870
6400010890
6400010950
6400010990
6400011060
6400011070
6400011190
6400011200
6400011230
6400011270
6400011280
6400011300
6400011350
6400011390
6400011410
6400011460
6400011490
6400011550
6400011610
6400011750
6400011770
6400011800
6400011850
6400011860
6400011870
6400011960
6400011970
6400011980
6400011990
6400012170
6400012190
6400012200
6400012210
6400012230
6403000033
6403000070
6404000230
6404000330
6404000340
6404000370
6411000010
6411000030
6411000040
6411000050
6411000070
6411000080
6411000090
6411000100
6411000150
6411000180
6411500060
6411500150
6411500230
6411500240
6411550030
6411550180
6411550230
6412000010
6412000020
6412000030
6412000040
6412000081
6415000030
6415000050
6415000060
6415000080
6415000170
6415000200
6415000220
6420000080
6420000122
6420000123
6420000160
6420000220
6420000230
6420000240
6420000310
6420000320
6420000380
6420000400
6420000510
6420000520
6420000540
6420200050
6423000030
6423000060
6425000010
6430000040
6430000090
6430000120
6430000340
6430000350
6430000380
6430000390
6430000410
6430000470
6430000481
6430000530
6430000540
6430000590
6430000610
6430000620
6430000650
6430000690
6430000790
6430000910
6430000950
6430000980
6430001030
6430001080
6430001100
6430001190
6430001300
6430001311
6430001360
6430001380
6430001390
6430200010
6430200050
6430200060
6430300090
6430300150
6430300220
6430300250
6430300310
6430300380
6430300500
6430300510
6430300551
6430300562
6430300580
6430300610
6430300620
6430300640
6430300690
6430300710
6430300720
6430300750
6430300770
6430300860
6430300960
6430300970
6430301010
6430301040
6430301260
6430301270
6430301290
6430301300
6430301340
6430400011
6430400070
6430400151
6430400200
6430400310
6430400320
6430400405
6430400410
6430400460
6430400520
6430400530
6430400571
6430400590
6430400800
6430400820
6430400850
6430400886
6430400900
6430400930
6430400940
6430400980
6430401000
6430401020
6430401030
6430401150
6430401230
6430401290
6430401730
6430401790
6430401800
6430401840
6430401890
6430401920
6430401990
6430402040
6430402060
6430402070
6430402080
6430402150
6430402170
6430402300
6430402360
6430402390
6430402410
6430402450
6430402490
6430402540
6430402560
6430402580
6430402620
6430402693
6430402950
6430402960
6430402990
6430403013
6430403100
6430403220
6430403230
6430403250
6430403260
6430403332
6430403340
6430403470
6430403540
6430403570
6430403600
6430403610
6430403630
6430403660
6430403680
6430403740
6430403820
6430403844
6430410020
6430410030
6430410050
6430410080
6430410090
6430430022
6430430042
6430430052
6430430092
6430430111
6430430120
6430430131
6430430160
6430430180
6430430220
6430430260
6430430360
6430430380
6430430400
6430430410
6430430420
6430430440
6430430450
6430430460
6430430510
6430430520
6430430570
6430430590
6430430692
6430430780
6430430790
6430430840
6430430850
6430430860
6430430920
6430430930
6430431010
6430431060
6430431090
6430431130
6430431140
6430431160
6430431180
6430431200
6430431210
6430431230
6430431240
6430431340
6430431350
6430431370
6430431390
6430431410
6430431460
6430431480
6430431560
6430431580
6430431600
6430431660
6430431730
6430431750
6430431760
6430431770
6430431780
6430431800
6430431860
6430431960
6430432020
6430432030
6430432100
6430432110
6430432190
6430432222
6430432280
6430432400
6430432530
6430432570
6430432580
6430432640
6430432670
6430432700
6430432730
6430432820
6430432830
6430450030
6430450050
6430450060
6430450080
6430450090
6430450100
6430450140
6430450260
6430450320
6430450370
6430450450
6430450560
6430450570
6430450590
6430450630
6430450650
6430450660
6430450680
6430450690
6430450770
6430450810
6430450820
6430450860
6430450910
6430470030
6430490070
6430490120
6430490130
6430490200
6430490210
6430490220
6430490280
6430490310
6430490320
6430490340
6430490360
6430490390
6430490470
6430490520
6430490560
6430490580
6430490621
6430490650
6430490710
6430490740
6430490770
6430490780
6430490790
6430490800
6430490840
6430490850
6430490860
6430490870
6430490940
6430490970
6430491010
6430491090
6430491120
6430491130
6430491140
6430491150
6430491160
6430491180
6430491200
6430491210
6430491240
6430491260
6430491290
6430491300
6430491390
6430491430
6430491450
6430491460
6430491490
6430491530
6430491620
6430491700
6430491730
6430491860
6430491920
6430491950
6430491970
6430492000
6430492030
6430492070
6430492210
6430492220
6430492300
6430492310
6430492340
6430492370
6430492390
6430492410
6430492420
6430492430
6430492440
6430492450
6430492470
6430492490
6430492520
6430492570
6430492580
6430492630
6430492670
6430492680
6430492730
6430492750
6430492760
6430492810
6430492840
6430492860
6430492880
6430492890
6430492930
6430492940
6430492960
6430492990
6430493010
6430493030
6430493040
6430493060
6430493080
6430493140
6430493180
6430493190
6430493220
6430493370
6430493390
6430493400
6430493410
6430493430
6430493440
6430493460
6430493540
6430493640
6430493650
6430493680
6430493690
6430493730
6430493750
6430493770
6430493780
6430493830
6430493840
6430493870
6430493890
6430493900
6430493940
6430500030
6430500080
6430500150
6430500180
6430500210
6431510060
6431800220
6431800340
6431800380
6431800500
6431800600
6431800730
6431800960
6433000120
6433000190
6433000660
6435000131
6435000132
6435000155
6435000156
6435000170
6435000191
6435000211
6440000070
6440000071
6440000100
6440000220
6440000270
6440000281
6440000282
6440000392
6440000500
6440000590
6440000620
6440000630
6440000660
6440000671
6440000710
6440000770
6440000850
6440001030
6440001040
6440001050
6440001080
6440001090
6440001112
6440001122
6440001124
6440001154
6440001155
6440001191
6440001243
6440001270
6440001281
6440001300
6440001480
6440001510
6440001520
6440001590
6440001650
6440001710
6440001730
6440001740
6440001770
6440001791
6440001821
6440001822
6440001840
6440001880
6440002011
6440002041
6440002070
6440002080
6440002102
6440002112
6440002121
6440002210
6440002242
6440002260
6440002290
6440002391
6440002460
6440002470
6440002490
6440002560
6440002630
6440002640
6440002690
6440002730
6440002781
6440002850
6440002860
6440002870
6440002880
6440002900
6440002910
6440002960
6440002980
6440002990
6440003010
6440003070
6440003170
6440003200
6440003260
6440003300
6440003360
6440003460
6440003560
6440003640
6440003730
6440003740
6440003790
6440003813
6440003860
6440004000
6440004032
6440004050
6440004071
6440004080
6440004140
6440004190
6440004201
6440004225
6440004232
6440004261
6440004281
6440004283
6440004290
6440004330
6440004390
6440004418
6440004430
6440004490
6440004542
6440004544
6440004546
6440004553
6440004630
6440004660
6440004680
6440004690
6440004700
6440004730
6440004750
6440004760
6440004781
6440004800
6440004840
6440004850
6440004870
6440004890
6440004910
6440004930
6440004965
6440004967
6440004969
6440005081
6440005152
6440005170
6440005180
6440005270
6440005280
6440005460
6440005480
6440005566
6440005567
6440005731
6440005812
6440005821
6440005841
6445000072
6445000082
6445000092
6445000310
6445000431
6445000463
6445000466
6445000467
6445000501
6445000640
6445000780
6445000960
6445001010
6445001060
6445001310
6445001390
6445001560
6445001610
6445001851
6445001933
6445001972
6445002020
6445002051
6445002210
6445002240
6445002290
6445002300
6445002370
6445002381
6445002502
6445002503
6445002531
6445002540
6445002550
6445002560
6445002640
6445002730
6445002740
6445002772
6445002781
6445002840
6445002851
6445002870
6445002891
6445002920
6445002960
6445003021
6445003090
6445003161
6445003210
6445100014
6445100061
6445100081
6445100100
6445100110
6445100320
6445100330
6445100350
6445100440
6445100461
6445100480
6445100490
6445100500
6445100530
6445100540
6445100550
6445100570
6445100640
6445100686
6445100740
6445100900
6445100930
6445100940
6445100960
6445100980
6445101101
6445101121
6445101132
6445101133
6445101134
6446500020
6446500050
6446500070
6446500150
6446500200
6446500280
6446500310
6447000040
6447000050
6447000060
6447000160
6447000210
6448000020
6448000030
6448000040
6448000060
6448000100
6448000150
6448000160
6448000170
6448000200
6448000250
6448000290
6448000320
6448000340
6448000400
6448000420
6448000450
6448000480
6448000530
6448000550
6448000560
6448000580
6448000590
6448000600
6450000330
6450000500
6450000570
6450000610
6450000620
6450000640
6450000660
6450000680
6450000720
6450000810
6450000940
6450001060
6450001100
6454000080
6454000140
6454000180
6454000190
6454000200
6454000290
6454000300
6454000310
6454000330
6454000360
6454500070
6454500080
6454500090
6454500134
6454500160
6455000010
6455000110
6455000140
6455000150
6455000160
6455000220
6455000260
6455000270
6455000320
6455000330
6455000340
6455000350
6455000390
6455004600
6460000010
6460000040
6460000080
6460000090
6460000150
6460200020
6460200090
6460200110
6460200120
6460200150
6460200190
6460200200
6460200240
6460200310
6460200330
6460200340
6460200360
6460200380
6460220010
6460220040
6460220050
6460220060
6460220070
6460220080
6460220090
6460220110
6460220171
6460220190
6460220220
6465000017
6465000019
6465000023
6465000026
6465000027
6465000030
6465000033
6465000038
6465000056
6465000060
6465000074
6465000075
6465000082
6470000070
6470000091
6470000110
6475000010
6475000032
6475000110
6475000140
6480000010
6480000030
6480000040
6480000050
6480000060
6480000070
6480000080
6480000091
6480000092
6480000160
6485000030
6490000050
6490000061
6490000062
6490000090
6490000150
6490000160
6490000170
6490000270
6490000310
6490000340
6490000360
6490000370
6490000380
6490000390
6490000410
6490000420
6490000430
6490000440
6490000590
6490000600
6490000720
6490000730
6490000760
6490000780
6490000980
6490001011
6490001012
6490001020
6490001040
6490001160
6490001210
6494000010
6494000020
6494000030
6495000021
6495000031
6495000061
6495000070
6498020060
6500000013
6500000023
6500000061
6500500020
6500500060
6500500080
6505000071
6505000100
6510000010
6510000030
6510000070
6510000100
6510000130
6510000140
6510000160
6510000170
6510000210
6510000230
6510000250
6510000260
6510000271
6510200020
6510200110
6510200230
6510200250
6510300010
6510300030
6510300060
6510300070
6510300100
6510300110
6515000030
6515000061
6515000100
6515000230
6515000260
6520000040
6520000120
6520000150
6520000152
6520000161
6520000194
6520000244
6520000320
6520000370
6520000381
6520000411
6520000412
6520000461
6520000480
6520000501
6520000510
6520000520
6520000550
6520000600
6530000012
6531000010
6531000060
6531500020
6531500030
6531500120
6531500160
6531500230
6532000021
6532000121
6532000181
6532000182
6532510130
6532510250
6532510270
6532510330
6532510350
6532510360
6532520010
6532520090
6532520100
6532520120
6532520310
6532520320
6532520340
6532520380
6532520410
6532520470
6532520610
6535000060
6535000110
6535000120
6535000130
6535000140
6535000150
6535000160
6535000170
6535000180
6535000193
6535000231
6535000266
6535000272
6535000273
6535600050
6535600100
6535600211
6535600220
6535600370
6535750010
6535750020
6535750030
6535750040
6535750050
6535750060
6535750070
6535750080
6535750090
6535750100
6535750110
6535750120
6535750130
6535750140
6535750150
6535750160
6540000010
6540000020
6540000030
6540000050
6540000060
6540000070
6545000041
6545000130
6545000200
6545000260
6545000270
6545000280
6545000330
6550000063
6550000064
6550000111
6550000113
6550000164
6550000221
6550000230
6550000240
6550000351
6550200010
6550200090
6550200130
6550200170
6550200190
6550200201
6550200260
6550200330
6550200350
6550200440
6550200450
6550200612
6550200613
6550200721
6550200740
6550200770
6550250070
6550250100
6550250170
6550250210
6550250260
6550250280
6550250341
6550250342
6550250390
6550250400
6550600180
6550600213
6550600300
6550800060
6551000140
6551000190
6553000040
6553000070
6553000090
6553000130
6553000150
6553000170
6553000180
6553000230
6553000240
6553000380
6553000460
6553000470
6554000230
6554000240
6554000250
6555000090
6555000100
6555000240
6555000270
6555000280
6555000370
6555000380
6555000400
6555000440
6555000550
6555000580
6555000610
6555200050
6555200080
6555200090
6555200131
6555200170
6555200210
6555200220
6555200230
6555200280
6555200350
6555300030
6555500015
6560000030
6560000050
6560000110
6560000120
6565000070
6565000080
6565000090
6565000140
6565000150
6565000251
6565000290
6565000300
6565000310
6565000322
6565000330
6565000340
6565000360
6565000390
6565000420
6565000440
6565000480
6565000501
6565000550
6565000560
6565000710
6565000726
6565000773
6565000774
6565000790
6565000820
6565000850
6565000912
6565000950
6565000960
6570000091
6570000122
6570000130
6570000210
6570000264
6570000370
6570000392
6570000393
6570000394
6570000431
6570000450
6570000470
6570000471
6570000473
6570000488
6570000491
6570000516
6570000533
6570000541
6570000625
6570000626
6570000627
6570000628
6570000629
6570000648
6576000042
6576000051
6576000060
6580000013
6580000050
6580000060
6580000070
6585500030
6585500040
6585500060
6585500080
6590000115
6590000130
6590000181
6590000310
6590000320
6590000351
6590000370
6590000471
6590000473
6590000532
6590000551
6590000565
6590000566
6590000573
6590000621
6590000644
6590000682
6590000683
6590000720
6590000730
6595000020
6595000081
6595000100
6595000120
6595000181
6595000191
6595000192
6595000201
6595000280
6595000310
6595000320
6595000330
6595000340
6595000363
6595000370
6595000380
6595000430
6595000520
6595000530
6595000590
6595000650
6595000720
6595200011
6595200014
6595200070
6595200095
6595200134
6595200140
6595200161
6595200170
6595200210
6595200250
6595200280
6595200291
6595200292
6595200380
6595200440
6595200460
6595200512
6595200522
6600000040
6600000080
6601000022
6601000032
6601000100
6601000110
6601000130
6603000040
6603000070
6603000100
6603000120
6603000140
6603000200
6603000250
6603000320
6603100030
6603100060
6603100080
6603100090
6603100172
6603100182
6604000010
6604000020
6610000010
6610000070
6610000130
6610000140
6610000150
6610000210
6610000220
6610000240
6610000270
6610000380
6610000420
6610000450
6610000500
6610000530
6610000560
6610000601
6610000610
6610000662
6610000670
6610000680
6610000690
6610000760
6610000770
6610000820
6610000850
6610000862
6610000900
6610000930
6610000940
6610001042
6610001160
6610001170
6610001200
6610001210
6610001271
6610001330
6610001450
6610001500
6610001630
6610001670
6615000091
6615000120
6615000231
6615000300
6615000320
6615000360
6615000410
6615000431
6615000670
6615000780
6615000820
6615000870
6615000930
6615000940
6615001000
6615001060
6615001070
6615001130
6615001150
6615001381
6615001382
6615001390
6615001540
6615001701
6615001780
6615001852
6615001853
6615001912
6615001920
6615001991
6615002020
6615002070
6615002150
6615002160
6615002180
6615002290
6615002380
6615002440
6615002510
6615002550
6615002610
6620000030
6620000062
6620000081
6625000010
6625000030
6625000090
6625000190
6628000070
6628000140
6630000020
6630000190
6632000051
6632000080
6632000090
6632000100
6632000110
6632000120
6632000130
6632000180
6632000200
6632000290
6632000380
6632000400
6632000410
6635000030
6635000082
6635000100
6635000110
6635000140
6635000150
6635000190
6635000220
6635000230
6635000310
6635000450
6635000470
6635000530
6640000032
6640000040
6640000080
6640000090
6640000091
6640000100
6640000126
6640000131
6640000163
6640000253
6640000261
6640000273
6640000280
6640000291
6640000292
6640000293
6640000333
6640000393
6640000413
6640000420
6640000541
6640000542
6640000561
6640000583
6640000591
6640000592
6640000600
6640000621
6640000650
6640000660
6640000673
6640000760
6640000770
6640000810
6640000840
6640000842
6640000886
6640000889
6640000893
6640000894
6640000901
6640000921
6640000931
6640000980
6640001020
6640001080
6640001102
6640001130
6640001161
6640001184
6640001186
6640001189
6640001201
6640001202
6640001210
6645000010
6645000110
6645000131
6645000132
6645000251
6645000261
6645000281
6645000290
6645000310
6645000341
6645000530
6645000627
6645000628
6645000629
6645000670
6645000690
6645000740
6645000752
6645000880
6645000891
6645000950
6645000971
6645000990
6645001000
6645001040
6645001050
6645001060
6645001070
6645001080
6645001092
6645001120
6650000010
6650000030
6650000100
6650000110
6650000120
6650000132
6650000140
6650000154
6650000156
6650000157
6650000160
6650000184
6650000185
6655200040
6655200063
6655200065
6655200080
6655200101
6655200110
6655200120
6655200173
6655200174
6655200185
6655200200
6655200210
6655200221
6655200250
6655200282
6655200283
6655200284
6655200285
6655200300
6655200311
6655200361
6655200370
6655200420
6655200430
6655200440
6655200466
6655200470
6655200480
6655200500
6655200513
6655200530
6660000100
6660000180
6660000190
6660200050
6660200070
6660200080
6660200081
6660200110
6660200120
6660200130
6660200170
6661000051
6661000230
6661000381
6661000430
6661000570
6661000650
6661000700
6661000950
6661001030
6661001130
6661001310
6661001540
6661001550
6661001570
6661001970
6661002041
6661002180
6661002190
6661002230
6661002390
6661200040
6661200430
6661200520
6661200630
6661200730
6661201290
6661201380
6661201510
6661201640
6661201700
6661201940
6661202050
6661202190
6661202200
6661202270
6661202280
6661202350
6661202390
6661202471
6661202600
6661202610
6661202660
6661202681
6661202911
6661202980
6662000060
6662000140
6662000160
6662000170
6662000220
6662000240
6663000010
6663000060
6663000081
6663000091
6663000120
6663000201
6663000220
6664000030
6664000070
6664000080
6664000150
6664000170
6664020130
6664020160
6664020170
6664020190
6664020230
6664030010
6664030120
6664030170
6665000010
6665000080
6665000130
6665000150
6670000050
6670200050
6670200060
6670200070
6670200110
6670220030
6670220050
6670220093
6670220102
6670220112
6670220120
6670500020
6670500080
6674000010
6674000151
6675000160
6675000180
6675000200
6675000210
6675000292
6675000293
6675000320
6675000330
6675000340
6680000010
6680000020
6680000050
6680000060
6680000080
6680000210
6680000230
6680000260
6680000280
6680000290
6680000310
6680000330
6680000410
6680200030
6680200060
6680200070
6680200081
6680300040
6680300050
6680300070
6680300110
6680300150
6680300170
6680300200
6680300210
6680300231
6680320010
6680320060
6680320070
6680320110
6680320180
6680320200
6685000060
6685000081
6685000111
6685000130
6685000240
6685000324
6685000325
6685000330
6685000341
6685000347
6690000010
6690000020
6690000060
6690000100
6690000150
6690000170
6690000240
6690000260
6690000320
6690000350
6690000390
6690000400
6690000470
6690000480
6690000630
6690000680
6690000780
6690000952
6690000970
6690000980
6690000990
6690001000
6690001030
6690001040
6690001050
6690001080
6690001090
6690001140
6690001150
6690001240
6690001250
6690001251
6690001470
6690001500
6690001550
6690001560
6690001640
6690001710
6690001760
6690001770
6690200080
6690200090
6690200210
6690200290
6690200310
6690200350
6690200370
6690200420
6690200480
6690200540
6690200551
6690200620
6690200700
6690200750
6690200790
6690200810
6690200840
6690200860
6690200870
6690200880
6700000030
6700000070
6700000100
6700000140
6705000010
6705000030
6705000120
6705000190
6705000220
6705000251
6705000260
6705000270
6705000281
6705000301
6705000390
6705000430
6705000470
6705000500
6705000520
6705000611
6705000640
6705000650
6705000670
6705000811
6705000840
6705000850
6705000861
6705000870
6705000902
6705000911
6705001041
6705001042
6705001070
6705001111
6705001112
6705001140
6705001171
6705001280
6705001400
6705001460
6705001470
6705001490
6705001630
6705001640
6705001650
6705001661
6705001671
6705001690
6705001740
6705001750
6705001760
6705001840
6705001850
6705001880
6705001950
6705001990
6705002000
6705002010
6705002180
6705002200
6705002230
6705002350
6705002390
6705002400
6705002460
6705002510
6705002530
6705002540
6705002600
6705002631
6705002642
6705002670
6705002720
6705002790
6705002810
6705002830
6705002930
6705002960
6705002970
6705003020
6705003110
6705003131
6705003210
6705003312
6705003350
6705003410
6705003430
6705003441
6705003442
6705003450
6705003470
6705003482
6705003640
6705003680
6705003710
6705003740
6705003780
6705003821
6705003841
6705003860
6705003900
6705003970
6705004200
6705004311
6710000060
6710000061
6710000070
6710000150
6710200020
6710200050
6710200060
6710200090
6710200120
6710200190
6710200200
6710200210
6710200260
6710200270
6710200280
6710200310
6710200352
6710200353
6710200380
6715000010
6715000030
6715000040
6715000062
6715000070
6715000110
6715000131
6715000132
6715000142
6715000154
6715000155
6715000160
6715000180
6715000190
6715000250
6715000270
6715000412
6715000421
6715000560
6720100020
6720100100
6720100115
6720100116
6720100117
6720100118
6720100130
6720100141
6720100151
6720100191
6720100200
6720100210
6720100280
6720100290
6720100360
6720100390
6720100441
6720110040
6720110070
6720120020
6720120040
6720120060
6720120140
6720120200
6720120210
6720120240
6720120290
6720120320
6720120390
6720120400
6720120410
6720120440
6720120450
6720120470
6720120510
6720120660
6720200030
6720200070
6720200100
6720200110
6720200180
6720510220
6720510320
6720510330
6720510350
6720510360
6720520031
6720520041
6721000010
6721000130
6721000210
6721000260
6721000270
6721000340
6721500011
6721500021
6721500060
6721500100
6721500110
6722000240
6722000250
6722000290
6722220041
6722220261
6722220480
6722220490
6722220500
6722220510
6723000071
6723000100
6723000120
6723000130
6723000140
6723000150
6723000210
6723000230
6723000302
6723000390
6723000400
6723000430
6723000440
6723000460
6723000500
6723000510
6723000520
6723000530
6723000540
6723000550
6723000590
6723000650
6723000780
6723000890
6723000940
6723001070
6723001080
6723001140
6723001150
6723001200
6723001250
6723001260
6724000010
6724000030
6724000111
6724000130
6724020020
6724020030
6724020040
6724020050
6724020060
6724020140
6724030021
6724030030
6724030040
6724030060
6724030070
6724030080
6724030090
6724030110
6724030130
6724030142
6724030150
6724030181
6724040050
6724040060
6724040110
6724200060
6724200090
6724200160
6724200170
6724200190
6724200200
6724200220
6724200230
6724200240
6724200250
6724200280
6724200290
6724200310
6724200400
6724200440
6724200490
6724200500
6724200510
6725000090
6725000120
6725000160
6725000190
6725000210
6725000260
6725000270
6725000280
6730000020
6730000130
6730000150
6730000160
6730000170
6730000211
6730000221
6730000244
6735000020
6735000040
6735000071
6735000140
6735000180
6735000230
6735000270
6735000290
6735000350
6735000380
6735000400
6735000430
6735000480
6735000510
6735000550
6735000570
6735000590
6735000620
6735000630
6735000731
6735000760
6745000030
6745000050
6745000060
6745000130
6755000011
6755000042
6755000043
6755000050
6755000085
6755000092
6755000100
6755000110
6755000120
6755000131
6755000132
6755000201
6755000202
6755000203
6755000242
6755000260
6755000273
6755000281
6755000315
6755000317
6755000321
6755000330
6755000352
6755000353
6755000388
6755250060
6755250180
6755250280
6755250300
6755250390
6755250400
6755250430
6755250440
6755250452
6755250453
6755250480
6755250490
6755250520
6755250541
6755250590
6755250600
6755250660
6755250690
6755250800
6755250870
6755250920
6755250950
6755250960
6755251050
6755251060
6755251080
6755251202
6755251211
6755251382
6755251383
6755251451
6755251510
6755251520
6756000010
6756000110
6756000120
6756000140
6760000010
6760000052
6760000161
6762000012
6762000030
6762000040
6762000090
6762000100
6762000110
6762000120
6762000150
6762000161
6762000260
6762000360
6762000370
6762000440
6762000450
6762000460
6762000470
6762000522
6762000523
6762000540
6762000641
6762000642
6762000700
6762000770
6762000781
6762000870
6762000922
6762000950
6762000991
6762001011
6762001040
6762001051
6762001092
6762001094
6762001161
6762001190
6762001224
6762001230
6762001270
6762001280
6762001291
6762001411
6762001510
6762001520
6762001640
6762001681
6762001682
6762001690
6762001700
6762001770
6762001800
6762001843
6762002090
6762002100
6762002110
6762002121
6762002140
6762002153
6762002170
6762002180
6762002190
6762002200
6762002221
6762002362
6762002363
6762002491
6762002502
6765000020
6765000030
6765000040
6770000023
6770000031
6770000090
6770000101
6770000110
6770000140
6770000240
6770000260
6770000281
6770000322
6770000323
6770000421
6770000432
6770000471
6770000480
6770000504
6770000506
6770000530
6770000560
6770000601
6775000040
6775000112
6775000160
6775500010
6775500130
6775500170
6775500180
6775700050
6775700140
6775730040
6775730070
6775730080
6775760060
6775760090
6775760120
6775770020
6775780010
6776000012
6776000080
6776000130
6776000140
6776000170
6776000280
6776000380
6776000410
6776000450
6776000490
6776000500
6776000510
6776000541
6776000640
6776000650
6776000760
6776000810
6776000870
6776000901
6776000941
6776000970
6776001030
6776001070
6776001211
6776001223
6776001231
6776001241
6776001256
6776001260
6776001270
6776020050
6776020070
6776020080
6776020090
6776020140
6776020150
6776020170
6776020180
6776030010
6776030160
6776030170
6776030400
6776030560
6776030570
6780000070
6780000080
6785000060
6785000070
6785000190
6785000220
6785000260
6790000010
6790250060
6790250080
6795000010
6795000030
6795000100
6795000150
6795000201
6795000202
6795000210
6795000211
6800000010
6800000040
6800000070
6800000090
6800000100
6800000111
6800000130
6800000161
6800000211
6800000280
6800000340
6800000360
6800000490
6800000506
6800000560
6800000571
6800000590
6800000710
6800000820
6800000850
6800000870
6800000910
6800001101
6800001190
6800001210
6800001260
6800001331
6800001461
6800001510
6800001570
6800001580
6800001620
6800001660
6800001730
6800001771
6800001800
6800001820
6800001841
6800001860
6800001880
6800001890
6800001910
6800001920
6800001955
6800001956
6800001957
6802000030
6802000040
6802000050
6802000080
6802000090
6802000100
6802000110
6802000120
6803000050
6803000060
6803000120
6804000010
6804000050
6805000015
6805000080
6805000110
6805000141
6805000160
6805000280
6805000380
6805000390
6805000490
6805000500
6805000590
6805000610
6805000822
6805000880
6805000890
6805000970
6805001010
6805001070
6805001110
6805001170
6805001210
6805001280
6810000031
6810000100
6810000140
6810100050
6810100120
6810100140
6820000030
6820000052
6820000063
6825000020
6825000070
6825000110
6825000170
6825000180
6825000220
6825000341
6825000342
6825000360
6825000380
6825000391
6825000470
6825000500
6825000530
6825000551
6825000590
6825000612
6825000660
6825000740
6825000800
6825000801
6825000810
6825000920
6825000930
6825000940
6825000950
6825000971
6825001070
6825001080
6825001100
6825001110
6825001120
6825001130
6825001140
6825001150
6825001160
6825001170
6829010030
6829010040
6829010050
6829010060
6830000011
6835000062
6835000063
6835000180
6835000190
6835000360
6840000010
6840000020
6840000050
6840000130
6840000150
6840000180
6840000220
6840000260
6840000360
6845000040
6845000050
6845000060
6845000070
6845000091
6845000111
6845000131
6850000021
6850000103
6850000111
6850200030
6850200040
6850200061
6850200120
6850200141
6850200201
6850200220
6850200320
6850200330
6850200340
6850200372
6850200410
6850200490
6850200520
6860000020
6860000060
6860000080
6860000090
6860000100
6865000050
6865000051
6865000058
6865000059
6865000080
6867000030
6870000020
6870000030
6870000050
6870000061
6870000062
6870000071
6870000111
6870000140
6875000050
6875000080
6875000130
6875000160
6875000190
6875000220
6877000090
6879000070
6879000140
6879000160
6879000270
6879000280
6879000290
6879000302
6879000350
6879000360
6880000110
6880000120
6880000160
6883000050
6883000060
6883000090
6883000190
6883000220
6883020040
6883020060
6883020090
6883020120
6885000040
6885000070
6885000110
6885000160
6885000200
6885000300
6886000050
6886000070
6886000100
6886000110
6886000190
6886000200
6886000210
6886000250
6886000270
6890000030
6890000040
6890000120
6890000130
6895000010
6895000050
6900000090
6900000100
6900000130
6902510030
6902510040
6902520130
6902530010
6902530140
6902530160
6902530200
6902530210
6902530220
6902710180
6902720020
6902720080
6902720100
6902720120
6902720150
6902730080
6903000020
6903000080
6903000180
6903000200
6903200020
6903200030
6903200080
6903200110
6903200120
6903200160
6903200220
6903200240
6903200290
6903200310
6903200320
6903300010
6903300050
6903300060
6903300070
6903300080
6903300121
6903300150
6903300210
6903300230
6903300260
6903300280
6903320121
6903320190
6903320200
6904000020
6904000070
6904000101
6904000160
6904000180
6904000200
6904000220
6904000230
6904000300
6904000480
6904000500
6904000550
6904500010
6904500060
6904500070
6904500120
6904500130
6904500140
6904500150
6904500160
6904500170
6904500180
6904500200
6904500210
6904500240
6904500250
6904500270
6904500290
6904500300
6904500330
6904550050
6904550060
6904550070
6904550110
6904550130
6904550140
6904550150
6904550160
6904550170
6904550190
6904550200
6904550210
6904550220
6904750020
6904750030
6904750060
6904750080
6905000030
6905000050
6905000060
6905000070
6905000100
6905000260
6905000272
6905000273
6905000311
6905000361
6905000362
6905000410
6905000450
6905000460
6905000470
6905000520
6905000610
6905000620
6905000630
6905000640
6905000650
6905000660
6905000681
6905000722
6905000723
6905000781
6905000870
6905000900
6905000930
6905001000
6905001060
6905001071
6905001190
6905001200
6905001340
6905001350
6905001470
6905001530
6905001640
6905001741
6905001780
6905001800
6905001821
6905001970
6905002010
6905002090
6905002100
6905002230
6905002270
6905002320
6905002360
6905002400
6905002430
6905002530
6905002540
6905002570
6905002640
6905002740
6905002790
6905002800
6905002860
6905002893
6905002920
6905002982
6905003060
6905003100
6905003120
6905003150
6905003210
6905003220
6905003260
6905003300
6905003330
6905003390
6905003510
6905003630
6905003831
6905003890
6905003920
6905003980
6905004010
6905004022
6905004023
6905004090
6905004190
6905004210
6905004230
6905004241
6905004260
6905004330
6905004370
6905004440
6905004450
6905004520
6905004541
6905004610
6905004623
6905004653
6905004660
6905004680
6905004690
6905004730
6905004741
6905004796
6913000170
6913000210
6913000240
6915000011
6920000030
6925000011
6925000141
6925000170
6925000210
6925000230
6925000270
6925000321
6925000332
6925000492
6925000621
6925000740
6925200033
6925200072
6925200171
6925200181
6925200182
6925200191
6925200192
6925200200
6925200221
6925200430
6925200440
6925200462
6925200620
6925200651
6925200652
6925200660
6925200710
6925200731
6925200751
6925200760
6925200852
6925200900
6925200911
6925201060
6925201070
6925201080
6930000033
6930000041
6930000090
6930000110
6930000130
6930000161
6930000171
6930000181
6930000193
6930000194
6930000195
6930000210
6930000250
6930000271
6930000300
6930000360
6930000393
6930000413
6930000443
6930000462
6930000511
6930000551
6930000570
6930000670
6930000691
6930000753
6930000754
6930000770
6930000780
6930000790
6930000820
6930000830
6930000840
6930000951
6930000962
6930000964
6930000981
6930001000
6930001040
6930001050
6930001060
6930001070
6930001080
6930001100
6930070050
6930070070
6930070100
6930070120
6930070150
6930070180
6930070221
6930070270
6930070300
6930070360
6930070390
6930070450
6930070470
6930070520
6930070640
6930070700
6930070710
6930070720
6930070770
6930070780
6930100200
6930100280
6933000010
6933000030
6934000020
6934000080
6934000100
6934000130
6934000140
6934000150
6934000170
6934000180
6934000200
6934000240
6934000260
6934000270
6934000300
6934000380
6934000470
6934000480
6934000540
6935000020
6935000040
6935000056
6935000060
6935000080
6935000120
6935000151
6935000160
6936100010
6936100060
6936100160
6936100220
6936100360
6936100370
6936100400
6936100420
6936100430
6936100490
6936100561
6936200025
6936200026
6936200110
6936200200
6936200220
6936200360
6936200570
6936200671
6936300070
6936300100
6936300160
6936300280
6936300332
6936300333
6936300540
6936300590
6936300660
6936300670
6936300800
6936300810
6936300831
6936400100
6936400250
6936400280
6936400350
6936400360
6936400370
6936400380
6936400420
6936400582
6936400583
6936400590
6936400610
6936400731
6936400800
6936400890
6936400900
6936401000
6936401041
6936401080
6936401100
6936401200
6936401284
6936401285
6936401287
6936401288
6940000040
6940000071
6940000081
6940000094
6940000100
6940000111
6940000180
6940000191
6945000011
6945000083
6945000084
6945000085
6945000150
6945000210
6945000211
6945000230
6945000271
6945000290
6945000291
6945000307
6945000321
6945000350
6945000355
6945000373
6945000374
6945000379
6945000381
6945000385
6945000386
6945000406
6945000407
6945000409
6950000027
6950000034
6950000035
6950000036
6950000303
6955000041
6955000060
6955000130
6955000140
6955000211
6955000341
6955000383
6955000387
6955000411
6955000412
6955000418
6955000427
6955000433
6955000452
6955000455
6955000481
6955000483
6955000500
6955000540
6960000030
6960000040
6960000114
6960000170
6960000181
6960000210
6960000290
6960000350
6960000400
6960000450
6960000470
6960000503
6965000010
6965000020
6965000051
6965000080
6965000094
6965000101
6965000121
6965000122
6965000130
6965000140
6965000160
6965000161
6965000251
6965000280
6965000300
6965000331
6965000350
6965000370
6965000381
6965000410
6965000411
6965000423
6965000433
6965000434
6965000440
6965000450
6965000460
6965000470
6965000480
6965000515
6965000543
6965000544
6965000550
6970000020
6970000083
6970000110
6970000121
6970000262
6970000311
6970000331
6970000341
6970000441
6975000041
6980000051
6980000110
6980000150
6980000160
6980000200
6980000230
6980000250
6985000040
6985000061
6985000062
6985000073
6985000075
6985000076
6985000081
6990000012
6990000081
6990000141
6990100013
6990100080
6990100233
6995100020
6995100140
6995100160
6995100170
6995100190
6995100200
6995100270
6995100330
6995100350
6995100400
6995100450
6995100490
6995100550
6995100580
6995100600
6995100630
6995100742
6995100743
6995101120
6995101130
6995101160
6995101170
6995101180
6995101430
6995101540
6995101630
6995101640
6995101651
6995101700
6995101710
6995101980
6995101990
6995102060
6995102070
6995102090
6995102152
6995102210
6995102220
6995102230
6995102240
6995102250
6995102260
6995102280
6995102320
6995102390
6995102430
6995102440
6995102450
6995102460
6995102470
6995200110
6995200130
6995200140
6995200150
6995200160
6995200220
6995200300
6995200320
6995200350
6995200361
6995200480
6995200500
6995200530
6995200550
6995200561
6995200580
6995200660
6995200710
6995200720
6995200730
6995200750
6995200780
6995200850
6995200860
6995200910
6995201090
6995201100
6995201140
6995201300
6995201310
6995201351
6995201500
6995201591
6995201620
6995201630
6995201640
6995201660
6995201730
6995201750
6995201760
6995201880
6995202000
6995202020
6995202030
6995202040
6995202050
6995202060
6995202070
6995202080
6995202091
6995300021
6995300080
6995300100
6995300210
6995300260
6995300320
6995300330
6995300390
6995300410
6995300470
6995300750
6995300860
6995301070
6995301340
6995301430
6995301530
6995301580
6995301590
6995301630
6995301670
6995301680
6995301710
6995301720
6995301730
6995301740
6995301750
6995301761
6995320054
6995320200
6995320210
6995320250
6995320280
6995320290
6995320350
6995320360
6995320400
6995320470
6995320691
6995320710
6995320740
6995320760
6995320800
6995320890
6995320981
6995321070
6995321080
6995321100
6995321130
6995321150
6995321170
6995321180
6995321190
6995321260
6995321300
6995321310
6995321320
6995321360
6995321380
6995321390
6995321420
6995321450
6995321480
6995321850
6995321880
6995321920
6995321930
6995321962
6995322060
6995322240
6995322360
6995322383
6995322420
6995322451
6995322470
6995322630
6995322670
6995322810
6995322820
6995322830
6995322850
6995322870
6995322880
6995322890
6995322920
6995322950
6995323020
6995323110
6995323142
6995323240
6995323250
6995323260
6995323270
6995323340
6995323410
6995323570
6995323580
6995323590
6995323641
6995323660
6995323680
6995323700
6995323710
6995323770
6995323790
6995323810
6995323850
6995323920
6995323960
6995323970
6995324000
6995324010
6995324020
6995324050
6995324070
6995324100
6995324140
6995324180
6995324290
6995324390
6995324400
6995324540
6995324783
6995324930
6995324960
6995325020
6995325070
6995325200
6995325260
6995325400
6995325590
6995325720
6995325760
6995325790
6995325802
6995325803
6995325950
6995326000
6995326070
6995326170
6995326280
6995326310
6995326320
6995326421
6995326470
6995326520
6995326720
6995326730
6995326840
6995326870
6995326880
6995327080
6995327140
6995327150
6995327180
6995327190
6995327200
6995327210
6995327220
6995327230
6995327240
6995327250
6995327260
6995327270
6995327280
6995327290
6995327300
6995327310
6995327320
6995327330
6995400050
6995400060
6995400100
6995400150
6995400170
6995400200
6995400230
6995400270
6995400280
6995400300
6995400330
6995400350
6995400370
6995400390
6995400400
6995400410
6995400430
6995400440
6995400500
6995400560
6995400640
6995400680
6995400690
6995400700
6995400740
6995400780
6995400800
6995400871
6995400920
6995401050
6995401081
6996000020
7000000030
7000000041
7000000062
7000000110
7000010070
7000010080
7000010130
7000010150
7000010160
7000010200
7000010230
7000010440
7000010450
7000020070
7000020100
7000020140
7000020160
7000020210
7000020260
7000020330
7000020340
7000020360
7000020450
7000020460
7000020600
7000020610
7000020620
7000020630
7000020640
7000020680
7000020690
7000020910
7000020920
7000030010
7000040050
7000050170
7000050430
7000050440
7000060040
7000060070
7000060120
7000070070
7000070080
7000070140
7000070150
7000070290
7000070340
7000070420
7000070460
7000070590
7000070600
7000070720
7000070740
7000070810
7000070830
7000080170
7000080260
7000080300
7000090030
7000090060
7000090080
7000090110
7000090130
7000090160
7000090200
7000090210
7000090230
7000090240
7000090260
7000090280
7000090310
7000090320
7000090330
7000090410
7000090420
7000090450
7000090520
7000090530
7000090650
7000090670
7000090680
7000090700
7000090730
7000090840
7000090870
7000090920
7000110060
7000110070
7000110150
7000120070
7000120140
7000120160
7000120260
7000120340
7000120360
7000120370
7000130050
7000130130
7000130170
7000140030
7000140070
7000140130
7000140150
7000150050
7000150160
7000150200
7000150220
7000150320
7000150340
7000150380
7000150431
7000150432
7000150450
7000160060
7000160100
7000160110
7000160190
7000160260
7000160310
7000160330
7000160390
7000160400
7000160430
7000160440
7000160510
7000170051
7000180510
7000180680
7000180720
7000180740
7000180770
7000190010
7000190070
7000190080
7000200010
7000200020
7000200030
7000200050
7000200060
7000200100
7000200130
7000200140
7000200230
7000200240
7000200280
7000200300
7000200400
7000200410
7000200420
7000210080
7000210090
7000210100
7000210170
7000210210
7000210320
7000210420
7000210470
7000210500
7000210520
7000210530
7000210570
7000220010
7000220020
7000220040
7000220050
7000220100
7000220130
7000220150
7000220160
7000220220
7000220300
7000220310
7000220490
7000220530
7000220630
7000220710
7000220720
7000220730
7000220780
7000220860
7000220870
7000220920
7000220930
7000230580
7000230590
7000230830
7000230840
7000230850
7000230890
7000230990
7000231110
7000231120
7000231160
7000240060
7000240070
7000240120
7000240160
7000240250
7000240280
7000240330
7000240340
7000240400
7000240410
7000250880
7000250890
7000260121
7000260200
7000260210
7000260230
7000270060
7000270170
7000270180
7000270190
7000280020
7000280050
7000280120
7000280200
7000280210
7000280380
7000290050
7000290230
7000300040
7000300080
7000300140
7000300220
7000300230
7000300260
7000300350
7000300380
7000300390
7000300400
7000300410
7000300420
7000310040
7000310080
7000310311
7000320060
7000320070
7000320110
7000330030
7000340040
7000340060
7000350090
7000360010
7000360080
7000360100
7000360120
7000370060
7000370130
7000370140
7000370160
7000370190
7000370231
7000390050
7000390140
7000390280
7000390520
7000390620
7000390640
7000390780
7000390840
7000390860
7000390870
7000390900
7000390930
7000390940
7000400790
7000400910
7000401000
7000410010
7000410020
7000410030
7000410060
7000410100
7000410160
7000421300
7000421370
7000421440
7000421480
7000421620
7000421890
7000421920
7000421980
7000422060
7000430120
7000450090
7000450180
7000450230
7000450290
7000450400
7000450570
7000460050
7000460060
7000460100
7000460120
7000460130
7000460160
7000460170
7000460200
7000460240
7000460300
7000460310
7000460400
7000470010
7000470070
7000470080
7000470090
7000470130
7000490050
7000490060
7000490130
7000490210
7000490260
7000490380
7000490390
7000490480
7000490490
7000490500
7000500400
7000500580
7000500660
7000510160
7000510170
7000520060
7000520070
7000520160
7000530190
7000540150
7000540200
7000540230
7000540270
7000540290
7000540390
7000540400
7000540410
7000540430
7000540460
7000540530
7000540540
7000540580
7000540610
7000550490
7000550790
7000550900
7000550910
7000550930
7000550950
7000551020
7000551060
7000551220
7000560020
7000560060
7000560100
7000560180
7000560210
7000560410
7000560450
7000560640
7000560740
7000560750
7000560760
7000560790
7000560920
7000560970
7000560980
7000570450
7000570610
7000580090
7000580170
7000580330
7000580350
7000590090
7000590180
7000590190
7000590220
7000590240
7000600090
7000600100
7000620100
7000620110
7000630410
7000630430
7000640450
7000650060
7000670510
7000670610
7000670680
7000670690
7000690080
7000690190
7000690200
7000690520
7000700370
7000700440
7000700450
7000700460
7000710440
7000710450
7000710460
7000720510
7000720520
7000720530
7000731030
7000731040
7000740290
7000740300
7000751190
7000760020
7000760030
7000760040
7000760050
7000770210
7000780310
7000790800
7000800670
7000800680
7000810630
7000810640
7000810650
7000830100
7000840150
7000850090
7000861660
7000861670
7000870160
7000870170
7000870180
7000870190
7000890010
7000890060
7000900480
7000900490
7000900500
7000940480
7000950510
7000950530
7000950540
7000960230
7000970400
7000970410
7000970420
7000980070
7000980080
7000990520
7001000360
7001010230
7001020280
7001030630
7001030640
7001050250
7001050260
7001070500
7001070510
7001070520
7001090640
7001090820
7001090830
7001110551
7001110554
7001110555
7001110560
7001110570
7001120100
7001120110
7001130960
7001130970
7001131020
7001131030
7001131040
7001131050
7001131060
7001140150
7001140260
7001140270
7001140280
7001140290
7001150940
7001150950
7001160170
7001160180
7001180260
7001190130
7001200220
7001210400
7001210420
7001220360
7001220370
7001220380
7001220390
7001220400
7001230250
7001240040
7001250580
7001260460
7001273130
7001273150
7001280160
7001291060
7001300300
7001320210
7001330650
7001340750
7001350540
7001360360
7001360370
7001370420
7001370430
7001370450
7001380320
7001390920
7001390930
7001400690
7001410160
7001420822
7001420880
7001420890
7001450400
7001460580
7001470850
7001470860
7001480280
7001492050
7001492060
7001501990
7001502000
7001510030
7001521041
7001521050
7001521060
7001521070
7001530772
7001530773
7001530774
7001530776
7001530778
7001530780
7001540340
7001550470
7001550480
7001570180
7001570190
7001583341
7001583342
7001583350
7001590190
7001600180
7001610930
7001610940
7001620230
7001620240
7001651210
7001651220
7001651230
7001661090
7001661100
7001672461
7001672480
7001683230
7001700450
7001711570
7001711580
7001711590
7001711600
7001711610
7001711620
7001711640
7001711660
7001711670
7001711700
7001711710
7001711730
7001711740
7001720300
7001720310
7001720330
7001740340
7001740351
7001761180
7001761190
7001761220
7001761230
7001761240
7001770850
7001770860
7001770870
7001781160
7001781170
7001781180
7001781190
7001790010
7001790120
7001790130
7001801270
7001801280
7001801290
7001811030
7001811330
7001820880
7001830260
7001840730
7001840740
7001851890
7001861120
7001861130
7001870640
7001870651
7001870653
7001870655
7001870657
7001880160
7001900660
7001900670
7001900680
7001910111
7001910750
7001910780
7001910790
7001921040
7001950231
7001950311
7001950370
7001950391
7001961220
7001961230
7001961240
7001972550
7001972560
7001972570
7001972580
7001980210
7001991410
7001991420
7001991430
7001991440
7001991450
7002001170
7002001180
7002001190
7002001200
7002001210
7002010250
7002030101
7002030181
7002030200
7002030210
7002030230
7002030260
7002030290
7002043160
7002060090
7002060360
7002060740
7002060790
7002060800
7002060880
7002060890
7002060900
7002060970
7002061060
7002061860
7002061870
7002061980
7002061990
7002062000
7002062010
7002062020
7002062030
7002070200
7002070210
7002070220
7002080160
7002092250
7002092260
7002092270
7002092280
7002092290
7002092300
7002092310
7002092320
7002092330
7002092340
7002092350
7002092360
7002092370
7002092380
7002092390
7002092400
7002100150
7002110260
7002110270
7002110280
7002110290
7002121840
7002130720
7002130730
7002130740
7002130750
7002130760
7002130770
7002140180
7002150390
7002150400
7002160330
7002160340
7002170610
7002170620
7002170630
7002170670
7002181940
7002181950
7002181960
7002181970
7002181980
7002181990
7002182000
7002182010
7002182020
7002182030
7002182040
7002182050
7002182060
7002182070
7002182080
7002182090
7002182100
7002182110
7002182120
7002190050
7002190060
7002200600
7002200610
7002200620
7002210110
7002220640
7002220650
7002220660
7002220670
7002220680
7002220690
7002220700
7002220710
7002220720
7002230500
7002230510
7002230520
7002230530
7002230540
7002242350
7002242360
7002242370
7002250100
7002270130
7002290130
7002290140
7002300360
7002300370
7002310180
7002320640
7002341263
7002350680
7002350690
7002360150
7002371320
7002371330
7002371340
7002371350
7002371360
7002371370
7002371380
7002380690
7002380700
7002380710
7002380720
7002380730
7002380740
7002380750
7002390010
7002400110
7002420551
7002420552
7002430180
7002430190
7002430200
7002450190
7002460830
7002472000
7002472010
7002472020
7002472040
7002472050
7002480390
7002480400
7002490820
7002490830
7002501140
7002501150
7002501160
7002501170
7002501180
7002501190
7002501200
7002501220
7002501230
7002510014
7002510320
7002510330
7002532460
7002541890
7002541900
7002541910
7002541920
7002551800
7002592850
7002600650
7002600660
7002600670
7002612390
7002620640
7002630780
7002641230
7002641260
7002641270
7002641280
7002641300
7002641310
7002642771
7002642772
7002642773
7002642774
7002642775
7002642776
7002642777
7002642778
7002642779
7002642790
7002642792
7002642794
7002650310
7002650320
7002650330
7002650350
7002661330
7002661340
7002661350
7002670440
7002670450
7002670460
7002670470
7002670480
7002680440
7002680451
7002680452
7002680460
7002680470
7002680480
7002680490
7002680500
7002700250
7002710070
7002710090
7002710100
7002710110
7002710120
7002710130
7002710150
7002710160
7002710170
7002710180
7002710190
7002710200
7002710210
7002710220
7002710380
7002732760
7002732770
7002732780
7002732790
7002741520
7002741531
7002741532
7002741540
7002741550
7002741560
7002741570
7002741580
7002750420
7002750840
7002760850
7002770860
7002770870
7002770890
7002781210
7002790120
7002800230
7002800240
7002811870
7002811880
7002820460
7002820470
7002832630
7002832640
7002832650
7002832660
7002850170
7002850180
7002860890
7002860900
7002860910
7002860920
7002860930
7002870110
7002870120
7002870130
7002870140
7002870150
7002880250
7002880260
7002880270
7002880280
7002893360
7002893370
7002893380
7002893390
7002893400
7002893410
7002893420
7002893430
7002893440
7002893452
7002901770
7002901780
7002901790
7002901810
7002910110
7002910130
7002910140
7002921670
7002921680
7002921690
7002921730
7002921740
7002930440
7002940010
7002940040
7002940050
7002940060
7002940070
7002940080
7002960530
7002960540
7002960550
7002960560
7002971560
7002971570
7002981300
7002981310
7002981320
7002981330
7002981340
7002981350
7002981360
7002981380
7002991070
7002991080
7002991090
7002991100
7002991110
7002991120
7002991130
7002991140
7002991150
7002991160
7003003500
7003003510
7003003520
7003003530
7003003540
7003003550
7003003560
7003003561
7003003570
7003003571
7003003580
7003003590
7003003600
7003003610
7003003620
7003003640
7003003650
7003003651
7003003660
7003010210
7003010220
7003020010
7003020011
7003020041
7003020042
7003020070
7003020080
7003020081
7003020090
7003020100
7003032340
7003032350
7003041290
7003041300
7003056120
7003056130
7003056140
7003056141
7003056150
7003056160
7003056170
7003056180
7003056190
7003056200
7003056210
7003056220
7003056230
7003056240
7003056250
7003060170
7003060330
7003070560
7003070570
7003070580
7003081310
7003081320
7003081330
7003081340
7003081360
7003092340
7003092350
7003092360
7003092370
7003092380
7003092510
7003092530
7003092550
7003092560
7003092570
7003092580
7003092590
7003092600
7003092610
7003092620
7003092630
7003092640
7003092650
7003092670
7003092680
7003092690
7003092700
7003092710
7003092720
7003092730
7003092740
7003092750
7003092760
7003092770
7003092780
7003092790
7003092800
7003092810
7003092820
7003092850
7003092860
7003092880
7003092890
7003092900
7003092920
7003092930
7003092940
7003092960
7003092970
7003093030
7003093040
7003093050
7003093090
7003093100
7003093110
7003093120
7003093130
7003093140
7003093150
7003103040
7003103350
7003103360
7003103361
7003103362
7003103370
7003103380
7003103390
7003103400
7003114131
7003114151
7003114171
7003114181
7003114880
7003114890
7003114900
7003121620
7003121630
7003121640
7003121650
7003140110
7003140120
7003140130
7003155720
7003155730
7003155740
7003155750
7003155780
7003155790
7003155800
7003160310
7003160320
7003160330
7003177490
7003177500
7003177501
7003177510
7003177520
7003177530
7003177540
7003177550
7003177560
7003177570
7003177580
7003177590
7003177600
7003177610
7003177620
7003177650
7003177660
7003177670
7003177680
7003177700
7003177710
7003177720
7003177740
7003177750
7003177760
7003180130
7003180140
7003198340
7003198350
7003198360
7003198370
7003198380
7003198390
7003200310
7003210010
7003210020
7003210030
7003210040
7003210050
7003210060
7003210070
7003210080
7003210090
7003210100
7003210110
7003219990
7003221650
7003221660
7003221680
7003221690
7003221700
7003221710
7003221730
7003221740
7003221750
7003221760
7003221770
7003221780
7003221790
7003221800
7003221810
7003221820
7003221830
7003221840
7003221850
7003221870
7003221880
7003221890
7003221900
7003221930
7003221940
7003221950
7003221960
7003221970
7003221980
7003221990
7003222170
7003222270
7003222280
7003222290
7003222300
7003222330
7003222350
7003222360
7003222370
7003222380
7003222390
7003222400
7003222410
7003222420
7003222430
7003222440
7003222450
7003222460
7003222470
7003222480
7003222490
7003222500
7003222510
7003222520
7003222530
7003222540
7003222550
7003222560
7003222570
7003222580
7003222590
7003222600
7003222610
7003222620
7003243620
7003243630
7003243640
7003243650
7003243660
7003243670
7003250010
7003250020
7003250040
7003250050
7003250070
7003250080
7003250090
7003250100
7003250110
7003250150
7003250160
7003250170
7003250180
7003250190
7003250200
7003250210
7003250220
7003250230
7003250240
7003250250
7003250260
7003250270
7003250280
7003250290
7003250300
7003250330
7003250340
7003250350
7003262000
7003262010
7003262020
7003262030
7003262040
7003262050
7003262060
7003262070
7003262080
7003262090
7003262100
7003262110
7003283740
7003283750
7003283760
7003283770
7003283780
7003283790
7003283860
7003283870
7003283880
7003283890
7003283900
7003283910
7003284050
7003284060
7003284080
7003284120
7003284130
7003284140
7003284170
7003284180
7003284190
7003284200
7003284320
7003284330
7003284340
7003284350
7003284360
7003284370
7003284380
7003284390
7003284410
7003284420
7003284430
7003284440
7003284450
7003284460
7003284470
7003284480
7003284530
7003284540
7003284550
7003284610
7003284620
7003284630
7003284690
7003284700
7003284710
7003284720
7003284730
7003284740
7003284750
7003284780
7003284790
7003284800
7003284810
7003284820
7003284830
7003284840
7003284850
7003284860
7003284970
7003284980
7003284990
7003285000
7003285010
7003285020
7003285100
7003285110
7003285120
7003285140
7003285150
7003285160
7003285170
7003285180
7003285190
7003285200
7003285210
7003285220
7003285230
7005000010
7005000030
7005000082
7005000088
7005000091
7005000230
7005000381
7005000382
7005000383
7005000384
7005000521
7010000012
7010000023
7010000102
7010000540
7010000560
7010000571
7025000060
7025000091
7025000130
7025000141
7025000161
7025000171
7025000172
7025000220
7030000030
7030000040
7030000130
7030000181
7030000230
7030000260
7030000290
7030000382
7030000400
7030000420
7030000430
7030000440
7030000450
7030000480
7030000520
7030000550
7030000571
7030000621
7030000660
7030000670
7030000680
7030000720
7030000741
7030000750
7030000820
7030000880
7030000901
7030000902
7030000930
7030001030
7030001040
7030001060
7030001140
7030001150
7030001160
7030001230
7030001250
7030001280
7030001291
7030001320
7030001330
7030001371
7030001410
7030001460
7030001530
7030001560
7035000041
7035000050
7035000080
7035000140
7035000150
7035000202
7035000244
7035000280
7035000310
7035000323
7035000330
7035000360
7035000361
7035000381
7035000422
7035000450
7035000470
7040000024
7040000180
7040000220
7040000250
7040000260
7040000270
7040000280
7040000300
7040000310
7040000330
7040000340
7040000350
7040000360
7040000370
7040000410
7040000450
7040000470
7040000530
7040000631
7040000710
7040000720
7040000730
7040000750
7040000770
7040000830
7040000841
7040000870
7040000910
7040000980
7040001000
7040001030
7040001150
7040001170
7040001180
7040001300
7040001310
7040001340
7040001350
7040001380
7040001390
7040001400
7040001500
7040001510
7040001570
7040001590
7040001610
7040001640
7045000011
7045000051
7045000052
7045000080
7045000090
7045000100
7045000155
7045000158
7045000302
7045000374
7045000377
7045000378
7045000384
7045000387
7045000388
7045000390
7045000523
7045000543
7045000544
7045000571
7045000581
7045000593
7045000594
7045000672
7045000802
7045000961
7045000963
7045000990
7045001035
7045001041
7045001043
7045001102
7045001108
7045001109
7045001113
7045001206
7045001215
7045001216
7045001231
7045001270
7045001306
7045001340
7045001341
7045001342
7050000060
7050000111
7050000180
7050000330
7050000340
7050000360
7050000370
7050000420
7050000450
7055000011
7055000020
7055000031
7055000040
7055000060
7055000070
7055000180
7055000182
7055000190
7055000210
7055000260
7055000311
7055000320
7055000330
7055000360
7055000430
7055000440
7056000011
7056000110
7056000190
7056000200
7060000130
7060000220
7060000242
7060000250
7060000260
7060000270
7060000290
7060000300
7060000311
7060000380
7065000013
7065000014
7065000025
7065000060
7065000073
7065000074
7065000084
7065000085
7065000090
7065000205
7065000206
7065000207
7065000226
7065000290
7065000300
7065000351
7065000361
7065000364
7065000393
7065000430
7065000440
7065000542
7065000553
7065000603
7065000635
7065000638
7065000672
7065000720
7065000790
7065000830
7065000850
7065000863
7065000864
7065000871
7065100010
7065100020
7065100030
7065100040
7065100070
7070000010
7070000060
7070000101
7070000130
7070000211
7070000214
7070000223
7070000230
7070000251
7070000341
7070000370
7070000470
7070000500
7070000510
7070000560
7070000580
7070000631
7070000640
7070000680
7070000690
7070000800
7070000870
7070000970
7070001000
7070001050
7070001071
7070001090
7070001120
7070001150
7070001162
7070001191
7070001210
7070001234
7070001430
7070001490
7070001511
7070100020
7070100031
7070100050
7070100071
7070100075
7070100190
7070100210
7070100231
7070100350
7070100360
7070100390
7070100400
7070100410
7070100420
7070100430
7070100480
7070100490
7070100505
7070100507
7080000040
7080000075
7080000081
7080000089
7080000091
7080000107
7080000115
7080000116
7080000121
7080000132
7080000181
7080000182
7080000251
7088000080
7088000120
7088000140
7088000220
7088000240
7088000280
7088000340
7088000440
7088000500
7088000510
7088000530
7088000540
7088000550
7088000560
7088000570
7089000020
7089000050
7089000060
7089000130
7089000200
7089000260
7089000350
7089000440
7089000460
7089000470
7089000480
7089000560
7089000580
7089000590
7089000690
7089000700
7089000710
7089100080
7089100160
7089100210
7089100280
7089100320
7089100340
7089100360
7089100390
7089100410
7089100430
7089100440
7089100470
7089100480
7089100530
7089100540
7089100551
7089100560
7089100580
7090000011
7090000050
7090000060
7090000080
7090000090
7090000111
7090000150
7090000261
7090000382
7090000520
7090000531
7090000550
7090000570
7090000601
7090000670
7090000720
7090000820
7092000160
7092000330
7092500090
7092500110
7092500150
7092500190
7092500270
7092500300
7092500310
7093000020
7093000040
7093000082
7093000160
7093000170
7093000350
7093000370
7093000530
7093000590
7093020355
7093020380
7093020420
7093020470
7093020511
7093020520
7093020580
7093020600
7093020610
7093020620
7093020690
7093020740
7093020750
7093020800
7093020960
7093020980
7094000040
7094000070
7094000090
7094000130
7094200020
7094200030
7094200050
7094200070
7094200080
7094200130
7094230010
7094230030
7094230040
7094230060
7094230070
7094230132
7094240050
7094240150
7094240210
7094240230
7094240240
7095000030
7095000050
7095000070
7095000090
7095000240
7095000250
7095000260
7095000270
7095000280
7095000320
7095000340
7095000370
7095000430
7095000440
7095000490
7095000500
7095000530
7095000540
7095000560
7095000570
7095000610
7095000621
7095000660
7095000680
7095000740
7095000750
7095000760
7095000790
7095000800
7095000820
7097000011
7097000052
7097000061
7097000090
7097000131
7097000240
7097000250
7097000340
7097000420
7097000490
7097000532
7100000029
7100000041
7105000020
7105000051
7105000071
7105000140
7105000150
7105000160
7105000320
7105000330
7105000411
7106500010
7106500020
7106500030
7106500040
7106500050
7106500060
7106500090
7106500100
7106500110
7106500120
7106500130
7106500140
7106500150
7106500160
7106500170
7106500180
7106500190
7106500200
7106500210
7106500230
7106500240
7106500250
7106500260
7106500280
7106500290
7106500300
7106500310
7106500320
7106500330
7106500340
7106500350
7106500360
7106500370
7106500380
7106500390
7106500400
7106500410
7106500420
7106500430
7106500440
7106500460
7106500470
7106500480
7106500490
7106500510
7106500520
7106500530
7106500540
7106500550
7106500560
7106500570
7106500580
7106500590
7106500600
7106500610
7106500620
7106500640
7106500650
7106500660
7106500670
7106500680
7106500690
7106500700
7106500710
7106500720
7106500740
7106500750
7106500780
7106500790
7106500800
7106500820
7106500830
7106500840
7106500850
7106500860
7106500870
7106520080
7106530110
7106530120
7106530180
7106530200
7106530250
7106530300
7106530360
7106530420
7106530430
7106530450
7106530490
7106530660
7106530680
7107000070
7107000120
7107000130
7107000210
7107000250
7107000800
7107000810
7107000820
7107000830
7107500130
7107500160
7107500170
7107500180
7107500310
7107500340
7107500370
7107500470
7107500490
7107500560
7107500660
7107500670
7107500740
7107500840
7107520010
7107520020
7107520050
7107520060
7107520300
7107530140
7107530150
7107530220
7107530260
7107530280
7107530330
7107530390
7107530440
7107540080
7107540160
7107540210
7107540300
7107540330
7107540510
7107540540
7107540600
7107540620
7107540680
7107540690
7107540720
7107540820
7107540900
7107540950
7107541040
7107541200
7107541220
7107541240
7107541250
7107541260
7107700020
7107700060
7107800010
7107800060
7107800090
7107800100
7107800130
7107800170
7107800210
7107800230
7107800240
7107800260
7107800270
7107800280
7107800290
7107800300
7107800330
7107800340
7107800370
7107800391
7108000021
7108000030
7108000052
7108000060
7108000070
7108000111
7108000150
7108000162
7108000170
7108000180
7108000214
7108000220
7108000240
7108000250
7108000281
7108000282
7108000311
7108000320
7108000330
7108000361
7108000362
7108000394
7108000400
7108000410
7108000440
7108000555
7108000570
7108000580
7108000633
7108000683
7108000684
7108000685
7108000690
7108000722
7108000750
7108000790
7108000830
7108300050
7108700020
7108700040
7110000040
7110000050
7110000061
7110000190
7110000210
7110000240
7110000260
7110000350
7110000370
7110000380
7110000440
7110000450
7110000470
7110000500
7110000510
7110000520
7110000600
7110000730
7110000751
7110000810
7110000901
7110000902
7110000903
7110000940
7110000950
7115000020
7115000090
7115000100
7115000230
7115000270
7115000300
7115000310
7115000320
7115000350
7115000370
7115000421
7116000110
7116000120
7116000130
7116000150
7116000180
7116000190
7116000200
7116000250
7116000310
7116000380
7116000390
7116000450
7116000460
7116000490
7116000530
7116000550
7116000570
7116000620
7116000640
7116000680
7116000770
7116000820
7116000920
7116000940
7116000950
7120000031
7120000079
7120000081
7120000082
7120000083
7122000030
7122000060
7122000080
7125000032
7130000012
7130000042
7130000043
7130000050
7130000071
7130000103
7130000128
7130000180
7130000193
7130000194
7130000270
7130000300
7133000100
7133000130
7133000180
7133000200
7133000210
7135000020
7135000030
7135000050
7135000060
7135000080
7135000110
7135000130
7135000174
7135000200
7135000210
7135000270
7135000290
7135000340
7135000380
7140000040
7140000050
7140000090
7140200080
7140200140
7145000050
7145250090
7145250100
7145250110
7145250182
7145250190
7155000060
7155000080
7155000090
7155000160
7155000180
7155000300
7155000360
7155000370
7155000390
7155000480
7155000510
7159000040
7159000120
7159000190
7159000220
7159000270
7159000310
7159000370
7159000380
7159000420
7159000430
7159000460
7159000470
7159000500
7159000520
7159000600
7159000610
7159000930
7159000980
7159001000
7159001090
7159001130
7159001240
7160000030
7160000040
7160000160
7160000180
7160000190
7160000200
7160000210
7160000260
7160000290
7160000300
7160000351
7160000431
7160000520
7160000640
7160000650
7160000690
7160000751
7160000830
7160000850
7160000860
7160000870
7160000880
7160000900
7160000930
7160000981
7160001000
7160001050
7160001060
7160001120
7160001130
7160001150
7160001200
7160001210
7160001240
7160001261
7160001270
7160001300
7160001320
7160001340
7160001350
7160001360
7160001451
7160001470
7160001490
7160001542
7160001660
7160001670
7160001880
7160001960
7160002070
7160002080
7160002190
7160002210
7160002240
7160002320
7160002360
7160002380
7160002390
7160002410
7160002430
7160002470
7160002480
7160002530
7160002630
7160002670
7160002680
7160002710
7160002750
7160002830
7160002920
7160002970
7160003020
7160003070
7160003080
7160003120
7160003170
7160003271
7160003272
7160003340
7160003360
7160003400
7160003420
7160003500
7160003530
7160003540
7160003570
7160003650
7160003660
7160003690
7160003700
7160003790
7160003840
7160003891
7160003900
7160003910
7160003920
7160003980
7160003990
7160004020
7160004100
7160004190
7160004210
7160004250
7160004290
7160004340
7160004401
7160004430
7160004450
7160004500
7160004510
7160004570
7160004640
7160004660
7160004690
7160004860
7160004900
7160004930
7160004951
7160004980
7160005040
7160005170
7160005200
7160005250
7160005260
7160005270
7160005310
7160005330
7160005350
7160005373
7160005380
7160005501
7160005520
7160005570
7160005580
7160005590
7160005613
7160005690
7160005752
7160005753
7160005761
7160005770
7160005810
7160005820
7160005860
7160005930
7160005960
7160005980
7160006080
7160006100
7160006120
7160006140
7160006150
7160200030
7160200050
7160200211
7160200232
7160200291
7160200292
7160200293
7160200323
7160200360
7160200370
7160200380
7160200406
7160200410
7160200452
7160200453
7160200466
7160200680
7160200690
7160200700
7160200710
7160200730
7160200760
7160200810
7160200830
7160200840
7160200900
7160200910
7160200990
7160201020
7160201030
7160201070
7160201120
7160201190
7160201210
7160201251
7160201440
7160201441
7160201490
7160201500
7160201510
7160201520
7160201560
7160201611
7160201631
7160201680
7160201721
7160201750
7160201810
7160201930
7160201950
7160202090
7160202100
7160202110
7160202151
7160202235
7160202261
7160202270
7160202382
7160202383
7160202430
7160202490
7160202501
7160202520
7160202540
7160202560
7160202610
7160202650
7160202660
7160202730
7160202783
7160202800
7160202870
7160202990
7160203010
7160203022
7160203060
7160203090
7160203100
7160203130
7160203160
7160203220
7160203231
7160203241
7160203250
7160203460
7160203511
7160203530
7160203551
7160203601
7160203633
7160203634
7160203635
7160203660
7161000030
7161000070
7161000130
7161000160
7161000170
7161000250
7165000161
7165500020
7165500060
7165500090
7165500110
7165500150
7165500170
7165500220
7165500290
7165500310
7165500320
7165500410
7165500430
7165500470
7165500480
7165500500
7165500560
7165500650
7165500680
7165520021
7165520031
7165520071
7165520081
7165520101
7165520181
7165520191
7165520221
7165520291
7165520311
7165520341
7165520351
7165520381
7165520391
7165520441
7165520481
7165520531
7165520561
7165520571
7165520601
7165520641
7165520651
7165530010
7165530040
7165530050
7165530060
7165530070
7165530130
7165530230
7165530240
7165530250
7165530330
7165530350
7165530360
7165530400
7165530510
7165530560
7165800080
7165800090
7165800150
7165800160
7165800170
7165800220
7165800230
7165800240
7165800260
7165800400
7165800410
7175000030
7175000040
7176000060
7176000110
7176000140
7176000170
7176000180
7176000200
7176000250
7176000270
7176000280
7176000290
7176000310
7176000320
7176000370
7176000380
7176000390
7176000420
7176000500
7176000560
7176000600
7176000630
7176000710
7176000720
7176000770
7176000820
7176000860
7176000870
7176000920
7176000940
7176000990
7176001041
7176001071
7176020060
7176020082
7180000030
7180000062
7185000070
7185000100
7185000150
7185000260
7185000290
7185000350
7185000380
7188100070
7188100300
7188100380
7188100400
7188100410
7188100570
7188100630
7188100730
7188100801
7188100900
7188100910
7188100950
7188101000
7188101011
7188200161
7188200200
7188200210
7188200360
7188200411
7188200420
7188200460
7188200491
7188200510
7188200520
7188200570
7188200590
7188200660
7188200960
7188201011
7188201070
7188201150
7188201180
7188201200
7188201250
7188201300
7188201470
7188201590
7188201670
7188201680
7188201720
7188201760
7188201801
7188201920
7188201940
7188202030
7188202040
7188202050
7188202120
7188202130
7188202140
7188202150
7188202250
7188202403
7188202404
7188202405
7188202411
7188202430
7188202570
7188202610
7188202620
7188202690
7188202740
7188202770
7188202820
7188202830
7188202930
7188203060
7188203070
7188203150
7188203230
7188203240
7188203250
7188203340
7188203360
7188203383
7188203420
7188203430
7188203480
7188203540
7188203570
7188203590
7189000070
7189000100
7189000130
7189000140
7189000160
7189000180
7189000200
7189000210
7190000030
7190000071
7190000090
7190000100
7190000160
7191000090
7191000170
7191000180
7199000020
7199000040
7199000050
7199000060
7199000080
7199000130
7199000150
7199000160
7199000180
7199000190
7200000020
7200000100
7200000180
7200000200
7200000210
7200000231
7200000280
7200000292
7200000301
7200000360
7200000391
7200000501
7200000520
7200000540
7200000590
7200000650
7200000691
7200000760
7200000772
7200000860
7200001000
7200001020
7200001100
7200001200
7200001231
7200001280
7200001301
7200001310
7200001390
7200001441
7200001530
7200001630
7200001671
7200001750
7200001782
7200001790
7200001820
7200001890
7200001900
7200001920
7200001930
7200001950
7200001960
7200001990
7200002000
7200002150
7200002190
7200002242
7200002250
7200002261
7200002270
7200002281
7200002311
7200002322
7200002342
7200002460
7200002471
7200002482
7200002490
7200002510
7200002520
7200100060
7200100090
7200200011
7200200030
7200200050
7201000020
7202000120
7202000130
7202000151
7202000161
7202000172
7202000180
7202000220
7202000300
7202000320
7202000330
7202000340
7210000050
7210000060
7210000097
7210000153
7210000161
7210000261
7210000265
7210000280
7210000477
7210000493
7210000581
7215000010
7215000022
7215000023
7215000050
7215000080
7215000103
7215000120
7215000130
7215000162
7215000163
7215000180
7215000250
7215000270
7215000310
7215000320
7215000350
7215000360
7215000370
7215000380
7220000050
7220000060
7225000021
7225000080
7225000111
7225000120
7225000130
7225000180
7225000310
7225000321
7225000324
7225000330
7225000340
7225000372
7225000373
7225000402
7225000462
7225000465
7225000500
7225000530
7225000550
7230000010
7230000110
7230000170
7230000260
7230000280
7230000320
7230000330
7230000450
7230000490
7230000530
7230000550
7230000660
7230000690
7230000710
7230000720
7230000730
7230000760
7230000800
7230000850
7230000910
7230000920
7230000950
7230000970
7230000980
7230100013
7230100023
7230100025
7230100034
7230100043
7230100061
7230100093
7235000060
7235000090
7235000100
7235100013
7235100023
7235100070
7235100080
7235200090
7235220050
7235220090
7235220170
7235500010
7235500020
7235500030
7235500050
7235500070
7235500120
7235500130
7235500150
7239900060
7239900150
7239950070
7240000100
7240000120
7240200020
7240200030
7240200060
7240200070
7240200080
7240500070
7240500090
7240520020
7240520080
7240520120
7240520130
7240520140
7240520170
7240520290
7240520300
7240520320
7240520350
7240520380
7240520400
7240520410
7240520420
7240520490
7240520500
7240520541
7240520542
7240520560
7240520580
7240520590
7240520610
7240520640
7240520650
7240520670
7240520680
7240520690
7240540020
7240540070
7241000021
7241000040
7241000050
7241000060
7241000070
7241000080
7242000010
7242000020
7242050050
7242050070
7242050140
7242050160
7242050200
7242050220
7242050230
7242050250
7242050260
7242050320
7242050360
7245000020
7245000030
7245000051
7245000160
7245000180
7245000250
7245000281
7245000291
7245000360
7245000370
7245000380
7245000400
7245000440
7245000460
7245000470
7245000502
7245000530
7245000540
7245000570
7250000011
7250000030
7250000270
7250000280
7250000290
7250000300
7250000340
7250000390
7250000400
7250000480
7255000030
7255000050
7260000015
7260000019
7260000030
7260000040
7260000120
7265000031
7265000052
7265000090
7265000100
7265000110
7265000120
7265000121
7266000010
7266000060
7266000070
7266000150
7266000160
7266000170
7266000180
7267000090
7267000130
7267000170
7267200040
7267200050
7267200060
7267200150
7267300012
7267500020
7267500041
7267500051
7267600010
7267600030
7267600090
7267620020
7267620040
7267620050
7267620080
7267810020
7267810050
7267810060
7267810080
7267810100
7267810180
7267810220
7267810230
7267820020
7267820090
7267820110
7267820140
7267820170
7267820250
7267820260
7267820280
7267820310
7267820320
7267820330
7267820380
7268000020
7268000040
7268000050
7268000120
7268000140
7268000150
7268000190
7268200040
7268200110
7268200130
7268200270
7268200380
7268200400
7268200420
7268200430
7268200470
7268200490
7268200560
7268200580
7268200590
7268200610
7268200620
7268200630
7268200680
7268200730
7268200780
7268300010
7268300020
7268300030
7268300051
7270000033
7270000041
7270000185
7270000186
7270000187
7270000201
7270000221
7270000222
7270000223
7270000230
7270000264
7270000265
7271000050
7271000061
7275000080
7275000100
7275000110
7275000120
7275000160
7275000180
7275200020
7275200030
7275200040
7275200050
7275200080
7275200120
7275200160
7276000070
7276200020
7276200030
7276200161
7276200231
7276200240
7276200340
7276200350
7276200412
7276200420
7277000010
7277000060
7277000100
7277000120
7277000131
7277000132
7277000140
7277020010
7277020020
7277020050
7277020070
7277020080
7277030090
7277030100
7277030120
7277030140
7277030150
7277030170
7278000140
7278000180
7278000190
7278000230
7278000270
7278000280
7278000290
7278000380
7278000470
7278000480
7278000500
7278000530
7278000570
7278000590
7278000600
7278000601
7278000610
7279000080
7279000090
7279000160
7280000030
7280000040
7280000100
7280000150
7280000190
7280000240
7280000270
7280000331
7280000410
7280000420
7280000500
7283000020
7290000020
7290000032
7290000034
7290000035
7290000036
7290000054
7295000010
7295000050
7295000137
7295000150
7295000280
7295000290
7295000330
7295000352
7295000360
7295000404
7295000415
7300000012
7300000060
7305000030
7305000080
7305000090
7310000020
7310000190
7310000320
7310100010
7310100070
7310100090
7310100110
7315000010
7315000039
7320000031
7320000040
7320000050
7324000050
7324000110
7324000120
7324000140
7324000160
7324500050
7324500100
7324500130
7324800050
7324800060
7324800110
7324800200
7324800230
7324800300
7324800320
7324800330
7324800370
7324800380
7324800440
7324800450
7324800520
7324800540
7324800570
7324800620
7325000010
7325000030
7325000040
7325000090
7325000120
7325000130
7325000150
7325000190
7325000210
7325000220
7325200010
7325200020
7325200050
7325200056
7325200070
7325200120
7326000130
7326000160
7326000221
7326000260
7326000280
7330000101
7330000130
7330000210
7330000260
7330000270
7330000280
7330000290
7335000050
7335000060
7335000160
7335000170
7335000201
7335000202
7335000280
7335000290
7335000300
7335000320
7335000350
7335000392
7335000393
7335000452
7350000023
7350000040
7350000050
7350000080
7350000090
7350000121
7350000130
7355400040
7355400050
7355400090
7355400210
7355400250
7355400280
7355400350
7355400380
7355400390
7355400430
7355400431
7355700030
7355700040
7355700050
7355700080
7355700090
7355700220
7355700310
7355700330
7355700350
7355700380
7355700390
7355700460
7355700480
7355700511
7355700520
7355700620
7356000010
7356000021
7356000090
7356000140
7356000192
7356000290
7356000350
7356000372
7356000450
7356000480
7359000040
7359000090
7359000160
7359020020
7359020080
7359020090
7359020100
7359020110
7360000100
7360000150
7365000010
7365000020
7365000060
7365000120
7365000130
7365000160
7365000190
7365000260
7365000290
7365200010
7365200030
7365200040
7365200050
7365200060
7365200140
7365200200
7365200311
7365200410
7365400010
7365400020
7365400080
7365400120
7365400130
7365400160
7365400230
7365400420
7365400430
7365500010
7365500040
7365500060
7365500070
7365500080
7370000020
7372000110
7372000120
7372000140
7372000250
7372000280
7372000310
7372000350
7372010021
7372010071
7372010141
7375000041
7375000100
7375000162
7375000164
7375000165
7375000180
7375500090
7380000020
7380000030
7380000053
7380000081
7380000082
7380000130
7380000150
7380000160
7380000251
7380000258
7380000261
7380000270
7380000280
7380000320
7380000361
7380000380
7380000411
7380000550
7390000030
7390000050
7390000120
7390000140
7390000150
7391010040
7391010120
7391010180
7391010190
7391010200
7391010210
7391010220
7395000011
7395000021
7395000037
7400000082
7400000091
7400000102
7400000103
7400000110
7400000130
7400000140
7400000181
7400000193
7400000195
7400000200
7400000215
7400000216
7402000020
7402000050
7402000070
7402000090
7402000120
7402000160
7402000170
7402000200
7402000230
7402000240
7402000250
7402000280
7402000320
7402000340
7402000360
7402000370
7402000380
7405000102
7405000111
7405000121
7406510010
7406510011
7406510020
7406510060
7406520011
7406520070
7407000010
7407000070
7407000080
7407000110
7407000120
7407000130
7407000180
7407000200
7408000040
7408000110
7408000260
7408000290
7410000116
7410000120
7410000143
7410000230
7410000240
7410000250
7410000260
7410000261
7410000280
7410000290
7410000300
7410000350
7410000373
7410000392
7410000393
7410000422
7410000431
7410000470
7410000480
7410000490
7410000530
7410000537
7410000542
7410000552
7410000570
7410000590
7410000671
7410000720
7410000792
7410000831
7410000881
7410000960
7410000970
7410000990
7410001000
7410001101
7410001190
7410001200
7410001210
7410001220
7410001231
7410001240
7410001270
7415000010
7415000020
7415000090
7415000100
7420000030
7420000050
7420000060
7420000100
7425000060
7430000011
7430000092
7430000100
7430000121
7430000160
7430000180
7430000190
7430000202
7430000251
7430000252
7430000288
7430000294
7435000070
7435000081
7435000091
7445000030
7445400030
7445400040
7445400070
7445710115
7445710116
7450000011
7450000032
7450000081
7450000082
7450000110
7450000160
7450000170
7450000200
7450000240
7450000250
7450000353
7450000361
7450000370
7450000388
7460000022
7460000030
7460000041
7460000042
7460000083
7460000084
7460000085
7465000030
7465000050
7465000060
7465000080
7465000140
7465000150
7465000220
7465000230
7470010010
7470010160
7470010190
7470010210
7470010230
7470010240
7470010310
7470010320
7470010490
7470010581
7470010582
7470010860
7470010891
7470010920
7470010930
7470011000
7470011040
7470011060
7470011080
7470011091
7470011111
7470011120
7470011160
7470011220
7470011260
7470011350
7470011430
7470011450
7470011550
7470011570
7470011600
7470011611
7470011620
7470012290
7470012310
7470012380
7470012430
7470012440
7470012560
7470012600
7470012740
7470012780
7470012810
7470012860
7470012870
7470012880
7470012970
7470013014
7470013095
7470013190
7470013210
7470013271
7470013280
7470013300
7470013330
7470013402
7470013460
7470013480
7470013500
7470013523
7470013630
7470013720
7470013730
7470013800
7470013890
7470013902
7470013903
7470013904
7470013951
7470014120
7470014216
7470014217
7470014218
7470014240
7470014250
7470014330
7470014340
7470014350
7470014361
7470014430
7470014490
7470014640
7470014811
7470014820
7470014860
7470014870
7470014880
7470014940
7470015010
7470015020
7470015050
7470015160
7470015170
7470015210
7470015240
7470015500
7470015510
7470015540
7470015550
7470015560
7470015580
7470015581
7470020020
7470020030
7470020110
7470020120
7470020150
7470020201
7470020202
7470020231
7470020290
7470020320
7470020390
7470020461
7470020492
7470020520
7470020570
7470020620
7470020630
7470020740
7470020761
7470020790
7470020890
7470020900
7470020911
7470020971
7470021030
7470021060
7470021070
7470021120
7470021140
7470021180
7470021230
7470021281
7470021283
7470021290
7470021300
7470021320
7470021365
7470021368
7470021440
7470021460
7470021470
7470021480
7470021490
7470021500
7470021570
7470021641
7470021771
7470021810
7470021850
7470021970
7470022000
7470022170
7470022210
7470022230
7470022420
7470022460
7470022470
7470022480
7470022520
7470022560
7470022590
7470022660
7470022680
7470022790
7470022820
7470022940
7470022950
7470022960
7470023020
7470023100
7470023170
7470023180
7470023220
7470023260
7470023270
7470023322
7470023420
7470023471
7470023541
7470023610
7470023651
7470023711
7470023750
7470023861
7470023881
7470023920
7470023980
7470024060
7470024150
7470024160
7470024200
7470024230
7470024240
7470024280
7470024290
7470024340
7470024400
7470024450
7470024470
7470024521
7470024600
7470024610
7470024620
7470024830
7470024930
7470024940
7470025080
7470025270
7470025320
7470025460
7470025470
7470025482
7470025520
7470025550
7470025630
7470025810
7470025820
7470025861
7470025900
7470025910
7470030020
7470030040
7470030090
7470030120
7470030150
7470030210
7470030320
7470030380
7470030480
7470030550
7470030560
7470030670
7470030700
7470030730
7470030790
7470030930
7470030940
7470030960
7470031150
7470031190
7470031230
7470031340
7470031390
7470031420
7470031450
7470031500
7470031680
7470031711
7470031730
7470031810
7470031840
7470031850
7470031860
7470031970
7470032020
7470032050
7470032060
7470032100
7470032221
7470032240
7470032270
7470032310
7470032330
7470032400
7470032430
7470032550
7470032570
7470032580
7470032690
7470032750
7470033020
7470033060
7470033070
7470033110
7470033140
7470033160
7470033340
7470033350
7470033370
7470033580
7470033601
7470033680
7470033700
7470033770
7470033780
7470033790
7470033812
7470033982
7470033993
7470034010
7470034104
7470034170
7470034202
7470034260
7470034352
7470034380
7470034410
7470034430
7470034460
7470034540
7470034560
7470034640
7470034650
7470034710
7470034770
7470034831
7470034870
7470035010
7470035020
7470035030
7470035060
7470035200
7470035220
7470035240
7470035300
7470035310
7470035320
7470035380
7470035410
7470035430
7470035461
7470100020
7470100030
7470100040
7470100050
7470100080
7475010111
7475010161
7475010191
7475010271
7475010320
7475010520
7475010542
7475010581
7475010631
7475010643
7475010650
7475010662
7475010681
7475010700
7475010730
7475010761
7475010782
7475010810
7475010820
7475010830
7475010860
7475010910
7475010930
7475010970
7475010990
7475011050
7475011100
7475011120
7475011140
7475011150
7475011200
7475011280
7475011290
7475011300
7475011310
7475011320
7475011350
7475011440
7475011572
7475011590
7475011600
7475011620
7475011770
7475011780
7475011880
7475011890
7475011950
7475011960
7475012030
7475012090
7475012180
7475012200
7475012210
7475012220
7475012230
7475012240
7475012260
7475012270
7475012290
7475012300
7475012340
7475012390
7475012400
7475012430
7475012450
7475012490
7475012580
7475012630
7475012660
7475012690
7475012730
7475012760
7475012790
7475012840
7475012850
7475012860
7475012910
7475012940
7475012960
7475012990
7475013070
7475013090
7475013100
7475013130
7475013160
7475013170
7475013230
7475013260
7475013350
7475013410
7475013430
7475013500
7475013550
7475013582
7475013760
7475013811
7475013831
7475013860
7475013880
7475013890
7475013930
7475014010
7475014020
7475014040
7475014070
7475014080
7475014090
7475014140
7475014220
7475014230
7475014240
7475014260
7475014310
7475014323
7475014324
7475014340
7475014380
7475014410
7475014470
7475014490
7475014510
7475014520
7475014530
7475014570
7475014590
7475014670
7475014680
7475014770
7475014780
7475014800
7475014830
7475014840
7475014900
7475014910
7475014980
7475015010
7475015220
7475015230
7475015240
7475015280
7475015310
7475015450
7475015471
7475015510
7475015600
7475015630
7475015650
7475015700
7475015711
7475015720
7475015820
7475015840
7475015850
7475015860
7475015880
7475015900
7475015910
7475015920
7475015970
7475016010
7475016020
7475016030
7475016150
7475016200
7475016220
7475016330
7475016380
7475016390
7475016430
7475016440
7475016540
7475016550
7475016720
7475016810
7475016860
7475016930
7475016970
7475016991
7475017032
7475017033
7475017060
7475017110
7475017160
7475017171
7475017280
7475017290
7475017300
7475017350
7475017360
7475017440
7475020100
7475020140
7475020160
7475020176
7475020177
7475020188
7475020260
7475020280
7475020360
7475020370
7475020390
7475020430
7475020470
7475020520
7475020570
7475020590
7475020620
7475020730
7475020740
7475020750
7475020760
7475020780
7475021000
7475021010
7475021100
7475021140
7475021160
7475021200
7475021240
7475021301
7475021310
7475021320
7475021343
7475021371
7475021410
7475021420
7475021520
7475021580
7475021600
7475021630
7475021650
7475021870
7475021883
7475021961
7475021970
7475021990
7475022052
7475022090
7475022110
7475022130
7475022140
7475022170
7475022190
7475022310
7475022350
7475022360
7475022370
7475022400
7475022510
7475022620
7475022690
7475022720
7475022740
7475022770
7475022790
7475022870
7475022920
7475022930
7475022950
7475022970
7475023000
7475023070
7475023201
7475023210
7475023230
7475023240
7475023300
7475023320
7475023330
7475023370
7475023380
7475023401
7475023410
7475023510
7475023540
7475023610
7475023630
7475023700
7475023701
7475023740
7475023771
7475023774
7475023775
7475023780
7475023820
7475023840
7475023850
7475023891
7475023930
7475024030
7475024040
7475024080
7475024120
7475024240
7475024270
7475024282
7475024283
7475024291
7475024320
7475024390
7475024420
7475024450
7475024520
7475024530
7475024540
7475024692
7475024720
7475024730
7475024820
7475024830
7475024840
7475024870
7475024890
7475024922
7475024930
7475024940
7475024980
7475025000
7475025020
7475025040
7475025050
7475025100
7475025131
7475025220
7475025250
7475025261
7475025290
7475025340
7475025410
7475025460
7475025480
7475025540
7475025550
7475025570
7475025630
7475025660
7475025720
7475025740
7475025770
7475025850
7475025860
7475025920
7475025960
7475026000
7475026070
7475026120
7475026130
7475026190
7475026220
7475026250
7475026260
7475026310
7475026330
7475026340
7475026380
7475026390
7475026400
7475026460
7475026482
7475026491
7475026493
7475026530
7475026591
7475026621
7475026660
7475026700
7475026720
7475026740
7475026770
7475026890
7475026920
7475027051
7475027060
7475027150
7475027180
7475027220
7475027270
7475027320
7475027330
7475027370
7475027450
7475027460
7475027481
7475027560
7475027600
7475027660
7475030170
7475030240
7475030270
7475030310
7475030321
7475030360
7475030370
7475030420
7475030520
7475030580
7475030640
7475030660
7475030670
7475030720
7475030730
7475030790
7475030800
7475030880
7475030930
7475030960
7475031010
7475031020
7475031040
7475031050
7475031100
7475031241
7475031250
7475031280
7475031330
7475031360
7475031380
7475031390
7475031440
7475031560
7475031700
7475031770
7475031890
7475031920
7475031960
7475032000
7475032072
7475032090
7475033000
7475033030
7475033040
7475033060
7475033080
7475033120
7475033160
7475033200
7475033410
7475033430
7475033440
7475033470
7475033480
7475033560
7475033580
7475033650
7475033691
7475033770
7475033850
7475033870
7475033980
7475034000
7475034160
7475034180
7475034240
7475034262
7475034271
7475034290
7475034330
7475034350
7475034390
7475034450
7475034500
7475034570
7475034590
7475034760
7475034770
7475034850
7475034870
7475034940
7475034980
7475034990
7475035050
7475035170
7475035260
7475035290
7475035300
7475035320
7475035330
7475035360
7475035370
7475035420
7475035510
7475035530
7475035541
7475035620
7475035650
7475035710
7475035730
7475035760
7475035833
7475035840
7475035860
7475035880
7475035900
7475035930
7475035940
7475035951
7475036010
7475036050
7475036080
7475036090
7475036140
7475036150
7475036200
7475036220
7475036290
7475036340
7475036350
7475036420
7475036430
7475036470
7475036580
7475036590
7475036600
7475036640
7475036680
7475036702
7475036705
7475036706
7475036710
7475036721
7475036750
7475036780
7475036850
7475036870
7475036940
7475036970
7475037030
7475037040
7475037260
7475037280
7475037330
7475037350
7475037390
7475037420
7475037430
7475037480
7475037550
7475037570
7475037600
7475037630
7475037640
7475037720
7475037770
7475037880
7475037890
7475037910
7475037930
7475037940
7475037960
7475037970
7475037980
7475037990
7475038040
7475038091
7475038130
7475038160
7475038180
7475038190
7475038210
7478000010
7478000100
7480000082
7480000090
7485000050
7485020010
7485020060
7485020070
7485020090
7485030041
7485030051
7485030061
7485040010
7485040030
7485040040
7485040090
7495000030
7500000011
7500000051
7500000070
7500000160
7500000210
7500000220
7500000310
7500000360
7500200100
7500200120
7500300010
7500300031
7500300050
7500300080
7500300090
7500300100
7500300140
7500300160
7500400010
7500400040
7500400060
7500400110
7500400130
7500400170
7500400200
7500400220
7500400250
7500400290
7500500054
7500500153
7500500190
7500500200
7500600021
7500600031
7500600042
7500600061
7501000030
7501000050
7501000080
7501000090
7501000130
7501000190
7501000220
7501000240
7501000250
7501000270
7501000290
7501000360
7501000371
7501000382
7505000020
7505000070
7505000080
7505000090
7505000100
7505000120
7505000130
7505000222
7505000223
7510000150
7510000220
7510000270
7510000320
7510000331
7510000352
7510000361
7510000371
7515000014
7515000030
7515000053
7515000085
7515000090
7515000100
7515000115
7515000117
7515000118
7515000119
7515000123
7515000124
7515000128
7515000146
7515000152
7515000154
7515000155
7515000159
7515000181
7515000182
7515000183
7515000185
7515000187
7515000189
7515000191
7515000192
7515000193
7515000195
7515000197
7515000198
7515000201
7515000216
7515000220
7515000230
7515000260
7515000354
7515000355
7515000356
7515000365
7515000366
7515000367
7515000391
7515000426
7515000427
7515000440
7515200010
7515200028
7515200030
7515200053
7515200150
7515200160
7515200170
7515200172
7515200180
7515200190
7515200210
7515200220
7515200221
7515200240
7515200270
7515200282
7515200286
7515200290
7515200291
7515200293
7515200340
7515200410
7515200459
7515200480
7515200490
7515200520
7515200622
7515200633
7515200651
7515200670
7515200701
7515200702
7515200719
7515200720
7515200724
7515500020
7515500050
7523000189
7523000570
7523000630
7525000050
7525000070
7525000120
7530000030
7530000040
7530000050
7530000061
7530100045
7530100052
7530100072
7530100122
7530100123
7530100124
7530100242
7530100281
7530100341
7535000030
7535000044
7535000047
7535000070
7535000100
7535000112
7535000140
7535000156
7535000173
7535000174
7535000233
7535000234
7535000240
7535000250
7535000261
7535000281
7535000291
7535000321
7535000322
7535000354
7535000355
7535000392
7535000402
7535000406
7535000407
7535000408
7535000411
7535000425
7535000442
7535000452
7535000506
7535000507
7535000508
7535000511
7535000512
7535000513
7535000521
7535000533
7535000553
7535000554
7535000555
7535000660
7540000010
7542000020
7542000030
7542000090
7542000100
7542000140
7542000170
7542000220
7542000240
7542000300
7542000340
7545000045
7545000046
7545000114
7545000119
7545000160
7545000170
7545000191
7545000210
7545100040
7545100050
7545100070
7545200050
7545200120
7545200180
7545500020
7545500040
7545500050
7545500090
7545500140
7546000121
7546000122
7548000010
7548000070
7548000090
7548000111
7548000220
7548000230
7550000032
7550000033
7553000041
7553000080
7553000090
7553020070
7553100030
7553100040
7553100070
7553100090
7553100120
7553100150
7553100160
7553100200
7553100220
7553100250
7553100260
7553100290
7553100310
7553100320
7553100360
7553100390
7553100400
7553100430
7553100530
7553300020
7553300040
7553300050
7553300060
7553300080
7553300110
7553300120
7553300130
7553300150
7553500040
7553500050
7553500150
7553500180
7553500190
7553500200
7555000010
7555000020
7555000030
7555000060
7555000070
7555000080
7555000180
7555000202
7555000210
7555500020
7555500070
7555500150
7555500210
7555500260
7555500270
7555500320
7555500330
7555700030
7555700040
7555700050
7555700070
7555700090
7555700100
7555700110
7560010142
7560010350
7560010400
7560010741
7560010850
7560010913
7560011041
7560011380
7560011420
7560011580
7560011620
7560011702
7560011964
7560012171
7560012290
7560012530
7560012541
7560012548
7560012624
7560012684
7560013192
7560013194
7560013240
7560013250
7560013260
7560013360
7560013410
7560013423
7560013424
7560013551
7560013650
7560013903
7560014244
7560014245
7560014290
7560014511
7560014512
7560014853
7560014921
7560014950
7560014990
7560015012
7560015340
7560015562
7560015565
7560015571
7560015572
7560015576
7560015577
7560015578
7565000026
7565000125
7565000132
7565000171
7565000180
7565000254
7565000255
7565000300
7565000331
7565000340
7565000441
7565000442
7565000443
7565000450
7565000489
7565000500
7565600010
7565600070
7565700071
7565700082
7565900010
7565900040
7565900060
7565900070
7565900080
7565900110
7565900130
7565900230
7565900250
7565900270
7565900300
7565900331
7565900341
7565900360
7565900370
7565900380
7565900390
7565900450
7565900480
7570000011
7570000020
7570000030
7570200010
7570200020
7570200060
7570200100
7570200110
7570200130
7570200210
7570200230
7570200270
7570200280
7570200290
7570200300
7570200340
7574020030
7574020060
7574020070
7574020080
7574020100
7575000050
7575000064
7575000071
7575000100
7575000120
7575000130
7575000140
7575000151
7575000192
7575000230
7575000260
7575000270
7575000295
7578010040
7578010060
7578010080
7578010100
7578010120
7578010140
7578010180
7578010190
7578010200
7578010210
7578010220
7578010230
7578010240
7578010260
7578010270
7578010320
7578010350
7578010380
7578010390
7578010400
7578010410
7578010430
7578010450
7578010460
7578010470
7578010480
7578010490
7578010510
7578010520
7578010560
7578020010
7578020020
7578020030
7578020040
7578020050
7578020060
7578020070
7578020080
7578020090
7578020100
7578020110
7578020120
7578020130
7578020140
7578020150
7578020160
7578020170
7578020180
7578020190
7578020200
7578020210
7578020220
7578020230
7578020240
7578020250
7578020260
7578020270
7578020280
7578020290
7578020300
7578020310
7578020320
7578020330
7578020340
7578020350
7578020360
7578020370
7578020380
7578020390
7578020400
7578020410
7578020420
7578020430
7578020440
7578020450
7578020460
7578020470
7578020480
7578020490
7578020500
7578020510
7578020520
7578020530
7578020540
7578020550
7578020570
7578020580
7578020590
7578020600
7578020610
7578020620
7578020630
7578020640
7578020650
7578020660
7580000014
7580000015
7580000052
7580000070
7580000130
7580000200
7580000211
7580000272
7580000301
7580000316
7580000350
7580000360
7580000382
7580000410
7580000411
7580000415
7580000422
7580000470
7580000475
7580000476
7580000511
7580000517
7580000532
7580000556
7580000560
7580000577
7580000581
7580000682
7580000687
7580000710
7580000741
7580000773
7580000793
7580000810
7580000830
7580000855
7580000870
7580000914
7580000944
7580000973
7580000986
7580001010
7585000010
7585000111
7585000170
7585000240
7585000290
7585000341
7586000071
7586000150
7589000011
7589000012
7590000030
7590000050
7590000110
7590000120
7590000130
7590000180
7590000190
7590000200
7590000220
7590000240
7590000270
7590000280
7590000340
7600000063
7600000100
7600000140
7600000160
7600000173
7600000190
7600000210
7600000360
7600100020
7600100040
7600100060
7600100170
7600200170
7600200230
7600200250
7605000030
7605000060
7610000010
7610000020
7615000013
7615000097
7615000104
7615000105
7615000110
7615000112
7615000121
7615000122
7615000124
7615000126
7615000145
7615000147
7615000186
7615000192
7615000193
7615000197
7615000198
7615000233
7615000235
7615000241
7615000252
7615000260
7615000270
7615000280
7615000293
7615000300
7615000310
7615000401
7615000402
7615000404
7615000406
7615000409
7615000411
7615000415
7615000421
7615000442
7615000452
7615000471
7615000513
7615000541
7615000542
7615000552
7615000681
7620000011
7620000040
7620000044
7620000090
7625000040
7625000050
7625000170
7625000190
7625000200
7625000230
7625000240
7625000250
7625000260
7625000270
7625000301
7625000330
7625000380
7625000410
7625000430
7625000440
7625100072
7625100080
7628000010
7628000041
7628000051
7628000072
7630000020
7635000021
7635000022
7635000023
7635000050
7635000061
7635000191
7635000210
7635000233
7635000262
7635000276
7635000310
7635000350
7637000131
7637000180
7640000030
7640000040
7640000100
7640000130
7640000140
7640000200
7640000210
7640000240
7640000290
7645000080
7645000140
7645000210
7645000320
7645000340
7645000360
7645000370
7645000430
7645000440
7645000480
7645000540
7646000030
7650000040
7650000061
7655000020
7655000030
7655000080
7655000140
7655000201
7655000210
7665000010
7665000150
7665000160
7670000010
7670000031
7673000010
7673000060
7673000230
7673000290
7673000300
7675000020
7675000030
7675000050
7675000060
7675000110
7675000120
7675000140
7675000200
7675000222
7675000226
7675000230
7675000240
7675000251
7675000261
7675000271
7675000321
7675000324
7675000341
7680000080
7680000121
7680000132
7680000182
7680000322
7680000340
7680000384
7680000390
7680000420
7685000020
7685000030
7685000050
7685000060
7685000070
7685000080
7685000090
7685000100
7685000110
7685000140
7685000350
7685000381
7685000440
7685000450
7685000661
7685000691
7685000730
7685000750
7685000760
7685000780
7685000820
7685000833
7685000870
7685000890
7685000920
7685000950
7685000970
7685001100
7685001130
7685001140
7685001160
7685001180
7685001280
7685001310
7685001400
7685001420
7685001460
7685001561
7685001610
7685001650
7685001680
7685001784
7685001852
7685001860
7685001880
7685001901
7685001932
7685001950
7685001960
7685001970
7685001995
7685001996
7685002000
7685002050
7685002100
7685002143
7685002180
7685002270
7685002290
7685002320
7685002330
7685002351
7685002392
7685002430
7685002460
7685002470
7685002480
7685002500
7685002520
7685002651
7685002680
7685002720
7685002741
7685002780
7685002800
7685002820
7685002830
7685002860
7685002900
7685002941
7685003041
7685003080
7685003090
7685003130
7685003140
7685003150
7685003230
7685003303
7685003340
7685003370
7685003450
7685003500
7685003530
7685003560
7685003710
7685003930
7685003950
7685004220
7685004230
7685004270
7685004300
7685004360
7685004380
7685004560
7685004570
7685004751
7685004820
7685004841
7685004870
7685004890
7685005000
7685005172
7685005173
7685005190
7685005200
7685005230
7685005251
7685005400
7685005410
7685005430
7685005510
7685005560
7685005640
7685005680
7685005721
7685005770
7685005830
7685005835
7685005840
7685005850
7685005942
7685005943
7685005970
7685006160
7685006291
7685006292
7685006320
7685006440
7685006480
7685006510
7685006520
7685006541
7685006542
7685006650
7685006810
7685006820
7685006890
7685006960
7685006970
7685007031
7685007190
7685007300
7685007320
7685007330
7685007390
7685007510
7685007580
7685007631
7685007720
7690000061
7695000070
7695000080
7695000091
7695000092
7695000100
7695000110
7695000121
7695000122
7697000030
7697000050
7697000110
7697000130
7697000150
7697000160
7697000240
7697000250
7697000270
7697000290
7697000300
7697000310
7705000024
7705000025
7705000051
7705000141
7705000151
7705000171
7705000180
7705000200
7705000210
7705000221
7710000070
7710000080
7710000100
7710000110
7714000250
7714500050
7714500060
7715000090
7720000025
7720000026
7720000042
7720000061
7720000090
7720000150
7720000273
7720000321
7720000330
7720000340
7720000350
7720000410
7720000460
7720000490
7720000510
7720000520
7720000530
7720000540
7720000591
7720000620
7720000662
7720000663
7720000700
7720000710
7720000740
7720000750
7720000820
7720000860
7720000870
7720000880
7720000890
7720000900
7720000930
7720001000
7720001090
7720001110
7720001121
7720001131
7720001141
7720001200
7720001210
7720001230
7720001460
7720001510
7720001520
7720001570
7720001620
7720001680
7720001720
7720001740
7720001752
7720001753
7720001761
7720001770
7720001832
7720001841
7720001900
7720001930
7720001940
7720001950
7720001960
7720001970
7720002000
7720002080
7720002090
7720002220
7720002230
7720002261
7720002301
7720002360
7720002370
7720002411
7720002500
7720002510
7720002520
7720002530
7720002660
7720002720
7720002731
7720002732
7720002940
7720002960
7720003001
7720003080
7720003090
7720003120
7720003140
7720003150
7720003230
7720003300
7720003430
7721000010
7721000054
7721000061
7721000070
7722000120
7722000240
7723000050
7723000110
7725000010
7725000020
7725000070
7725000161
7725000170
7725000180
7725000190
7725000200
7725000210
7730000051
7730000062
7730000070
7730000080
7730000090
7730000100
7730000110
7730000120
7730000130
7730000141
7730000142
7730000151
7730000152
7730000161
7730000170
7730000172
7730000173
7730000183
7730000321
7730000333
7735000021
7735000022
7735000023
7735000040
7735000054
7735000056
7735000059
7735000072
7735000074
7737000050
7737000100
7737000110
7737000140
7737000160
7737000170
7737000190
7737000200
7737000241
7740000030
7740000043
7740000044
7740000070
7740000080
7740000120
7740000130
7740000163
7740000170
7740000210
7740000270
7740000300
7740000310
7740000330
7742000022
7742000026
7742000041
7742000062
7742000072
7742000075
7742000101
7742000102
7742000131
7742000132
7742000140
7742000152
7742000191
7742000194
7742000210
7742000220
7742000230
7742000262
7742000272
7742000290
7742000321
7742000340
7742000362
7742000371
7742000392
7742000430
7742000460
7742000480
7742200022
7742200030
7742200090
7742200110
7742200124
7742200150
7742200170
7742200190
7742200200
7742200220
7742200240
7742200280
7742200300
7742200310
7742200320
7742200332
7742200341
7742200350
7742200360
7742200380
7742200412
7742200414
7745000230
7745000240
7745000250
7745000283
7745000342
7745000350
7745000360
7745000370
7745000382
7745000400
7745000411
7745000412
7745000450
7745000460
7745000480
7745000490
7745000530
7745000531
7745000540
7745000562
7745000564
7745000565
7745000580
7745000610
7745000653
7745000655
7745000680
7745000690
7745000700
7745000740
7745000750
7745000788
7745000790
7745000830
7745000870
7745000920
7745000930
7745000941
7745000981
7745001040
7745001080
7745001090
7745001103
7745001150
7745001210
7745001292
7745001300
7745001330
7745001351
7745001352
7745001370
7745001380
7745001430
7745001460
7745001484
7745001500
7745001510
7745001521
7745001531
7745001550
7745001570
7745001613
7745001614
7745001670
7745001691
7745001692
7745001781
7745001820
7745001960
7745001970
7745002021
7745002022
7745002040
7745002060
7745002081
7745002082
7745002083
7745002100
7745002121
7745002130
7745002170
7745002180
7745002192
7745002193
7745002212
7745002222
7745002240
7745002260
7745002300
7745002313
7745002351
7745002352
7745002390
7745002410
7745002415
7745002440
7745002451
7745002462
7745002472
7745002481
7745002527
7745002550
7745002553
7745002558
7745002566
7745002567
7745002576
7745002578
7745002579
7745002594
7745002610
7745002620
7745002631
7745002648
7745002651
7745002660
7745002670
7745002680
7745002690
7745002700
7745002790
7745002882
7745002893
7745002911
7745002921
7745002930
7745002960
7745002970
7745002991
7745003030
7745003041
7745003053
7745003060
7745003095
7745003172
7745003181
7745003290
7745003291
7745003302
7745003303
7745003321
7745003330
7745003341
7745003405
7745003432
7745003501
7745003531
7745003543
7745003563
7750000051
7750000120
7750000161
7750000191
7750000211
7750000220
7750000332
7750000432
7750000453
7750000481
7750000485
7750000486
7750000511
7750000512
7755000010
7755000160
7755000170
7755000185
7755000190
7755000220
7755000230
7755000250
7755000260
7755000290
7755000320
7755000330
7755000340
7755000350
7755000360
7755000392
7755000393
7755000400
7755000630
7755000631
7755000661
7755000670
7755000673
7755000832
7755000851
7755000852
7755000862
7755000902
7755000905
7755000934
7755001172
7755001186
7755001187
7755001190
7755001310
7755010021
7755010022
7755010160
7755010174
7755010175
7755010300
7755010325
7755010495
7755010623
7755010701
7755010781
7755010855
7755010891
7755010894
7755010895
7755011111
7755011113
7755011151
7755011221
7755011231
7755011232
7755011234
7755011312
7755011370
7755011381
7755011383
7755011421
7755011441
7755011445
7755011482
7755011532
7755011536
7755011701
7755011714
7755011732
7755011840
7755011882
7755011923
7755011924
7755011927
7755012166
7755012169
7755012170
7755012300
7755012321
7755012340
7755012382
7755012390
7760000262
7760000271
7760000282
7760000291
7760000330
7760000340
7760000350
7760000351
7760000380
7760000390
7760000400
7760000421
7760000447
7760000448
7760000461
7760100035
7760100040
7760100042
7760100055
7760100071
7760100072
7760100073
7760100091
7760100110
7760100130
7760100161
7760100200
7760300030
7760300100
7760300140
7760300190
7763000050
7763000100
7763000150
7765000030
7765000050
7765000070
7765000100
7765000130
7765000200
7765000210
7765000250
7765000280
7765000320
7765000330
7765000340
7765000400
7765000420
7765000460
7765000500
7765000550
7765000570
7765000580
7765000590
7765000660
7765000670
7765000730
7765000740
7765200040
7765200050
7765200070
7765200090
7765200100
7765200130
7765200140
7765200200
7765200260
7765200310
7765200320
7765200470
7765200490
7765200535
7765200610
7765200633
7765200634
7765200650
7765200670
7765200690
7765200730
7765200740
7765200760
7765200800
7765200860
7765200890
7765200900
7765200940
7765300070
7765300080
7765300100
7765300130
7765300140
7765300150
7765300170
7765300210
7765300240
7765300260
7765300310
7765300370
7765300450
7765300500
7765300520
7765300530
7765300540
7765300560
7765300580
7765300610
7765300640
7765300650
7765300660
7765300680
7765300750
7765300760
7765300770
7765300820
7765300840
7765300870
7765300890
7765301010
7765301020
7765301050
7765301070
7765301080
7765301100
7765301140
7765301150
7765301200
7765301210
7765301220
7765301230
7765301260
7765301270
7766500010
7770000050
7770000060
7770000210
7770000222
7770000230
7770000400
7770000490
7770000500
7770000530
7770000560
7770000640
7770000650
7770000683
7770000710
7770000734
7770000760
7770000770
7770000840
7770000860
7770000870
7770000900
7770000910
7770000940
7770000960
7770000980
7770001000
7770001020
7770001030
7770001070
7770001080
7770001120
7770001160
7770001200
7770001210
7770001220
7770001250
7770001280
7770001341
7770001342
7770001380
7770001430
7770001490
7770001500
7770001540
7770001590
7770001600
7770001611
7770001630
7770001670
7770001710
7770001742
7770001800
7770001830
7770100100
7770100200
7770100240
7770100250
7770100280
7770100370
7770100382
7770100410
7770100550
7770100560
7770100570
7770100590
7770100700
7770100740
7770100800
7770100860
7770101000
7770101010
7770101020
7770101100
7770101140
7770101160
7770101180
7770101260
7770101310
7770101320
7770101340
7770101353
7770101391
7770101460
7770101520
7770101530
7770101550
7770101590
7770101662
7770101680
7775000081
7775000280
7775000300
7775000340
7775000401
7780000050
7780000064
7780000090
7780000130
7780000140
7780000150
7780000180
7780000190
7780000200
7780000210
7780000211
7785000120
7785000170
7785000200
7785000210
7785000310
7785000330
7785000380
7785000680
7785000700
7785000820
7785000840
7785000851
7785000880
7785000890
7785000902
7785000910
7785000920
7785000990
7785001001
7785001010
7785001020
7785001060
7785001180
7785001240
7785001300
7785001310
7785001350
7785001370
7785001410
7785001472
7785001512
7785001620
7785001700
7785001810
7785001830
7785001943
7785001961
7785002040
7785002290
7785002310
7785002330
7785002490
7785002640
7785002650
7785002720
7785002870
7785002901
7785002910
7785003000
7785003070
7785003090
7785003150
7785003180
7785003310
7785003521
7785003530
7785003560
7785003760
7785003870
7785003890
7785003910
7785003920
7785003950
7785003970
7785004030
7785004050
7785004090
7785004110
7785004140
7785004170
7785004240
7785004250
7785004280
7785004290
7785004310
7785004320
7785004332
7785004340
7785004390
7785004470
7785004480
7785004490
7785004590
7785004600
7785004620
7785004630
7785004730
7785004760
7785004770
7785004791
7785004810
7785004860
7785004880
7785004900
7785004910
7785005010
7785005020
7785005030
7785005130
7785005181
7785005200
7785005210
7785005300
7785005381
7785005430
7785005560
7785005620
7785005650
7785005720
7785005730
7785005810
7785005840
7785005860
7785005910
7785006030
7785006050
7785006150
7785006170
7785006190
7785006350
7785006360
7785006390
7785006420
7785006500
7785006570
7785006610
7785006630
7785006640
7785006650
7785006660
7785006720
7785006740
7785006770
7785006870
7785006880
7785006920
7785006930
7785006940
7785007050
7785007070
7785007090
7790000024
7790000041
7790000090
7790000100
7790000113
7790000232
7790000243
7790000247
7790000248
7790000263
7790000284
7790000311
7790000312
7790000361
7790000422
7790000474
7790000475
7790000504
7790000505
7790000506
7790000554
7790000558
7790000565
7790000566
7790000594
7790000602
7790000612
7790000636
7795000010
7795000060
7795000072
7795000110
7795000120
7795000160
7795000180
7795000370
7795000402
7795000441
7795000443
7795000451
7795000452
7795000480
7795000490
7795000500
7795000530
7795000550
7795000652
7795000661
7795000820
7795000860
7795000900
7795000940
7795000962
7795000963
7795000980
7795000990
7795001000
7795001070
7795001080
7795001100
7795001121
7795001123
7795001132
7795001190
7795001200
7795001220
7795001241
7795001330
7795001350
7795001391
7795001498
7795001500
7795001511
7800000012
7800000030
7800000050
7800000142
7800000260
7800000310
7800000320
7800000330
7800000360
7800000410
7800000440
7800000540
7800000600
7800000620
7800000630
7800000640
7800000700
7800000760
7800000770
7800000920
7800000950
7800000980
7800001091
7800001104
7800001131
7800001132
7800001170
7800001250
7800001290
7800001350
7800001430
7800001450
7800001460
7800001490
7805000070
7805000110
7805000160
7805000180
7805000200
7805000380
7805000450
7805000470
7805000760
7810000025
7810000061
7810000080
7810000140
7810000261
7810000262
7810000403
7810000461
7810000462
7810000463
7810000481
7810000510
7810000550
7810000590
7810000631
7810000720
7810000740
7810000771
7810000843
7815000053
7815000061
7815000071
7815000093
7815000094
7815000111
7815000152
7815000210
7815000220
7815000350
7815000360
7815000390
7815000420
7815000440
7815000472
7815000480
7815000500
7815000570
7815000654
7815000660
7815000681
7815000682
7815000740
7815000761
7815000763
7815000820
7815000852
7815000860
7815000874
7815000881
7815000891
7815000892
7815000903
7815000904
7815000911
7815000933
7815000942
7815000943
7815000944
7815000945
7815000955
7815000982
7815000983
7815001074
7815001122
7815001130
7815001210
7815001230
7815001272
7815001300
7815001310
7815001330
7815001360
7815001381
7815001420
7815001430
7815001440
7815001450
7815001460
7815001510
7816000010
7816000031
7816000040
7816000060
7816000070
7816000130
7816000150
7816000170
7816000180
7816000220
7816000240
7816000280
7816000290
7816000350
7816000380
7816000400
7816200010
7816200030
7816200070
7816200080
7816200150
7816200160
7816200180
7816200220
7816200240
7816200250
7816200260
7816200300
7816200340
7816200370
7816200380
7816200400
7816200470
7816200492
7816200501
7816200530
7816200540
7816200560
7816200600
7816200650
7816200680
7816200740
7816200760
7816200770
7816200780
7816200810
7816200820
7816200840
7816200890
7816200910
7816200920
7816200940
7816310020
7816310030
7816310040
7816310050
7816310060
7816310180
7816310190
7816310280
7816310290
7816310310
7816310320
7816310340
7816310350
7816310380
7816310400
7816310410
7816310440
7816310461
7816310471
7816310540
7816310610
7816310620
7816310650
7816310701
7816310711
7816310750
7816310820
7816310830
7816310840
7816310850
7816310890
7816310910
7816310960
7816311020
7816311090
7816311110
7816320040
7816320060
7816320070
7816320140
7816320160
7816320200
7816320210
7816320240
7816320280
7816320290
7816320300
7816320320
7816320330
7816320370
7816320400
7816320430
7816320490
7816320510
7816320520
7816320560
7816320640
7816320651
7816320700
7816320720
7816320730
7816320790
7816320800
7816320820
7816320880
7816320900
7816320980
7816330020
7816330040
7816330070
7816330091
7816330110
7816330120
7816330140
7816330150
7816330240
7816330270
7816330320
7816330480
7816330500
7816330510
7816330680
7816330720
7816330740
7816330750
7816330790
7816330810
7816330840
7816330880
7816330910
7816330920
7816330940
7816330980
7816331090
7816331140
7816331200
7816331230
7816331240
7816331250
7816331270
7816331280
7816331330
7816331340
7816331420
7816331460
7816390070
7816390170
7816390180
7816500060
7816500070
7816500150
7817000010
7817000090
7817000100
7817000220
7817000240
7817000270
7817000290
7817000340
7819000020
7819000030
7819000080
7819000100
7819000130
7819000140
7819000150
7819000160
7819200010
7819200020
7819200050
7819200070
7819200110
7819200120
7819200130
7819200140
7819200210
7819200260
7819200280
7819200310
7819500030
7819500061
7819500120
7819500150
7819500160
7819500180
7819500220
7820000071
7820000072
7820000090
7820000210
7820000230
7820000240
7820000285
7820200031
7820200081
7820200083
7820200110
7820200122
7820200130
7820200150
7820200173
7820200190
7830000010
7835000020
7835000030
7835000060
7835000100
7837000080
7837000320
7837000330
7837000410
7837000602
7840000020
7840000070
7845000093
7845000104
7845000181
7845000270
7845000290
7845000310
7845000340
7845000380
7845000400
7845000420
7845000450
7845000482
7845000490
7845000500
7845000523
7845000525
7845000526
7845000530
7845000580
7845000622
7845000640
7845000650
7845000711
7845000760
7845000790
7845000800
7845000860
7845000870
7845000903
7845000904
7845001171
7845001230
7845001241
7845001242
7845001243
7845001253
7845001262
7845001281
7845001302
7845001303
7845001310
7845001320
7845001326
7845001384
7845100070
7845100100
7845100122
7845100124
7845100126
7845100191
7845100200
7845100213
7845100214
7845100250
7845100294
7845100301
7845100380
7845100460
7845100470
7845100511
7845100520
7850000020
7850000030
7850000381
7850000420
7850000530
7850000552
7850000564
7850000565
7850000567
7850000620
7850000721
7850000722
7850000740
7850000780
7850000790
7850000800
7850000880
7850000950
7850001011
7850001061
7850001101
7850001140
7850001235
7850001270
7850001280
7850100032
7850100033
7850100060
7850400020
7850400030
7850400040
7850400050
7850400060
7850400072
7850400100
7850400110
7850400161
7855000011
7855000012
7855900090
7855900100
7855900180
7855900220
7855900250
7855900290
7855900590
7855900640
7855900730
7855900780
7855900810
7855900860
7855900880
7855900910
7855900970
7855901000
7855901060
7855901100
7855901240
7855901300
7855901400
7855901410
7855901460
7855901470
7855901490
7855901510
7855901570
7855901630
7855901701
7855901720
7855901772
7855901830
7855901870
7855901930
7855901960
7855901970
7855902110
7855902120
7855902190
7855902210
7855902280
7855902350
7855902380
7855902420
7855902460
7855902620
7855902710
7855902740
7855902771
7855902780
7855902801
7855902810
7855902820
7855902880
7855902940
7855902960
7855902970
7855902990
7855903050
7855903100
7855903110
7855903170
7855903180
7855903200
7855903270
7855903290
7855903300
7855903320
7855903330
7855903340
7855903350
7855903360
7855903370
7855903380
7855903390
7855903440
7855903481
7855903490
7855903500
7855903540
7855903610
7855903620
7855903650
7855903660
7855903740
7855903780
7855903830
7855903840
7855903850
7860000040
7860000050
7860000060
7860000061
7860000090
7860000100
7860000170
7860000180
7860000190
7860000201
7860000210
7860000231
7860000330
7860000340
7860000350
7860000360
7860000370
7860000380
7860000390
7860000420
7860000430
7860000481
7860000500
7860000510
7860000540
7860000561
7860000571
7860000610
7860000681
7862000050
7862000070
7862000120
7862000160
7863000010
7863000050
7863000060
7863000070
7863000080
7863000090
7863000100
7863000130
7863000150
7863000180
7864530060
7865000020
7865000030
7865000052
7865000060
7865000082
7865000130
7865000170
7865000220
7865000230
7865000300
7865000310
7865000320
7865000350
7865000420
7865000431
7865000520
7865000600
7865000640
7865000700
7865000730
7865000820
7865000871
7865000930
7865000940
7865000950
7865000960
7865000970
7865000980
7865500080
7865520030
7867000090
7867000140
7870000013
7870000142
7870000161
7870000182
7870000236
7870000237
7875000074
7880000030
7880000050
7880000116
7880000132
7882000040
7882000130
7882000210
7882000230
7882000320
7882000360
7882000420
7882000430
7882000440
7882000460
7882000640
7882000660
7882000950
7882001090
7882001130
7882001163
7882001240
7882001400
7882001440
7882001461
7882001471
7882001476
7882001490
7882001500
7882001510
7882200030
7882200151
7882200210
7882200240
7882200373
7882200430
7882200480
7882200660
7882200670
7882200680
7882200860
7882200870
7882200880
7882200920
7882200937
7882200938
7882200952
7882200960
7882200972
7882200976
7882200981
7882200990
7882230030
7882230050
7882230100
7882230110
7882230120
7882230130
7882230250
7882230340
7882230350
7882230360
7882230370
7882230380
7882230390
7882230440
7882230500
7882230510
7882230630
7882230700
7882230710
7882230720
7882230730
7882230740
7882230750
7882230760
7882230770
7882250080
7882250091
7882250092
7882250100
7882250110
7882250330
7882250340
7882250350
7884000010
7884000020
7884000030
7884000060
7884000090
7885000010
7885000050
7885000110
7885000121
7890000030
7890000140
7890200011
7890200024
7890200025
7890200034
7890200071
7890200072
7890200105
7890200106
7890200107
7890200117
7890400011
7890400031
7890400101
7890400191
7890400211
7890400271
7890500020
7890500080
7890500150
7890570010
7890570050
7890570070
7890570080
7890570090
7890570100
7890570150
7890570160
7890570170
7890570220
7895000022
7895000031
7895000070
7895000093
7895000101
7895000141
7895000184
7895000210
7895000231
7900000041
7900000143
7905000010
7905000031
7905000053
7909000020
7909000050
7909000120
7909000130
7909000140
7909000160
7909000220
7909020030
7909020040
7909500050
7909500060
7909500070
7909500180
7909500250
7909500370
7909500440
7909500470
7909500480
7910000031
7910000060
7910000070
7910000080
7910000090
7910000100
7910000110
7910000121
7910000125
7910000130
7910000140
7910000150
7910000160
7910000170
7910000190
7910000191
7915000014
7915000017
7915000018
7915000030
7915000060
7915000071
7915000112
7915000121
7915000122
7915000155
7915000166
7915000169
7915000201
7915000202
7915000240
7915000251
7915000271
7915000333
7915000422
7915000426
7915000428
7915000429
7915000434
7915000438
7915000463
7915000464
7915000465
7915000470
7915000471
7915000473
7915000474
7915000477
7915000480
7915000482
7915000483
7915000610
7915000710
7915000736
7915000744
7915000745
7915000841
7915000870
7915000882
7915000900
7920000020
7930000012
7930000062
7932000040
7932000050
7932000060
7935000060
7935000220
7935000230
7935200020
7935200040
7935200050
7935200100
7935200160
7935200260
7935200290
7935200330
7940100021
7940100022
7940100072
7940100124
7940100191
7940100320
7940100330
7940100340
7940100350
7940100361
7940100370
7940200030
7940200041
7940300014
7940300051
7940400160
7940600010
7940600030
7940600050
7940600110
7940700020
7940700061
7940700120
7940700160
7940700170
7940700180
7940700220
7940700230
7940700260
7940700280
7940700340
7940700370
7940700400
7940700460
7945000011
7945000030
7945000040
7945000151
7945000160
7945000320
7945000410
7945000440
7950000020
7950000090
7950000140
7953000170
7953000180
7953000190
7953000210
7953500030
7953500070
7953500080
7953500090
7953500140
7953500170
7953500180
7953500220
7953500270
7953500330
7953500400
7953500460
7953500480
7953500520
7953500590
7953500670
7953500680
7953500700
7953520040
7953520130
7953520350
7953520370
7953520460
7953520500
7953520540
7953520630
7953520650
7953520760
7953520780
7953520790
7953520800
7953520810
7953520830
7953520850
7953520870
7953520980
7953521030
7953521040
7953530010
7953530040
7953530080
7953530130
7953530160
7953530190
7953530210
7953540020
7953540050
7953540160
7953540170
7954000050
7954000110
7954000150
7954000181
7954000211
7954000220
7954000230
7954000260
7954000300
7954000310
7954000340
7954000350
7954000370
7954000400
7954000440
7954000450
7954000460
7954000570
7954000690
7954000760
7954000770
7954000780
7954000800
7954000810
7954000830
7954000940
7954000990
7954210030
7954210060
7954210080
7954500010
7955000031
7955000051
7955000130
7955000140
7955000150
7955000230
7955000250
7955000270
7955000290
7955000310
7955000340
7955000370
7955000380
7955000420
7955000460
7955000550
7955000560
7955000570
7955000600
7955000630
7955000650
7955000660
7955000701
7955000711
7955000720
7955000750
7955000840
7955000890
7955000910
7955000950
7955000991
7955001061
7960000010
7960000041
7960000050
7970000020
7970000030
7970000130
7970000150
7970250070
7970250090
7970250100
7970250110
7970250150
7975000017
7975000061
7975000093
7975000120
7975000130
7975000151
7975000270
7975000281
7975000300
7975000310
7975000361
7980000010
7980000020
7980000111
7980000190
7980000250
7980000300
7980000310
7980000362
7980000381
7980000382
7980000410
7980000452
7980000463
7980000464
7982000020
7982000050
7982000070
7982000130
7982000140
7982000150
7982000160
7982000200
7982000230
7982000260
7982000270
7982000290
7982000350
7982000360
7982000370
7984000020
7984000030
7984000040
7984000180
7984000190
7984000200
7984000230
7984000250
7984000310
7984000360
7984000370
7984000380
7984000460
7985000060
7985000110
7985000120
7985000130
7985000150
7985000160
7985000181
7985000211
7985000220
7985000230
7985000280
7985000290
7985000310
7985000350
7985000360
7985000450
7985000460
7985000490
7985000510
7985000530
7985000540
7985000550
7985000562
7985000580
7985000603
7985000604
7985000614
7985000617
7985000618
7985000620
7985000720
7985000770
7985000780
7985000791
7985100091
7985100110
7985100132
7985100222
7985100272
7990000051
7990000052
7990000060
7990000093
7990000117
7990000118
7990000210
7990000221
7990000222
7990000231
7990000232
7990000260
7990000291
7992000023
7992000083
7992000122
7996000030
7996000100
7996000120
7996500030
7996500040
7996500080
7996500090
7996500130
7997000090
7997000100
7997000280
7997000300
7997000310
8000000130
8000010022
8000010074
8000010130
8000010160
8000010170
8000010190
8000010200
8000010300
8000010342
8000010371
8000010480
8000010541
8000010553
8000010612
8000010630
8000010680
8000010720
8000010730
8000010742
8000010760
8000010820
8000011110
8000011320
8000011350
8000011373
8000011503
8000011504
8000011506
8000011593
8000011597
8000011602
8000011604
8000011700
8000011744
8000011753
8000011757
8000012112
8000012117
8000012205
8000012260
8000012351
8000012381
8000012463
8000012510
8000012570
8000012650
8000012770
8000012951
8000013000
8000013011
8000013100
8000013150
8000013210
8000013320
8000013501
8000013502
8000013570
8000013580
8000030060
8000030180
8000030210
8000030250
8000030300
8000030320
8000030350
8000040020
8000040080
8000050010
8000050030
8000050040
8000050050
8000050060
8000050070
8000050080
8000050100
8000050110
8000050140
8000050150
8000050171
8000050180
8000050191
8000050200
8000050210
8000050220
8000060020
8000060120
8000060140
8000080590
8000080600
8000091690
8000091700
8000091710
8000091720
8000110080
8000110151
8000110152
8000110153
8000110154
8000110230
8000110240
8000110281
8000110310
8000110490
8000110543
8000110544
8000110553
8000110740
8000110784
8000110834
8000110901
8000110902
8000110973
8000111071
8000111096
8000111097
8000111330
8000111380
8000111881
8000112203
8000112271
8000112501
8000112902
8000112910
8000112920
8000112940
8000112950
8000112980
8000112990
8000113000
8000113010
8000113020
8000113030
8000113153
8000113184
8000113189
8000113415
8000113422
8000113428
8000113440
8000113442
8000113447
8000113674
8000113710
8000113921
8000113944
8000113948
8000114084
8000114170
8000114303
8000114341
8000114454
8000114473
8000120010
8000120150
8000120160
8000120170
8000130070
8000130080
8000130120
8000130200
8000140010
8000140040
8000140120
8000140160
8000140260
8000140300
8000140330
8000140520
8000140530
8000140600
8000140640
8000140660
8000140680
8000140690
8000150100
8000150710
8000150730
8000160640
8000160650
8000160660
8000170072
8000180280
8000180290
8000180300
8000180310
8000190800
8000190820
8000190830
8000190840
8000200230
8000210230
8000230150
8000240030
8000240040
8000240070
8000240080
8000250080
8000260040
8000270100
8000270110
8000280070
8000290010
8000290170
8000300773
8000300780
8000300800
8000300810
8000310140
8000310160
8000320130
8000330050
8000330060
8000360130
8000370660
8000380640
8000380650
8000380660
8000380670
8000390320
8000390330
8000390340
8000390350
8000390360
8000400710
8000410450
8000410460
8000410470
8000420040
8000420050
8000420100
8000420110
8000420120
8000420130
8000420140
8000430320
8000430330
8000440180
8000440190
8000450010
8000450020
8000450030
8000450070
8000450080
8000450090
8000450100
8000450110
8000450120
8000450130
8000450140
8000450150
8000450160
8000450170
8000450180
8000450190
8000450200
8000450210
8000450220
8000450230
8000450240
8000450250
8000450260
8000450270
8000450280
8000450290
8000450300
8000450310
8000450320
8000450330
8000450340
8000450360
8000450370
8000450380
8000450390
8000450400
8000450460
8000450490
8000450500
8000450510
8000450520
8000450530
8000450540
8000450550
8000450560
8000450570
8000450580
8000450590
8000450600
8000450610
8000450620
8000450650
8000450660
8000450670
8000450680
8000450690
8000450700
8000450710
8000450720
8000450730
8000460010
8000460020
8000460030
8000460040
8000460050
8000460060
8000460070
8000460080
8000460090
8000460110
8000460130
8000460140
8000460150
8000460160
8000460170
8000460180
8000460190
8000460200
8000460210
8000460220
8000460230
8000460240
8000460250
8000460260
8000460270
8000460280
8000460290
8000460400
8000460410
8000460420
8000460440
8000460450
8000460460
8000460470
8000460480
8000460510
8000460520
8000460530
8000460540
8000460550
8000460560
8000460570
8000460580
8000460590
8000460600
8000460610
8000460620
8000460630
8000460640
8000460650
8000460660
8000460670
8000460680
8000460710
8000460730
8000460740
8000460750
8000460760
8002010020
8002010030
8002010120
8002010130
8002010140
8002010170
8002010250
8002010270
8002010280
8002010290
8002010370
8002010390
8002010400
8002010440
8002020020
8002020040
8002020100
8002020110
8002020120
8002020140
8002020161
8002020190
8002020270
8002020280
8002020300
8002020330
8002020350
8002020370
8002020410
8002020440
8002020480
8002020580
8002020600
8002020610
8005000010
8005000020
8005000040
8005000050
8005000070
8005000100
8005000120
8005000160
8006000021
8006000060
8006500010
8006500020
8006500030
8006500080
8006500090
8006500160
8006500210
8006500230
8006500250
8006500270
8006500330
8006500360
8006500390
8006500460
8006500470
8006500480
8006500520
8006500530
8006500540
8006500720
8006500730
8006500760
8006500800
8006500810
8006500830
8006500840
8006500851
8006500852
8006500880
8007000060
8007000100
8007000121
8007000140
8007000190
8007000200
8007000210
8007020011
8007020100
8007020150
8007100011
8007100021
8007100040
8007100051
8007100071
8007100081
8007100091
8007100101
8007100111
8010000080
8010000100
8010000110
8010000120
8010000162
8010000163
8015000032
8015200010
8015200030
8015200040
8015300040
8015300100
8015400100
8015400203
8015400260
8015500090
8015500100
8015500120
8015500170
8015500180
8015500200
8015500210
8015500240
8015500250
8015500280
8015500310
8015500330
8015500350
8015500360
8015500390
8015520070
8015520080
8015520090
8015520110
8015540110
8015570060
8015570110
8015580080
8015580110
8015590020
8015590040
8015590050
8015590090
8015590170
8015590190
8015590240
8015590250
8015590264
8015590271
8017000010
8017000020
8017000070
8017000080
8017000150
8017000160
8017000290
8017000300
8017000320
8017000520
8017000580
8017000620
8017000670
8017000710
8017000740
8017000771
8017000781
8017000790
8018000010
8018000020
8018000040
8018000070
8018000120
8018000170
8018000287
8018000292
8018000310
8018000330
8018000340
8025000011
8030000050
8030000070
8030000080
8030000140
8030000160
8030000171
8030000191
8030000192
8030000220
8030000321
8030000333
8030000344
8030000345
8030000390
8030000401
8030000462
8030000471
8030000520
8033000010
8033000020
8033000060
8033000100
8033000120
8035000040
8035000070
8035000110
8035000190
8035000220
8035000241
8035000251
8035000260
8035000331
8035000370
8040000090
8040000111
8040000141
8040000142
8040000251
8040000262
8040000281
8040000291
8040000312
8040000320
8040000321
8040000350
8040000380
8040000420
8040000472
8040000530
8040000590
8040000690
8040000760
8040000820
8040000830
8040000860
8040000920
8045000010
8045000100
8045000130
8045000170
8045000200
8045000281
8045000350
8045000370
8045000411
8045000580
8045000590
8045000630
8045000640
8045000690
8045000770
8045000780
8045000790
8045000840
8045000870
8045000882
8045000960
8045001080
8045001100
8045001150
8045001170
8045001180
8045001201
8045001210
8045001220
8045001270
8045001310
8050000052
8050000053
8050000100
8050000180
8050000200
8050000260
8050000300
8050000420
8050000490
8050000530
8050000540
8050000560
8050000691
8050000792
8050000910
8050500010
8050500020
8050500120
8050900010
8050900020
8050900120
8050900130
8050900150
8051010200
8051010240
8051010380
8051010410
8051010430
8051010480
8051010540
8051010560
8051010610
8051010680
8051010690
8051010780
8051010810
8051010830
8051020040
8051020070
8051020320
8052000010
8052000020
8855000010
8855000060
8855000080
8855000090
8855000110
8855000200
8855200030
8855200040
8855200090
8855200110
8855200160
8855300020
8855300040
8855300080
8855300130
8855300180
8855300240
8855300260
8855300320
8855300350
8855400020
8855400130
8860000040
8860000050
8865000030
8865000040
8865000050
8865000080
8865000100
8865000140
8865000261
8865000382
8866000010
8866000020
8866000061
8866000100
8866000160
8867000010
8867000020
8867000130
8867000140
8867000210
8867000230
8867000290
8867000330
8867000380
8867000400
8867000420
8867000470
8867000560
8867000580
8867000610
8867000670
8867000700
8867000720
8867000760
8867020050
8867090030
8867090040
8867090060
8867090080
8867090120
8867090140
8867090160
8867090180
8867090240
8867090290
8867090330
8867090340
8867090380
8867090410
8867090450
8867090530
8867090560
8867090640
8867090710
8867090720
8867090750
8867090760
8867090810
8867090830
8867090860
8867090872
8867090880
8867090890
8867090900
8867090910
8867090920
8867090930
8867100020
8867100070
8867100080
8867100090
8867100120
8867100131
8867200070
8867200091
8867200101
8867200110
8870000010
8870000090
8875000010
8875000014
8875000051
8875000054
8875000100
8875000141
8875000176
8875000216
8875000230
8875000274
8875000291
8875000292
8875000391
8875000392
8879000070
8879000090
8879000100
8879000120
8880000020
8880000040
8880000050
8880000070
8880000120
8880000130
8880000140
8880200070
8880200100
8880200180
8880300040
8880300050
8880300060
8880300080
8880300093
8880300110
8880400060
8880400090
8880500020
8880500050
8880500070
8880500100
8880500150
8880600010
8880600020
8880600090
8880600110
8880600170
8880700020
8880700030
8880700050
8880700130
8880700160
8880700220
8880800010
8880800050
8880800080
8880800110
8880800120
8880800130
8880800240
8880800260
8880800280
8880800300
8880800330
8880800350
8880900020
8880900080
8880900100
8880900130
8880900140
8880900170
8880900190
8880900280
8880900290
8880900360
8880900390
8880910070
8888810050
8888810060
8888810090
8888810110
8888810130
8888810140
8888810150
8888810160
8888810210
8888810220
8888810230
8888810270
8888810290
8888810300
8888810310
8888810350
8888810360
8888810370
8888820010
8888820030
8888820040
8888820060
8888820070
8888820090
8888820100
8888820110
8888820120
8888820130
8888820140
8888820170
8888820190
8888820210
8888830210
8888830260
8888830290
8888830350
8888830420
8888830520
8888830700
8888831200
8888831510
8888840020
8888840070
8888840080
8888840100
8888840120
8888840140
8888840150
8888840160
8888840170
8888840190
8888840200
8888840230
8888840250
8888840270
8888840300
8888840310
8888840330
8888840340
8888840380
8888840400
8888840410
8888840430
8888840440
8888840580
8888840590
8888840610
8888840630
8888840640
8888840650
8888840660
8888840770
8888840780
8888840790
8888840820
8888840840
8888840870
8888840890
8888840910
8888840920
8888840950
8888841000
8888841030
8888841040
8888841050
8888841140
8888841160
8888841170
8888841190
8888841220
8888841230
8888841240
8888841260
8888841270
8888841280
8888841300
8888841370
8888841390
8888841400
8888841450
8888841460
8888841470
8888841480
8888841540
8888841550
8888841570
8888841590
8888841610
8888870390
8888870410
8888870430
8888870480
8888870500
8888870510
8888870550
8888870580
8888870590
8888870600
8888870620
8888870630
8888870640
8888870660
8888870670
8888870680
8888870690
8888870700
8888870710
8888870760
8888870770
8888870860
8888870890
8888870930
8888870940
8888870950
8888870960
8888870970
8888871070
8888877060
8888877070
8888877080
8888877463
8888877464
8888877465
8888877610
8888879474
8888879503
8888879810
8888879820
8900000040
8900000050
8900000060
8900000140
8900000150
8900000180
8900000210
8900000220
8900000240
8900000250
8900000291
8900000310
8900000320
8900000331
8900000342
8900000370
8900000520
8900000570
8900000600
8900000640
8900000660
8900000670
8905000012
8905000030
8905000050
8905000080
8905000110
8905000180
8905000342
8905000570
8905000580
8905000610
8910000022
8910000031
8910000040
8910000060
8910000111
8910000162
8910000191
8910000261
8910000290
8910000330
8910000361
8910000371
8910000381
8910000401
8910000412
8910000430
8910000440
8910000502
8910000511
8910000521
8910000523
8910000540
8910000571
8910000573
8910000580
8910000591
8910000636
8910000640
8910000663
8910000681
8910000698
8910000711
8910000722
8910000771
8910000790
8910000810
8910000830
8910000840
8910000850
8910000860
8910000880
8910000912
8910000950
8910000960
8910000970
8910000980
8910000991
8910001042
8910001050
8910001080
8910001110
8910001140
8910001211
8910001220
8910001240
8910001250
8910001260
8910001270
8910001310
8910001410
8910001551
8910001600
8910001660
8910001701
8910001720
8910001750
8910001810
8910001820
8910001880
8910001890
8910001940
8910002020
8910002052
8910002071
8920000012
8920000090
8920000200
8920000390
8925000010
8925000050
8930000021
8930000110
8930000250
8930000321
8930000322
8930000340
8930000350
8930000440
8935010020
8935010070
8935010120
8935010130
8935010291
8935010330
8935010340
8935010420
8935010473
8935010520
8935010540
8935010620
8935010640
8935010650
8935010700
8935010760
8935010770
8935010790
8935010810
8935010890
8935010970
8935010980
8935011241
8935011260
8935011300
8935011310
8935011331
8935011440
8935011570
8935011650
8935011660
8935011690
8935011780
8935011790
8935011871
8935011890
8935011941
8935012010
8935012030
8935012040
8935012140
8935012161
8935012210
8935012290
8935012300
8935012330
8935012470
8935012640
8935012650
8935012660
8935012710
8935012770
8935012780
8935012810
8935012840
8935012930
8935013060
8935013313
8935013340
8935013350
8935013411
8935013510
8935013521
8935013522
8935013580
8935013590
8935013710
8935013790
8935013820
8935013860
8935013950
8935013960
8935014000
8935014020
8935014060
8935014070
8935014130
8935014300
8935014360
8935014380
8935014410
8935014490
8935014601
8935014670
8935014750
8935014830
8935014840
8935014853
8935014854
8935014870
8935014880
8935014890
8935014980
8935015140
8935015220
8935015350
8935015410
8935015430
8935015490
8935015500
8935015530
8935015630
8935015680
8935015720
8935015800
8935015860
8935015890
8935015990
8935016000
8935016010
8935016060
8935016070
8935016120
8935016130
8935016230
8935016240
8935016250
8935016260
8935016290
8935016360
8935016510
8935016550
8935016570
8935016620
8935016700
8935016750
8935016770
8935016850
8935016863
8935016930
8935017020
8935017050
8935017110
8935017184
8935017185
8935017240
8935017290
8935017380
8935017400
8935017410
8935017670
8935017720
8935017730
8935017921
8935018080
8935018090
8935018120
8935018130
8935018150
8935018160
8935018170
8935018200
8935018230
8935018260
8935018280
8935018300
8935018310
8935018320
8935018460
8935018480
8935018490
8935018520
8935018530
8935018570
8935018580
8935018701
8935018740
8935018750
8935018760
8935020010
8935020020
8935020030
8935020080
8935020250
8935020262
8935020263
8935020380
8935020440
8935020490
8935020610
8935020651
8935020670
8935020760
8935020790
8935020810
8935020860
8935020974
8935021013
8935021014
8935021200
8935021300
8935021340
8935021360
8935021370
8935021380
8935021390
8935021400
8935021570
8935021571
8935021590
8935021620
8935021670
8935021700
8935021724
8935021780
8935021820
8935021830
8935021860
8935021940
8935022011
8935022070
8935022100
8935022110
8935022160
8935022260
8935022270
8935022280
8935022301
8935022311
8935022341
8935022344
8935022363
8935022365
8935022493
8935022510
8935022520
8935022555
8935022630
8935022710
8935022730
8935022780
8935022850
8935022870
8935022910
8935022970
8935023000
8935023010
8935023050
8935023070
8935023080
8935023100
8935023150
8935023210
8935023310
8935023330
8935023351
8935023410
8935023430
8935023500
8935023510
8935023580
8935023620
8935023700
8935023740
8935023790
8935023950
8935023960
8935024030
8935024090
8935024110
8935024150
8935024180
8935024210
8935024240
8935024360
8935024380
8935024400
8935024420
8935024440
8935024680
8935024761
8935024762
8935024790
8935024810
8935024820
8935024860
8935024890
8935025010
8935025090
8935025120
8935025140
8935025150
8935025190
8935025270
8935025320
8935025330
8935025340
8935025370
8935025460
8935025490
8935025510
8935025570
8935025620
8935025640
8935025660
8935025711
8935025760
8935025790
8935025800
8935025830
8935025850
8935025860
8935025890
8935025920
8935025950
8935025980
8935026030
8935026040
8935026110
8935026141
8935026151
8935026221
8935026252
8935026270
8935026290
8935026310
8935026350
8935026361
8935026410
8935026430
8935026450
8935026470
8935026510
8935026520
8935026590
8935026690
8935026720
8935026770
8935026800
8935026900
8935026950
8935027010
8935027030
8935027343
8935027350
8935027380
8935027440
8935027470
8935027581
8935027691
8935027800
8935027830
8935027840
8935027880
8935027930
8935027950
8935027960
8935028050
8935028060
8935028110
8935028160
8935028180
8935028281
8935028310
8935028330
8935028380
8935028610
8935028630
8935028660
8935028690
8935028741
8935028830
8935028840
8935028850
8935028890
8935028950
8935029172
8935029240
8935029280
8935029290
8935029340
8935029401
8940000100
8940000110
8940000130
8940000150
8940000170
8940000190
8940000210
8940000220
8940000280
8940000310
8940000332
8940000333
8940000335
8940000411
8940000430
8940000450
8940000470
8940000520
8940000530
8940000551
8940000553
8940000554
8940000600
8940010010
8940200010
8940200030
8940200050
8940200100
8940200180
8940200190
8945000110
8945000250
8945000280
8945000400
8945000410
8945000430
8945000450
8945000460
8945000480
8945000500
8945000520
8945000560
8945000580
8945000600
8945000611
8945000640
8945000674
8945000701
8945000720
8945000740
8945000811
8945000812
8945001020
8945001040
8945001220
8945001240
8945001260
8945001320
8945001330
8945001350
8945001380
8945001400
8945001430
8945001440
8945001470
8945001490
8945001560
8945001652
8945001730
8945001790
8945001840
8945001850
8945001861
8945001862
8945001870
8945001950
8945001970
8945001992
8945002001
8945002011
8945002052
8945002063
8945002081
8945002140
8945002170
8945002231
8945002280
8945002290
8945002310
8945002320
8945002400
8945002450
8945002470
8945002510
8945002530
8945002560
8945002600
8945002610
8945002670
8945002690
8945002700
8945002720
8945002760
8945002881
8945002910
8945002950
8945002980
8945002990
8945003000
8945003030
8945003050
8945003080
8945003100
8945003110
8945003150
8945003260
8945003280
8945003300
8945003331
8950000050
8950000061
8950000070
8950000092
8950000121
8950000181
8950000221
8950000231
8950000247
8950000250
8950000270
8950000280
8950000290
8950000300
8950000310
8950000320
8950000352
8950000353
8950000380
8950000390
8950000404
8950000460
8950000470
8950000570
8950000580
8950000611
8950000670
8950000691
8950000720
8950000741
8950000742
8950000743
8950000760
8950000891
8950000893
8950000894
8950000895
8950000931
8950000950
8950000960
8950000991
8950001053
8950001071
8950001120
8950001130
8950001140
8950001150
8950001220
8950001271
8950001290
8950001360
8950001410
8950001450
8950001573
8950001601
8950001714
8950001715
8950001723
8950001731
8950001822
8950001843
8950001847
8950001851
8950001854
8950001871
8950001881
8950001888
8950001895
8950001930
8950001951
8950001976
8950001977
8950002040
8950002050
8950002060
8950002072
8950002102
8950002103
8950002110
8950002121
8950002122
8950002131
8950002172
8950002182
8950002183
8950002184
8950002204
8950002272
8950002281
8950002282
8950002291
8950002312
8950002320
8950002340
8950002351
8950002361
8950002400
8950002410
8950002420
8950002430
8950002531
8950002533
8950002534
8950002560
8950002570
8950002591
8950002601
8950002610
8950002620
8950002663
8950002720
8950002760
8950002802
8950002850
8950002860
8950002870
8950002880
8950002890
8950002891
8950002900
8950002910
8950002920
8950002930
8950002940
8950002950
8950002960
8950002970
8950002981
8950002990
8950003000
8950003040
8950003070
8950003081
8950003091
8950003100
8950003120
8950003130
8950003140
8950003160
8950003170
8950003180
8950003190
8950003200
8950003210
8950003220
8950003225
8950003230
8950003240
8950003250
8950003260
8950003270
8950003290
8950003300
8950003330
8950003331
8950003338
8950003339
8950003395
8950003397
8950003398
8950003400
8950003410
8950003420
8950003430
8950003440
8950003460
8950003470
8950003480
8950003490
8950003500
8950003510
8950003520
8950003530
8950003540
8950003550
8950003560
8950003580
8950003590
8950003642
8950003660
8950003670
8950003680
8950003730
8950003810
8950003830
8950003840
8950003850
8950003860
8950003870
8950003890
8950008000
8950100010
8950100015
8950100016
8950100017
8950100018
8950100019
8950200010
8950200080
8950200110
8950200130
8950200140
8950200160
8950200220
8950200240
8950200251
8950200260
8950200320
8950200330
8950200341
8950200390
8950200404
8965000030
8965000040
8965000060
8965000100
8965000220
8965000260
8965000300
8965000310
8965000320
8965000350
8965000370
8965000490
8965000510
8965000522
8965000532
8965000560
8965000570
8965000580
8965000651
8965000710
8965000790
8965000820
8965500020
8965500030
8965500071
8965500111
8965500220
8965500260
8965500270
8967000020
8967000030
8967000040
8967000070
8967000180
8967000190
8967000200
8967020060
8967020070
8967020080
8967020090
8967020110
8967020160
8967020170
8967020180
8967020200
8967020220
8967020240
8967210110
8967210240
8967210250
8968000020
8968000040
8968000051
8968000052
8968000080
8968000091
8968000161
8970000030
8970000050
8970000100
8970000110
8970000120
8970000130
8970000190
8970000210
8970000240
8970000260
8970000310
8970000321
8970000350
8970000360
8970000390
8970000440
8970000530
8970000571
8970000630
8970000640
8970000683
8970000700
8970100020
8970100080
8970100100
8971000020
8971000040
8975000050
8975000120
8975000130
8975000160
8975000210
8975000230
8975000260
8975000270
8975000350
8975000440
8975000460
8975000500
8975000710
8975000790
8975000810
8975000820
8975000880
8975000900
8975000990
8975001000
8975001050
8975001100
8977000030
8977000040
8977000050
8977000060
8977000071
8977000120
8977000130
8977000140
8977000150
8977000170
8977000180
8977000200
8977000210
8977000220
8980000031
8980000040
8980000051
8980000063
8980000064
8980000071
8980000074
8980000085
8980000092
8980000093
8980000101
8980000130
8980000160
8980000172
8980000182
8985000010
8985000130
8985000211
8990000073
8990000080
8990000090
8990000100
8990000110
8990000160
8990000190
8990000210
8990000221
8990000233
8990000240
8990000250
8990000300
8990000320
8990000330
8990000340
8990000350
8990000431
8990000490
8990000530
8995000092
8995000093
8995000140
8995000150
8995000202
8995500040
8996010030
8996010250
8996010310
8996010320
8996010350
8996010360
8996010390
8996010420
8996010440
8996010490
8996010600
8996010630
8996010820
8996010880
8996010910
8996011090
8996011131
8996011170
8996011190
8996011260
8996011270
8996011280
8996011290
8996011330
8996011360
8996011370
8996011470
8996011500
8996011590
8996011600
8996011620
8996011730
8996011760
8996011870
8996011900
8996011910
8996011940
8996011950
8996011960
8996011970
8996011990
8996012000
8996012030
8996012070
8996012130
8996012280
8996012290
8996012300
8996012310
8996012380
8996012390
8996012421
8996012431
8996017010
8996020011
8996020040
8996020050
8996020080
8996020120
8996020150
8996020180
8996020240
8996020290
8996020300
8996020370
8996020430
8996020450
8996020460
8996020470
8996020520
8996020660
8996020690
8996020720
8996020730
8996020750
8996020760
8996020770
8996020950
8996021010
8996021060
8996021220
8996021330
8996021350
8996021370
8996021380
8996021430
8996021440
8996021450
8996021460
8996021540
8996021570
8996021590
8996021602
8996021610
8996030040
8996030050
8996030061
8996030073
8996030080
8996030160
8996030230
8996030240
8996030281
8996030380
8996030460
8996030550
8996030590
8996030620
8996030650
8996030680
8996030700
8996030710
8996030760
8996030770
8996030780
8996030860
8996030890
8996030950
8996030970
8996030980
8996031000
8996031010
8996031060
8996031130
8996031261
8996031271
8996031330
8996031350
8996031370
8996031393
8996031400
8996040110
8998000010
8998000040
8998020010
8998020020
8998020040
8998020080
9000000020
9000000040
9000000050
9000000070
9000000080
9000010030
9000010040
9000050010
9000050020
9000060090
9000060120
9000080010
9000080040
9000100050
9000110010
9000110050
9000110080
9000140870
9000140920
9000141000
9000150070
9000180250
9000180390
9000180430
9000180460
9000180470
9000180480
9000180490
9000180580
9000180630
9000180651
9000180690
9000180750
9000180760
9000180811
9000180880
9000180890
9000180900
9000180910
9000180920
9000180930
9000180950
9000180960
9000181060
9000181080
9000181170
9000181180
9000181210
9000181230
9000190010
9000190040
9000200010
9000200610
9000200870
9000220110
9000240150
9000240190
9000240290
9000280020
9000290110
9000290160
9000290180
9000290260
9000290290
9000290410
9000290520
9000320090
9000340270
9000410190
9000410240
9000420070
9000420160
9000420170
9000420180
9000440040
9000500040
9000510010
9000510020
9000510190
9000530060
9000540220
9000540230
9000540240
9000560010
9000560170
9000570020
9000570030
9000570090
9000590010
9000600060
9000610070
9000610110
9000620010
9000620040
9000650040
9000660020
9000660050
9000670070
9000690010
9000710030
9000720040
9000720070
9000720080
9000730120
9000760060
9000820250
9000830070
9000850030
9000850040
9000850060
9000860240
9000880080
9000900210
9000900320
9000950010
9000960050
9000960160
9000970010
9000970100
9000980040
9000980130
9000980140
9000990020
9000990040
9000990050
9000990070
9001010020
9001010070
9001020140
9001050020
9001080060
9001080140
9001110010
9001110020
9001150020
9001190070
9001200040
9001210040
9001220020
9001220070
9001230040
9001230060
9001240010
9001250050
9001250070
9001260040
9001280010
9001290030
9001360060
9001370040
9001370060
9001370110
9001390040
9001400010
9001400050
9001400060
9001440010
9001460050
9001470080
9001480070
9001510040
9001520030
9001540020
9001560060
9001580110
9001620090
9001620100
9001680090
9001710160
9001820020
9001960010
9002300080
9002400040
9002430010
9002430080
9002460040
9002540010
9002540020
9002550070
9002840013
9002840073
9002840083
9002840113
9002840163
9002840213
9002840273
9003060010
9003110030
9003110220
9003320010
9003320020
9003320030
9003320040
9003320050
9003320060
9003320070
9003320080
9003320090
9003320100
9003320110
9003320120
9003320130
9003320140
9003450010
9003460030
9003590332
9003670060
9003800010
9003800020
9003800030
9003800040
9003800050
9003800060
9003940033
9004070013
9004070015
9004070017
9004070018
9004070019
9004070021
9004070023
9004070025
9004070027
9004070029
9004100250
9004110010
9004120013
9004130043
9004130083
9004130103
9004130183
9004130223
9004130353
9004130453
9004210010
9004210020
9004280010
9004280020
9004280023
9004280024
9004290010
9004320020
9004350011
9004350012
9004350013
9004350015
9004350016
9004350018
9004350022
9004350023
9004350024
9004380020
9004400021
9004400081
9004400091
9004400191
9004400331
9004400351
9004400371
9004430020
9004430070
9004450010
9004450020
9004450030
9004450040
9004450050
9004450060
9004450070
9004450080
9004450090
9004450100
9004450110
9004450120
9004450130
9004450140
9004450150
9004450160
9004450170
9004450180
9004450190
9004450200
9004450210
9004450220
9004450230
9004450240
9004450250
9004450260
9004450270
9004460011
9004460021
9004460031
9004460041
9004460051
9004460061
9004460071
9004460081
9004460091
9004460111
9004460121
9004460131
9004460141
9004460151
9004460161
9004460171
9004460191
9004460201
9004460211
9004460221
9004460231
9004460241
9004460251
9004460261
9004460271
9004460281
9004460301
9004460311
9004460322
9004460331
9004460342
9004460351
9004460361
9004460371
9004460381
9004460391
9004460401
9004460411
9004460431
9004460451
9004460461
9004490010
9004490040
9004560010
9004560020
9004560180
9004560270
9004560300
9004560320
9004560390
9004560410
9004560420
9004560430
9004570013
9004570023
9004570053
9004590020
9004660820
9004690010
9004690030
9004690050
9004800070
9004800150
9004800160
9004800170
9004800180
9004800190
9004800200
9004800210
9004800220
9004970010
9004970020
9004970030
9004970040
9004970050
9004970060
9005000070
9005000120
9005000180
9005250063
9005250103
9005250153
9005260093
9005350010
9005350020
9005350030
9005350043
9005350045
9005350046
9005350047
9005350048
9005350049
9005350051
9005350052
9005350055
9005350056
9005350057
9005420010
9005420030
9005650011
9005650021
9005650031
9005650041
9005650051
9005650061
9005910013
9005910043
9005990200
9006090011
9006090021
9006090031
9006090041
9006090061
9006170010
9006170020
9006300070
9006300150
9006300270
9006300390
9006300420
9006300450
9006300470
9006300480
9006300490
9006310010
9006310020
9006310030
9006310040
9006310050
9006310060
9006310070
9006310080
9006310090
9006310100
9006390010
9006390030
9006390040
9006390070
9006390080
9006390100
9006390120
9006390130
9006390140
9006390150
9006390160
9006390180
9006390190
9006390210
9006390220
9006460011
9006460031
9006460051
9006790010
9006790020
9007020030
9007150030
9007150041
9007150050
9007150060
9007160040
9007160050
9007160060
9007160120
9007200011
9007200021
9007200031
9007200041
9007240040
9007350041
9007350051
9007350061
9007350101
9007350131
9007390020
9007390030
9007390050
9007390060
9007390070
9007390080
9007390090
9007390100
9007390110
9007390120
9007390130
9007390140
9007390160
9007390190
9007390200
9007390220
9007390230
9007390250
9007390270
9007390280
9007390290
9007390300
9007390310
9007390320
9007390330
9007390340
9007390350
9007390360
9007390370
9007390380
9007390400
9007390420
9007390430
9007390440
9007390450
9007390470
9007390490
9007390500
9007390510
9007390520
9007500170
9007530010
9007530030
9007530050
9007530070
9007530080
9007530090
9007530100
9007530110
9007640010
9007640020
9007730010
9007730020
9007730050
9007750010
9007780011
9007780021
9007780051
9007780111
9007780121
9007780131
9007780151
9007790010
9007790020
9007940020
9007940030
9007940040
9008030031
9008030040
9008360570
9008360580
9008360600
9008360620
9008360640
9008360650
9008360660
9008360680
9008360690
9008360700
9008450010
9008460011
9008460021
9008460031
9008460041
9008460051
9008530020
9008550080
9008560010
9008560021
9008640050
9008670010
9008670030
9008670040
9008670060
9008850020
9008860011
9008890010
9008890020
9008890030
9008940250
9008940270
9008940280
9008950040
9008950050
9008950060
9008950090
9008950100
9008950110
9008950190
9008950210
9008950220
9008950230
9008950240
9008950250
9008950280
9008950320
9008950410
9008950420
9008950440
9008950450
9008950460
9008950480
9008950490
9009020010
9009020020
9009060020
9009080013
9009080023
9009080033
9009080043
9009120110
9009150010
9009150050
9009160010
9009160020
9009190180
9009190190
9009190220
9009190240
9009190370
9009190390
9009230010
9009230020
9009300070
9009320010
9009330010
9009330050
9009330070
9009380020
9009380030
9009380050
9009380060
9009380080
9009380100
9009380110
9009380120
9009380140
9009380150
9009380180
9009380190
9009380210
9009380230
9009420020
9009460010
9009460020
9009480010
9009480020
9009480030
9009480040
9009480050
9009480070
9009480080
9009480090
9009480100
9009480110
9009480120
9009480130
9009480140
9009480150
9009480160
9009550011
9009550031
9009550041
9009550051
9009560010
9009560020
9009560030
9009560040
9009580020
9009580030
9009580040
9009600020
9009600030
9009610011
9009650010
9009650020
9009650070
9009650080
9009650090
9009650100
9009650110
9009650120
9009650130
9009650140
9009650150
9009650180
9009650190
9009650200
9009650210
9009650220
9009650230
9009650240
9009650250
9009650260
9009650270
9009650280
9009660010
9009660040
9009660050
9009660060
9009660070
9009680010
9009690010
9009710010
9009720010
9009720020
9009720030
9009720040
9009720050
9009720060
9009720070
9009720080
9009730010
9009730020
9009750010
9009750020
9009750030
9009750040
9009750050
9009750060
9009750070
9009750080
9009750090
9009750100
9009750110
9009750120
9009750130
9009750140
9009750150
9009750160
9009750170
9009750180
9009750190
9009750200
9009750210
9009750220
9009750230
9009750240
9009750250
9009750260
9009750270
9009750280
9009750290
9009750300
9009750310
9009750320
9009770012
9009770013
9009810020
9009810040
9009810070
9009910010
9009950020
9009970010
9009970021
9009970030
9009970040
9010000010
9010000062
9010050020
9010050030
9010050040
9010060010
9010060020
9010060030
9010060040
9010060050
9010060060
9010060070
9010060080
9010060090
9010060100
9010070010
9010070020
9010070030
9010070040
9010070050
9010070060
9010070070
9010070080
9010070090
9010070100
9010080010
9010080020
9010150011
9010150080
9010160020
9010180010
9010200011
9010200041
9010200053
9010230010
9010230020
9010230030
9010230040
9010230050
9010230060
9010230070
9010230080
9010230090
9010300010
9010300060
9010320011
9010320021
9010320031
9010320041
9010320051
9010380020
9010390020
9010400020
9010410010
9010410020
9010410030
9010410040
9010410051
9010460021
9010460031
9010460041
9010460051
9010460061
9010480010
9010480020
9010480030
9010480040
9010480050
9010480060
9010480070
9010480080
9010480090
9010480110
9010480120
9010480130
9010480140
9010510011
9010510021
9010510031
9010510041
9010510051
9010510061
9010510071
9010510081
9010510091
9010510101
9010510111
9010510121
9010510131
9010510141
9010510151
9010510161
9010520010
9010520020
9010520030
9010520040
9010520050
9010520060
9010520070
9010520080
9010520090
9010520100
9010520110
9010520120
9010520130
9010520140
9010520150
9010660010
9010700020
9010780010
9010780020
9010780030
9010790020
9010800010
9010800020
9010800030
9010830010
9010830020
9010840010
9010850020
9010870011
9010870021
9010870031
9010880011
9010880021
9010880031
9010880041
9010920010
9010920020
9010920030
9010920050
9010920070
9010930050
9010930060
9010930070
9010930080
9010940011
9010940021
9010940031
9010940041
9010940051
9010950020
9010950030
9010950080
9010960010
9010960020
9010980010
9010980020
9010990010
9010990020
9010990030
9010990040
9010990050
9011010010
9011030010
9011040010
9011040020
9011040030
9011040040
9011040050
9011070020
9011080030
9011090010
9011090020
9011090030
9011090040
9011090050
9011090060
9011090070
9011090080
9011110010
9011110020
9011120010
9011130010
9011130020
9011130030
9011130040
9011130050
9011130060
9011130070
9011140010
9011140020
9011140030
9011160010
9011160020
9011160030
9011170010
9011170020
9011180020
9011200020
9011210010
9011210020
9011220010
9011220020
9011230010
9011260010
9011260020
9011260030
9011270010
9011270020
9011290020
9011290030
9011310020
9011310030
9011320010
9011320020
9011330010
9011330020
9011340031
9011340032
9011340033
9011360010
9011370010
9011370020
9011370030
9011370040
9011370050
9011370060
9011380020
9011390010
9011390020
9011400020
9011400030
9011400040
9011400050
9011410010
9011410020
9011410030
9011410040
9011410050
9011410060
9011420010
9011420020
9011420030
9011420040
9011420050
9011420060
9011430020
9011430030
9011430040
9011440010
9011440020
9011440030
9011440040
9011450010
9011450020
9011450030
9011460010
9011460020
9011470010
9011470020
9011480010
9011480020
9011490010
9011490020
9011490030
9011490040
9011500020
9011510010
9011510020
9011520020
9017000010
9017000060
9017000090
9017000110
9017000150
9019000080
9019500020
9020000011
9020000070
9020000100
9021000020
9021000050
9021000080
9021000140
9021000150
9021000180
9021000192
9021000200
9022000020
9022000080
9022000100
9022000110
9022000120
9022000130
9022000170
9022000200
9022000220
9022000250
9025000050
9025000110
9025000250
9025000260
9025000280
9025000290
9025000320
9025000340
9025000380
9025000420
9030000011
9030000090
9030000100
9030000111
9030000150
9030000160
9030000210
9035000110
9035000121
9035200010
9035200020
9035200030
9035200070
9035200090
9035200100
9035300020
9035300030
9035300050
9035300100
9035300171
9035300210
9035300231
9035300280
9035300290
9035400070
9035400100
9035400120
9035400160
9035400180
9035400200
9035400241
9035400290
9035400310
9035400380
9035400480
9035400540
9035400550
9035400560
9035400570
9035400580
9035400590
9035400610
9035400640
9040000030
9040000050
9040000181
9040000183
9040000200
9040000236
9040000265
9044000050
9044000060
9044000071
9044000081
9044000090
9044000110
9044000120
9044000130
9044000260
9044000320
9044000550
9044000580
9044000682
9044000690
9044030031
9044030060
9044030080
9044030110
9044030130
9044030140
9044030160
9044040101
9044040113
9044040320
9044040330
9044040340
9044050030
9044050148
9044050149
9044500120
9045000011
9045000080
9045000161
9045000170
9045000180
9045000190
9045000231
9045000240
9050000012
9050000013
9050000040
9050000140
9050000152
9050000170
9050000262
9055000010
9055000070
9055000103
9055000104
9055000105
9060000050
9060000141
9060000250
9060000310
9060100010
9060100020
9060100210
9060100230
9060100240
9060100280
9060100290
9060100300
9060100312
9060100320
9060100340
9060100350
9060100383
9060100386
9060100390
9060100430
9060100450
9060100500
9060100550
9060100560
9060100621
9060100640
9060100671
9060100720
9060100841
9060101043
9060101111
9060500010
9060500060
9060500090
9060500100
9060500130
9060500160
9060500180
9065000042
9065000080
9065000100
9065000210
9065000240
9066000040
9066000050
9066000070
9066000080
9066000090
9066000250
9066000280
9066000310
9066000330
9066000350
9070000030
9070000120
9070000140
9070000170
9070000190
9070000200
9070000240
9070000310
9070000320
9070000430
9070000450
9070000490
9070000500
9070000550
9075000060
9075000160
9075000210
9085800160
9085800180
9085800220
9085800270
9085800360
9085800380
9085800460
9085800570
9085800580
9085800600
9085800610
9085800620
9085800660
9085800670
9085800690
9085800700
9085900030
9085900060
9085900100
9085900110
9085900130
9085900150
9085900210
9085900310
9085900350
9085900370
9085900410
9085900420
9085900430
9085900460
9085900530
9085900540
9085900590
9086000010
9086000020
9086000030
9086000040
9086000050
9086000082
9086000083
9086000140
9086000160
9088000010
9088000040
9088000050
9088000070
9088000130
9088000190
9088000230
9088000260
9088000270
9088200090
9088200120
9088200170
9088200250
9088200290
9088200400
9088200410
9088200420
9088300020
9088300080
9088300110
9088300120
9088300130
9088300140
9088300150
9088300160
9088300170
9088300190
9088300210
9089000010
9090000011
9090000021
9090000030
9090000040
9090000070
9090000150
9090000191
9090000200
9090020010
9090020020
9090020030
9090020050
9090020060
9090020120
9090020131
9090020140
9094800090
9094800160
9094800170
9094800180
9094800190
9095000031
9095000070
9095000150
9100000350
9100000461
9100000500
9100000590
9100000673
9100000680
9100000730
9100000750
9100000770
9100000780
9100000790
9100000800
9100000905
9100000964
9100200090
9100200130
9105000260
9105000280
9105000320
9105000330
9105000420
9105000461
9105000501
9105000620
9105000720
9105000730
9105000740
9105000820
9105000870
9105000900
9105000910
9105000970
9105001020
9105001073
9105001100
9105001110
9105001120
9105001160
9105001230
9105001310
9105001320
9105001400
9105001410
9105001420
9105001432
9105001510
9105001540
9105001600
9105001660
9105001730
9105001740
9105001762
9105001771
9105001788
9105001789
9110000020
9110000040
9111000010
9111300020
9111300030
9111300060
9111300110
9111300120
9111300130
9111300140
9111300150
9111300160
9112000130
9112000150
9112000160
9112000180
9112000200
9112000220
9115000060
9115000100
9115000130
9115000160
9115000210
9120000010
9120000020
9120000030
9120000040
9120000050
9120000060
9120000070
9120000130
9120000140
9120000220
9120000271
9120000281
9120000292
9120000363
9120000364
9120000400
9120000420
9120000497
9120000500
9120000534
9120000535
9120000538
9120000620
9120000650
9125000111
9125000112
9125510090
9125520060
9125520140
9126000040
9126000070
9126000080
9126000120
9126000130
9126000170
9126000180
9126000200
9126520010
9126520020
9126520030
9126530040
9126530070
9126530080
9126530090
9126530100
9127010024
9127010034
9127510010
9127510050
9127510070
9127510120
9127510130
9127510140
9127510170
9127510180
9127520010
9127520070
9127520081
9127530010
9127530020
9127530050
9127530070
9127530110
9127530120
9127530200
9127530210
9129000030
9130000070
9130000080
9130000130
9130200010
9130200120
9130200170
9131000020
9131000080
9131000090
9131000100
9131000110
9131000120
9131000130
9131000141
9131000151
9131000160
9131000190
9131000220
9131000230
9131000280
9131000320
9131000330
9131000340
9131000360
9131000404
9133000010
9133000070
9133000090
9133000130
9135000040
9135000070
9135000110
9140000050
9140000081
9140000100
9140000110
9140000181
9140000200
9140000231
9140000261
9140000281
9140000301
9140000310
9140000314
9140000317
9140000320
9140000323
9140000324
9140000332
9140000380
9140000381
9140000383
9140000386
9140000389
9140000391
9140000430
9140000470
9140000480
9140000481
9140000482
9141010040
9142000010
9142000060
9142000070
9142000080
9142000100
9142000110
9142000141
9142000151
9142000152
9142000162
9142000170
9142000180
9142000230
9142000270
9142000320
9142000330
9142000340
9142000380
9142800020
9143000040
9143000080
9143020050
9143030040
9143030080
9143030090
9143030100
9143030110
9143030140
9143030170
9143030200
9143030310
9143030330
9143030400
9143040050
9143040110
9145000120
9145000140
9145000162
9145000220
9145000260
9145000270
9145000360
9145000380
9145000450
9145000460
9145000490
9145000590
9145000600
9145000640
9145000650
9145000651
9145000660
9145000702
9145000710
9145000740
9145000770
9145000780
9148000011
9148000061
9148000071
9148000111
9148000131
9148000141
9148000151
9148000181
9150000061
9150000140
9150000150
9150000160
9150000271
9150000300
9150000380
9150000400
9150000411
9150000420
9150000440
9150000470
9150000480
9155000090
9155000119
9155000122
9155000125
9155000126
9160000040
9160000070
9160000144
9160000146
9160000164
9160000171
9160000172
9160000233
9160000272
9160000311
9160000315
9160000341
9160000401
9160000422
9160000432
9160000445
9160000451
9160000520
9160000592
9160000651
9160000652
9160000660
9160000752
9170000010
9170000050
9170000082
9170000151
9170000200
9170000250
9170000320
9170000410
9170000480
9170000491
9170000561
9170000660
9170000671
9170000750
9170000761
9170000762
9170000770
9170000790
9170000840
9170000850
9175000011
9175000012
9175000013
9175000014
9175000015
9175000016
9175000017
9175000018
9175000019
9175000020
9175000022
9175000024
9175000029
9175000090
9175000102
9175000134
9175000153
9175000154
9175000174
9175000175
9175000197
9175000220
9175000252
9175000253
9175000254
9175000265
9175000268
9175000270
9175000280
9175000281
9175000301
9175000302
9175000303
9175000304
9175000340
9175000350
9175000360
9175000380
9175000450
9175000460
9175000470
9175000490
9175000520
9175000545
9175000551
9175000576
9175000582
9175000590
9175000609
9175000612
9175000620
9175000634
9175000670
9175000720
9175000737
9175000741
9175000751
9175000760
9175000780
9175000800
9175000810
9175000821
9175000822
9175000830
9175000840
9175000851
9175000852
9175000853
9175000920
9175000940
9175000950
9176000070
9176000080
9176000120
9176000160
9176000220
9176000240
9177000030
9177000080
9177000100
9177020020
9177020050
9177020100
9177020113
9177020210
9177020230
9177020240
9177020250
9177020260
9177020300
9178500010
9178500030
9178500040
9178500120
9178500160
9178500180
9178500250
9178500260
9178500280
9178500320
9178500330
9178500360
9178500390
9178500540
9178500570
9178500590
9178500600
9178500620
9178500630
9178500660
9178500670
9178500780
9178500800
9178500830
9178500860
9180000025
9180000041
9180000070
9180000134
9180000230
9180000260
9180000390
9180000450
9180000490
9180000533
9180000536
9180000539
9180000542
9180000555
9180000674
9180000760
9180000832
9180000860
9180000890
9180000900
9180000920
9180000930
9180000946
9180000949
9180000970
9180000980
9180000990
9180001010
9180001020
9180001063
9180001131
9180001181
9180001190
9180001201
9180001210
9180001221
9180001320
9180001330
9180001351
9180001352
9180001411
9180001420
9180001460
9180001470
9180001490
9180001533
9180001640
9180001672
9180001772
9180001792
9180001950
9180002030
9180002100
9180002130
9180002140
9180002173
9180002175
9180002190
9180200021
9180200035
9180200040
9180200051
9180200062
9180200100
9180200260
9180200280
9180200302
9180200350
9180200400
9180200460
9180200540
9180200550
9180200560
9180200623
9180200632
9180200671
9180200701
9180200730
9180200750
9180200760
9180200780
9180200800
9180200820
9180200870
9180200920
9180200980
9180201000
9180201010
9180201320
9180500020
9180500030
9180500040
9180500100
9180500120
9180500160
9180500250
9180500290
9180500310
9180500370
9180500380
9180810041
9180810071
9180810101
9180810141
9180810161
9180810191
9180820020
9180820060
9180820100
9180820150
9180820160
9180820190
9180820210
9180820270
9180820280
9180820300
9180830010
9180830070
9180830120
9180830140
9180830210
9180830240
9180830250
9180830260
9180830310
9180830320
9180830330
9180830350
9181000030
9181000100
9181000160
9183000170
9184000010
9184000070
9184000090
9184000110
9184000120
9184000130
9184000150
9184000170
9184000230
9184000250
9184000270
9184510070
9184530010
9184530020
9184540020
9184560010
9185000080
9190000020
9190000120
9190000130
9190500020
9190500050
9190500060
9190500150
9190500160
9190500170
9190500260
9190500270
9190500290
9190500330
9193000050
9193000060
9193000130
9194000020
9194000030
9194000210
9194000280
9194000290
9194500090
9194500150
9194500160
9194500170
9195000020
9195000080
9195000090
9195000100
9200000020
9200000040
9205000010
9205000020
9210000340
9210000381
9210000470
9210000510
9210000520
9210000611
9210000691
9210000741
9215000010
9215000020
9215000040
9215000070
9215000080
9215000120
9215000180
9215000210
9215000260
9215000270
9215000351
9215000370
9220000070
9220000170
9220000180
9220200030
9220200110
9220200240
9220200250
9220200450
9220200470
9220200480
9220200510
9220200560
9220200570
9220200590
9220200630
9220200640
9220200670
9220200680
9220200720
9221000010
9221000031
9221000033
9225000010
9225000011
9225000012
9225000013
9225000014
9225000015
9225000016
9225000017
9225000018
9225000019
9225000021
9225000022
9225000023
9225000026
9225000027
9225000028
9225000029
9225000034
9225000040
9225000080
9225000090
9225000150
9225000200
9225000210
9225000221
9225000253
9225000262
9225000275
9225000390
9225000420
9225000491
9225000530
9225000546
9225000564
9225000565
9225000580
9225000601
9225000612
9225000625
9227000010
9227000030
9227000060
9227000130
9227000140
9227000160
9227000200
9227000210
9227200040
9227200060
9227200070
9227200090
9227220010
9235000024
9235000025
9235000100
9235000131
9235000150
9235000160
9235000181
9235000192
9235000250
9235000280
9235000380
9235000390
9240000010
9240000020
9240000080
9240000350
9240000370
9240000430
9240000470
9243000010
9243000020
9243000060
9245000020
9245000030
9245000090
9245000100
9245000111
9245000140
9245000170
9245000180
9245000190
9245000210
9250000024
9250000170
9250000210
9250000220
9250000230
9250000240
9250000250
9250000260
9253000010
9253000050
9253000130
9253000140
9253000180
9253000200
9253000220
9253000230
9253000240
9253000263
9253300010
9253300030
9253300111
9253300120
9253300122
9253300130
9253300160
9253320040
9254000010
9254000020
9254000030
9254000120
9254000130
9254000150
9254000170
9255000050
9255000071
9255000132
9255000133
9255000134
9255000144
9255000151
9255000153
9255000155
9255000156
9255000163
9255000164
9255000165
9255000166
9255000167
9255000168
9255000172
9255000191
9255000196
9255000200
9255000212
9255000216
9255000217
9255000220
9255000254
9255000257
9256010090
9256010100
9256010120
9256010130
9256010150
9256010300
9256010310
9256010330
9256010370
9256010400
9256010410
9256010420
9256010450
9256010460
9256010480
9260000020
9260000197
9260000198
9260000199
9260000200
9260000202
9260000204
9260000220
9260000270
9260000420
9260000440
9260000460
9260000490
9260000540
9260000710
9260000731
9260000751
9260000752
9260000780
9260000860
9260000890
9260000924
9260000925
9260000926
9260001021
9260001051
9260001080
9260001081
9260001082
9260001083
9260001084
9260001085
9260001086
9260001087
9260001088
9260001089
9260001090
9260001091
9260001092
9260001093
9260001094
9260001095
9260001096
9260001097
9260001100
9260001110
9260001111
9260001112
9260001113
9260001114
9260001115
9263000050
9263000060
9264000020
9264000030
9264000070
9264000080
9264000140
9264000180
9264000190
9264000220
9264000230
9265000024
9265000032
9265000061
9265000080
9265000120
9265000160
9265000180
9265000204
9265000291
9265000301
9265000321
9265000380
9265000410
9265000420
9265000450
9265000470
9265000501
9265000502
9265000510
9265000540
9265000580
9265000650
9265000700
9265000710
9265000790
9265000800
9265000810
9265000850
9265000860
9265000870
9265000901
9265000910
9265000922
9265000930
9265000940
9265000951
9265000952
9265000960
9265000971
9265000980
9265001021
9265001060
9265001090
9265001161
9265001280
9265001341
9265001360
9265001370
9265001400
9265001430
9265001450
9265001460
9265001510
9265001550
9265001560
9265001590
9265001640
9265001670
9265001690
9265001740
9265001770
9265001790
9265001800
9265001870
9265001980
9265001990
9265002000
9265002032
9265002080
9265002090
9265002100
9265002210
9265002270
9265002280
9265002350
9265002360
9265002410
9265002473
9265002474
9265002490
9265002500
9265002512
9265002513
9265002520
9265002640
9265002700
9265002710
9265002730
9265002772
9265002781
9265002831
9265002832
9265002833
9265002851
9265002852
9265002891
9265002892
9265002915
9265002940
9265002950
9265002960
9265003020
9265003030
9265003050
9265004010
9265004050
9265004090
9265004230
9265004240
9265004320
9265004341
9265004342
9265004351
9265004402
9265004560
9265004584
9265004621
9265004622
9265004660
9265004670
9265004700
9265004710
9265004750
9265004780
9265004810
9265004870
9265004930
9265004992
9265005030
9265005051
9265005100
9265005110
9265005170
9265005180
9265005210
9265005280
9265005300
9265005340
9265005360
9265005430
9265005631
9265005660
9265005750
9265005810
9265005850
9265005880
9265005903
9265005920
9265005940
9265005970
9265005990
9265006041
9265006050
9265006060
9265006100
9265006110
9265006120
9265006200
9265006300
9265006320
9265006340
9265006500
9265006520
9265006570
9265006580
9265006620
9265006630
9265006650
9265006660
9265006690
9265006700
9265006740
9266000010
9266000032
9266000070
9266000080
9269500020
9269500030
9269500080
9269500100
9269500140
9270000030
9270000040
9270000080
9270000160
9270000170
9270000270
9270000320
9270200010
9270200060
9270200070
9270200130
9275000011
9275000012
9275000023
9275000070
9275000111
9275000115
9275000129
9275000152
9275000186
9275000190
9275000202
9275000260
9275000270
9275000290
9275000340
9275000350
9275000400
9275000420
9275000450
9275000460
9275000490
9275000500
9275000511
9275000565
9275000591
9275000592
9275000612
9275000700
9275000743
9275000770
9275000780
9275000822
9275000824
9275000825
9280000040
9280000090
9280000100
9280000110
9280000120
9280000150
9280000200
9280000240
9285000030
9285000040
9285000060
9285200030
9285200060
9285200070
9285200080
9285300110
9290000040
9290000100
9290000111
9290000121
9290000190
9295000040
9295000050
9295000110
9295000130
9295200050
9295200110
9295200130
9295300040
9295300090
9295300100
9295400020
9295400030
9295400060
9295400100
9305000050
9305000110
9305000132
9305000280
9305000360
9305000450
9305000490
9305000500
9305000510
9310000071
9310000072
9310000130
9310000170
9310000190
9315000032
9315000060
9315000100
9315000130
9320000020
9320000090
9320000101
9320000102
9320000103
9320000104
9320000310
9320000343
9320000351
9325000020
9325000030
9325000040
9325000091
9325000100
9325000123
9327000020
9327000080
9327000160
9327000170
9327000210
9327000370
9327000380
9327000400
9327000410
9327000470
9327000500
9330000020
9330000060
9335000022
9335000030
9335000320
9340000010
9340000070
9340000100
9340000120
9340000140
9340000145
9340000160
9340000190
9340000221
9340000330
9340000460
9340000480
9340000501
9340000530
9340000561
9340000620
9340000650
9340000690
9340000733
9340000736
9340000941
9343000010
9343000040
9343000060
9345000029
9345000062
9345000400
9345000523
9350000101
9350000112
9350000130
9350000150
9350000160
9350000193
9350000194
9350000210
9350000220
9350000230
9350000261
9350000301
9350200063
9350200092
9350200093
9350200171
9350200186
9350200211
9350200222
9350200232
9350300030
9355000010
9355000071
9355000083
9355000100
9355000310
9355500020
9355500060
9355500090
9356000020
9356000050
9356000090
9356000172
9356000180
9356000240
9360000010
9360000020
9363000080
9364500031
9364500120
9364500130
9364500170
9364500200
9364500230
9364500240
9365000020
9365000120
9375000090
9375000110
9375000280
9375000290
9375000301
9380000111
9380000112
9380000123
9380000151
9380000205
9380000206
9380000223
9380000254
9380000481
9380000511
9380000541
9380000611
9380000640
9385000020
9385000050
9385000070
9385000080
9386000030
9386000110
9386000210
9386000230
9386000240
9386000260
9386000280
9386000320
9386020070
9386020090
9386020110
9386020140
9386020180
9386020190
9388000010
9388000030
9388000040
9388000110
9388000150
9388000220
9388020010
9388020040
9388020070
9388040070
9390000012
9390000052
9390000060
9390000080
9390000090
9390000100
9390000110
9390000143
9390000145
9390000170
9390000200
9390000270
9390000280
9390000300
9390000330
9390000350
9390000370
9390200070
9390200100
9390200110
9390200170
9390200330
9390200380
9390200420
9390200430
9390200450
9390200460
9393100010
9393100020
9393100050
9393100062
9393100110
9393100120
9393100131
9393100170
9393100180
9393100220
9393100240
9393100250
9393100260
9393100280
9393100330
9393100340
9393100390
9393100410
9393100460
9393200010
9393200040
9393200130
9393200140
9393200150
9393200200
9393200210
9393200240
9393200310
9393200340
9393300033
9395000050
9395000090
9395000150
9395000190
9395000200
9395000230
9395000260
9395000370
9395000380
9395000390
9395000400
9395000430
9395000440
9395000460
9395000500
9395200060
9395200120
9395300010
9395300030
9395300060
9395300120
9395300140
9395300200
9395400010
9395400020
9395400040
9395400060
9395400080
9395400100
9395400110
9395400150
9395400180
9395400200
9395400230
9395400300
9395400320
9395400330
9395400350
9395400370
9395400390
9395400400
9395400410
9395400450
9395400460
9400000021
9400000022
9400000031
9400000032
9400000100
9405000030
9405000070
9405000300
9407000020
9407000070
9407000140
9407000240
9407000300
9407000310
9407000380
9407000400
9407000430
9407000450
9407100070
9407100100
9407100130
9407100170
9407100180
9407100191
9407100220
9407100230
9407100240
9407100250
9410000050
9410000061
9410000071
9412000150
9412000200
9412000240
9412000250
9412000260
9412000270
9412000350
9412000370
9412030010
9412030070
9412030160
9412030170
9412030200
9412030210
9415000070
9415000090
9420000022
9420000023
9425000020
9425000031
9425000060
9425000083
9425000114
9425000120
9425000141
9425000142
9425000212
9425000250
9425000260
9425000320
9425000460
9425000510
9425000531
9425000542
9425000551
9425000620
9430000023
9430000027
9430000032
9430000040
9430000046
9430000051
9430000067
9430000068
9430000069
9430000110
9430000132
9430000133
9430000160
9430000203
9430000260
9430000270
9430000310
9430000350
9430000390
9430000400
9430000440
9430000450
9430000470
9430000660
9430000700
9430000770
9430000790
9430000930
9430000960
9430001060
9430001070
9430001110
9430001130
9430001280
9430001341
9430001370
9430001411
9430001421
9435000074
9435000075
9435000076
9435000090
9435000104
9435000105
9435000163
9435000270
9435000320
9445000070
9445000150
9445000190
9445000200
9445000270
9445000290
9445000340
9445000350
9445000420
9445000520
9445000530
9445000540
9445000550
9445000591
9445000620
9445000634
9445000636
9445000681
9445000683
9445000690
9445000732
9445000780
9445000782
9445000784
9445000785
9450000012
9450000101
9450000131
9450000133
9450000151
9450000160
9450000170
9450000232
9450000250
9450000270
9450000290
9451000040
9451000180
9451000190
9451000200
9451000360
9451000450
9451000460
9451010010
9451010040
9451020010
9451100010
9451100030
9451100040
9451100100
9451100150
9451100170
9451510020
9451510033
9451510034
9451510040
9451520013
9451520020
9451520050
9455000030
9455000040
9455200060
9455300040
9455300070
9455300080
9455300110
9455400010
9455400030
9455500050
9455600040
9455600110
9460000020
9460000051
9460000060
9460000070
9460000101
9460000105
9460000106
9460000108
9460000110
9460000140
9460000270
9460000380
9460000393
9460000400
9460000421
9460000463
9460000475
9460000480
9460000490
9460000530
9460000540
9460000571
9460000601
9460000610
9460000670
9460000730
9460000740
9460000750
9460000760
9460000831
9460000891
9460000911
9460000920
9465000040
9465000080
9465000101
9465000102
9465000131
9465000134
9465000141
9465000142
9466000040
9470000081
9470000082
9470000083
9470000120
9470000201
9470000210
9470000220
9470000291
9470000304
9470000305
9470000340
9470000370
9470000380
9470000462
9470000500
9470000530
9470000540
9470000571
9470000680
9470000690
9470000710
9470000730
9470000740
9470000750
9470000771
9470000780
9470000790
9470000801
9470000890
9470001020
9470001030
9470001061
9470001130
9474500010
9474500030
9475000070
9480000080
9480000160
9480000170
9480000190
9480000240
9480000270
9480000300
9480000310
9480000380
9480000400
9485000030
9485000050
9485000083
9485000140
9485000150
9485000160
9485000170
9485000180
9485000280
9485000340
9485000380
9485000620
9485000731
9485000821
9485000940
9485000970
9485000980
9485000990
9485001000
9485001080
9485001190
9485001200
9485001210
9485001221
9485001222
9485001320
9485001330
9485001340
9485001400
9485001440
9485001460
9485001470
9485001500
9485001510
9487000041
9490100010
9490100070
9490100120
9490100150
9490100160
9490100230
9490100310
9490100320
9490200080
9490200100
9490200120
9490200170
9490200180
9490200220
9490200270
9490200280
9490200310
9490200360
9490200380
9490200410
9490200440
9490200510
9490200560
9490200650
9490300020
9490300090
9490400010
9490400020
9490400090
9490400100
9490400120
9490400170
9490400190
9490400270
9490500110
9490500120
9490500240
9490500280
9490500300
9490600030
9490600040
9490600050
9490600100
9490600150
9490600170
9490600220
9490600260
9490600311
9490600312
9490600382
9490600391
9490600392
9490600413
9490600415
9490600451
9495000100
9495000120
9495000131
9495000141
9495200020
9495200040
9495200140
9495200260
9495200290
9495320603
9495500040
9495500060
9495500070
9495500090
9495500150
9495500190
9495500270
9495500300
9495500320
9495520041
9495520050
9495520080
9495520110
9495520130
9495520230
9495520250
9496000030
9496000050
9496000100
9496000120
9496000140
9497000030
9497000050
9497000070
9497000100
9497000130
9497000140
9497020030
9497020180
9497020210
9497020220
9497020230
9497020240
9497020250
9497020270
9497020280
9497020300
9497020340
9497020360
9497020380
9497020440
9497020480
9497020490
9497020520
9497020580
9497020680
9497020690
9497020790
9497020810
9500000140
9500000210
9500000220
9500000240
9500000260
9500000282
9500000310
9500000331
9500000380
9500000420
9500000440
9500000450
9500000460
9500000480
9500000490
9500000500
9500000590
9500000650
9500000670
9500000740
9500000780
9500000800
9500000890
9500001180
9500001290
9500001360
9500001380
9500001410
9500001450
9500001560
9500001580
9500001590
9500001600
9500001680
9500050020
9500050030
9500050050
9500050080
9500050090
9500050100
9500050110
9500050150
9500050160
9500050180
9500050200
9500050210
9500050220
9500050230
9500060010
9500060020
9500060030
9500060050
9500060080
9500060100
9500060150
9500060160
9500060210
9500060240
9500060250
9500060290
9500060300
9500060310
9500060320
9500060330
9500080021
9500080041
9500080050
9500090060
9500100030
9500200020
9500200060
9500200120
9500200130
9500200140
9500300010
9500300030
9500300040
9500300080
9500400090
9500400100
9500500070
9500500080
9500500122
9500500131
9501000010
9501000020
9501000030
9501000040
9501000050
9501000060
9501000070
9501000080
9502000010
9502000050
9502000070
9503000020
9503000040
9503000060
9503000090
9503000120
9503000130
9503000140
9503000180
9503000190
9503000240
9503000250
9503000260
9505000120
9505000140
9505000181
9505000200
9505000250
9505000320
9505100130
9505100150
9510000070
9512010040
9512010090
9512010100
9512010150
9512010200
9512010210
9512010250
9512500021
9512500041
9512500110
9512500130
9512500210
9512500221
9512500222
9515000060
9515000110
9515000170
9515000201
9515000210
9515000240
9515000290
9515000300
9515000310
9515000350
9515000421
9515000430
9515000490
9515000570
9515000580
9515000601
9515000720
9515000830
9515000900
9515001050
9515001070
9515001090
9515001210
9515001320
9515001331
9515001350
9515001370
9515001390
9515001420
9515001470
9520000010
9520000020
9520000030
9520000040
9520000061
9520000072
9520000074
9520000101
9520000121
9520000143
9520000153
9520000154
9520000168
9520000173
9520000174
9520000181
9520000192
9520000210
9520000230
9520000234
9520000235
9520000236
9530000030
9530000170
9530000182
9530000183
9530000230
9530000261
9530000262
9535000091
9535000093
9535000094
9535000127
9535000136
9535000141
9540000040
9540000080
9540100010
9540100021
9540100062
9540100064
9540100073
9540100112
9540100241
9540100250
9540100354
9540100390
9540100400
9540100430
9540100440
9540150032
9540150053
9540150063
9540150064
9540150071
9540150120
9545000010
9545000020
9545000040
9545000070
9545000090
9545020020
9545020050
9545020061
9545020072
9545020084
9545020121
9545020131
9545020132
9550000021
9550000040
9550000060
9550000100
9550000111
9550000140
9550200041
9550200071
9550200090
9550200120
9550200250
9550200280
9550200290
9550200300
9550200340
9550200361
9550200511
9550400020
9550400040
9550400080
9550400110
9550400130
9550400160
9550400220
9550400250
9550400280
9550400290
9550400340
9550400350
9550400430
9550400470
9550400490
9550400500
9550400510
9551000051
9551000140
9551000150
9551000200
9551000230
9551000250
9551000310
9551000330
9551000340
9552800060
9552900010
9552900030
9552900130
9552900210
9552900220
9552900290
9552900300
9552900340
9553000010
9553000020
9553000090
9555000050
9555000060
9555000080
9555000120
9555000130
9557500130
9560000051
9560000083
9560000092
9560000093
9560000102
9560000150
9560000163
9560000164
9560000166
9560000167
9560000182
9560000183
9560000184
9560000195
9560000200
9560000244
9560000260
9560300110
9560300130
9560300141
9560300151
9560300161
9560300190
9560300220
9560300230
9560300360
9560300380
9560400010
9560400020
9560400033
9562000020
9562000030
9562000120
9562000140
9562000160
9562000180
9562000190
9565000020
9565000040
9565000050
9565000060
9565000070
9565000121
9565000122
9565000280
9565000290
9565000300
9565000320
9565000330
9565000380
9565000401
9565000420
9565000430
9565000440
9565000441
9565000471
9565000583
9565000584
9565000585
9565000586
9565500040
9565500080
9650000020
9650000030
9650000050
9650000080
9650000200
9660000010
9660000070
9660000080
9660000130
9660000180
9660000230
9660020020
9660020030
9660020040
9660020111
9670000042
9670000101
9670000130
9670000172
9670000182
9670000231
9670000232
9670000271
9670000281
9670000321
9670000420
9670000470
9670000501
9670100090
9670100110
9670100130
9670100160
9670100200
9675000031
9680000034
9680000054
9683000080
9683000090
9683000100
9683000140
9683000160
9683000190
9683000220
9683000250
9684000010
9684000020
9684000030
9684000040
9684000080
9684000100
9684000210
9684000230
9684000260
9684000280
9684000300
9684000310
9684000320
9684700010
9684700040
9684700050
9685000020
9690000030
9690000104
9690000105
9690000180
9690000310
9690000411
9690000422
9690000432
9690000520
9690000551
9690000552
9695000060
9695000070
9695000080
9695000120
9697500040
9700000100
9702000050
9702000140
9702000160
9702000180
9702000190
9702000200
9702000300
9702000310
9702000341
9702000351
9702000370
9702000390
9702000430
9702000440
9702000450
9702000480
9702000520
9702000540
9702000560
9702000580
9703000040
9703000050
9703000120
9703000250
9703000370
9703000460
9703000470
9703000480
9703000490
9703000500
9703020080
9703020130
9703020180
9703020240
9703020260
9703020290
9703020300
9705000020
9705000030
9705000100
9705000111
9705000160
9705000210
9705000240
9705000330
9707000010
9707000030
9707000040
9707000050
9707000070
9707000080
9707000100
9707000140
9707000150
9707000190
9707000240
9707000260
9707000270
9707000310
9707000320
9707000350
9707000360
9707000370
9710000020
9710000046
9710000070
9710000080
9710000090
9710000150
9710000231
9710000292
9710000300
9710000322
9710000340
9710000381
9710000390
9710000400
9710000410
9710000450
9710000491
9710000493
9710000494
9710000602
9710000662
9710000702
9710000743
9710000750
9710000781
9710000782
9710000783
9710000785
9710000840
9710000850
9710000980
9710001072
9710001135
9710001150
9710001160
9710001313
9710001361
9710001371
9710001390
9710001431
9710001450
9710001511
9710001521
9710001551
9710001591
9710001630
9710001640
9710001653
9710001654
9710001670
9710001690
9710001710
9710001791
9710001800
9710001810
9720000020
9720000100
9720000110
9720000210
9720000230
9720000260
9720000270
9720000360
9720000390
9720000400
9720000410
9720000440
9720000461
9725000013
9725000120
9726000040
9727000031
9727000041
9727000050
9727000060
9727000090
9730000060
9730000070
9730000130
9730000140
9730000151
9730000271
9730000370
9730000400
9730000430
9730000450
9730000460
9730000520
9730000530
9730000700
9730000730
9730000860
9730000870
9735000060
9740000010
9740000040
9740000080
9745000020
9745000200
9745000350
9750000090
9750000140
9750000150
9750000180
9750000220
9750000230
9760000011
9760000030
9760000090
9760000100
9760000110
9760000130
9760000210
9760000230
9760000300
9760200020
9760200210
9760200220
9760200260
9760200270
9760200340
9760200420
9760200452
9760200480
9760200490
9760200500
9760200510
9760200600
9760200650
9760200690
9760200700
9760200710
9760200720
9760200730
9760200821
9760200851
9760200861
9760200891
9760200901
9760201000
9760201030
9760201052
9760201091
9760201100
9760201111
9760201120
9760201130
9765000041
9765200030
9765200040
9765200060
9765200100
9765200140
9765200171
9765200174
9765300020
9765300050
9765300070
9765300130
9765300140
9765300150
9765300230
9765300270
9765300292
9765300300
9765300340
9765300380
9765300400
9765300440
9765300450
9765300460
9765400011
9765400070
9765400100
9765400140
9765400160
9765400210
9765400220
9765400230
9765400271
9765400310
9770000012
9770000013
9770000023
9770000024
9770000051
9770000072
9770000073
9770000085
9770000086
9770000108
9770000136
9770000140
9770000210
9770000211
9770000215
9770000219
9770000226
9770000240
9770000247
9770000250
9770000261
9770000262
9775000010
9775000051
9775000080
9775000120
9775000130
9780000010
9780000120
9780000140
9780000160
9780000221
9780000222
9780000250
9780000280
9780000330
9784000050
9784000060
9784200040
9784200060
9784200090
9784200100
9784200110
9784200120
9784200130
9784310020
9784310040
9784310100
9784310120
9784310130
9784310170
9784310180
9784310190
9784310200
9784310220
9784310230
9784310240
9784310270
9784310280
9784310290
9784310300
9784310340
9784310380
9784310400
9784310440
9784320020
9784320030
9784320050
9784320080
9784320110
9784320120
9784320180
9784320231
9784320250
9784320300
9784320320
9784320350
9784320370
9784320390
9784320441
9784330010
9784330040
9784330130
9784330170
9784330220
9784330240
9784330250
9784340030
9784340050
9784340060
9784350010
9784350020
9784350070
9784350080
9784350100
9784350120
9784400010
9784400031
9784400040
9784400090
9784400180
9784400210
9784400240
9784400280
9784400310
9784400331
9784400332
9784400340
9784400350
9784800010
9784800020
9784800090
9784800100
9784800130
9784800210
9784800270
9784830040
9784830080
9784830090
9784830100
9784830120
9784830150
9784830190
9784830230
9784830290
9784830340
9784830430
9784830500
9784850040
9784850050
9784850091
9784850120
9784900080
9784900090
9784900110
9784900120
9784900210
9784900230
9784900240
9784900250
9784900260
9784900300
9784900360
9784900370
9784900380
9784900400
9784900450
9784900490
9784900520
9784900570
9784900580
9784900590
9784900600
9784900680
9784900720
9784900780
9784900800
9784900850
9784900910
9784900920
9784900950
9784900960
9784900970
9784900980
9784901030
9784901080
9784901110
9784901120
9784901130
9784920020
9784920080
9784920110
9784920130
9784920160
9784920190
9784920220
9784920250
9785000010
9785000030
9785000084
9785000092
9785000093
9785000101
9785000150
9785000212
9785000221
9785000231
9785000232
9785000250
9785000251
9785000253
9785510060
9785510090
9785520111
9785520330
9790000020
9790000070
9790000100
9790200030
9790200060
9790200080
9790200090
9790200170
9790200180
9790200210
9790200260
9790300011
9790300020
9790300040
9790300080
9790300091
9790400080
9790400090
9790400120
9790400130
9790400170
9790400200
9790400210
9790400290
9790400310
9790400320
9790400330
9790400340
9790400360
9790400380
9790420030
9790420090
9790420110
9790420150
9790420180
9790420220
9790420230
9790500060
9790500100
9790500130
9790500150
9790500160
9790500230
9790500240
9795000340
9795000371
9795000372
9795000690
9795000701
9795000762
9795000800
9795000860
9795000900
9795000930
9795000940
9795000960
9795000961
9795000970
9795001002
9795001064
9795001082
9795001231
9795001280
9797000080
9797000140
9797000170
9797000200
9797000240
9797000260
9797000270
9797000310
9797000360
9797000420
9797000430
9797000440
9797000450
9797000461
9797000462
9800000010
9800000020
9800000070
9800000111
9800000131
9800000160
9800000170
9800000210
9800000250
9800000280
9800000300
9800000310
9800000330
9801500260
9801500270
9801500330
9801500350
9801500370
9801500450
9801500461
9801500480
9801500550
9801500560
9801500640
9801500690
9801500700
9802000010
9802000050
9802000060
9802000160
9805000031
9805000032
9805000070
9805000130
9805000140
9805000190
9810000014
9810000015
9810000016
9810000101
9810000120
9810000130
9810000140
9810000151
9810000161
9810000281
9810000381
9810000643
9810000644
9810000645
9810200013
9811000030
9811210020
9811210050
9811210080
9811210090
9811210121
9811220040
9811220050
9811230040
9811240020
9811240030
9811240040
9811240060
9811240070
9811240080
9811250010
9811250040
9811250060
9811250070
9811250080
9811250120
9811250140
9811250160
9813000010
9813000020
9813000040
9813000060
9813000070
9813000100
9813000120
9815000070
9815000100
9815000110
9815000121
9815000221
9815000231
9815000240
9815000250
9815000251
9815000261
9815000280
9815000322
9815000331
9815000341
9815000371
9815000374
9815000400
9815000401
9815000402
9817000050
9817000071
9817000120
9820000010
9825000031
9825000034
9825000050
9825000060
9825000080
9825000100
9830000015
9830000016
9830000034
9830000043
9830000121
9835000040
9835000050
9835000060
9835000070
9835000150
9835000172
9835000175
9835000178
9835000205
9835000221
9835000243
9835000250
9835000282
9835000367
9835000375
9835000379
9835000382
9835000400
9835000411
9835000414
9835000425
9835000426
9840000060
9840000070
9840000090
9840000110
9845000030
9845000040
9845000060
9845000080
9845000090
9845000100
9845000110
9845000141
9845000160
9845000170
9845000180
9845000210
9845000260
9845000281
9845000290
9845000320
9845000350
9845000370
9845000380
9845000400
9845000421
9845000440
9845000470
9845000540
9847000010
9847000020
9850000030
9850000040
9850000060
9850000070
9850000160
9850100010
9850100020
9850100030
9850100040
9850100150
9853000050
9853000140
9853000190
9853000210
9853000270
9854000020
9854000040
9854000060
9854000100
9854000110
9854000140
9855000010
9855000020
9855000110
9855000300
9855000360
9860000020
9860000030
9860000061
9860000062
9860000073
9860000090
9860000141
9865000020
9865000030
9865000051
9865000060
9865000080
9865000090
9865000123
9865000124
9870000050
9900000060
9900000070
9900000080
9900000100
9900000160
9900000170
9900000280
9900000312
9900000340
9900000350
9900000363
9900200020
9900200060
9900200090
9900200150
9900200170
9900300030
9900400030
9900400050
9900400060
9900400080
9900400090
9900400240
9900400260
