0020010100
0020010301
0020010302
0020010303
0020010504
0020010701
0020010801
0020010802
0020020103
0020020104
0020020500
0020020700
0020020900
0020021100
0020021301
0020021502
0020021600
0020021800
0020022000
0020022101
0020022102
0020022200
0020030100
0020030200
0020030400
0020030500
0020030600
0020030801
0020030802
0020040100
0020040300
0020040400
0020040600
0020040701
0020040702
0020040703
0020050100
0020050101
0020050200
0020050500
0020050502
0020050600
0020050700
0020050800
0020050900
0020051100
0020051200
0020051300
0020051500
0020052300
0020052401
0020052402
0020052403
0020060003
0020060101
0020060202
0020061100
0020061303
0020061403
0020061404
0020061601
0020061800
0020070100
0020070400
0020070500
0020070700
0020070800
0020071002
0020071303
0020071502
0020071701
0020071901
0020080102
0020080103
0020080300
0020080400
0020080501
0020080502
0020080503
0020080600
0020080701
0020081100
0020081200
0020081300
0020081400
0020081500
0020081700
0020081900
0020082102
0020082103
0020090102
0020090103
0020090300
0020090500
0020090700
0020090900
0020091201
0020091202
0030031100
0030031700
0030031800
0030031900
0030032000
0030032101
0030032102
0030041300
0030041700
0030042100
0030042200
0030091300
0030091600
0030091800
0030091900
0030092101
0030092301
0030100400
0030100600
0030100901
0030100903
0030101000
0030101400
0030101500
0030101600
0030101700
0030101900
0030102201
0030110100
0030110500
0030110700
0030110901
0030110902
0030111300
0030112000
0030112100
0030112200
0030120100
0030120300
0030120500
0030120600
0030120900
0030121100
0030121300
0030121500
0030121700
0030121901
0030122201
0030130400
0030130501
0030160100
0030160200
0030160500
0030160700
0030160800
0030160900
0030161100
0030170100
0030170300
0030170601
0030170900
0030171100
0030171300
0030171400
0030171600
0030171700
0030171900
0030172100
0030180101
0030180202
0030180203
0030180300
0030180600
0030180700
0030180800
0030180900
0030181000
0030181100
0030181200
0030181401
0030181502
0030181700
0030181902
0030190100
0030190901
0030190902
0030191001
0030191002
0030191101
0030191102
0030191201
0030191202
0030191302
0030191304
0030191305
0030191306
0030191307
0040200100
0040200200
0040200300
0040200400
0040200500
0040200600
0040200700
0040200800
0040200900
0040201000
0040201100
0040201200
0040201300
0040201600
0040202000
0040202100
0040210100
0040210200
0040210400
0040210500
0040210700
0040210900
0040211100
0040211303
0040211304
0040211803
0040212100
0040220100
0040220300
0040220400
0040220500
0040220700
0040220800
0040220900
0040221000
0040221100
0040221200
0040221302
0040221700
0040222001
0040230100
0040231201
0040231301
0040231700
0040231800
0040231900
0040232000
0040232100
0040232201
0040240100
0040240200
0040240400
0040240600
0040240800
0040241200
0040241300
0040241400
0040241500
0040241600
0040241700
0040241800
0040241901
0040250501
0040250502
0040250600
0040250700
0040250800
0040250900
0040251100
0040251300
0040251500
0040251600
0040251700
0040252100
0040252400
0040260101
0040260201
0040260700
0040260902
0040261000
0040261300
0040261901
0040262201
0040270100
0040270800
0040270900
0040271000
0040271100
0040271300
0040271601
0040272000
0040272300
0040280200
0040280500
0040280700
0040280800
0040280900
0040281300
0040281401
0040281501
0040281602
0040281801
0040281900
0040282100
0040282300
0040290101
0040290500
0040290800
0040290900
0040291000
0040291100
0040291200
0040291300
0040291700
0040292100
0040300100
0040300300
0040300400
0040300600
0040300700
0040300900
0040301000
0040301300
0040301500
0040301800
0040302000
0040302200
0040310100
0040310400
0040310700
0040310900
0040311300
0040311500
0040311600
0040311801
0040312200
0040320101
0040320301
0040320600
0040320700
0040321300
0040321800
0040322101
0040330100
0040330300
0040330400
0040330500
0040330700
0040330900
0040331100
0040331300
0040331400
0040331601
0040331602
0040331700
0040332300
0040340600
0040341000
0040341300
0040341700
0040341901
0040342200
0040342300
0040380001
0040380002
0070010000
0070020000
0070030000
0070040000
0070050000
0070080000
0070090000
0070100000
0070110000
0070120000
0070130000
0070140000
0070160001
0070170002
0070190000
0080000020
0080000030
0080000040
0100010100
0100010200
0100010301
0100010302
0100010400
0100010500
0100010600
0100010700
0100010800
0100010900
0100011000
0100011204
0100011206
0100011301
0100011302
0100020101
0100020102
0100020201
0100020300
0100020400
0100020500
0100020600
0100020705
0100020802
0100030100
0100030201
0100030202
0100030500
0100030600
0100030700
0100031000
0100031100
0100031200
0100040201
0100040401
0100040402
0100040502
0100040600
0100040701
0100040801
0100040902
0100041002
0100041006
0100041102
0100041202
0100041302
0100041303
0100050100
0100050200
0100050300
0100050400
0100050500
0100050600
0100050700
0100050900
0100051000
0100051100
0100051200
0100060100
0100060300
0100060400
0100060500
0100060600
0100060701
0100061000
0100061100
0100061200
0110000000
0110000100
0110000302
0110000401
0110000500
0110000600
0110000700
0110000800
0110001000
0110001200
0110001300
0140010000
0140020000
0140030000
0140040000
0150010100
0150010300
0150011100
0150020100
0150020200
0150020301
0150020501
0150020700
0150020800
0150030100
0150030500
0150030800
0150031100
0150050101
0150050301
0150050505
0150050707
0150060108
0150060109
0150060404
0150060806
0150061105
0150061201
0150070301
0150071208
0150080108
0150080500
0150080701
0150090109
0150090700
0150090800
0150210003
0150210005
0150210008
0150210013
0150210017
0150210018
0150210019
0150210023
0150210024
0150210025
0150210027
0150210028
0150290003
0150320008
0150320010
0150320020
0150320021
0150320022
0150320023
0150320024
0150330001
0150330005
0150330006
0150330007
0150340001
0150340004
0150340007
0150350002
0150350004
0150350005
0150360001
0150360002
0150370010
0150370020
0150370040
0150380002
0150380004
0150380005
0150410000
0150420005
0150420006
0150430004
0150430008
0150430009
0150430010
0180010001
0180010002
0180010003
0180010004
0180020001
0180020004
0180030001
0180030002
0180030003
0180040002
0180040004
0180040007
0180040009
0180050002
0180050003
0180070002
0180080002
0180090002
0180090003
0180100001
0180100002
0220010000
0220030000
0220040000
0220050000
0220060000
0220070000
0220080000
0220090000
0220100000
0220110000
0220220001
0220220003
0220220006
0220230002
0220240005
0220240006
0220240007
0220240008
0220240009
0220240011
0220250001
0220250002
0220260001
0220260002
0220280000
0230020000
0240010001
0240010004
0240030002
0240030003
0240030011
0240120014
0240130001
0240160001
0240170008
0240170010
0240170012
0240170014
0260010000
0260020000
0260030000
0260050000
0260060000
0260070000
0260080000
0260090001
0260090002
0260100001
0260100002
0260110001
0260110002
0260130001
0260130002
0260210001
0260220001
0260230000
0260240000
0260250000
0260260000
0260270000
0260280000
0280010100
0280010200
0280010400
0280010501
0280010502
0280010700
0280010901
0280011100
0280011200
0280020100
0280020300
0280020400
0280020501
0280020700
0280020800
0280020900
0280021100
0280021200
0280030100
0280030200
0280030300
0280030400
0280030500
0280030600
0300010000
0300020000
0300030000
0300040000
0300050000
0300060000
0300070000
0300080000
0300090000
0300100000
0300110000
0300120000
0300130000
0300140000
0300150000
0300160000
0300170000
0300180000
0300190000
0300200000
0300210000
0300240000
0300250000
0300260000
0300270000
0300280000
0300290000
0300310000
0300320000
0300330000
0300350000
0300370000
0300380000
0300390000
0300400000
0300410000
0300420000
0300440000
0300450000
0300460000
0320010001
0320010002
0320020001
0320030001
0320030002
0320040001
0320040002
0320050000
0320060000
0320070000
0320080000
0320090004
0320090006
0320090007
0340010000
0340030002
0340060000
0340070000
0340090000
0340100000
0340110000
0340120000
0340130000
0340150000
0340160001
0340180000
0340190000
0340210000
0340230002
0340230003
0340240001
0340260001
0340290001
0340300001
0340310003
0340310005
0340340000
0340360000
0340370001
0340370002
0340390001
0340400000
0340420000
0340430001
0340440001
0340460003
0340460006
0340460008
0340460009
0340500009
0340510017
0340520001
0340520003
0340520009
0340520015
0340520017
0340530004
0340530005
0340530020
0340550005
0340550007
0340550012
0340550013
0340570009
0340570011
0340570013
0340590006
0340590007
0340600005
0340600006
0340610010
0340610011
0340660000
0360030102
0380010101
0380011200
0380020103
0380020202
0390020000
0390030001
0390030002
0390040000
0450010102
0450010401
0450011100
0450011400
0450020100
0450020300
0450021200
0450021700
0450022001
0450022100
0450022201
0450022401
0450040100
0450040200
0450040500
0450040800
0450041300
0450041500
0450050100
0450060100
0450070100
0450070300
0450080100
0450080400
0450081900
0450090100
0450090600
0450100100
0450110100
0450110200
0450110301
0450110800
0450111400
0450111500
0450120102
0450120200
0450120300
0450120400
0450120601
0450121201
0450121600
0450121900
0450122000
0450122200
0450122900
0450123000
0450123100
0450130100
0450130200
0450130301
0450140101
0450140200
0450140301
0450140400
0450140500
0450140700
0450150101
0450150200
0450150400
0450150500
0450151200
0450151400
0450151800
0450152200
0450152400
0450153100
0450153500
0450154402
0450160100
0450170100
0450170300
0450170900
0450180201
0450180800
0450181100
0450181300
0450190100
0450191200
0450191800
0450200100
0450210100
0450210400
0450210700
0450211000
0450211200
0450211300
0450211700
0450211800
0450220100
0450230100
0450230700
0450240100
0450250500
0450250501
0450250601
0450250800
0450260100
0450260300
0450260900
0450261000
0450270100
0450270700
0450280100
0450280300
0450280401
0450280700
0450280800
0450281100
0450281200
0450290100
0450290501
0450290801
0450300100
0450310100
0450310600
0450320100
0450330100
0450340200
0470010100
0470010300
0470010700
0470020100
0470020302
0470020801
0470030100
0470050100
0470050400
0470060100
0470060300
0470060600
0470060900
0470070001
0470070002
0470070003
0470070004
0470070005
0470070011
0470070012
0470070014
0470070015
0470070016
0470070017
0470070021
0470070024
0470070025
0470070026
0510201000
0510261201
0510261700
0510261800
0510270600
0510270801
0510270802
0510271000
0510271100
0510280400
0510280601
0510280602
0510280700
0510280800
0510281100
0510281200
0510290103
0510290703
0510290704
0510310000
0510320100
0510320702
0510320801
0510321000
0510321200
0510321402
0510321501
0510330101
0510330600
0510330700
0510331001
0510331201
0510331500
0510331600
0510340010
0510340020
0510340031
0510340041
0510340080
0510340090
0510340100
0510340121
0510340141
0510350200
0510350300
0510350400
0510351000
0510351101
0510351300
0510351400
0510351500
0510351600
0510360101
0510360602
0510360700
0510361001
0510361200
0510361300
0510361400
0510361500
0510370101
0510370401
0510370600
0510430101
0510430102
0510430300
0510430400
0510440100
0510440300
0510441300
0510441500
0510441602
0510450100
0510451403
0510451603
0510460101
0510470200
0510470400
0510470500
0510471300
0510471501
0510471502
0510480100
0510480200
0510480400
0510481000
0510481500
0510490000
0510860000
0550010100
0550020101
0550020102
0550020400
0550020600
0550021203
0550030102
0550030300
0550030400
0550030500
0550030600
0550030700
0550030800
0550030901
0550040101
0550040201
0550040401
0550040801
0550050100
0550050200
0550050300
0550050400
0550050600
0550050801
0550060100
0550060600
0550070101
0550070400
0550070601
0550080100
0550080300
0550080500
0550100300
0550100501
0550100600
0550100800
0550110101
0550110301
0550110503
0550110802
0550111101
0550111201
0550111600
0550120200
0550120501
0550121000
0550121300
0550121400
0550122000
0550122100
0550130500
0550130700
0550130901
0550130902
0550131300
0550131701
0550131901
0550132200
0550140101
0550140600
0550140700
0550141400
0550141700
0550141801
0550142001
0550150104
0550150302
0550150501
0550150603
0550151002
0550151403
0550151900
0550152000
0550152100
0550152300
0550160302
0550160701
0550160802
0550161001
0550161101
0550161201
0550161301
0550161402
0550161503
0550161802
0550162001
0550170400
0550180300
0550181900
0550190500
0550191100
0550191700
0550192300
0550192500
0550192600
0550192700
0550200100
0550200260
0550202700
0550212800
0550220000
0550230100
0550230400
0550232000
0550232100
0550240100
0550240300
0550250100
0550250400
0570010100
0570010200
0570010400
0570011600
0570011800
0570012201
0570012500
0570012600
0570013100
0570013500
0570020101
0570020302
0570020700
0570030100
0570030901
0570031001
0570031201
0590120101
0590130801
0590160400
0590160700
0590161901
0590170102
0590170401
0590170402
0590170602
0590170701
0610000001
0610010000
0610020000
0610060000
0610070000
0610080000
0610090000
0610100001
0610100002
0610100004
0610100005
0610100006
0610100010
0610100011
0610100012
0610110006
0610110007
0610120000
0610130000
0610140000
0610150000
0610160000
0610170002
0610170003
0610170004
0610280000
0610290000
0610300100
0610300200
0610420100
0610420200
0610430101
0610440000
0610450100
0610450201
0610450202
0610460100
0610460200
0610460304
0610470101
0610470102
0610470300
0610470400
0610470800
0610470900
0610471002
0610471003
0610471004
0610500100
0610500400
0610500700
0610500800
0610500900
0610501001
0610501100
0610501200
0610501600
0610501700
0610501900
0610501902
0610502000
0610502100
0610502200
0610502302
0610502303
0610502401
0610510100
0610510300
0610510400
0610510500
0610510700
0610510900
0610511100
0610511300
0610511702
0610512300
0610512400
0610512501
0610512700
0610512800
0610513000
0610513200
0610513400
0610513600
0610513800
0610514000
0610520100
0610520202
0610520400
0610520700
0610520901
0610521100
0610521300
0610521700
0610521800
0610521900
0610522200
0610522400
0610522500
0610523101
0610523200
0610523300
0610523700
0610523900
0610524000
0610524100
0610524200
0610530100
0610530200
0610530400
0610530500
0610530700
0610530900
0610531000
0610531200
0610531300
0610531500
0610531700
0610531800
0610531900
0610532200
0610532400
0610532500
0610532600
0610532700
0610532900
0610533100
0610533200
0610533300
0610533400
0610533500
0610533700
0610533900
0610534000
0610534100
0610540100
0610540203
0610540305
0610540500
0610540700
0610540900
0610541100
0610541500
0610541700
0610541800
0610542000
0610542100
0610542200
0610542300
0610542500
0610542900
0610543100
0610543200
0610543300
0610543402
0610543700
0610543900
0610544001
0610550100
0610550400
0610550700
0610550900
0610551100
0610551200
0610551300
0610551400
0610551500
0610551600
0610551700
0610551800
0610552000
0610552100
0610552201
0610552500
0610552900
0610553000
0610553100
0610553700
0610560100
0610560200
0610560301
0610560402
0610560700
0610560900
0610561000
0610561100
0610561300
0610561400
0610561800
0610570100
0610610000
0610620100
0610620302
0610620501
0610620502
0610620800
0610621000
0610621200
0610621300
0610621400
0610621600
0610622000
0610622100
0610622201
0610622203
0610622300
0610622301
0610622400
0610622500
0610622700
0610622800
0610622900
0610623001
0610623100
0610630101
0610630102
0610630503
0610630602
0610630800
0610631000
0610631100
0610631300
0610631400
0610631500
0610631800
0610631900
0610632000
0610632200
0610632300
0610632400
0610632500
0610632601
0610632801
0610633000
0610650100
0610650201
0610650202
0610650404
0610650503
0610650601
0610650700
0610650800
0610651100
0610651400
0610651501
0610651700
0610651801
0610652100
0610652200
0610652300
0610652400
0610652801
0610660100
0610660200
0610660300
0610660400
0610660600
0610660700
0610660800
0610660901
0610661000
0610661001
0610661200
0610661400
0610661501
0610661800
0610661900
0610662000
0610662100
0610662201
0610662400
0610662500
0610662600
0610662701
0610663001
0610663002
0610663100
0610670100
0610670200
0610670300
0610670500
0610670600
0610670900
0610671001
0610671100
0610671201
0610671500
0610671600
0610671700
0610672200
0610672300
0610672501
0610672701
0610672800
0610680100
0610680200
0610680300
0610680400
0610680500
0610680600
0610680700
0610680800
0610681000
0610681101
0610681201
0610681301
0610681701
0610682202
0610682300
0610682401
0610682500
0610682700
0610682800
0610690100
0610690200
0610690300
0610690400
0610690500
0610690600
0610690800
0610690900
0610691101
0610691202
0610691300
0610700100
0610700201
0610700300
0610700400
0610700701
0610700800
0610700900
0610701000
0610701300
0610701400
0610701500
0610701700
0610701801
0610701901
0610702100
0610702301
0610702500
0610702601
0610710400
0610710500
0610710600
0610730300
0610730401
0610730601
0610730700
0610730701
0610730900
0610731100
0610731201
0610731400
0610731502
0610731602
0610731800
0610731900
0610740200
0610740300
0610740500
0610741100
0610741200
0610751002
0610751102
0610751200
0610751500
0610751600
0610751800
0610751900
0610752000
0610790700
0610790800
0610790900
0610791000
0610791100
0610791200
0610791300
0610791400
0610791500
0610791600
0610791700
0610820101
0610820304
0610820305
0610820400
0610830101
0610830201
0610830301
0610830302
0610830400
0610830401
0610830500
0610830600
0610830702
0610830704
0610830802
0610830902
0610831000
0610831100
0610831200
0650010000
0650020000
0650030000
0650040000
0650050000
0650060000
0650070000
0650080000
0700010400
0700010800
0700010900
0700011100
0700011300
0700011600
0700012300
0700012500
0700012800
0700012900
0700013400
0700013600
0700020104
0700020501
0700020701
0700021100
0700021200
0700021401
0700030100
0700030400
0700030600
0700030800
0700031200
0700031300
0700031501
0700031502
0700040100
0700040200
0700040300
0700040400
0700040500
0700040600
0700040800
0700050201
0700050500
0700050600
0700050800
0700050900
0700051000
0700060100
0700060700
0700070100
0700070500
0700070700
0700071001
0700071101
0700071500
0700071600
0700071700
0700071800
0700071900
0700072000
0700072100
0700072200
0700072300
0700072400
0700072501
0700072502
0700072700
0700073001
0700073002
0700080100
0700080201
0700080800
0700081200
0700081600
0700081601
0700081701
0700090101
0700090500
0700090701
0700091100
0700091200
0700100100
0700100400
0700100500
0700100600
0700100700
0700100800
0700100900
0700101100
0700101201
0700101501
0700101900
0700102000
0700102101
0700102102
0700102200
0700110300
0700110400
0700110500
0700110600
0700110700
0700111000
0700111100
0700111200
0700111300
0700111400
0700120100
0700120900
0700130100
0700140000
0700150101
0700150800
0700160100
0700160200
0700160300
0700160400
0700160500
0700160600
0700160700
0700170100
0700170200
0700170300
0700170400
0700170500
0700180000
0720010000
0720040000
0720060000
0720110000
0720130000
0720140000
0720150000
0720160000
0720170000
0720200000
0720220000
0720230000
0720240000
0720250000
0720270000
0720300000
0720330000
0720350000
0720380000
0720400000
0720410001
0720410002
0720430000
0720450000
0720480002
0720490001
0720490003
0720490004
0720500000
0720510000
0720530000
0720550001
0720550002
0720560000
0720590001
0720590003
0720590004
0720590005
0720590006
0720590007
0720590008
0730010100
0730010200
0730010400
0730010500
0730010600
0730010700
0730011100
0730020100
0730020600
0730020700
0730020800
0730020900
0730021200
0730021300
0730021600
0730021700
0730021900
0730030102
0730030103
0730030501
0730030600
0730030700
0730031501
0730040100
0730040300
0730040400
0730040500
0730040600
0730040900
0730041000
0730041200
0730041300
0730050100
0730050200
0730050400
0730050500
0730051500
0730080100
0730080500
0730080700
0730110100
0730110201
0730110202
0730110300
0740060001
0740060002
0740060200
0740060300
0740060400
0740070101
0740070201
0740070402
0740070500
0740070601
0740070701
0740070901
0740071101
0750011300
0750011500
0750011600
0750090100
0750090101
0750090200
0750090300
0750090503
0750090504
0750100001
0750100300
0750110401
0750111200
0750200200
0770010100
0770010101
0770010102
0770010103
0770010202
0770010203
0770010204
0770010303
0770010305
0770010308
0770010309
0770010405
0770010406
0770010407
0770010408
0770010501
0770010502
0770010503
0770010602
0770010701
0770010702
0770010801
0770010803
0770011004
0770020102
0770020300
0770020401
0770020402
0770020501
0770020502
0770020601
0770020602
0770020700
0770020800
0770020903
0770021100
0770030102
0770030104
0770030105
0770030201
0770030300
0770030401
0770030500
0770030600
0770030700
0770030801
0770030802
0770040103
0770040104
0770040105
0770040107
0770040108
0770040201
0770040202
0770040301
0770040302
0770040401
0770040402
0770040601
0770040602
0770040703
0770040801
0770040802
0800010102
0800010702
0800011300
0800011700
0800011900
0800012001
0800012201
0800012500
0800020100
0800020400
0800020500
0800021201
0800030100
0800030800
0800031302
0800031601
0800031800
0800031900
0800040100
0800040500
0800040900
0800041300
0800041900
0800050100
0800060800
0800061300
0800061400
0800061600
0800061701
0800070100
0800071000
0800071300
0800071400
0800071800
081 COMMON
0810010002
0810010003
0810020001
0810070000
0810120002
0810220001
0810240001
0810280002
0810290001
0810350003
0810360004
0810390001
0810390002
0810390005
0810400007
0810400008
0810410000
0810460000
0810510000
0810560000
0810580002
0810590001
0810610002
0810610003
0810630000
0810660001
0810680000
0810690000
0810700000
0810710000
0810720000
0810720001
0810730001
0810750003
0810760000
0810810000
0810960001
0810960002
0811070000
0811080003
0811100002
0811170001
0811190000
0811220001
0811220002
0811230003
0811230004
0811250000
0811260001
0811260002
0811290000
0811300000
0811310000
0811360000
0811390000
0811400001
0811420000
0811430000
0811450000
0811460004
0811480000
0811490000
0811500000
0811510000
0811520000
0811530001
0811530002
0811540001
0811540002
0811560000
0811570000
0811580000
0811590000
0811600006
0811600007
0811610005
0811620000
0811640002
0811650000
0811660000
0811670000
0811680000
0811710003
0811710004
0811720002
0811730002
0811770000
0811780002
0811790001
0811790003
0811810000
081COMMON
0820010100
0820010900
0820011400
0820012100
0820012800
0820020100
0820020800
0820021300
0820021500
0820021700
0820030200
0820030700
0820031100
0820031300
0820031500
0820031700
0820031800
0820040100
0820041101
0820041401
0820050100
0820050300
0820050600
0820050900
0820051100
0820051200
0820051400
0820051601
0820051700
0820051900
0820060100
0820060300
0820060800
0820061100
0820061300
0820061900
0820070100
0820070300
0820071100
0820071200
0820071900
0820080100
0820080600
0820081000
0820081200
0820081300
0820090106
0820090400
0820090500
0820090700
0820091100
0820091400
0820091600
0820100101
0820100102
0820100400
0820100601
0820100700
0820101100
0820101401
0820101600
0820110101
0820110301
0820111000
0820111200
0820111500
0840010101
0840010400
0840010600
0840010901
0840011500
0840012600
0860010101
0860010200
0860010300
0860010400
0860010500
0860010600
0860010700
0860010800
0860010900
0860011500
0860011600
0860011700
0860011800
0860011900
0860012000
0860020100
0860020301
0860020600
0860020700
0860020900
0860021100
0860021400
0860021600
0860021800
0860030100
0860030400
0860030500
0860030700
0860031100
0860040100
0860040300
0860040400
0860040500
0860040800
0860041100
0860041400
0860041600
0860041700
0860041800
0860041900
0860050101
0860050102
0860050301
0860050400
0860050500
0860050801
0860050901
0860051100
0860051200
0860051700
0860120102
0860140000
0900020101
0900050101
0900050700
0900050900
0900051400
0900060902
0900061300
0900070100
0900070401
0900071501
0900080200
0900080201
0900080400
0900080600
0900080800
0900081000
0900081100
0900081300
0900081400
0900081900
0900090100
0900090200
0900100400
0900100701
0900100702
0900110100
0900110401
0900111000
0900111300
0900111600
0900120100
0900120400
0900120700
0900121000
0900121100
0900121200
0900121900
0900130101
0900130501
0900130700
0900131300
0900131501
0900140100
0900140700
0900150106
0900151000
0900151100
0900160100
0900160500
0910090100
0910090300
0910090500
0910100001
0910120400
0910120700
0910120900
0910121000
0910121300
0910130300
0910130400
0910130600
0910130700
0910130900
0940010101
0940020100
0940030100
0940040100
0940050000
0950010300
0950010400
0950010700
0950020100
0950020400
0950020701
0950021100
0950021301
0950030100
0950040502
0950040903
0950041001
0950041900
0950052200
0950080100
0950090103
0950090300
0950100100
0950100400
0950101000
0950110100
0950110500
0950110700
0970010100
0970011200
0970020100
0970020700
0970021000
0970021200
0970030001
0970030002
0970040101
0970041000
097PARK
0980010100
0980060300
0980060400
0980060501
0980060600
0980060700
0980061100
0980061200
0980070100
0980070300
0980070400
0980070500
0980070700
0980070800
0980071100
0980080100
0980090100
0980100100
0980100200
0980100300
0980100301
0980100700
0980100900
0980101101
0980101200
0980101400
0980101600
0980110100
0980110800
0980110804
0980110900
0980111200
0980111300
0980111600
0980120100
0980120300
0980120500
0980120700
0980120800
0980120900
0980121000
0980121100
0980121200
0980121401
0980121500
0980130100
0980130900
0980131000
0980131200
0980131400
0980131600
0980140100
0980140300
0980140501
0980140600
0980140800
0980140901
0980141100
0980141301
0980141400
0980150100
0980150500
0980150701
0980150800
0980150900
0980151200
0980151500
0980151600
0980190400
0980200100
0980220100
0980220900
0980221100
0980230100
0980230900
0980231001
0980231002
0980231100
0980231300
0980231400
0980231500
0980240100
0980240200
0980240300
0980240400
0980240501
0980240600
0980240800
0980240900
0980241000
0980241100
0980241200
0980241300
0980241400
0980241500
0980250100
0980250200
0980250401
0980250800
0980250900
0980251000
0980251100
0980251300
0980251500
0980251600
0980260101
0980260102
0980260103
0980260301
0980260500
0980260600
0980260800
0980260900
0980261100
0980261300
0980261401
0980261402
0980270101
0980270202
0980270400
0980270500
0980270700
0980270900
0980271000
0980271200
0980271300
0980271400
0980280100
0980280400
0980280500
0980280700
0980290100
0980290400
0980290701
0980290703
0980290801
0980290900
0980291000
0980300100
0980300200
0980300301
0980300303
0980300400
0980310100
0980310200
0980310300
0980310400
0980310500
0980310600
0980310700
0980310801
0980310802
0980311000
0980311100
0980311201
0980311301
0980311401
0980320100
0980320500
0980320600
0980320700
0980320800
0980321101
0980321102
0980321500
0980330100
0980330400
0980330600
0980330800
0980330901
0980330902
0980331100
0980331200
0980331300
0980331400
0980331500
0980331600
0980340000
0980340400
0980340500
0980340800
0980350100
0980350400
0980360100
0980360300
0980370102
0980370103
0980370104
0980370203
0980370401
0980370402
0980370501
0980380100
0980380300
0980390100
0980390300
0980390500
0990010102
0990010700
0990010901
0990020106
0990040100
0990040300
0990040501
0990050100
0990050501
0990051101
0990060900
0990070100
0990070500
0990070700
0990070900
0990080101
0990080501
0990081101
0990081700
0990090100
0990090300
1000050100
1000050500
1000051500
1000060600
1000060800
1000061000
1000061400
1000061600
1010010100
1010010300
1010010800
1010011000
1010011200
1010011500
1010011600
1010011800
1010012004
1010020100
1010020200
1010020301
1010020402
1010020900
1010021100
1010021200
1010021300
1010021500
1010021601
1010021602
1010021800
1010021900
1010022000
1010022100
1010022400
1010022500
1010022700
1010030100
1010030300
1010030403
1010030404
1010030601
1010031100
1010031300
1010031400
1010031600
1010040100
1010050100
1010050400
1010050700
1010050800
1010050900
1010060104
1010060300
1010060400
1010060703
1010060900
1020010001
1020010002
1020010003
1020010005
1020010007
1020020001
1020020002
1020020003
1020020004
1020020005
1020020006
1020030001
1020030002
1020030003
1020030004
1020030006
1020040002
1020040003
1020040004
1020040005
1020050001
1020050002
1020050007
1020060003
1020060004
1020060005
1020060007
1020060009
1020060010
1020070001
1020070003
1020070004
1020070005
1020070006
1020070007
1020090000
1020110001
1020130002
1020140003
1020140005
1020150001
1020150002
1020150003
1020160001
1020160002
1020160004
1020160005
1020170003
1020170004
1020170005
1020170006
1020170007
1020180001
1020180002
1020180003
1020190002
1020190005
1020190008
1020190009
1040020007
1040030006
1040050001
1040050003
1040050004
1040050009
1040060002
1040060003
1040060005
1040060006
1040070001
1040070005
1040070006
1060010100
1060020102
1060020200
1060020300
1060020500
1060020501
1060020800
1060030100
1060060101
1060060200
1060060201
1060060400
1060060500
1060060600
1060060700
1060070001
1060080300
1060090101
1060090300
1060090500
1060090600
1060090800
1060100100
1060130200
1060130500
1060130600
1060130801
1060130802
1060140100
1060140201
1060140500
1060140600
1060140700
1060150000
1060170500
1060170700
1090010303
1090010304
1090010401
1090010403
1090010404
1090010405
1090010503
1090010504
1090010505
1090010506
1090010507
1090010600
1090010700
1090010800
1090020210
1090020211
1090030202
1090030301
1090030400
1090030501
1090030503
1090030603
1090030701
1100010400
1100010600
1100010800
1100011000
1100020100
1100020200
1100020501
1100020700
1100030101
1100030300
1100030500
1100030600
1100030700
1100040100
1100040400
1100040600
1100040800
1100040900
1100050001
1100050009
1100050010
1100050011
1100050012
1100050013
1100060101
1100070101
1100070202
1100070602
1100070900
1100071000
1100080100
1100080200
1100080302
1100080400
1100080600
1100080701
1100080901
1100090100
1100090300
1100090401
1100090402
1100090600
1100090700
1100091000
1100100201
1100100302
1100100501
1100100502
1100110000
1110030100
1110030603
1110040100
1110040200
1110040300
1110040801
1110040802
1110041000
1110041101
1120000201
1120000202
1120000300
1120000400
1120000500
1120000600
1120000800
1120000900
1120001000
1120001100
1120001200
1120001300
1120001400
1130010001
1130010002
1130030003
1130060001
1130080001
1130100000
1130110000
1130130001
1130150000
1130160000
1130190002
1130210000
1130260000
1130270000
1130280000
1140010000
1140030001
1140040000
1140080000
1160010100
1160010200
1160020100
1160020201
1160020203
1160020300
1160020400
1160020504
1160030001
1160030003
1160030004
1160030005
1160030006
1160030007
1160040002
1160040003
1160040004
1160040005
1160040006
1160040009
1160040010
1160050201
1160050202
1160050401
1160050402
1160060101
1160060103
1160060201
1160060202
1160060301
1160060302
1160060401
1160070100
1160070400
1160070500
1160080100
1160080200
1160080300
1160090100
1160090201
1160090301
1160090302
1160090400
1160100100
1160100200
1160100300
1160100301
1160100500
1160100800
1160110200
1160110400
1160120300
1160130006
1160130008
1160140201
1160140402
1170010102
1170010300
1170010401
1170010501
1170010601
1170010602
1190010000
1190020102
1190020200
1190020400
1190020800
1190030200
1190030300
1190030500
1190030601
1190030602
1190040100
1190040300
1190040400
1190040500
1190050100
1190050401
1190050500
1190060103
1190060104
1190060200
1190070107
1190070202
1190070403
1190070404
1190070500
1190070902
1190080410
1190080509
1190080801
1190080902
1190081000
1190081100
1190081200
1190081300
1190081400
1190081603
1190081604
1190081605
1190081704
1190081706
1190081707
1190090101
1190090400
1190090900
1190100100
1190100300
1190100600
1190120000
1200000001
1200000003
1200000004
1200000006
1200010002
1200010007
1200010008
1200020009
1200020010
1200030005
1200040001
1200040002
1200050001
1200050002
1200060000
1200070001
1200070002
1200080000
1200090001
1200090002
1200090003
1200100001
1200110002
1200120005
1200120007
1220110000
1220120004
1220170000
1220180101
1220180400
1220180600
1220180700
1220180801
1220180802
1220181201
1220181301
1220181500
1220181600
1220181700
1220181801
1220181901
1220190100
1220190300
1220190401
1220190700
1220190800
1220190900
1220191100
1220200300
1220200500
1220200600
1220200700
1220200800
1220210103
1220210303
1220210402
1220210700
1220210900
1220211100
1220220103
1220220104
1220220305
1220220602
1220220606
1220230100
1220230200
1220230400
1220230500
1220230700
1220230800
1220230900
1220231000
1220231100
1220240001
1220240002
1220250000
1220260002
1220270001
1220270005
1220270006
1220280001
1220280004
1220290004
1220290005
1220290006
1220300000
1220310001
1220310003
1220310004
1220320001
1220330003
1220330010
1220330011
1220330016
1220330017
1220330018
1220330019
1220330020
1220340010
1220340011
1220350007
1220350008
1220350009
1220360006
1220370002
1220370003
1220380010
1220380015
1220380016
1220380023
1220380025
1220380027
1220380028
1220380029
1230010001
1230010003
1230030000
1230050000
1230060000
1230080000
1230090000
1230100001
1230100002
1250010102
1250010301
1250020101
1250020302
1250020401
1250020503
1250020604
1250020704
1250020901
1250020903
1250030300
1250030400
1250030500
1250030601
1250040301
1250040500
1250040602
1250040607
1250040608
1250040802
1250040803
1250040804
1250050200
1250050300
1250050504
1250050602
1250060300
1250060402
1250060500
1250070200
1250070301
1250070302
1250070501
1250070503
1250070601
1250070603
1250070704
1250070801
1250080100
1250080200
1250080300
1250080400
1250080500
1250080700
1250090100
1250090200
1250090400
1250090500
1250090600
1250090800
1250100100
1250100400
1250100500
1250100700
1250110000
1270010004
1270040002
1270050001
1270050002
1270060001
1270060002
1270070000
1270080000
1270090001
1270090002
1270110000
1270120000
1270130003
1270140001
1270150004
1270160000
1280010100
1280010200
1280010302
1280010400
1290010001
1290010002
1290020000
1290030000
1290040000
1300010101
1300010102
1300010200
1300010400
1300010700
1300011100
1300011300
1300011401
1300020100
1300020601
1300020700
1300021000
1300021700
1310130001
1310140003
1310140005
1310140006
1310160001
1310160004
1310180001
1310180003
1310180004
1310190000
1310200004
1310220003
1310220004
1310230000
1320010200
1320010400
1320010600
1320010900
1320011200
1320011400
1320011701
1320011702
1320011800
1320011900
1320012101
1320012102
1320020101
1320020300
1320020400
1320020900
1320021100
1320021200
1320030100
1320030700
1330010000
1330020003
1330030001
1330030002
1330040001
1330040002
1330060000
1340010500
1340010800
1340010900
1350010004
1350010006
1350030000
1350040000
1350050007
1350060001
1350060004
1350060005
1350070001
1350070002
1350080001
1350090002
1350090003
1350090004
1350100003
1350100004
1350110005
1350110006
1350120002
1350120004
1350130000
1350140001
1350150002
1350160001
1350160002
1350170001
1350170004
1350170005
1350170009
1350170010
1350170011
1350180002
1360010000
1360040000
1360050000
1360060000
1360080000
1360090000
1360100000
1360110000
1360120000
1360130003
1360140001
1360150000
1360170000
1360180000
1360190000
1360200000
1360210001
1360210002
1360220000
1360230000
1360240000
1360250000
1360260000
1360270000
1360280000
1360290000
1360300000
1360330000
1360340002
1360360001
1360370002
1360390001
1370010300
1370010500
1370010600
1370020100
1370020300
1370020400
1370020600
1370020700
1370020802
1370020902
1370021100
1370021400
1370021600
1380010000
1380050001
1380050002
1380060001
1380060002
1380070000
1380080000
1380110000
1380160000
1380200000
1390000100
1400010100
1400010200
1400010301
1400010401
1400010500
1410010000
1410020000
1410030000
1410050000
1410060000
1410070000
1420010100
1420010400
1420010600
1420010900
1420011100
1420020100
1420020201
1420020202
1420020300
1420020501
1420020502
1420020702
1420022400
1420022701
1420022705
1420022802
1420022803
1420023000
1420023100
1420033201
1420033202
1420040101
1420040401
1420040501
1420040701
1420040900
1420041100
1420041300
1420041700
1420041900
1420042100
1420042400
1420043000
1420050602
1420050605
1420051701
1420051800
1420052500
1420052600
1420052700
1420052800
1420053200
1420061900
1420062000
1420062200
1420062400
1420062500
1420062600
1420062900
1420063000
1420063100
1420070102
1420070103
1420070200
1420070300
1420070501
1420070502
1420071000
1420080100
1420080500
1420080800
1420080900
1420081000
1420081300
1420081401
1420081402
1420091100
1420091200
1420091300
1420091400
1440010100
1440010300
1440010400
1440010500
1440010600
1440020101
1440020400
1440020500
1440020600
1450010104
1450010105
1450010202
1450010500
1450010600
1450010700
1450010900
1450011002
1450011400
1450020101
1450020300
1450020600
1450020802
1450021001
1450021100
1450021200
1450021300
1450030100
1450030400
1450030500
1450030600
1450030700
1450030800
1450031000
1450031200
1450031300
1450031400
1450031500
1450031600
1450040103
1450040105
1450040106
1450040500
1450040600
1450040700
1450041600
1450041700
1460050300
1460050400
1460050500
1460050600
1460050701
1460050702
1460050900
1460051000
1460051101
1460051102
1460051200
1460051504
1460051602
1460051603
1460051702
1460051900
1470010100
1470010200
1470020300
1470020400
1470020501
1470020700
1470020800
1470030102
1470030103
1470030301
1470030304
1470040100
1470040600
1470040700
1470040800
1470040900
1470041100
1470041200
1470050100
1470050200
1470050300
1470050400
1470050702
1470050800
1470051000
1470051100
1470051200
1470060100
1470060300
1470060400
1470060601
1470060602
1490011700
1490020900
1490021400
1490030700
1490040200
1490040500
1490040600
1490040701
1490040702
1490050100
1490050400
1490050600
1490050700
1490050900
1490051400
1490060900
1490061100
1490061200
1490061300
1490061401
1490061402
1490061500
1490070900
1490071200
1490071300
1490071500
1490080200
1490080400
1490080500
1490080700
1490080800
1490080900
1490081200
1490081300
1490081500
1490081600
1490090101
1490090102
1490090300
1490090400
1490090500
1490090600
1490090700
1510010002
1510010003
1510010005
1510020000
1510020001
1510020003
1510020004
1510020005
1510030001
1510030004
1510030007
1510030008
1510030011
1510030012
1510040004
1510050010
1510050012
1510050013
1510050016
1510050017
1510070002
1510080001
1510080002
1510080004
1510080005
1510090001
1510100000
1510110005
1510110007
1510120000
1510130000
1510140001
1510170001
1510180004
1510200000
1510220000
1510240001
1510240002
1510240004
1510250000
1510270000
1510280000
1510290000
1510310000
1510320000
1510330000
1530010000
1530030000
1530050000
1530060000
1530120000
1530130000
1530150000
1530170000
1530190000
1530230000
1530250000
1530270000
1530290001
1530350000
1530350001
1550010014
1550030005
1550030007
1550030015
1550030016
1550040003
1550050001
1550050004
1550050006
1550060012
1550070008
1550080004
1550080012
1550080017
1550080020
1550090016
1550090019
1550100014
1550100018
1550110006
1550110011
1550130013
1550140003
1550140016
1550140017
1550140018
1550150001
1550170005
1550200001
1550240001
1550240003
1550250000
1550260000
1550260001
1550280000
1570010100
1570010200
1570010300
1570010400
1570010600
1570010700
1570010900
1570011000
1570011100
1570020100
1570020200
1570020400
1570020500
1570020600
1570020700
1570020900
1570021000
1570021101
1570030100
1570030200
1570030300
1570030700
1570030900
1570031200
1570040000
1570040300
1570040401
1570040402
1570040500
1570050200
1570050400
1570060200
1570060400
1570060501
1570060601
1570060602
1570070100
1570070200
1570070300
1570070400
1570070500
1570070603
1570080100
1570080200
1570080501
1570090100
1570090200
1570090400
1570090500
1570090603
1570090604
1570100100
1570100200
1570100300
1570100400
1570100501
1570100503
1570110101
1570110300
1570110402
1570110600
1570120104
1570120301
1570120401
1570120402
1570120601
1570120603
1570120700
1570120812
1570120813
1570120814
1570120901
1570121003
1570121008
1570121203
1570121301
1570121400
1570130101
1570130103
1570130201
1570130301
1570130303
1570130802
1570130904
1570131001
1570131003
1570131004
1580020000
1590010000
1590020000
1590040000
1590060001
1590090000
1610010100
1610010601
1610013100
1610013200
1610013700
1610013800
1610014100
1610014300
1610014700
1610014900
1610015300
1610021300
1610021400
1610021600
1610021700
1610021900
1610022100
1610022300
1610022500
1610022600
1620010000
1620020000
1620030000
1620030001
1620040000
1620060002
1620080000
1630010000
1630020000
1630030000
1630040000
1630050000
1630080000
1640090000
1640100000
1640120000
1640140000
1650000200
1650000300
1650000400
1660010101
1660010300
1660010500
1660010600
1660020100
1660020600
1660020701
1660021100
1660021200
1660030100
1660030300
1660030400
1660030500
1660030600
1660030701
1660030704
1660030802
1660030803
1660030902
1660031001
1660031002
1660031004
1660031007
1660031103
1660031113
1660031114
1660031204
1660031208
1660031216
1660040102
1660040201
1660040203
1660040302
1680010000
1680030000
1680060000
1690010100
1690020102
1690020104
1690020105
1690020202
1690020300
1690020400
1690020500
1690020501
1690020502
1690020600
1690020700
1690020801
1690020802
1690020901
1690020902
1690020903
1690021002
1690030100
1690030101
1690030201
1690030301
1690030401
1690030402
1690030501
1690030502
1690030601
1690030602
1690030701
1690030903
1690031005
1690031006
1690031101
1690031103
1690040100
1690040400
1690040500
1690040700
1690040901
1690040902
1690041001
1690041002
1690041201
1690041202
1690041301
1690041400
1690050100
1690050300
1690050600
1690050800
1690060200
1690060501
1690060600
1690070300
1690070500
1690070800
1690071100
1690071200
1690071301
1690071302
1690071401
1690071402
1690071500
1690071600
1690071700
1690071800
1690071901
1690071902
1690072001
1690072002
1690072101
1690072102
1690072202
1690072203
1690072301
1690072400
1690072700
1700080400
1700080500
1700080600
1700080700
1700080900
1700081000
1700081100
1700081200
1700081600
1700081800
1700081900
1700082100
1700082200
1700090100
1700090400
1700090500
1700090700
1700090800
1700090900
1700091200
1700091500
1700100101
1700100300
1700100401
1700100402
1700100601
1700100602
1700100700
1700100901
1700100902
1700110101
1700110500
1700120100
1700120202
1700120300
1700120503
1700120504
1700120603
1700120604
1700120700
1700120800
1700120901
1700120902
1700121000
1700121100
1700121201
1700130102
1700130104
1700130401
1700130502
1700130600
1700130702
1700130800
1700131001
1700131002
1700140200
1700140501
1700140502
1700140600
1700140700
1700150101
1700150102
1700150103
1700150104
1700150300
1700150500
1700150600
1700150901
1700151000
1700151100
1700151400
1700151500
1700151602
1700151701
1700151800
1700151900
1700152000
1700152100
1700152200
1700152300
1710010000
1710020000
1710030000
1710040000
1710050001
1710050002
1710060003
1710060004
1720010100
1720010400
1720010500
1720020101
1720020400
1720020600
1720020900
1720021100
1730000010
1730000020
1740010000
1740020000
1740030000
1740040000
1740060001
1740070000
1740080000
1740090000
1740100000
1740110000
1760010000
1760020000
1760030000
1760040000
1760050000
1760060000
1760080000
1760100000
1760110000
1760120002
1760130001
1760140000
1760150000
1760170000
1760180000
1760190000
1760200000
1770010100
1770010300
1770010500
1770010800
1770011000
1770020000
1770030100
1770030300
1770030400
1770040100
1770040700
1770041000
1770041600
1770041800
1770042100
1770042301
1770050100
1770050500
1770050600
1770051001
1770060100
1770060200
1770060401
1770060402
1770070300
1770070500
1770070700
1770070900
1770071100
1770071300
1770071600
1770071800
1770071900
1770072101
1770072102
1770072400
1770072500
1770080701
1770080901
1770081200
1770081401
1770081700
1770090402
1770100100
1770100300
1770100500
1770100700
1770100900
1770101100
1770101401
1770102100
1770102300
1770102400
1770102500
1770102600
1770110500
1770110800
1770111000
1770111100
1770111300
1770120101
1770120202
1770120401
1770130103
1770130300
1770130500
1770130700
1770130900
1770131100
1770131401
1770131900
1770132300
1770132500
1770140101
1770140102
1770150100
1770151000
1770160100
1770160101
1780100100
1780100200
1780100300
1780100400
1780100500
1780100700
1780100900
1780101000
1780101100
1780101200
1780101300
1780101400
1780200100
1780200200
1780200300
1780200400
1780200600
1780200700
1780200800
1780200900
1780201000
1780201200
1780201400
1780201500
1780201600
1790020000
1790030000
1790040000
1790050000
1790060000
1790070000
1790080000
1790090000
1790110000
1800010002
1800020001
1800040001
1800050402
1800050403
1800060001
1800060002
1800070000
1800090000
1800100000
1800110000
1800120000
1800140000
1810010100
1810010402
1810010600
1810010700
1810010800
1810011000
1810011100
1810011200
1810011300
1810020100
1810020200
1810020400
1810020500
1810020703
1820000100
1820000200
1820000500
1820000700
1820000800
1820000900
1820001000
1820001100
1830071002
1830071501
1830071502
1830071601
1830080900
1830081000
1830081101
1830081102
1830081200
1830081300
1830081400
1830081500
1830081600
1830090900
1830091200
1830091300
1830100100
1830100200
1830100300
1830100500
1830100701
1830100800
1830110101
1830110300
1830110400
1830110501
1830110502
1830110601
1830110602
1830110700
1830120100
1830120300
1830120400
1830120500
1830120600
1830120701
1830120702
1840200200
1840200300
1840200400
1840200500
1840200600
1840201000
1840201100
1840201200
1840201400
1840201500
1840201600
1840210101
1840210102
1840210300
1840210400
1840210500
1840210600
1840210800
1840210900
1840211002
1840211100
1840211200
1840211400
1840211500
1840220000
1840230100
1840230200
1840230300
1840230400
1840230500
1840230600
1840240100
1840240200
1840240301
1840240500
1840240700
1840250100
1840250200
1840250300
1840250600
1840250800
1850300100
1850300200
1850300300
1850300400
1850300500
1850300700
1850300800
1850310100
1850310500
1850310600
1850310701
1850310702
1850310802
1850320100
1850320200
1850320400
1850320500
1850330101
1850330202
1850330300
1850330400
1850330500
1850330603
1850330604
1850340100
1850340200
1850340300
1850340400
1850340500
1850340600
1850340700
1850340800
1850350300
1850350400
1850350500
1850350600
1850350700
1850350801
1850351000
1850360101
1850370101
1850370102
1850370301
1850370800
1850370900
1850371000
1850371100
1850371200
1850371300
1850371400
1850371500
1850371600
1850371700
1850371801
1850371802
1860400100
1860400200
1860400300
1860400400
1860400500
1860400700
1860400800
1860410300
1860410400
1860410500
1860410600
1860420102
1860420503
1860420601
1860420700
1860430100
1860430200
1860430400
1860430500
1860430900
1860431000
1860431100
1860431200
1860431300
1860431400
1860431500
1860440002
1860440003
1860440004
1860440006
1860440007
1860440008
1860440009
1860440010
1870010000
1870020000
1870030000
1870040000
1880010100
1880010300
1880010400
1880010600
1880010800
1880010901
1880010903
1880011101
1880011302
1880011400
1880011500
1880020100
1880020200
1880020300
1880020400
1880020500
1880020600
1880020700
1880020800
1880020900
1880021000
1890010000
1890020000
1890030000
1890040000
1900010100
1900010200
1900010400
1900010500
1900010600
1900010800
1900010900
1900011301
1900011501
1900011601
1900011700
1900011800
1900011904
1900020100
1900020200
1900020400
1900020500
1900020600
1900020700
1900020800
1900021000
1900021200
1900021600
1900021700
1900021900
1900022000
1900022100
1900022300
1900022400
1900022500
1900022600
1900022801
1910020001
1910020002
1910190001
1910280000
1910700903
1910700904
1910720100
1910721000
1910780100
1910800100
1910810900
1910820100
1910820900
1920010101
1920010104
1920010106
1920010200
1920010300
1920010400
1920010500
1920020100
1920020200
1920020300
1920020400
1920030100
1920030201
1920030202
1920030300
1920030400
1930010000
1930020000
1930030000
1930040000
1930050000
1930060000
1940011502
1940011601
1940011900
1940020100
1940020300
1940020400
1940020601
1940020801
1940021300
1940021500
1940021600
1940021700
1940021900
1940022000
1940022101
1940022102
1940030100
1940030300
1940030600
1940040101
1940040102
1940040300
1940040500
1940040600
1940041900
1940042000
1940042200
1940042300
1940051900
1940052100
1950010800
1950010900
1950011100
1950011200
1950011300
1950020500
1950030300
1950030400
1950030600
1950040200
1950040400
1950040500
1950040600
1950040800
1950040900
1950041000
1950041300
1960000100
1960000200
1960000400
1960000500
1960000600
1960000700
1960000800
1960001100
1960001200
1960001301
1960001302
1960001402
1960001503
1960001801
1960002001
1960002100
1960002400
1960002602
1960002700
1960002800
1960002901
1960003000
1960003200
1960003302
1960003400
1960003500
1960003600
1970000200
1970000300
1970000400
1970000702
1980860000
1980870601
1980871100
1980880103
1980880401
1980880606
1980880703
1980880800
1980880900
1980930101
1980930400
1980930500
1980930700
1980930800
1980930900
1980931100
1980940101
1980940500
1980940600
1980940701
1980940901
1980941100
1980950100
1980950204
1980950205
1980950207
1980950301
1980950302
1980950401
1980950402
1980950403
1980950501
1980950503
1980950504
1980950600
1980951001
1980951002
1980960100
1980960300
1980960401
1980960402
1980960500
1980960603
1980960801
1980960900
1980961000
1980961100
1980961200
1991160300
2000390000
2000890400
2000891400
2000900600
2000910100
2000910200
2000910301
2000910503
2000910800
2000911100
2000911200
2000911403
2000920200
2000920900
2000970201
2000970301
2000970901
2000971301
2000980100
2000980200
2000980402
2000980600
2000980800
2000980900
2000981100
2000981200
2000981300
2000981400
2000981500
2000990100
2000990400
2000990500
2000990600
2000991001
2000991400
2000991501
2000991600
2001000300
2001000600
2001001300
2001001400
2001010100
2001010200
2001010300
2001010400
2001010501
2001010800
2001011000
2001011300
2001011400
2001011500
2001020103
2001020300
2001020500
2001020700
2001020900
2001021000
2001021100
2001021200
2001021400
2001021600
2001030100
2001030200
2001030900
2001031000
2001031100
2001031200
2001031300
2001040100
2001040601
2001040703
2001040800
2001040900
2001041000
2001041500
2001050500
2001050600
2001050700
2001050800
2001051201
2001051402
2001060100
2001060300
2001060400
2001060601
2001060800
2001061000
2001061100
2001061300
2001061401
2001061500
2001061600
2001070100
2001070200
2001070300
2001070500
2001070700
2001070800
2001080100
2001080200
2001080400
2001080500
2001080600
2001080700
2001080800
2001090100
2001090200
2001090300
2001090500
2001090700
2001090800
2001100100
2001100300
2001100400
2001100500
2001100600
2001100700
2001100800
2001110100
2001110200
2001110500
2001110600
2001110700
2001110800
2001111200
2001111500
2001111600
2001120200
2001120300
2001120400
2001130100
2001130700
2001130800
2001140500
2001150100
2001150300
2001150400
2001150500
2001150600
2001160400
2001170100
2001170200
2001170300
2001170401
2001170500
2001170600
2001170700
2001180100
2001180200
2001180300
2001180400
2001180500
2001180600
2001180700
2001180900
2001181001
2001181002
2001181200
2001181400
2001181502
2001181503
2001190100
2001190200
2001190300
2001190400
2001190500
2001190600
2001190700
2001190800
2001190900
2001191100
2001191200
2001191300
2001191400
2001191500
2001191600
2001200000
2001211102
2001211103
2001211104
2001220100
2001230100
2001230201
2001230301
2001231000
2001240100
2001240200
2001240300
2001240400
2001240500
2001240600
2001240700
2001240800
2001240900
2001241000
2001241200
2001241300
2001241401
2001241500
2001241600
2001250100
2001250300
2001250400
2001250500
2001260100
2001260200
2001260300
2001260400
2001260600
2001270100
2001270200
2001270300
2001270400
2001270501
2001270700
2001270800
2001270900
2001271100
2001271300
2001271400
2001280900
2001281100
2001281300
2001290101
2001290501
2001290503
2001290700
2001290800
2001291001
2001291100
2001291300
2001291400
2001291501
2001300101
2001300102
2001300200
2001300300
2001300400
2001300602
2001300700
2001300800
2001300902
2001301100
2001301200
2001301300
2001301401
2001301600
2001310101
2001310102
2001310401
2001310600
2001310700
2001310900
2001311000
2001311100
2001311200
2001311300
2001311400
2001311600
2001311601
2001320101
2001320102
2001320300
2001320500
2001320700
2001320800
2001320901
2001320902
2001321201
2001321302
2001321501
2001330101
2001330200
2001330300
2001330400
2001330501
2001330700
2001340101
2001340102
2001350100
2001350200
2001360101
2001360102
2001360103
2001360201
2001360202
2001360203
2001370100
2001380100
2001390100
2001390200
2001400200
2001410100
2010010102
2010010501
2010010502
2010010700
2010010900
2010050100
2010060100
2010060200
2010060301
2010060303
2010060501
2010090100
2010090700
2010100101
2010100301
2010100601
2010100700
2010100800
2010101000
2010110100
2010110302
2010110401
2010110601
2010110700
2010111100
2010120100
2010120202
2010120301
2010120500
2010130302
2010130800
2010131000
2010140200
2010140400
2010140501
2010140502
2010140600
2010140700
2010140801
2010140900
2010150100
2010150500
2010150700
2010150900
2010150901
2010151100
2010160100
2010160301
2010160402
2010170101
2010170102
2010170103
2010170200
2010170300
2010180101
2010180102
2010190200
2010190300
2010190400
2010190500
2010190700
2010191100
2010200103
2010200700
2010200800
2010200900
2010201000
2010201100
2010201200
2010210102
2010210301
2010210302
2010210500
2010210701
2010210901
2010220100
2010220200
2010220301
2010220400
2010220701
2010221000
2010221200
2010221402
2010230100
2010230601
2010230700
2010231200
2010231501
2010231900
2010240100
2010240400
2010240500
2010240700
2010241100
2010241302
2010241801
2010250700
2010250801
2010250900
2010251003
2010251200
2010251400
2010251500
2010251700
2010251800
2010260100
2010260400
2010260500
2010260601
2010260702
2010260900
2010261000
2010261100
2010261300
2010261400
2010261600
2010270101
2010270102
2010270200
2010270301
2010270302
2010270400
2010270500
2010270600
2010270700
2010270800
2010270900
2010271000
2010271100
2010280200
2010280402
2010280701
2010280702
2010280900
2010281000
2010290100
2010290200
2010290401
2010291800
2010300100
2010300300
2010300600
2010300700
2010301200
2010301500
2010301701
2010302200
2010310400
2010310700
2010310800
2010310903
2010311100
2010311300
2010311800
2010312200
2010320003
2010320400
2010320600
2010320700
2010320800
2010320900
2010321001
2010321301
2010321500
2010330100
2010330200
2010330300
2010330400
2010330900
2010331100
2010331300
2010340400
2010340501
2010340800
2010340900
2010340901
2010341001
2010341100
2010350100
2010350200
2010350302
2010350303
2010350500
2010350701
2010350702
2010350800
2010351000
2010351100
2010351200
2010360300
2010360400
2010360500
2010360600
2010360700
2010360900
2010361201
2010370101
2010370102
2010370300
2010370400
2010370501
2010370502
2010370900
2010380102
2010380103
2010380104
2010380400
2010390101
2010390500
2010400103
2010400104
2010400201
2010400302
2010400403
2010400601
2010400700
2010401001
2010410100
2010410200
2010410300
2010410400
2010410500
2010410600
2010410700
2010410900
2010411200
2010420100
2010420500
2010420600
2010420900
2010421001
2010430100
2010430301
2010430800
2010431000
2010431301
2010431801
2010440100
2010440200
2010440700
2010441300
2010441500
2010441700
2010441900
2010442200
2010450101
2010450601
2010451800
2010451900
2010452000
2010460100
2010460200
2010460300
2010460500
2010461301
2010461600
2010461700
2010461800
2010470100
2010470400
2010470500
2010470700
2010470900
2010471100
2010471200
2020020100
2020020300
2020020400
2020020600
2020020700
2020020800
2020020900
2020021003
2020021101
2020021104
2020021200
2020021500
2020021600
2020030104
2020031200
2020070100
2020070700
2020070800
2020070900
2020071001
2020071500
2020080100
2020080400
2020080500
2020080600
2020080700
2020080800
2020080900
2030000200
2030000300
2040480100
2040490100
2040490200
2040490300
2040490801
2040490901
2040490902
2040491008
2040491102
2040500100
2040500400
2040500502
2040500600
2040500800
2040510100
2040520101
2040530102
2040530103
2040540100
2040540300
2040540400
2040540500
2040540600
2040540700
2040541100
2040541200
2040550100
2040550301
2040550700
2040550800
2040550900
2040551200
2040560100
2040560300
2040560401
2040560402
2040560500
2040560700
2040560900
2040561101
2040561200
2040570100
2040570300
2040570401
2040570601
2040570603
2040570700
2040570900
2040571000
2040571202
2040580100
2040580300
2040580401
2040580500
2040580700
2040580900
2040581100
2040590100
2040590501
2040590700
2040600100
2040600501
2040600700
2040600800
2040601000
2040601103
2040601200
2040610402
2040610800
2040611100
2040620101
2040650100
2040650200
2040650400
2040650600
2040660100
2040660200
2040660300
2040660401
2040660600
2040661000
2040661100
2040670100
2040670500
2040670700
2040670800
2040670900
2040680000
2040690201
2040690301
2040690401
2040690700
2040691001
2040691002
2040691100
2040691200
2040700100
2040700200
2040700300
2040700501
2040700900
2040701201
2040701400
2040701500
2040701601
2040701701
2040701900
2040702100
2040702300
2040710000
2040720000
2040730100
2040730600
2040730800
2040731100
2040731200
2040731300
2040731901
2040731902
2040732000
2040732200
2040732300
2040740100
2040740501
2040740600
2040740900
2040741100
2040741300
2040741500
2040741700
2040741800
2040742000
2040742200
2040810100
2040810600
2040810701
2040811000
2040811100
2040811300
2040811400
2040811600
2040811701
2040812200
2040820100
2040820300
2040820801
2040821100
2040821300
2040821500
2040821600
2040822300
2040830101
2040830500
2040830900
2040831100
2040831200
2040832100
2040840100
2040840500
2040840601
2040840900
2040841401
2040842000
2040842101
2040842102
2040850100
2040850301
2040850302
2040860100
2040860200
2040860500
2040860700
2040870100
2040870200
2040870800
2040870900
2040880400
2040880600
2040880800
2040881000
2040881100
2050010000
2050020000
2070020000
2070040000
2070050000
2070060000
2080010000
2080020000
2080030000
2080040000
2090010100
2090010200
2090010601
2090011001
2090011200
2090011400
2090011500
2090020101
2090020201
2090020300
2090020501
2090020601
2090020800
2090021000
2090021201
2090030300
2090030400
2090030602
2090030801
2090030902
2090031006
2090031007
2090031008
2090031300
2090031500
2090031601
2090031602
2090031603
2090031702
2090040101
2090040103
2100010000
2100020000
2100030000
2110010005
2110010101
2110010102
2110010103
2110010201
2110010303
2110020101
2110030101
2110030102
2110030300
2110030401
2110030402
2110030501
2110030800
2110030901
2110031001
2110031303
2110031304
2110031306
2110031702
2110031800
2110032002
2110032102
2110032202
2110032203
2110032302
2110040401
2110040405
2110040406
2110040602
2110040700
2110040900
2110041001
2110050101
2110050402
2110050403
2110050505
2110060101
2110060201
2110060300
2110060305
2110060400
2110060502
2110060503
2110060601
2110060700
2110060800
2110060902
2110061003
2110070600
2110071001
2110071102
2110071200
2110071300
2110071400
2110071502
2110080101
2110080202
2110080305
2110080607
2110080808
2110080909
2110090101
2110090102
2110090301
2110090401
2110090500
2110090700
2110090902
2110091001
2110100000
2110100101
2110100104
2110110101
2110110102
2110110200
2110110301
2110110302
2110110400
2110110803
2110120101
2110120200
2110120301
2110120303
2110120304
2110121001
2110121100
2110121101
2110121200
2110121300
2110121400
2110130103
2110130104
2110130301
2110130804
2110130904
2110131400
2110131700
2110140100
2110140200
2110140400
2110140600
2110150102
2110150105
2110151101
2110151501
2120000010
2120000020
2120000030
2120000040
2130010300
2130010400
2130010600
2130021100
2130040800
2130041700
2130041800
2130051300
2130051800
2130060700
2130060901
2130061600
2130061700
2130062000
2130062100
2130070300
2130070500
2130070601
2130071100
2130071300
2130071800
2130072100
2130080402
2130080601
2130081400
2130082200
2130090900
2130091000
2130091300
2130091802
2130092002
2130100100
2130100400
2130100700
2130101000
2130101601
2130102100
2130102300
2130110100
2130110400
2130110601
2130111100
2130111300
2130111500
2130111801
2130112200
2130120100
2130120900
2130121301
2130121600
2130121900
2130122200
2130130200
2130130601
2130131100
2130131300
2130131400
2130131801
2130140101
2130140401
2130141000
2130141600
2130141901
2130142201
2130150100
2130150700
2130151201
2130190100
2130190400
2130190600
2130190800
2130190900
2130191500
2130192200
2130200100
2130200201
2130200400
2130200500
2130201300
2130201500
2130201700
2130201901
2130202200
2130210600
2130210800
2130211000
2130211301
2130211500
2130211800
2130212200
2130220100
2130220300
2130220500
2130220902
2130221101
2130221501
2130221701
2130221903
2130222101
2130230100
2130231100
2130231400
2130231700
2130232001
2130232401
2130232701
2130233700
2130233800
2130240100
2130240300
2130240500
2130240700
2130241600
2130241700
2130241900
2130242102
2130250100
2130250400
2130250700
2130250801
2130251001
2130251100
2130251304
2130251900
2130252200
2130252300
2130260102
2130260701
2130260702
2130260800
2130261000
2130261301
2130261401
2130261701
2130262101
2130271901
2130272101
2130282100
2130350101
2130350901
2130351300
2130351501
2130351601
2130351901
2130352200
2130360103
2130360301
2130361301
2130370100
2130370400
2130370700
2130370901
2130371101
2130371303
2130371601
2130380000
2140000101
2150080100
2150080200
2150080500
2150080600
2150080700
2150081000
2150081300
2150081400
2150081500
2150081601
2150081900
2160070100
2160070601
2160070602
2160071100
2160071200
2160071300
2160071500
2160072000
2160076702
2160076703
2160076800
2160076900
2160076901
2160077100
2160077203
2160077302
2160077501
2160077701
2160077800
2160078100
2160079000
2170120100
2170120200
2170120300
2170120400
2170120500
2170120600
2170120700
2170120800
2170120900
2170121000
2170121100
2170121200
2170121300
2170121400
2170130100
2170130200
2170130300
2170130400
2170130500
2170130600
2170130700
2170130800
2170131000
2170131100
2170131200
2170131300
2170131500
2170131600
2170131700
2170131800
2180010000
2180020101
2180020200
2180020300
2180030102
2180040100
2180040200
2180040400
2180040703
2180050100
2180050302
2180050501
2180060000
2180072901
2180073001
2180073101
2180073401
2180073900
2180075602
2180075701
2180075801
2180075901
2180076001
2180076101
2180076201
2180076301
2180076401
2180076402
2190130102
2190130300
2190130400
2190130501
2190140101
2190140201
2190140400
2190140503
2190140604
2190160100
2190160300
2190160400
2190160600
2190160601
2190170301
2190170500
2190170600
2190180100
2190180300
2190180708
2190180709
2190190000
2200090000
2200100100
2200100200
2200100300
2200100500
2200100600
2200100700
2200100800
2200100900
2200101000
2200101100
2200101300
2200101400
2200101500
2200101800
2200101900
2200102000
2200110000
2200140100
2200140200
2200140300
2200140400
2200140604
2200140702
2200150000
2200160000
2210010501
2210010705
2210010801
2210011600
2210020100
2210020500
2210020600
2210021301
2210021302
2210030500
2210030803
2210030807
2220010002
2220020001
2220020002
2230010600
2230010800
2230020100
2230020700
2230021002
2230021200
2230050100
2230050200
2230050302
2230050402
2240010001
2240010002
2240020001
2240020002
2240030001
2240030002
2240040001
2240040002
2250000200
2250000300
2250000401
2250000501
2250000600
2250000700
2250000800
2250000900
2250001100
2250001300
2250001400
2250001500
2250001600
2250001900
2250002000
2260010001
2260010002
2260010003
2270010000
2270020000
2270030000
2270040000
2270050000
2270060000
2270070000
2280000100
2280000300
2280000400
2280000501
2280000502
2310010101
2310010102
2310010300
2310010503
2310010601
2310010701
2310010800
2310010900
2310011100
2310011201
2310011202
2310011300
2310011400
2310011500
2310020100
2310020400
2310030104
2310030205
2310030306
2310030403
2310030602
2310030700
2310040100
2310040603
2310040702
2310040902
2310041101
2320010101
2320010301
2320010400
2320020100
2320020300
2320020400
2320020500
2320020600
2320030100
2320030200
2320030300
2320030400
2320040100
2320040200
2320040301
2320050000
2330010000
2330020000
2330030001
2330050000
2330060000
2330070000
2330090000
2340000100
2340000200
2340000301
2340000800
2350010600
2350010800
2350010900
2350020100
2350020400
2350020501
2350020901
2350021301
2350021900
2350022300
2350022400
2350022800
2350023000
2350023204
2350023300
2350030001
2350040100
2350040201
2350040400
2350040601
2350040602
2350040603
2350040701
2350040702
2350040900
2350041200
2350041300
2350041404
2350041405
2350050101
2350050102
2350050501
2350051200
2350051501
2350051901
2350052001
2350060100
2350060110
2350060150
2350060180
2350060400
2350060701
2350070000
2350080101
2350080102
2350080300
2350080701
2350081300
2350081600
2350082000
2350082300
2350090100
2350090601
2350090602
2350091300
2350091400
2350091800
2350092200
2350101100
2350110300
2350110500
2350110701
2350120100
2350120200
2350120300
2350120500
2350120900
2350121300
2350122300
2350130101
2350130400
2350130502
2350130901
2350131300
2350140100
2350141400
2360010000
2360020000
2360040000
2360050000
2360060000
2370010004
2370020001
2370030000
2370040001
2370050001
2370060000
2370070000
2370080002
2370100001
2370100003
2370140001
2370150000
2370170003
2370170004
2370170005
2370170006
2380010000
2380020001
2380020004
2380020005
2380030000
2380050000
2380060001
2380070000
2380090002
2380100000
2380110000
2380120000
2380130000
2380140000
2380150000
2380160000
2390090000
2390121300
2390121700
2390170000
2390180100
2390180500
2390180700
2390181900
2390182100
2390190100
2390190700
2390190800
2390200000
2390230000
2390240300
2390240400
2390241000
2390241500
2390241600
2390250100
2390251100
2390251300
2390252000
2390252200
2390260100
2390261000
2390261900
2390262100
2390262300
2390310000
2390321500
2390330100
2390330800
2390340800
2390380100
2390380500
2390390200
2390391300
2390392000
2390400000
2390450000
2390510000
2390520500
2390520700
2390530001
2390580000
2390600100
2390600700
2390610000
2390730000
2400222700
2400232100
2400232600
2400263200
2400431500
2400662700
2400910100
2400960100
2400980900
2410000100
2410000200
2410000300
2410000400
2410000500
2410000800
2410000900
2410001000
2410001101
2410001102
2410001200
2410001300
2420010100
2420010300
2420010700
2420010900
2420011100
2420020102
2420022001
2420030401
2420031100
2420031300
2420031600
2420031801
2420032200
2420040100
2420040700
2420040902
2420040903
2420041100
2420041301
2420041600
2420041700
2420041800
2420042000
2420042200
2420042300
2420050102
2420050103
2420050104
2420050404
2420050500
2420050700
2420051200
2420051400
2420051600
2420051901
2420051902
2420060100
2420060500
2420060700
2420060900
2420061000
2420061200
2420061300
2420061700
2420061800
2420061900
2420062100
2420062300
2420070100
2420070200
2420070400
2420071000
2420071200
2420080100
2420080600
2420080800
2420080900
2420081100
2420081301
2420081501
2420081800
2420081900
2420082300
2420091301
2420091302
2420091801
2420100600
2420101600
2420101700
2420101900
2420110100
2420110700
2420110800
2420111000
2420111101
2420111102
2420111301
2420111601
2420111800
2420111900
2420112000
2420112200
2420120100
2420120500
2420120700
2420121201
2420121303
2420121304
2420121601
2420121800
2420121900
2420122100
2420122300
2420130100
2420130500
2420130600
2420130900
2420131000
2420131200
2420131400
2420131700
2420131800
2420132003
2420132104
2420140100
2420140301
2420140302
2420140600
2420140700
2420140900
2420141301
2420141302
2420141600
2420142001
2420160400
2420160801
2420160802
2420161200
2420161300
2420161600
2420161900
2420170100
2420170300
2420170700
2420170901
2420171300
2420171500
2420171900
2420180101
2420180102
2420180800
2420181000
2420181301
2420181302
2420181700
2420182001
2420182002
2420190300
2420190601
2420190602
2420190906
2420191500
2420191800
2430010108
2430010116
2430010118
2430010119
2430030800
2430040101
2430040102
2430040300
2430040400
2430040501
2430040900
2430050001
2430050005
2430050006
2430050007
2430060002
2430060005
2450010001
2450030001
2450030002
2450040001
2450040003
2450040005
2450040006
2450040009
2450050003
2450050004
2450050005
2450060000
2450080001
2450080002
2460010000
2460020000
2460030000
2460050000
2460060000
2470010004
2470010005
2470020001
2470030000
2470040000
2470050000
2470060000
2470070001
2470070004
2470080002
2470090001
2470090002
2470100000
2470110004
2470110006
2470120000
2470130001
2470130002
2470150001
2470150003
2470160002
2470160003
2470160005
2470170001
2470170002
2470170004
2470180002
2470180003
2470190001
2470190002
2470190003
2470200001
2480010000
2480020000
2480030000
2480040000
2490030000
2490040000
2490050001
2490050002
2490070001
2490100000
2490110001
2490110002
2490120000
2490130001
2490130002
2490140001
2490140002
2490150000
2490160000
2490170000
2490180002
2490190000
2490200000
2490210000
2510010000
2510030000
2510040000
2520010100
2520010400
2520010902
2520011900
2520012102
2520013702
2520014601
2520020100
2520020300
2520020702
2520020801
2520021001
2520021003
2520021100
2520021300
2520021400
2520022101
2520022200
2520022300
2520022400
2520022601
2520022602
2520022700
2520022801
2520022902
2520023002
2520023101
2520023200
2540040000
2540050000
2540060000
2540090000
2540100000
2540110000
2540130000
2540150002
2540150003
2540170001
2560010003
2560010004
2560020001
2560020002
2560030001
2560030002
2560040003
2560050000
2560060001
2560060002
2560080000
2560090002
2560100001
2560100004
2560120002
2560130001
2560130002
2560140001
2560140002
2560150001
2560160000
2560170002
2560180002
2560180005
2560190001
2560190002
2560190003
2560200002
2560210000
2560220000
2560230001
2560230004
2560240002
2560240003
2560250003
2560260001
2560270001
2560270002
2560280000
2560290000
2560300000
2560310000
2560320001
2560330005
2560340001
2560340008
2560350000
2560360001
2560360003
2570010001
2570010002
2570010003
2590010000
2590020100
2590020201
2590020202
2590020300
2590020400
2590030501
2590030601
2590030800
2590031100
2590031300
2590031500
2590031600
2590031801
2590032000
2590032100
2590032202
2590032300
2590040100
2590040200
2590040302
2590040400
2590040500
2590040600
2590041002
2590041503
2590041602
2590050100
2590060100
2590060200
2590060300
2590060500
2590061401
2590061600
2590061700
2590061900
2590062000
2590062100
2590062200
2590062300
2590070101
2590070102
2590070301
2590070402
2590070702
2590070900
2590071001
2590071300
2590071400
2590071500
2590071601
2590071602
2590071800
2590071900
2590072000
2590072200
2590072400
2590080100
2590080200
2590080500
2590080600
2590080700
2590080800
2590082000
2590082200
2590082300
2590082400
2590090100
2590100101
2590100102
2590100700
2590101200
2590101201
2590101300
2590101500
2590101600
2590101700
2590101800
2590101900
2590101901
2590102202
2590110101
2590110700
2590110800
2590111002
2590111400
2590111600
2590111800
2590112000
2590112200
2590112300
2590120101
2590120103
2590120104
2590120105
2590120106
2590120201
2590120203
2590120204
2590120301
2590120302
2590120304
2590120401
2590120402
2590120500
2590130104
2590130107
2590130109
2590130110
2590130203
2590130301
2590130302
2590130401
2590130403
2590130404
2590130501
2590130503
2600041101
2600041102
2600041200
2600041402
2600060800
2600060903
2620010001
2620030001
2620050001
2620060001
2620080000
2620090000
2620100001
2620100002
2620120001
2620120002
2620130001
2620130002
2640010700
2640011000
2640020100
2640020501
2640020502
2640020605
2640020801
2640030300
2640030500
2640030600
2640030700
2640030800
2640040101
2640040102
2640040200
2640040400
2640050100
2640050200
2650010100
2650020100
2650020200
2650020300
2650020400
2650020500
2650020601
2650030001
2660000101
2660000202
2670020004
2670030001
2670040000
2670050000
2670070001
2670070002
2690010102
2690010200
2690010300
2690010400
2690010600
2690010701
2690010702
2690010801
2690010802
2690010803
2690011000
2690020100
2690020400
2690020800
2690020801
2690020900
2690021000
2690030104
2690030300
2690030400
2690030602
2690030800
2690040400
2690040700
2690040900
2690050101
2690050300
2690050400
2690050500
2690050600
2690050903
2690050904
2690060100
2690060200
2690060400
2690060501
2690060502
2690060600
2690060800
2690070300
2690070600
2690070900
2690080100
2690080500
2690080600
2690080800
2690090301
2690090602
2690100301
2690100401
2690100402
2690100601
2690110400
2690110600
2690110800
2690120101
2690120102
2690120301
2690120302
2690120400
2710010000
2710020000
2710040000
2710090002
2710120000
2710130000
2710150000
2720010102
2720010202
2720010302
2720010401
2720020100
2720020200
2720020300
2720020500
2720020600
2730010000
2730020000
2730030000
2730040000
2730050000
2730060000
2730070000
2730080002
2730090000
2730100000
2730110000
2730130001
2730140002
2730150000
2730160001
2730180000
2730190001
2730200001
2730210000
2730240001
2730270000
2740010100
2740020100
2740020200
2740020701
2740030401
2740030600
2740030700
2740030801
2740030905
2740030906
2740031200
2740031500
2740031600
2740031800
2740040300
2740040400
2740040500
2740040600
2740040700
2740050100
2740050200
2740050301
2740050302
2740050400
2740050500
2740050701
2740050800
2740051200
2740060100
2740060300
2740060600
2740060801
2740061100
2740061301
2740061302
2740061400
2740061501
2740061502
2740061801
2740062000
2740062200
2740062400
2740062700
2740062900
2740070102
2740070201
2740070400
2740070601
2740070800
2740070901
2740071000
2740071202
2740071401
2740080100
2740080300
2740080400
2740080800
2740080900
2740081200
2740090100
2740090300
2740090500
2740090700
2740090900
2740091009
2740091010
2740091011
2740091207
2740091208
2740091306
2740091500
2740091602
2740091700
2740100100
2740100200
2740100400
2740100500
2740100600
2740100700
2740100800
2740100901
2740101000
2740110100
2740110400
2740110500
2740110600
2740110800
2740111002
2740111300
2750120600
2750120802
2750120901
2750130301
2750130400
2750130700
2750140100
2750140500
2750140600
2750140800
2750150100
2750150200
2750150300
2750150500
2750150600
2750150900
2760010004
2760010005
2760010006
2760020002
2760020003
2760040001
2760040003
2770010001
2770050000
2770060001
2770070000
2780010102
2780010103
2780010104
2780010200
2780010303
2780010601
2780010703
2780011400
2780011600
2780011800
2780011902
2780012001
2780012101
2780012301
2780012400
2780012600
2780012905
2780013006
2780020201
2780020301
2780020302
2780020400
2780020501
2780020603
2780020604
2780020900
2780021000
2780021201
2780021202
2780021301
2780021303
2780021306
2780021404
2780021902
2780030101
2780030300
2780030401
2780030402
2780030500
2780030700
2780030800
2780031000
2780031402
2780031403
2780031603
2780031703
2780031705
2780032101
2780032203
2780032300
2780040100
2780040201
2780040203
2780040300
2780040400
2780040501
2780040601
2780040801
2780041001
2780041102
2780041202
2780041400
2780041600
2780041800
2780041901
2780042300
2780042700
2790010100
2790010200
2790010300
2790010400
2790010500
2790010601
2790010800
2790010900
2790020100
2790020300
2790020500
2790020600
2790020700
2790030200
2790030301
2790030400
2790030500
2790030600
2790030800
2790030900
2790031000
2790031100
2790031200
2790031300
2790031400
2800010000
2800020004
2800020005
2800040001
2800060000
2800080001
2800090003
2800090005
2800100000
2800110005
2800120001
2800140000
2800150000
2810010000
2810030000
2810060000
2810070000
2810080001
2810080003
2810080004
2810090000
2810100000
2810110000
2810120000
2820010100
2820020101
2820020102
2820020201
2820030100
2820030301
2820031001
2820031800
2820040100
2820040300
2820040500
2820040700
2820040900
2820041201
2820041500
2820050400
2820050601
2820050800
2820050900
2820060000
2820070102
2820080100
2820080300
2820080400
2820080502
2820080503
2820080701
2820080702
2820081000
2820081100
2820090203
2820090500
2820090600
2820090700
2820090900
2820091102
2820091502
2820091701
2820100100
2820100300
2820101000
2820101301
2820101401
2820101500
2820101700
2820110100
2820110500
2820120200
2820120300
2820130101
2820130401
2820130700
2820131000
2820131300
2820131402
2820131601
2820131701
2820131800
2820140100
2820140301
2820141101
2820150100
2820150401
2820150500
2820151100
2820151200
2820160101
2820160402
2820170000
2820180003
2820180007
2830010001
2830030000
2830040000
2830050000
2830060003
2830060004
2831034005
2831041005
2831060001
2831060002
2831060003
2831060004
2831060005
2831060006
2831061001
2831062001
2831064001
2831064002
2831070002
2840010000
2840020000
2840030000
2840040000
2840060000
2840070000
2840080000
2840100000
2850010000
2850020000
2850030000
2870010001
2870020002
2870020003
2880010030
2880010040
2890000001
2890000100
2890000200
2890000300
2890000400
2890000500
2890000700
2890000800
2890001500
2890001800
2890001900
2890002000
2890002101
2890002102
2890002300
2890002700
2890002800
2890002900
2890003101
2890003102
2900010000
2900020000
2900030000
2910010000
2910020001
2910020002
2910040000
2923010005
2923010009
2923010010
2923010013
2923010018
2923010025
2923010029
2923010034
2923010035
2923010036
2923010038
2923010041
2923010042
2923010043
2923010044
2923010045
2923010046
2923020001
2923020003
2923020034
2923020035
2923020042
2923020043
2923020044
2923020046
2923020047
2923020048
2923020049
2923020050
2923020051
2923020053
2923020054
2923020055
2923020056
2923020060
2923021003
2923021004
2923023006
2923024007
2923024008
2923024009
2923030008
2923030009
2923030011
2923030015
2923030017
2923030018
2923030027
2923030028
2923030029
2923030030
2923030031
2923030032
2923030033
2923030034
2923030035
2923030036
2923030037
2923030038
2923030039
2923030040
2923030041
2923030042
2923030043
2923030044
2923031005
2923033003
2923033005
2923040001
2923040002
2923040003
2923100004
2923100005
2923100009
2923100010
2923100012
2923100013
2923100018
2923100019
2923100020
2923100024
2923100025
2923100027
2923101002
2923104004
2923104005
2923104006
2923110001
2923110002
2923111002
2923112001
2923112002
2923112004
2923113002
2923113004
2923113005
2923113006
2923120005
2923120008
2923120009
2923120011
2923120013
2923120014
2923120015
2923120016
2923120019
2923120020
2923121004
2923122002
2923122003
2923122004
2923123001
2923123002
2923123003
2923123004
2923124001
2923124002
2923124003
2923124004
2923131001
2923131002
2923131003
2923131004
2923132001
2923132002
2923132004
2923133002
2923134001
2923134002
2923134003
2923134004
2923134005
2923140001
2923140002
2923141001
2923141003
2923143001
2923143002
2923143003
2923143004
2923144001
2923144003
2923144004
2923150003
2923152001
2923153002
2923153004
2923154001
2923154002
2923202001
2923202002
2923202003
2923203002
2923221001
2923221002
2923222001
2923224001
2923224002
2923231005
2923233003
2923233004
2923234001
2923234003
2923240002
2923240003
2923240004
2923240005
2923242005
2923244001
2923244003
2923250001
2923250003
2923250007
2923250008
2923250009
2923250013
2923250014
2923251005
2923253001
2923253002
2923253003
2923254003
2923260001
2923261002
2923261003
2923261005
2923264001
2923264003
2923264004
2923271001
2923281003
2923282003
2923282004
2923283001
2923283002
2923283004
2923284002
2923284003
2923284004
2923290001
2923291001
2923291002
2923291004
2923293001
2923293003
2923294000
2923300006
2923300007
2923300009
2923300010
2923300011
2923300012
2923300013
2923300014
2923300015
2923300016
2923300017
2923300018
2923300019
2923301001
2923302005
2923302006
2923303003
2923303004
2923310002
2923310005
2923310006
2923311003
2923312001
2923312003
2923312006
2923312007
2923313001
2923313002
2923313004
2923313005
2923313006
2923314001
2923314004
2923320001
2923320004
2923320005
2923320009
2923320010
2923320011
2923320018
2923320019
2923320020
2923321003
2923322004
2923323001
2923323002
2923323004
2923324002
2923330007
2923330008
2923330013
2923330014
2923330015
2923330018
2923330019
2923332004
2923332007
2923334001
2923342003
2923343002
2923350000
2923360000
2924070002
2924070007
2924070010
2924070012
2924070018
2924070021
2924070024
2924070025
2924073004
2924074003
2924180005
2924180008
2924180009
2924180011
2924180014
2924180016
2924180018
2924180019
2924180020
2924180021
2924180022
2924181003
2924183003
2924183004
2924184003
2924184004
2924190013
2924190015
2924190020
2924190024
2924190028
2924190031
2924190032
2924190033
2924190034
2924190038
2924190041
2924190042
2924190043
2924190044
2924190048
2924190049
2924190050
2924190051
2924190052
2924190053
2924194005
2925010003
2925010006
2925014005
2925024005
2925030006
2925030007
2925030008
2925030009
2925030010
2925030011
2925030012
2925030013
2925030016
2925030017
2925030018
2925031005
2925033002
2925040001
2925040002
2925091002
2925091003
2925100001
2925101005
2925101006
2925101007
2925102001
2925102007
2925111007
2925111008
2925113005
2925114006
2925114009
2925114010
2925120003
2925120005
2925120008
2925120009
2925130004
2925130005
2925130007
2925130008
2925130009
2925130011
2925130012
2925130015
2925130016
2925130018
2925130019
2925130020
2925140003
2925140007
2925140008
2925140011
2925140013
2925140016
2925140018
2925140019
2925140022
2925140023
2925140024
2925140026
2925142005
2925143001
2925143002
2925144003
2925150001
2925150002
2925150003
2925150004
2925150005
2925150007
2925150014
2925150016
2925150019
2925150020
2925151005
2925230001
2925230002
2925231001
2925240001
2925240002
2926030002
2926030003
2926030004
2926040001
2926040003
2926040007
2926040008
2926040011
2926040012
2926040014
2926040016
2926040017
2926040020
2926040021
2926040022
2926040023
2926040024
2926040025
2926040026
2926040027
2926040029
2926040030
2926050002
2926050003
2926050004
2926050007
2926050010
2926050011
2926050016
2926050018
2926050020
2926050021
2926050022
2926050024
2926054002
2926061004
2926063004
2926064006
2926070002
2926070003
2926070004
2926070007
2926070011
2926070012
2926070015
2926070016
2926070018
2926070019
2926070020
2926070022
2926070023
2926080001
2926080004
2926080005
2926080006
2926080007
2926080008
2926080009
2926090001
2926090003
2926090004
2926174004
2926180001
2926184004
2930010003
2930010006
2930010007
2930010010
2930010013
2930010017
2930010021
2930010023
2930010025
2930010028
2930010029
2930010030
2930010031
2930010034
2930010036
2930010038
2931011000
2931012007
2931012008
2931013000
2931014000
2931022005
2931060001
2931060002
2931060004
2931060005
2931060006
2931060008
2931060009
2931060011
2931060013
2931060015
2931060016
2931060017
2931060018
2931060019
2931060020
2931060021
2931060027
2931064007
2931064008
2931070004
2931070006
2931070007
2931070009
2931070010
2931070012
2931070014
2931070016
2931070017
2931070018
2931070020
2931070023
2931070025
2931070026
2931080007
2931080008
2931080011
2931080014
2931080027
2931080031
2931080032
2931080035
2931080037
2931080039
2931080041
2931080046
2931080047
2931080051
2931080052
2931080053
2931080056
2931080057
2931080059
2931080060
2931080062
2931080066
2931080069
2931080071
2931080072
2931080073
2931080074
2931080075
2931080076
2931080079
2931080080
2931083001
2931100013
2931100016
2931100017
2931100019
2931121005
2931122005
2931131001
2931134001
2931143005
2931150001
2931154005
2931161005
2931163005
2931170001
2931170003
2931170004
2931170005
2931170006
2931170007
2931170009
2931170010
2931170011
2931170012
2931170013
2931170014
2931170015
2931172002
2931190007
2931190009
2931190010
2931190011
2931192001
2931192002
2931200003
2931200013
2931200014
2931200019
2931200021
2931200022
2931200025
2931200028
2931200030
2931200031
2931200032
2931200033
2931200034
2931200035
2931200036
2931200037
2931201005
2931202002
2931204005
2931212005
2931212006
2931214000
2931220001
2931220002
2931220003
2931220004
2931220006
2931223010
2931223012
2931224009
2931224011
2931224012
2931230001
2931230002
2931230003
2931230004
2931231003
2931232002
2931232003
2931232007
2931234005
2931242005
2931243005
2931252005
2931254004
2931254006
2931261007
2931262002
2931263005
2931274005
2931281005
2931282005
2931283003
2931283007
2931291004
2931292005
2931292006
2931294006
2931300008
2931300013
2931300022
2931300023
2931300025
2931300028
2931300030
2931300031
2931300032
2931312002
2931324005
2931332005
2931333000
2931341001
2931341002
2931342005
2931343005
2931351006
2931352005
2931353005
2931360001
2931362001
2931362004
2940000010
2940000020
2940000030
2950020001
2950030002
2960010001
2960010002
2960020001
2960040000
2970010001
2970030000
2970040000
2990000100
2990000300
2990000400
2990000500
2990000600
3022010001
3022010002
3022014002
3022014003
3022014004
3022021001
3022021002
3022021003
3022022004
3022023001
3022024002
3022051004
3022052004
3022054001
3022054004
3022054005
3022120001
3022120005
3022121002
3022122001
3022122002
3022130001
3022130006
3022130007
3022130008
3022130009
3022130010
3022131002
3022132001
3022134005
3022140002
3022140004
3022141005
3022142005
3022143001
3022143002
3022143005
3022150001
3022150006
3022150007
3022150008
3022150009
3022150011
3022150013
3022240012
3022240015
3022240017
3022240018
3022240022
3022240023
3022240024
3022240025
3022244001
3022244002
3022250005
3022250007
3022250010
3022250011
3023011003
3023011005
3023012001
3023012002
3023012003
3023013001
3023013002
3023014001
3023014002
3023014004
3023021000
3023022001
3023022002
3023023001
3023023002
3023023003
3023024001
3023024002
3023024003
3023024004
3023031001
3023031002
3023031003
3023031004
3023032001
3023032002
3023032003
3023032004
3023033001
3023033002
3023033003
3023033004
3023034001
3023034002
3023034003
3023034004
3023041000
3023042001
3023043001
3023043003
3023044001
3023044002
3023044005
3023044006
3023050001
3023050002
3023050003
3023050004
3023050005
3023050006
3023050012
3023050014
3023050015
3023050016
3023051004
3023051005
3023051006
3023051007
3023052002
3023053003
3023054003
3023054004
3023060003
3023060005
3023060008
3023060009
3023060010
3023060012
3023060016
3023060020
3023060022
3023060024
3023060025
3023060026
3023060028
3023060029
3023060030
3023060033
3023060034
3023060038
3023060039
3023060040
3023060046
3023060047
3023060048
3023060049
3023060054
3023060055
3023060056
3023060059
3023060061
3023060062
3023060063
3023060064
3023061003
3023063001
3023063002
3023063004
3023064003
3023064004
3023070002
3023070004
3023070015
3023070019
3023070023
3023070024
3023070027
3023070028
3023070029
3023070030
3023070031
3023070032
3023070034
3023070035
3023070036
3023070037
3023070038
3023071001
3023072011
3023074001
3023080001
3023080003
3023080004
3023080005
3023080006
3023080007
3023080010
3023080012
3023080013
3023080017
3023080018
3023080020
3023080024
3023081001
3023081003
3023081004
3023083013
3023084004
3023084007
3023084008
3023084009
3023084010
3023090001
3023090003
3023090005
3023091001
3023091002
3023092000
3023094003
3023094004
3023100001
3023100002
3023101002
3023101003
3023101004
3023102001
3023102002
3023102003
3023102004
3023102005
3023103000
3023104001
3023104002
3023104003
3023111001
3023111002
3023111003
3023111004
3023112001
3023112003
3023112004
3023113001
3023113002
3023113003
3023113004
3023114001
3023114002
3023114003
3023114004
3023121001
3023121002
3023121003
3023122001
3023122002
3023122003
3023122004
3023123001
3023123002
3023123003
3023124001
3023124002
3023124003
3023124004
3023131001
3023131002
3023131003
3023131004
3023132001
3023132002
3023132003
3023133001
3023133003
3023134001
3023134003
3023134004
3023134005
3023134006
3023140001
3023140003
3023140004
3023141002
3023141003
3023141004
3023141005
3023142001
3023142004
3023142006
3023143001
3023143002
3023143003
3023143004
3023144001
3023144002
3023144003
3023144004
3023151001
3023151002
3023151003
3023152001
3023152002
3023152003
3023153002
3023153004
3023153005
3023153006
3023153007
3023154000
3023160004
3023160013
3023160014
3023160020
3023160021
3023160023
3023160024
3023164001
3023170001
3023170002
3023170003
3023170005
3023170006
3023170007
3023170009
3023170010
3023170011
3023170012
3023170014
3023170015
3023170016
3023170017
3023170019
3023170023
3023170024
3023170026
3023172007
3023172008
3023180001
3023180002
3023180009
3023180010
3023180012
3023180014
3023180016
3023180017
3023180018
3023180019
3023180021
3023180023
3023180024
3023180025
3023180027
3023180028
3023180029
3023182006
3023182007
3023182008
3023182010
3023183011
3023190010
3023190011
3023190013
3023190014
3023190017
3023190019
3023190029
3023190030
3023190031
3023190032
3023190033
3023190034
3023190035
3023190036
3023190037
3023190038
3023190039
3023190040
3023190041
3023190043
3023191003
3023191005
3023191006
3023191008
3023191009
3023193002
3023200001
3023200003
3023200005
3023200007
3023200009
3023200013
3023200014
3023200015
3023200016
3023200017
3023200018
3023200026
3023200027
3023201007
3023201008
3023201009
3023202005
3023202006
3023204009
3023210001
3023210002
3023210014
3023210016
3023210020
3023210021
3023211005
3023213001
3023213005
3023220001
3023220002
3023220003
3023220004
3023220005
3023222004
3023224001
3023224005
3023224010
3023230001
3023231005
3023231007
3023233005
3023240001
3023240002
3023241001
3023241003
3023242002
3023242004
3023244005
3023250001
3023250004
3023250005
3023250007
3023250009
3023250012
3023251005
3023251006
3023254005
3023261006
3023263004
3023270009
3023270010
3023270012
3023270015
3023270017
3023270018
3023270023
3023270025
3023270026
3023270027
3023270028
3023273001
3023273002
3023280013
3023280018
3023280027
3023280029
3023280031
3023280034
3023280037
3023280038
3023280039
3023280041
3023280044
3023280045
3023280055
3023280058
3023280059
3023280062
3023280063
3023280064
3023280065
3023280067
3023280070
3023280071
3023282001
3023283006
3023283007
3023290006
3023290007
3023290009
3023290010
3023290011
3023290013
3023290017
3023290021
3023290022
3023290023
3023290024
3023290025
3023291004
3023292002
3023293003
3023293004
3023293005
3023293006
3023293007
3023293008
3023293009
3023293010
3023294003
3023294005
3023294006
3023294007
3023300001
3023300010
3023300012
3023300014
3023300015
3023300016
3023300023
3023300033
3023300035
3023300036
3023300037
3023300038
3023300039
3023300040
3023300041
3023300042
3023300043
3023300044
3023301003
3023321001
3023330002
3023330003
3023330004
3023334001
3023334003
3023340004
3023340009
3023340023
3023340030
3023340038
3023340042
3023340049
3023340051
3023340055
3023340056
3023340057
3023340058
3023340060
3023340062
3023340063
3023340064
3023340065
3023340066
3023340067
3023340068
3023340069
3023340070
3023340071
3023340072
3023350006
3023350011
3023350022
3023350029
3023350030
3023350071
3023350097
3023350114
3023350121
3023350123
3023350124
3023350126
3023350127
3023350128
3023350129
3023350136
3023350138
3023350144
3023350149
3023350150
3023350151
3023350154
3023350160
3023350163
3023350164
3023350167
3023350174
3023350176
3023350181
3023350184
3023350189
3023350191
3023350192
3023350196
3023350197
3023350198
3023350199
3023350203
3023350204
3023350205
3023350206
3023350208
3023350211
3023350212
3023350213
3023350217
3023350218
3023350222
3023350223
3023350227
3023350229
3023354004
3023360005
3023360039
3023360053
3023360082
3023360083
3023360094
3023360104
3023360109
3023360110
3023360118
3023360119
3023360120
3023360142
3023360143
3023360146
3023360152
3023360154
3023360160
3023360161
3023360162
3023360164
3023360166
3023360174
3023360175
3023360176
3023360177
3023360179
3023360180
3023360183
3023360184
3023360185
3023360186
3023360187
3023360188
3023360189
3023360190
3023360192
3024010005
3024010017
3024010018
3024010033
3024010037
3024010040
3024010041
3024010045
3024010047
3024010052
3024010053
3024010056
3024010066
3024010067
3024010068
3024010069
3024010070
3024010071
3024010072
3024010073
3024010076
3024010078
3024010079
3024010081
3024010082
3024010085
3024010091
3024010092
3024010093
3024010094
3024010095
3024010098
3024010099
3024010100
3024010101
3024010102
3024010103
3024010105
3024010109
3024010110
3024010111
3024010113
3024010114
3024010115
3024012003
3024013002
3024013005
3024013006
3024013007
3024014005
3024020001
3024021004
3024030002
3024030004
3024030005
3024030007
3024031011
3024031013
3024032005
3024032006
3024033002
3024033010
3024033011
3024034000
3024040001
3024040002
3024040005
3024042002
3024042006
3024042007
3024043007
3024043009
3024043010
3024043013
3024043014
3024050007
3024050010
3024050011
3024050014
3024050015
3024050017
3024050018
3024050019
3024050020
3024050022
3024050023
3024051000
3024052002
3024052009
3024053005
3024053006
3024054002
3024054006
3024054007
3024060005
3024060007
3024060008
3024060009
3024061005
3024063004
3024063005
3024064001
3024064004
3024070001
3024070003
3024074004
3024081006
3024081008
3024081010
3024082003
3024082004
3024083000
3024090001
3024090010
3024090011
3024090013
3024090014
3024090015
3024091003
3024091005
3024091008
3024093001
3024093006
3024094005
3024094006
3024094008
3024094009
3024100007
3024100008
3024100009
3024100010
3024100011
3024100012
3024101007
3024101009
3024102006
3024102007
3024103003
3024103005
3024103006
3024103007
3024103008
3024103009
3024104006
3024104008
3024104009
3024104011
3024110001
3024110003
3024110005
3024110007
3024110009
3024110014
3024110016
3024110017
3024110019
3024110022
3024110025
3024110027
3024110030
3024110033
3024110036
3024110037
3024110039
3024110040
3024110042
3024110043
3024110044
3024110045
3024110048
3024110049
3024110050
3024110051
3024110052
3024110053
3024111001
3024111003
3024112004
3024120001
3024120004
3024120006
3024120007
3024120009
3024120010
3024120011
3024120012
3024120013
3024120015
3024120018
3024120020
3024120026
3024120027
3024120028
3024120029
3024120030
3024120031
3024120032
3024120034
3024120036
3024120037
3024120038
3024120040
3024120041
3024120042
3024120045
3024120046
3024120047
3024120048
3024120049
3024120050
3024120051
3024120052
3024120053
3024124001
3024124002
3024124004
3024124005
3024124006
3024124007
3024124008
3024140012
3024140017
3024140020
3024140024
3024140028
3024140029
3024140030
3024140031
3024140032
3024140033
3024140034
3024140040
3024140044
3024140045
3024140046
3024140048
3024140053
3024140054
3024140055
3024140056
3024140058
3024140061
3024140063
3024140064
3024140065
3024140067
3024140085
3024140086
3024140090
3024140094
3024140095
3024140096
3024140097
3024140098
3024140101
3024140103
3024140105
3024140106
3024140112
3024140113
3024140114
3024140117
3024140118
3024140119
3024140123
3024140126
3024140128
3024140130
3024140131
3024140132
3024140133
3024140136
3024140137
3024140149
3024140150
3024140152
3024140155
3024140158
3024140161
3024140162
3024140163
3024140166
3024140167
3024140168
3024140169
3024140170
3024140172
3024140173
3024140174
3024140175
3024140176
3024140179
3024140181
3024140182
3024140183
3024140184
3024140189
3024140190
3024140191
3024140192
3024142005
3024143001
3024143011
3024150001
3024150003
3024150006
3024150010
3024150011
3024150025
3024150027
3024150034
3024150036
3024150043
3024150046
3024150048
3024150049
3024150050
3024150052
3024150053
3024150065
3024150066
3024150067
3024150068
3024150079
3024150080
3024150082
3024150083
3024150084
3024150085
3024150086
3024150087
3024150088
3024150089
3024150090
3024150093
3024150094
3024150095
3024150096
3024150097
3024150098
3024153010
3024154006
3024154007
3024154010
3024161000
3024163011
3024170001
3024170002
3024170003
3024170004
3024171001
3024171002
3024171003
3024171004
3024171005
3024172002
3024172004
3024172005
3024172006
3024173003
3024173004
3024174002
3024174004
3024174005
3024181001
3024181002
3024181003
3024181004
3024181005
3024182001
3024182002
3024182003
3024182004
3024182005
3024183001
3024183004
3024184001
3024190003
3024192002
3024193003
3024194000
3024200017
3024200049
3024200050
3024200053
3024200057
3024200058
3024200059
3024200060
3024200062
3024200063
3024200064
3024200065
3024200066
3024200067
3024200068
3024200069
3024200070
3024200071
3024200072
3024200074
3024200075
3024210020
3024210023
3024210036
3024210038
3024210039
3024210041
3024210042
3024210046
3024210048
3024210049
3024210052
3024210053
3024210056
3024210058
3024210059
3024210060
3024210061
3024210063
3024210064
3024210065
3024210069
3024210072
3024210073
3024210076
3024210077
3024210079
3024210081
3024210086
3024210087
3024210089
3024210090
3024210091
3024210092
3024210095
3024212005
3024214004
3024220011
3024220020
3024220021
3024220025
3024220026
3024220028
3024220029
3024220032
3024220035
3024220037
3024220038
3024220039
3024220041
3024220042
3024220043
3024220044
3024220046
3024220047
3024290001
3024290002
3024290006
3024290007
3024290012
3024290013
3024290014
3024294005
3024300002
3024300029
3024300036
3024300041
3024300042
3024300044
3024300047
3024300049
3024300050
3024300053
3024300054
3024300056
3024300062
3024300063
3024300064
3024300065
3024300066
3024300067
3024310002
3024310003
3024310004
3025011011
3025013006
3025014005
3025021005
3025022000
3025024004
3025030005
3025030006
3025030008
3025030011
3025030012
3025030013
3025030014
3025030015
3025030016
3025030017
3025030018
3025030019
3025030020
3025030021
3025030023
3025030025
3025030026
3025031006
3025031007
3025033001
3025033004
3025034001
3025034002
3025040001
3025040005
3025040011
3025040012
3025040014
3025040018
3025040019
3025040020
3025040021
3025040022
3025040023
3025042000
3025043004
3025043005
3025044001
3025044004
3025044005
3025044006
3025044007
3025050002
3025050003
3025050004
3025050005
3025050006
3025050007
3025050009
3025050010
3025050013
3025050014
3025050015
3025050016
3025051002
3025051005
3025052001
3025052005
3025052008
3025052009
3025053001
3025053005
3025053007
3025053008
3025053009
3025053011
3025054002
3025054011
3025054017
3025070001
3025070003
3025070008
3025070010
3025070011
3025070012
3025070013
3025070017
3025070019
3025070022
3025070024
3025070025
3025070026
3025070027
3025070028
3025070030
3025070032
3025070033
3025070034
3025071002
3025071005
3025071009
3025071010
3025073003
3025073005
3025074001
3025074003
3025074004
3025074005
3025074006
3025074007
3025074008
3025074009
3025080007
3025080010
3025080011
3025080019
3025080021
3025080023
3025080025
3025080029
3025080031
3025080032
3025080034
3025080037
3025080038
3025080039
3025080040
3025080041
3025083004
3025084004
3025084009
3025084012
3025084013
3025090002
3025090003
3025090005
3025090010
3025090011
3025090013
3025090014
3025090016
3025090017
3025090019
3025090020
3025090021
3025090022
3025090029
3025090030
3025091006
3025093004
3025094001
3025094005
3025100001
3025100004
3025100005
3025100007
3025100009
3025100011
3025100013
3025100016
3025100018
3025100019
3025100020
3025100021
3025100023
3025100024
3025100025
3025101003
3025101005
3025102003
3025102004
3025103002
3025103005
3025104006
3025111001
3025112001
3025112002
3025112007
3025112008
3025112009
3025114006
3025120001
3025120002
3025120003
3025120004
3025122005
3025123006
3025124008
3025130003
3025130004
3025130005
3025130006
3025130007
3025130008
3025130009
3025140001
3025140003
3025140004
3025140007
3025140010
3025140011
3025140012
3025140013
3025142002
3025142009
3025143002
3025143005
3025150001
3025150002
3025150005
3025150006
3025150008
3025150009
3025150010
3025150012
3025150013
3025150014
3025150015
3025150016
3025150017
3025151005
3025152003
3025153001
3025153002
3025153003
3025153006
3025153007
3025154002
3025154003
3025160003
3025160004
3025160008
3025160009
3025160010
3025160011
3025160012
3025160013
3025160014
3025160015
3025160016
3025160017
3025160019
3025160020
3025160021
3025160025
3025160026
3025160028
3025160029
3025160030
3025160031
3025160032
3025160033
3025160034
3025160039
3025160050
3025160053
3025160054
3025160055
3025160056
3025160057
3025160058
3025161003
3025161006
3025162001
3025163003
3025163004
3025163005
3025163006
3025163007
3025163008
3025163009
3025163010
3025163011
3025163012
3025164009
3025170008
3025170014
3025170018
3025170021
3025170022
3025170024
3025170025
3025170027
3025170028
3025170029
3025170030
3025170031
3025170032
3025170033
3025170034
3025170035
3025170036
3025170037
3025170038
3025170039
3025170040
3025170041
3025170042
3025170043
3025170044
3025170045
3025170046
3025170047
3025170048
3025170049
3025170050
3025172001
3025172002
3025172005
3025172006
3025180005
3025180007
3025180008
3025180018
3025180019
3025180020
3025180021
3025180022
3025180023
3025180024
3025180025
3025180026
3025180027
3025180028
3025180029
3025210001
3025214002
3025230001
3025230004
3025230005
3025230010
3025230011
3025230012
3025230013
3025231001
3025231005
3025231006
3025234001
3025234003
3025241007
3025242007
3025243003
3025243004
3025244003
3025244004
3025250002
3025251003
3025251004
3025251005
3025251006
3025251007
3025251008
3025253002
3025260001
3025260005
3025260007
3025260009
3025260013
3025260014
3025260015
3025260016
3025260017
3025270004
3025270006
3025270007
3025270008
3025270010
3025270013
3025270016
3025270020
3025270022
3025270023
3025340001
3025340002
3025340003
3025340005
3025340007
3025340008
3025340029
3025342002
3025350001
3025350002
3025350009
3025350011
3025350012
3025350013
3025350014
3025352006
3025360000
3026011006
3026012005
3026022006
3026023003
3026023006
3026024007
3026024008
3026024010
3026031008
3026031009
3026032005
3026032008
3026032009
3026033009
3026040004
3026041005
3026042007
3026044002
3026051005
3026052005
3026053002
3026054005
3026060003
3026060008
3026061005
3026061006
3026070001
3026070002
3026073005
3026080001
3026083005
3026091000
3026092002
3026093000
3026094000
3026101006
3026104008
3026111007
3026112006
3026113007
3026114006
3026121005
3026122001
3026122005
3026123007
3026124003
3026131005
3026141001
3026141007
3026144008
3026151001
3026152000
3026153000
3026154005
3026161001
3026161002
3026162001
3026162002
3026163000
3026164005
3026164006
3026171005
3026171006
3026172000
3026174005
3026174006
3026181005
3026182000
3026182005
3026184006
3026191007
3026192005
3026193003
3026193004
3026194005
3026201000
3026202000
3026203000
3026204001
3026212005
3026213007
3026214001
3026214006
3026221000
3026222002
3026223003
3026224000
3026233002
3026241001
3026260001
3026260002
3026270001
3026271001
3026271002
3026271006
3026271014
3026271015
3026271016
3026280002
3026280003
3026280004
3026280005
3026291000
3026292000
3026293000
3026294000
3026301001
3026302007
3026304008
3026304009
3026311005
3026313000
3026314005
3026320001
3026320002
3026321005
3026321006
3026323000
3026324000
3026330002
3026330003
3026330004
3026330006
3026330011
3026330012
3026330018
3026330021
3026330022
3026330023
3026330024
3026330025
3026330026
3026330027
3026333003
3026340018
3026340026
3026340027
3026340030
3026340031
3026340033
3026340034
3026350001
3026350002
3027014005
3027021005
3027023005
3027031001
3027032000
3027034000
3027042005
3027051005
3027060000
3027071005
3027073005
3027082002
3027083000
3027094005
3027101005
3027102005
3027113003
3027113005
3027124005
3027131007
3027131008
3027133007
3027142005
3027144005
3027151005
3027152005
3027153004
3027161005
3027163006
3027171000
3027173006
3027173007
3027173008
3027173009
3027173010
3027173011
3027174005
3027180001
3027180002
3027180003
3027180004
3027181005
3027183005
3027191002
3027191003
3027191004
3027194000
3027201002
3027201006
3027204002
3027204003
3027204004
3027204005
3027204006
3027210002
3027210003
3027211001
3027214003
3027221005
3027222005
3027223002
3027233005
3027234003
3027241007
3027244007
3027251000
3027252000
3027271004
3027272002
3027274005
3027340001
3027340002
3027350001
3027350002
3027350003
3027364005
3028012006
3028022005
3028022006
3028023005
3028031004
3028033005
3028040000
3028051001
3028054005
3028062005
3028064001
3028071005
3028072005
3028074003
3028080001
3028080002
3028081001
3028083003
3028084005
3028094005
3028110001
3028110002
3028110003
3028110004
3028110005
3028114004
3028120006
3028120007
3028120008
3028124000
3028140010
3028140011
3028140012
3028170002
3028170003
3028170004
3028174004
3028181005
3028182005
3028190000
3028200001
3028200002
3028204004
3028290001
3028290002
3028300000
3029040006
3029040008
3029050001
3029050002
3029050006
3029060000
3029070002
3029070005
3029070006
3029070009
3029080003
3030013005
3030021003
3030021005
3030022005
3030023003
3030024004
3030030005
3030030009
3030030010
3030030011
3030100006
3030100007
3030110003
3030112005
3030123002
3030123005
3030131002
3030131006
3030133006
3030140005
3030140006
3030151008
3030221001
3030232005
3030234004
3030243005
3030254005
3030360003
3030360004
3030360005
3030360008
3030360011
3030360013
3030360014
3030360015
3030360017
3030360019
3030360020
3030360021
3030360026
3030360027
3030360029
3030360030
3030360031
3030360034
3030360035
3030360036
3030360037
3030360039
3030360040
3030360041
3030360044
3030360050
3030360053
3030360055
3030360056
3030360057
3031011005
3031052005
3031053003
3031054005
3031060001
3031060003
3031062005
3031063001
3031070003
3031070004
3031080005
3031080007
3031080008
3031080009
3031080010
3031083005
3031134005
3031141008
3031141009
3031183005
3031270001
3031274003
3031280001
3031281002
3031310001
3031310009
3031310010
3031310011
3031310012
3031310013
3031362000
3110020000
3110030000
3110040000
3110050000
3110060000
3110070000
3110080001
3110120000
3110140001
3110150003
3110160002
3122011001
3122011008
3122011009
3122011010
3122012002
3122012003
3122012008
3122012009
3122012010
3122012011
3122013002
3122014004
3122014006
3122014007
3122014008
3122014009
3122020001
3122024004
3122030001
3122031004
3122031005
3122031006
3122033003
3122034002
3122034003
3122040001
3122040003
3122042005
3122044004
3122044005
3122050007
3122050014
3122050016
3122060002
3122060003
3122060006
3122060007
3122060008
3122064008
3122070001
3122070005
3122070007
3122070009
3122070010
3122070011
3122071001
3122072001
3122072005
3122080008
3122080018
3122080029
3122080030
3122080031
3122080032
3122080033
3122080036
3122080037
3122080038
3122080039
3122080040
3122080041
3122080042
3122080045
3122080046
3122082006
3122082008
3122083003
3122084004
3122090001
3122091000
3122093005
3122100001
3122104004
3122110001
3122113003
3122113004
3122113007
3122120001
3122121009
3122121010
3122122001
3122123001
3122130000
3122140000
3122150000
3122160001
3122160005
3122160010
3122160011
3122160012
3122160021
3122160023
3122160024
3122160026
3122160028
3122160031
3122160032
3122160038
3122160048
3122160049
3122160053
3122160056
3122160057
3122160058
3122160060
3122160065
3122160066
3122160067
3122160070
3122160071
3122160072
3122160073
3122170002
3122170008
3122170011
3122170013
3122170014
3122170015
3122170017
3122170020
3122170023
3122170025
3122171005
3122171007
3122171009
3122174001
3122174002
3122174003
3122180001
3122182001
3122190001
3122190002
3122190003
3122192006
3122200003
3122200005
3122200007
3122200008
3122200010
3122200011
3122200012
3122210015
3122210016
3122210017
3122210018
3122210019
3122210020
3122210021
3122210022
3122210023
3122210024
3122210025
3122210027
3122210028
3122210029
3122211001
3122214005
3122214006
3122220003
3122220004
3122220005
3122221000
3122222003
3122223005
3122224004
3122230001
3122233004
3122233005
3122240000
3122250000
3122260001
3122260003
3122260004
3122260005
3122260006
3122260007
3122260008
3122260009
3122263002
3122263004
3122263005
3122264003
3122270009
3122270013
3122270015
3122270017
3122270018
3122270019
3122270020
3122270022
3122270026
3122270031
3122270038
3122270040
3122270042
3122270043
3122270044
3122270049
3122270051
3122270058
3122270059
3122270061
3122270062
3122271005
3122272001
3122280004
3122280007
3122280008
3122280013
3122280014
3122280015
3122280016
3122280017
3122280018
3122280019
3122280020
3122280021
3122290001
3122312001
3122320003
3122320004
3122320005
3122321002
3122322001
3122322003
3122322004
3122323001
3122323002
3122324003
3122330011
3122330012
3122330013
3122331005
3122341001
3122341002
3122341003
3122341004
3122341005
3122341006
3122341007
3122341008
3122342001
3122342005
3122342006
3122350003
3122350005
3122350006
3122350007
3122350008
3122350023
3122350024
3122350025
3122350026
3122350027
3122350029
3122350030
3122350031
3122352006
3122353004
3122354001
3122354003
3122360006
3122360007
3122360009
3122360013
3122360017
3122360019
3122360022
3122360026
3122360027
3122360030
3122360031
3122360032
3122360033
3122360034
3122360038
3122360040
3122360041
3122360042
3122360045
3122360046
3122360047
3122360049
3122360050
3122362001
3122363002
3123011005
3123012000
3123013005
3123021005
3123022005
3123023003
3123030001
3123031005
3123040001
3123041000
3123050001
3123052005
3123060001
3123064003
3123064006
3123064008
3123064009
3123070001
3123070002
3123070003
3123070004
3123072002
3123072004
3123072007
3123072008
3123073001
3123073005
3123073006
3123074003
3123074004
3123080002
3123081001
3123082001
3123082003
3123082005
3123083005
3123083006
3123084000
3123090001
3123091005
3123093003
3123101000
3123101005
3123111005
3123113000
3123121005
3123122005
3123131005
3123134005
3123140001
3123141000
3123142000
3123150000
3123160000
3123171000
3123171001
3123173006
3123174003
3123180001
3123181007
3123181009
3123181010
3123181011
3123184001
3123190000
3123201000
3123202004
3123202006
3123202007
3123202008
3123210001
3123211005
3123211006
3123211007
3123212000
3123212006
3123212007
3123212008
3123212010
3123212011
3123221000
3123223003
3123224002
3123224003
3123230001
3123231000
3123241005
3123241006
3123241008
3123241009
3123241010
3123242001
3123242003
3123242005
3123242006
3123242007
3123242009
3123242013
3123243001
3123243002
3123243003
3123243004
3123243005
3123244002
3123244003
3123250001
3123250002
3123250003
3123251002
3123251005
3123251006
3123252005
3123252006
3123252007
3123252008
3123253005
3123253006
3123260001
3123262005
3123262006
3123264003
3123270004
3123270007
3123270008
3123270009
3123270011
3123270012
3123270013
3123270014
3123271005
3123274005
3123280001
3123280002
3123280003
3123280004
3123280007
3123280008
3123280010
3123280011
3123280012
3123280013
3123280014
3123281005
3123281006
3123281007
3123281008
3123281009
3123282003
3123282006
3123282007
3123282010
3123282011
3123282012
3123282013
3123283005
3123283006
3123283008
3123283009
3123283010
3123283011
3123283012
3123284008
3123284009
3123284010
3123284013
3123290002
3123290003
3123290004
3123290006
3123290007
3123290008
3123290009
3123290010
3123290011
3123291009
3123291010
3123291012
3123291013
3123291014
3123291015
3123291016
3123292003
3123292005
3123292007
3123292008
3123292009
3123293006
3123293008
3123293010
3123293011
3123293013
3123294005
3123300001
3123300002
3123300003
3123300004
3123300005
3123300007
3123301008
3123301009
3123301010
3123302005
3123302006
3123310001
3123310002
3123310003
3123310004
3123310005
3123310006
3123310010
3123310011
3123310012
3123310013
3123310014
3123310015
3123310016
3123310017
3123313004
3123314003
3123314005
3123321006
3123321007
3123321008
3123321009
3123321010
3123321011
3123322003
3123322004
3123322005
3123322006
3123322007
3123323002
3123323003
3123323004
3123323005
3123324003
3123324006
3123324007
3123324008
3123324009
3123330001
3123330002
3123331001
3123331002
3123332004
3123332007
3123333004
3123333008
3123333009
3123333010
3123334001
3123334002
3123334006
3123334008
3123340001
3123341003
3123342004
3123343001
3123350001
3123350002
3123351003
3123352003
3123352004
3123353001
3123353002
3123354001
3123354002
3123361001
3123361002
3123361003
3123362001
3123362004
3123362005
3123364000
3124010002
3124010004
3124010006
3124010007
3124010008
3124010009
3124010017
3124010038
3124010039
3124010040
3124010041
3124010047
3124010048
3124010049
3124010050
3124010057
3124010059
3124010060
3124010063
3124012005
3124012011
3124020058
3124020059
3124020060
3124020061
3124020062
3124020063
3124020064
3124020065
3124022000
3124023002
3124023005
3124024000
3124030001
3124030002
3124030003
3124033002
3124040001
3124041006
3124042003
3124050000
3124061005
3124062000
3124063005
3124070000
3124081005
3124082005
3124083002
3124084005
3124090001
3124090006
3124091005
3124093000
3124100001
3124100002
3124100026
3124100027
3124100028
3124100029
3124100030
3124100031
3124100032
3124100033
3124100034
3124100035
3124100036
3124100037
3124101004
3124104005
3124110002
3124110003
3124110004
3124110008
3124110012
3124110013
3124110014
3124110015
3124110019
3124110020
3124110021
3124110022
3124110023
3124110024
3124110025
3124110026
3124110027
3124110028
3124110029
3124110030
3124110031
3124111001
3124111002
3124112002
3124114001
3124114003
3124114004
3124114005
3124120001
3124120003
3124120004
3124120005
3124120006
3124120007
3124120008
3124120017
3124120018
3124120019
3124120020
3124120021
3124120022
3124120023
3124120025
3124120026
3124120027
3124120028
3124120029
3124120030
3124120034
3124120035
3124120036
3124120037
3124120038
3124120039
3124122005
3124124006
3124124008
3124124009
3124130009
3124130010
3124130011
3124130013
3124130014
3124130015
3124130016
3124130031
3124130032
3124130033
3124130034
3124130037
3124130041
3124130042
3124130049
3124130050
3124130053
3124130055
3124130057
3124132002
3124133007
3124134006
3124140002
3124140003
3124140009
3124140010
3124141005
3124142001
3124142003
3124142004
3124150001
3124151004
3124151005
3124154005
3124161000
3124163004
3124170001
3124170002
3124171005
3124172002
3124173005
3124174004
3124181005
3124182002
3124182005
3124190001
3124190002
3124191001
3124191004
3124191005
3124192003
3124192004
3124193006
3124193008
3124193013
3124194002
3124194007
3124194011
3124194013
3124194014
3124200002
3124200003
3124200005
3124200006
3124200007
3124200008
3124201006
3124201007
3124202001
3124203002
3124203005
3124204005
3124210004
3124210006
3124210009
3124210010
3124210011
3124210012
3124213002
3124213004
3124213005
3124213006
3124220002
3124220005
3124220006
3124221001
3124222001
3124222003
3124223001
3124223002
3124224001
3124224006
3124231001
3124231007
3124231008
3124232002
3124233005
3124233006
3124234006
3124240002
3124240005
3124240006
3124240007
3124240009
3124240013
3124240014
3124241001
3124241002
3124241004
3124242008
3124242009
3124242010
3124250001
3124250002
3124250009
3124250016
3124250017
3124250019
3124250021
3124250023
3124250030
3124250031
3124250032
3124250033
3124250035
3124250036
3124250039
3124251003
3124260001
3124260003
3124262005
3124264007
3124264008
3124270001
3124270002
3124270003
3124270004
3124270005
3124271006
3124271007
3124280001
3124280004
3124280009
3124280011
3124280012
3124280013
3124280014
3124280015
3124280016
3124281003
3124282003
3124282005
3124282006
3124282007
3124282008
3124282009
3124282010
3124283001
3124283002
3124283003
3124283006
3124283007
3124290001
3124291006
3124292002
3124292003
3124293001
3124293003
3124293006
3124301000
3124301005
3124301007
3124302005
3124304005
3124310001
3124311005
3124312008
3124312009
3124312010
3124320002
3124320004
3124320005
3124320008
3124320011
3124321001
3124321005
3124321007
3124321008
3124321009
3124321010
3124321011
3124322006
3124322007
3124322008
3124323007
3124323008
3124324001
3124324004
3124324007
3124324008
3124331003
3124331004
3124331007
3124331008
3124331009
3124331010
3124332007
3124332008
3124332013
3124333009
3124333010
3124333012
3124333014
3124333016
3124333017
3124333018
3124333019
3124333020
3124334002
3124334003
3124340001
3124341001
3124341007
3124341008
3124341009
3124341010
3124341011
3124342005
3124342010
3124342011
3124343012
3124343013
3124343014
3124343015
3124343017
3124343018
3124344002
3124344016
3124344017
3124344018
3124344019
3124351002
3124351004
3124352002
3124353003
3124353004
3124353005
3124360016
3124360018
3124360029
3124360032
3124360033
3124360034
3124360038
3124360039
3124360040
3124360041
3124360054
3124360057
3124360058
3124360060
3124360061
3124360063
3124360064
3124360067
3124360070
3124360071
3124360072
3124360073
3124360074
3124361001
3124361006
3124363001
3124364003
3125040003
3125040004
3125050006
3125050007
3125050010
3125050015
3125050019
3125050021
3125050022
3125050023
3125050024
3125050025
3125050026
3125050031
3125050034
3125050038
3125050042
3125050046
3125050047
3125050049
3125050050
3125050051
3125050054
3125050057
3125050058
3125050060
3125050063
3125050067
3125050071
3125050073
3125050074
3125050075
3125050076
3125050078
3125050079
3125050082
3125051005
3125060011
3125060012
3125060013
3125060038
3125060039
3125060040
3125060041
3125060042
3125060043
3125060044
3125060045
3125060046
3125060047
3125060048
3125060049
3125060050
3125060051
3125060052
3125060053
3125060054
3125060055
3125060056
3125060057
3125060058
3125060059
3125060060
3125060061
3125060062
3125060063
3125060064
3125060065
3125061004
3125070015
3125070016
3125070017
3125070018
3125070019
3125070020
3125070022
3125070023
3125070024
3125070025
3125070026
3125070027
3125070028
3125070029
3125070030
3125070031
3125070032
3125070033
3125070034
3125070035
3125070036
3125070037
3125070038
3125070241
3125071005
3125071006
3125071007
3125071008
3125072002
3125073005
3125080002
3125080010
3125080012
3125080015
3125080017
3125080018
3125080019
3125080020
3125080021
3125080022
3125080023
3125080033
3125080034
3125080035
3125080036
3125080037
3125082001
3125082002
3125083005
3125090011
3125090013
3125090017
3125090019
3125090020
3125090021
3125090022
3125090024
3125090026
3125090028
3125090029
3125090037
3125090040
3125090042
3125090044
3125090045
3125090046
3125090049
3125090050
3125092004
3125093002
3125093003
3125093006
3125100003
3125100004
3125100005
3125100006
3125100007
3125131005
3125150001
3125150006
3125150007
3125150009
3125150016
3125150019
3125150020
3125150022
3125150023
3125150024
3125150027
3125150028
3125150030
3125150031
3125150035
3125150036
3125150046
3125150052
3125150053
3125150055
3125150065
3125150066
3125150067
3125150068
3125153003
3125153005
3125160001
3125160002
3125163005
3125170001
3125170003
3125170004
3125170005
3125172004
3125172005
3125180001
3125180004
3125180005
3125181005
3125183006
3125184005
3125190001
3125190002
3125190003
3125190006
3125190007
3125190009
3125190010
3125191000
3125192005
3125192006
3125192010
3125192011
3125192012
3125194005
3125200003
3125200004
3125200005
3125200006
3125200007
3125200008
3125200009
3125200010
3125200017
3125200019
3125200020
3125200021
3125201002
3125201003
3125201004
3125201005
3125201006
3125201007
3125201008
3125202002
3125202003
3125202005
3125203001
3125203002
3125203005
3125203006
3125204006
3125204007
3125204008
3125204009
3125204010
3125204011
3125204012
3125204013
3125211000
3125212005
3125213005
3125214004
3125220001
3125220002
3125220003
3125220004
3125220005
3125220008
3125221001
3125221003
3125221005
3125221006
3125221007
3125221008
3125222004
3125223005
3125224006
3125241005
3125242005
3125251002
3125251005
3125252005
3125260002
3125260013
3125260014
3125260015
3125260016
3125260017
3125262002
3125262008
3125263003
3125263004
3125270010
3125270015
3125270020
3125270024
3125270033
3125270034
3125270035
3125271000
3125272001
3125272002
3125273006
3125274005
3125281005
3125282001
3125282002
3125282005
3125284008
3125284009
3125290001
3125290003
3125290014
3125290015
3125290017
3125290030
3125300001
3125300002
3125300003
3125300008
3125300014
3125300015
3125300016
3125300017
3125300020
3125300021
3125300022
3125300023
3125300026
3125300027
3125300033
3125300034
3125300035
3125303002
3125303007
3125303008
3125304002
3125310001
3125310006
3125310009
3125310010
3125310011
3125310012
3125310014
3125310016
3125310017
3125310018
3125310019
3125310020
3125311006
3125314001
3125314002
3125314006
3125320001
3125320016
3125320021
3125320023
3125320025
3125320027
3125320028
3125320029
3125320032
3125320033
3125320034
3125320035
3125320036
3125320037
3125320038
3125322001
3125330001
3125331001
3125331002
3125331005
3125332003
3125332005
3125332006
3125332008
3125333005
3125333006
3125334003
3125340004
3125340009
3125340027
3125340029
3125340033
3125340036
3125340039
3125340041
3125340042
3125340045
3125340063
3125340064
3125340065
3125340066
3125340067
3125340068
3125340071
3125340073
3125340075
3125340076
3125340077
3125340079
3125340081
3125340082
3125340083
3125340086
3125340087
3125340089
3125340090
3125340092
3125342002
3125343005
3125344005
3125344006
3125351005
3125352006
3125353002
3125353005
3125361005
3126011007
3126012002
3126013009
3126013010
3126014001
3126021001
3126021005
3126021007
3126021008
3126024004
3126031006
3126034004
3126041001
3126041005
3126042003
3126043001
3126043003
3126043004
3126044005
3126051005
3126052001
3126052002
3126052003
3126053001
3126054001
3126054002
3126072005
3126081003
3126081005
3126084001
3126084002
3126091001
3126091004
3126091005
3126093005
3126100002
3126100004
3126101005
3126111006
3126112005
3126121001
3126121005
3126121006
3126122002
3126122005
3126131001
3126131006
3126141005
3126151005
3126152007
3126161005
3126163007
3126171005
3126171006
3126173005
3126181005
3126191005
3126194002
3126201001
3126202002
3126202003
3126202005
3126203002
3126211005
3126213002
3126213003
3126213004
3126213006
3126214001
3126214003
3126221005
3126223000
3126224000
3126231000
3126232000
3126233005
3126241006
3126242001
3126242003
3126242004
3126243005
3126243006
3126252005
3126254003
3126254005
3126261005
3126261006
3126262006
3126263002
3126271000
3126271002
3126273000
3126274003
3126274005
3126281001
3126281002
3126281004
3126281005
3126282001
3126282002
3126283000
3126284000
3126291000
3126292001
3126292002
3126293003
3126294001
3126294003
3126301001
3126302000
3126303002
3126311000
3126312002
3126313002
3126313003
3126313004
3126314001
3126314003
3126314004
3126321001
3126321002
3126322005
3126323002
3126324003
3126332006
3126332007
3126333000
3126340001
3126340002
3126341001
3126342001
3126342005
3126343007
3126344005
3126351008
3126351009
3126352005
3126352009
3126352010
3126353008
3126354001
3126354005
3126360001
3126361005
3126362002
3126362003
3126363001
3126363002
3126363004
3126363005
3126364010
3126364011
3127011005
3127012002
3127012003
3127013002
3127014004
3127020001
3127020002
3127020003
3127020004
3127020005
3127020006
3127021003
3127031005
3127031006
3127041005
3127041006
3127044007
3127050001
3127050003
3127051005
3127052002
3127052003
3127052004
3127053000
3127054004
3127061005
3127064006
3127071005
3127072005
3127081001
3127081003
3127082001
3127082002
3127082003
3127083005
3127083006
3127084001
3127091003
3127091005
3127092003
3127093001
3127093002
3127093004
3127094002
3127094003
3127094004
3127094005
3127100000
3127110001
3127110002
3127110003
3127110006
3127110007
3127121000
3127122004
3127122005
3127123005
3127124001
3127131005
3127132000
3127133001
3127133003
3127141006
3127143007
3127151006
3127161005
3127163002
3127164001
3127164004
3127171001
3127171003
3127171004
3127172000
3127173001
3127173002
3127173004
3127173005
3127174000
3127180001
3127181004
3127181005
3127182006
3127182007
3127183005
3127190003
3127191001
3127191008
3127193003
3127193008
3127194004
3127201000
3127204004
3127211007
3127213003
3127214003
3127221005
3127223005
3127231001
3127231003
3127232000
3127233006
3127233007
3127234001
3127234005
3127251001
3127252001
3127252002
3127254000
3127261000
3127262000
3127264001
3127264003
3127271005
3127281005
3127291006
3127291007
3127293003
3127300001
3127302005
3127311007
3127313003
3127321003
3127321006
3127322005
3127324001
3127333000
3127334000
3127341001
3127341005
3127345000
3127351006
3127353005
3127361004
3127361005
3127364001
3128010001
3128011005
3128014003
3128014004
3128021001
3128021005
3128024001
3128024005
3128024006
3128083005
3128090001
3128100001
3128111002
3128111006
3128160001
3128183003
3128191003
3128193003
3128193004
3128194001
3128194003
3128194004
3128201003
3128202002
3128202004
3128203001
3128203003
3128203004
3128204003
3128204004
3128210000
3128241006
3128252002
3128253003
3128263000
3128272004
3128272006
3128283002
3128283003
3128284003
3128291001
3128291003
3128291004
3128292000
3128294001
3128294002
3128294003
3128301001
3128301002
3128301003
3128301004
3128302003
3128303000
3128311000
3128313001
3128313004
3128314003
3128314004
3128320001
3128320002
3128321004
3128323002
3128323003
3128324000
3128331002
3128331003
3128332001
3128332002
3128332003
3128333001
3128333002
3128333004
3128334001
3128334003
3128334005
3128341004
3128341005
3128343003
3128343005
3128343006
3128353002
3128353003
3128354003
3128362000
3129040001
3129050001
3129052000
3129063005
3129070001
3129080001
3129101000
3129114000
3129164005
3129170001
3129172005
3129191005
3129192001
3129192002
3129192004
3129193001
3129201001
3129202005
3129204005
3129211005
3129213004
3129214003
3129222006
3129224005
3129233006
3129250001
3129250002
3129260001
3129260002
3129264006
3129271000
3129273000
3129281005
3129284002
3129291005
3129303005
3129304001
3129304005
3129312006
3129321005
3129330003
3129330004
3129333000
3129340001
3129340002
3129340003
3129340004
3129344004
3129354004
3130013006
3130013008
3130023005
3130031001
3130031004
3130031006
3130053000
3130060001
3130060003
3130060004
3130060005
3130060006
3130064007
3130071000
3130092005
3130101005
3130111001
3130111003
3130114000
3130114005
3130124005
3130132002
3130142005
3130143006
3130144000
3130151010
3130233004
3130240003
3130240004
3130240005
3130240006
3130240007
3130240008
3130242001
3130242002
3130243007
3130250001
3130250002
3130251001
3130251005
3130251007
3130251010
3130253001
3130253009
3130253010
3130253012
3130254002
3130261006
3130262008
3130303007
3130310003
3130310005
3130310006
3130311003
3130320002
3130330003
3130352001
3130353003
3130361001
3130363005
3131014005
3131020001
3131033001
3131033002
3131044007
3131051005
3131053003
3131054000
3131061005
3131071005
3131083003
3131083005
3131083006
3131091002
3131093005
3131094005
3131101006
3131102005
3131111002
3131112005
3131121001
3131131001
3131141001
3131143005
3131151000
3131154007
3131161003
3131161005
3131164006
3131171000
3131172001
3131174001
3131174002
3131181001
3131183006
3131191001
3131204002
3131213006
3131223001
3131234006
3131234007
3131242002
3131251005
3131300001
3131300002
3131300003
3131300004
3221110033
3221132000
3221140002
3221140004
3221142005
3221142006
3221162002
3221211001
3221220002
3221220005
3221230002
3221230003
3221230004
3221230005
3221230007
3221230010
3221230011
3221230012
3221230013
3221230014
3221230015
3221230016
3221230019
3221230020
3221231009
3221232005
3221240002
3221240007
3221240008
3221241002
3221242003
3221250005
3221250008
3221250012
3221250013
3221250014
3221250015
3221254007
3221360000
3222010003
3222010005
3222010009
3222010010
3222010011
3222010012
3222010013
3222010014
3222010015
3222010016
3222011000
3222011006
3222011007
3222011008
3222012004
3222012008
3222012010
3222012011
3222013003
3222020006
3222020007
3222020009
3222020010
3222020011
3222020012
3222020016
3222020018
3222020020
3222020021
3222020026
3222020027
3222020028
3222020030
3222020039
3222020040
3222020041
3222020042
3222020043
3222020046
3222020048
3222020050
3222020052
3222020053
3222020054
3222020059
3222020060
3222020062
3222020063
3222020064
3222020065
3222021002
3222022004
3222022005
3222022006
3222023005
3222023006
3222030012
3222030021
3222030029
3222030030
3222030031
3222030034
3222030035
3222030037
3222030040
3222030041
3222030043
3222030051
3222030054
3222030055
3222040001
3222040002
3222042005
3222043003
3222044006
3222052000
3222071003
3222080001
3222083003
3222084004
3222090002
3222090003
3222090004
3222090006
3222091009
3222094001
3222094003
3222100023
3222100029
3222100030
3222100034
3222100036
3222100039
3222100042
3222100044
3222100045
3222100047
3222100049
3222100050
3222101002
3222101005
3222101006
3222102001
3222102002
3222102004
3222102009
3222110001
3222111004
3222112005
3222114003
3222114006
3222114007
3222114008
3222121001
3222124001
3222132005
3222140001
3222141001
3222150002
3222150008
3222150009
3222150010
3222150011
3222150012
3222151005
3222151006
3222154006
3222160209
3222160210
3222160213
3222160214
3222160215
3222160217
3222160219
3222160220
3222160222
3222160223
3222160226
3222160228
3222160229
3222160235
3222160238
3222160239
3222160241
3222160243
3222160244
3222160249
3222160253
3222160254
3222162002
3222164005
3222170001
3222170003
3222172005
3222173004
3222182002
3222183002
3222191005
3222192000
3222193005
3222194005
3222200012
3222200013
3222200066
3222200116
3222200117
3222200122
3222200124
3222200125
3222200126
3222200131
3222200132
3222200133
3222200138
3222200139
3222200140
3222200142
3222200143
3222200144
3222200145
3222200147
3222200148
3222200150
3222200151
3222200152
3222200153
3222200154
3222200156
3222200157
3222200158
3222200159
3222200166
3222200167
3222203004
3222204002
3222204004
3222210007
3222210011
3222210012
3222210091
3222210100
3222210101
3222210146
3222210147
3222210148
3222210156
3222210158
3222210168
3222210171
3222210172
3222210174
3222210175
3222210177
3222210179
3222210180
3222210187
3222210190
3222210191
3222210192
3222210197
3222210199
3222210200
3222210202
3222210203
3222210204
3222210205
3222210214
3222210215
3222210224
3222210225
3222210226
3222210232
3222210233
3222210236
3222210238
3222210239
3222210240
3222210241
3222212002
3222220004
3222220012
3222220013
3222220014
3222220015
3222220016
3222220017
3222220018
3222221005
3222222000
3222223005
3222224001
3222234004
3222251000
3222260000
3222270001
3222270002
3222271000
3222273001
3222274002
3222280004
3222280008
3222280009
3222280010
3222280011
3222280016
3222280018
3222280019
3222280020
3222280021
3222280022
3222280023
3222282003
3222283003
3222283006
3222290017
3222290045
3222290116
3222290123
3222290131
3222290133
3222290135
3222290137
3222290141
3222290145
3222290153
3222290154
3222290159
3222290164
3222290167
3222290168
3222290169
3222290170
3222290171
3222290172
3222290173
3222290174
3222290177
3222290183
3222290185
3222290186
3222291006
3222292005
3222294003
3222300002
3222300003
3222300007
3222300008
3222300009
3222300010
3222300011
3222300012
3222300013
3222300014
3222301005
3222301006
3222302006
3222302010
3222310015
3222310016
3222310017
3222310019
3222310020
3222310023
3222310027
3222310028
3222310029
3222310030
3222310034
3222310035
3222310036
3222310037
3222310039
3222310040
3222310041
3222310043
3222310044
3222310045
3222310046
3222310048
3222310049
3222313005
3222314002
3222320009
3222320010
3222320013
3222320016
3222320020
3222320029
3222320030
3222320032
3222320038
3222320039
3222320040
3222320042
3222320043
3222320044
3222320045
3222320047
3222320048
3222320049
3222320050
3222320051
3222320052
3222320053
3222321001
3222322005
3222323002
3222330001
3222330002
3222331005
3222332005
3222340001
3222340003
3222340004
3222340006
3222340008
3222340009
3222341000
3222343003
3222343004
3222343005
3222344001
3222344004
3222344008
3222350000
3222360000
3223060004
3223060007
3223060010
3223060013
3223060015
3223064007
3223113007
3223141005
3223332004
3223342005
3224010001
3224011003
3224013005
3224020001
3224020002
3224020004
3224022001
3224022002
3224023005
3224023007
3224023008
3224023009
3224031005
3224032003
3224032004
3224032005
3224032006
3224033001
3224033002
3224033005
3224033006
3224033007
3224034001
3224034002
3224034006
3224040004
3224040012
3224040015
3224040016
3224040021
3224040022
3224040025
3224040027
3224040028
3224040029
3224040030
3224040031
3224040032
3224040034
3224040036
3224040039
3224040040
3224040044
3224040046
3224040047
3224040050
3224040051
3224040053
3224040056
3224040057
3224041006
3224043003
3224050001
3224050002
3224050003
3224050004
3224050005
3224051004
3224051005
3224052001
3224054001
3224054007
3224054008
3224060000
3224060001
3224070000
3224080000
3224090002
3224090003
3224090004
3224090006
3224090007
3224092005
3224093005
3224094000
3224100008
3224100011
3224100023
3224100027
3224100028
3224100029
3224100030
3224100031
3224100032
3224100033
3224100035
3224100036
3224100038
3224100043
3224100045
3224100046
3224100047
3224100048
3224100049
3224100050
3224100051
3224100052
3224100053
3224100054
3224100055
3224100056
3224100057
3224100058
3224100059
3224100060
3224110001
3224110010
3224110014
3224110017
3224110018
3224110019
3224110022
3224110026
3224110027
3224110029
3224110030
3224110031
3224110032
3224110033
3224110034
3224110035
3224110036
3224110037
3224110039
3224112002
3224112003
3224112004
3224121001
3224121002
3224123005
3224123006
3224123007
3224123008
3224124004
3224124005
3224124006
3224130002
3224130009
3224130010
3224130012
3224130014
3224130016
3224130017
3224130020
3224130022
3224130026
3224130029
3224130030
3224130031
3224130032
3224130033
3224133003
3224133004
3224133005
3224140001
3224140002
3224140008
3224140010
3224140012
3224140016
3224140018
3224140019
3224140020
3224140021
3224140023
3224140024
3224140028
3224141005
3224141006
3224141009
3224141010
3224141011
3224142006
3224143005
3224150002
3224150003
3224150004
3224150005
3224150006
3224150007
3224150015
3224150017
3224150018
3224150021
3224150022
3224150025
3224150026
3224150027
3224150028
3224150029
3224150030
3224150031
3224150032
3224150033
3224150034
3224150035
3224150036
3224153000
3224160000
3224171000
3224172003
3224180000
3224190000
3224200000
3224211004
3224211005
3224213005
3224220001
3224221001
3224221004
3224221005
3224224001
3224230001
3224230002
3224231005
3224232002
3224233001
3224233005
3224234002
3224241001
3224241002
3224243005
3224244003
3224244005
3224250087
3224250089
3224250090
3224250091
3224250092
3224250094
3224250096
3224250098
3224250099
3224250100
3224252002
3224253001
3224254006
3224260003
3224260004
3224260083
3224260084
3224260088
3224260089
3224260090
3224262003
3224263003
3224264004
3224270000
3224280001
3224284005
3224290000
3224300000
3224310000
3224320000
3224331000
3224332005
3224341001
3224341005
3224342005
3224343003
3224350079
3224350080
3224350081
3224350082
3224351002
3224353005
3224354005
3224360066
3224360068
3224360069
3224360071
3224360073
3224360079
3224360081
3224360082
3224361005
3225010006
3225010009
3225010010
3225010013
3225010015
3225010017
3225010019
3225011002
3225011003
3225012001
3225012002
3225013001
3225013002
3225013004
3225013005
3225013006
3225020003
3225020006
3225020007
3225020017
3225020018
3225020019
3225020020
3225020022
3225020023
3225020024
3225020025
3225020029
3225022005
3225024005
3225024006
3225030001
3225030003
3225030004
3225030009
3225030013
3225030019
3225030022
3225030028
3225030032
3225030033
3225030034
3225030036
3225030038
3225030039
3225030040
3225030045
3225030048
3225030049
3225030051
3225031003
3225031004
3225033002
3225033007
3225034001
3225034003
3225034005
3225040001
3225040002
3225040005
3225040008
3225040010
3225040017
3225040018
3225040019
3225040023
3225040024
3225040025
3225040034
3225040035
3225040038
3225040040
3225040041
3225040042
3225040043
3225040049
3225040052
3225040059
3225040062
3225040064
3225040066
3225040068
3225040070
3225040071
3225040075
3225040078
3225040080
3225040082
3225040083
3225040086
3225040089
3225040091
3225040093
3225040095
3225040096
3225040097
3225040098
3225041001
3225041002
3225044006
3225044007
3225044008
3225044009
3225051003
3225051004
3225051005
3225051006
3225052002
3225052003
3225053000
3225061000
3225071005
3225080005
3225080051
3225080054
3225080060
3225080065
3225080066
3225080070
3225080071
3225080072
3225080073
3225080074
3225080075
3225080076
3225090002
3225090003
3225090008
3225090014
3225090016
3225090022
3225090025
3225090029
3225090030
3225090035
3225090039
3225090041
3225090047
3225090054
3225090060
3225090061
3225090062
3225090063
3225090064
3225090065
3225090066
3225090068
3225090069
3225090073
3225090077
3225090078
3225090079
3225090080
3225090083
3225090084
3225090085
3225090099
3225090100
3225090107
3225090108
3225090109
3225090110
3225090112
3225090113
3225090114
3225090115
3225090116
3225090118
3225090120
3225090122
3225090123
3225090124
3225090125
3225090126
3225090127
3225090128
3225090134
3225090136
3225100001
3225100002
3225100007
3225100008
3225100009
3225100011
3225100012
3225100013
3225100015
3225100016
3225100018
3225101005
3225101007
3225102001
3225103003
3225111001
3225111003
3225112004
3225113001
3225113003
3225113004
3225113005
3225113006
3225114001
3225114002
3225114003
3225114005
3225114006
3225123003
3225123004
3225133001
3225134001
3225134003
3225134005
3225141003
3225141005
3225141006
3225144001
3225144006
3225150001
3225150002
3225151004
3225154002
3225160002
3225163000
3225170006
3225170009
3225170011
3225170012
3225170013
3225170014
3225170017
3225170018
3225170019
3225170021
3225170025
3225170028
3225170029
3225170030
3225171003
3225172001
3225172002
3225172003
3225180001
3225180002
3225181007
3225181008
3225181009
3225182001
3225182006
3225182007
3225183005
3225183006
3225183007
3225190001
3225190003
3225190005
3225190006
3225190008
3225190011
3225190012
3225190013
3225191005
3225191006
3225194005
3225194006
3225194008
3225200003
3225200005
3225200008
3225200010
3225200014
3225200015
3225200016
3225200017
3225201001
3225201003
3225201004
3225202001
3225202003
3225203003
3225203005
3225203008
3225203009
3225204002
3225204005
3225204006
3225210001
3225221001
3225221003
3225222002
3225222004
3225222005
3225224002
3225241000
3225252000
3225254005
3225260001
3225260004
3225271001
3225271004
3225271006
3225272001
3225272004
3225274002
3225281003
3225282003
3225283000
3225284001
3225290001
3225290002
3225290005
3225290006
3225290008
3225290011
3225290013
3225290015
3225290016
3225290017
3225290018
3225290019
3225290020
3225290021
3225290022
3225290023
3225291002
3225291003
3225291004
3225292001
3225292006
3225294008
3225294009
3225294010
3225294011
3225300007
3225300010
3225300018
3225300019
3225300020
3225300022
3225300023
3225300025
3225300026
3225300027
3225300028
3225300030
3225300031
3225300033
3225300034
3225300035
3225300036
3225300039
3225300040
3225300043
3225300044
3225300046
3225300047
3225310003
3225310005
3225310011
3225310012
3225310013
3225310016
3225310018
3225310020
3225310021
3225310074
3225310075
3225310076
3225310077
3225310078
3225312003
3225313001
3225314006
3225320007
3225320008
3225320010
3225320012
3225320014
3225320017
3225320018
3225320019
3225320023
3225320024
3225320025
3225320028
3225320033
3225320034
3225320035
3225320036
3225320037
3225321001
3225322001
3225324003
3225324004
3225324005
3225324007
3225331003
3225334001
3225353001
3225354004
3226011001
3226011002
3226011004
3226012001
3226012004
3226013002
3226013003
3226014001
3226014002
3226014004
3226020002
3226020003
3226020012
3226020013
3226020015
3226021001
3226021003
3226022005
3226022006
3226022007
3226022008
3226023001
3226023003
3226023005
3226024003
3226030003
3226030005
3226030008
3226031002
3226031004
3226032005
3226033005
3226033006
3226034005
3226034006
3226044001
3226044004
3226054005
3226061002
3226064001
3226073001
3226092001
3226100005
3226100009
3226100011
3226100013
3226100014
3226102001
3226102002
3226102004
3226103002
3226103003
3226111001
3226111002
3226112001
3226112002
3226113003
3226113004
3226114003
3226114006
3226114008
3226114009
3226122000
3226124001
3226124004
3226131010
3226134002
3226141003
3226142004
3226142005
3226143002
3226143005
3226144004
3226150002
3226150003
3226150004
3226150005
3226150007
3226150008
3226151003
3226151005
3226151006
3226151007
3226151008
3226152006
3226152007
3226152008
3226152009
3226152010
3226153001
3226153002
3226153005
3226153006
3226154008
3226154009
3226154010
3226154011
3226154012
3226154013
3226160002
3226161007
3226161008
3226161009
3226161011
3226161012
3226162001
3226162002
3226182004
3226183002
3226184001
3226184004
3226192001
3226193001
3226193002
3226193004
3226194001
3226194003
3226194004
3226194005
3226200001
3226202005
3226211002
3226211005
3226211007
3226211008
3226212002
3226212003
3226212004
3226212005
3226213001
3226213002
3226213005
3226213006
3226214004
3226214005
3226221003
3226221005
3226221006
3226222001
3226222006
3226223003
3226223006
3226223008
3226223010
3226224001
3226224003
3226224005
3226224006
3226224007
3226224008
3226231001
3226231002
3226231005
3226231006
3226231009
3226232005
3226233003
3226233004
3226234002
3226234003
3226234004
3226234005
3226240009
3226243002
3226243005
3226243006
3226244003
3226244004
3226251007
3226252000
3226261006
3226262002
3226264003
3226271001
3226271002
3226271003
3226271004
3226272002
3226272006
3226272007
3226272008
3226272010
3226272011
3226273001
3226273003
3226273004
3226274001
3226274002
3226280001
3226280002
3226281002
3226281004
3226281005
3226282001
3226282002
3226283003
3226290001
3226290002
3226292006
3226292007
3226293003
3226294001
3226301002
3226302001
3226302002
3226302004
3226302005
3226303001
3226304001
3226304003
3226304004
3226311001
3226311002
3226311003
3226312000
3226313001
3226314001
3226321001
3226321002
3226322000
3226331001
3226331003
3226331004
3226331006
3226331007
3226332001
3226332002
3226333005
3226334001
3226334003
3226340001
3226340002
3226344005
3226344006
3226351000
3226352000
3226353006
3226353007
3226354003
3226361006
3226362006
3226363000
3226364000
3227040016
3227040017
3227040018
3227040019
3227040020
3227040021
3227040022
3227040023
3227040024
3227040025
3227040026
3227040027
3227040028
3227040029
3227040031
3227040032
3227040033
3227040034
3227040035
3227040036
3227040037
3227040038
3227040039
3227040040
3227040041
3227040042
3227040043
3227040044
3227040045
3227051001
3227051002
3227051004
3227052001
3227054001
3227054002
3227054003
3227054004
3227061001
3227061002
3227061004
3227062001
3227062002
3227062003
3227063001
3227063002
3227063003
3227063004
3227064001
3227064002
3227064003
3227064004
3227071001
3227071004
3227072006
3227073001
3227073005
3227074002
3227082001
3227082003
3227082004
3227083005
3227092003
3227093001
3227093002
3227093003
3227094001
3227094002
3227094004
3227100001
3227100002
3227100003
3227102003
3227103002
3227103003
3227103004
3227132006
3227143001
3227143002
3227143003
3227151001
3227151002
3227151003
3227152000
3227153001
3227153002
3227154001
3227154004
3227154005
3227161001
3227161005
3227162003
3227164000
3227171001
3227171002
3227172002
3227173006
3227174005
3227181001
3227182006
3227184007
3227192000
3227194007
3227200001
3227200003
3227203003
3227211005
3227212006
3227212007
3227221001
3227221002
3227221003
3227221004
3227222001
3227222003
3227223005
3227223006
3227232003
3227232004
3227233000
3227234001
3227234002
3227234003
3227234004
3227250002
3227251003
3227252000
3227253000
3227254003
3227261001
3227261003
3227261004
3227262001
3227262002
3227262003
3227263000
3227264001
3227264002
3227264003
3227264004
3227271003
3227271005
3227272006
3227273006
3227274001
3227281000
3227283003
3227283006
3227291006
3227292001
3227292003
3227302005
3227303005
3227311005
3227312005
3227313003
3227321005
3227322004
3227322006
3227331001
3227331002
3227331003
3227331006
3227332006
3227343000
3227344000
3227351001
3227354001
3227361005
3227363001
3228140001
3228142005
3228151000
3228152005
3228153003
3228153005
3228153006
3228162005
3228194005
3228231007
3228291002
3228291003
3228291004
3228292004
3228352006
3228353002
3228353004
3229101002
3229102001
3229113005
3230013005
3230023002
3230113005
3230114005
3230120001
3230120002
3230122005
3230122006
3230123001
3230123003
3230123005
3230124001
3230124002
3230131004
3230131006
3230132002
3230132006
3230132007
3230133005
3230134001
3230134006
3230143001
3230231001
3230232001
3230234000
3230241001
3230241002
3230241004
3230243006
3230244005
3230251001
3230251005
3230254001
3230254002
3230254004
3230254005
3230261001
3230310001
3230310002
3230313000
3230314006
3230324005
3230342002
3230342005
3230361005
3230362005
3230364006
3231034001
3231034002
3231034004
3231043005
3231080001
3231080003
3231080004
3231082005
3231083005
3231083006
3231084005
3231084006
3231084007
3231084008
3231090001
3231090002
3231101001
3231114005
3231161001
3231161004
3231161010
3231161011
3231163004
3231164001
3231164002
3231164004
3231164008
3231170004
3231170005
3231170006
3231170008
3231170011
3231170012
3231171005
3231173001
3231173002
3231173003
3231173006
3231174007
3231180001
3231181001
3231181008
3231182005
3231183005
3231190001
3231191005
3231191006
3231191007
3231192005
3231194009
3231201003
3231201004
3231204001
3231204006
3231204007
3231232004
3231233002
3231233006
3231241005
3231251005
3231261004
3231261006
3231264001
3231264002
3231282005
3231300001
3231300004
3231300005
3231300009
3231300011
3231300012
3231300013
3231300014
3231300015
3231300016
3231304006
3231313001
3231331004
3231332001
3231333005
3231352002
3231352005
3231361001
3231361005
3231362000
3231363008
3320160003
3320160004
3321011005
3321012001
3321012003
3321013001
3321013002
3321013003
3321013004
3321014005
3321020001
3321020002
3321021006
3321022002
3321022005
3321023001
3321023004
3321024003
3321024005
3321024006
3321031001
3321031002
3321031003
3321031004
3321032001
3321032002
3321032003
3321032004
3321033001
3321033002
3321033003
3321033004
3321034001
3321034002
3321034003
3321034004
3321040002
3321040005
3321041001
3321041002
3321041003
3321041004
3321042001
3321043002
3321043003
3321043004
3321044001
3321044002
3321044003
3321044004
3321050007
3321050008
3321050009
3321050010
3321050012
3321050013
3321050014
3321050015
3321052002
3321052005
3321052006
3321053001
3321053004
3321053006
3321053007
3321053008
3321054003
3321054004
3321060002
3321060008
3321060009
3321060010
3321060011
3321061001
3321061005
3321061006
3321061007
3321070003
3321070010
3321070012
3321070021
3321070024
3321070028
3321070030
3321070039
3321070040
3321070042
3321070044
3321070056
3321070057
3321070058
3321070059
3321070061
3321070062
3321070064
3321070066
3321070068
3321070069
3321070073
3321070075
3321070076
3321072005
3321072007
3321072008
3321072010
3321072011
3321080020
3321080022
3321080023
3321080024
3321080029
3321080032
3321080033
3321080039
3321080040
3321080041
3321080045
3321080046
3321080049
3321080051
3321080054
3321080055
3321080057
3321080060
3321080061
3321080062
3321080070
3321080072
3321080075
3321080077
3321080078
3321080079
3321080080
3321084005
3321090012
3321090014
3321090016
3321090019
3321090021
3321090022
3321090024
3321090025
3321090026
3321090027
3321090028
3321091006
3321094001
3321094005
3321100001
3321100008
3321100009
3321100011
3321100012
3321100013
3321100014
3321100019
3321100022
3321100023
3321100029
3321100033
3321100034
3321100035
3321100040
3321100043
3321100044
3321100045
3321100047
3321100048
3321100049
3321100050
3321100051
3321100052
3321100053
3321100054
3321100055
3321100056
3321101005
3321101006
3321101007
3321102002
3321103001
3321104001
3321110005
3321110008
3321110009
3321110011
3321110014
3321110015
3321110016
3321110024
3321110026
3321110027
3321110028
3321110030
3321110034
3321110039
3321110042
3321110044
3321110048
3321110052
3321110053
3321110054
3321110055
3321110060
3321110061
3321110063
3321110064
3321110065
3321110066
3321110067
3321110068
3321110071
3321110072
3321111001
3321111004
3321113002
3321120015
3321120016
3321120021
3321120043
3321120045
3321120047
3321120058
3321120059
3321120060
3321120064
3321120065
3321120066
3321120071
3321120072
3321120078
3321120085
3321120090
3321120093
3321120095
3321120096
3321120098
3321120099
3321120101
3321120102
3321120103
3321120109
3321120110
3321120111
3321120115
3321121001
3321121002
3321121003
3321124001
3321124004
3321130001
3321130005
3321130006
3321130007
3321131001
3321132002
3321132003
3321133001
3321134001
3321140001
3321140005
3321140009
3321140010
3321140011
3321140012
3321140014
3321140015
3321140016
3321141001
3321141003
3321142006
3321142007
3321142008
3321143002
3321143007
3321143008
3321143009
3321144003
3321144005
3321144007
3321144008
3321144010
3321144011
3321150001
3321150007
3321150008
3321150009
3321150011
3321150012
3321150013
3321150014
3321150015
3321150016
3321150017
3321150018
3321154007
3321154008
3321160000
3321172001
3321172002
3321172005
3321173001
3321180001
3321180002
3321180003
3321180004
3321181005
3321181007
3321181010
3321231005
3321231006
3321231007
3321231008
3321241001
3321241002
3321241004
3321242001
3322011004
3322011005
3322012003
3322013002
3322014005
3322020004
3322020009
3322020017
3322020021
3322020022
3322020023
3322020026
3322020028
3322020031
3322020033
3322020034
3322020035
3322020040
3322020041
3322020042
3322020043
3322020045
3322020046
3322020047
3322020048
3322021013
3322022006
3322022011
3322022012
3322024006
3322030003
3322030006
3322030008
3322030010
3322030011
3322030012
3322030013
3322030018
3322030019
3322030020
3322030021
3322030022
3322031005
3322032004
3322033001
3322034001
3322034004
3322040001
3322040004
3322040005
3322040006
3322040007
3322040008
3322040009
3322040010
3322040011
3322040012
3322041005
3322043001
3322044008
3322050001
3322050005
3322050008
3322050009
3322050010
3322050011
3322050016
3322050017
3322050019
3322050023
3322050025
3322050027
3322050029
3322050032
3322050033
3322050035
3322050036
3322050038
3322050039
3322050040
3322051008
3322052011
3322052013
3322052014
3322060002
3322060003
3322060009
3322060011
3322060017
3322060018
3322060022
3322060023
3322060024
3322060025
3322060026
3322060027
3322060028
3322060029
3322060030
3322060031
3322060032
3322062002
3322070009
3322070010
3322070021
3322070023
3322070028
3322070038
3322070043
3322070045
3322070047
3322070051
3322070058
3322070059
3322070065
3322070067
3322070077
3322070079
3322070080
3322070082
3322070083
3322070089
3322070096
3322070104
3322070105
3322070115
3322070123
3322070124
3322070126
3322070129
3322070130
3322070133
3322070136
3322070137
3322070139
3322070141
3322070147
3322070151
3322070154
3322070155
3322070157
3322070160
3322070161
3322070162
3322070163
3322070165
3322070166
3322070168
3322070174
3322070176
3322070178
3322070179
3322070180
3322070181
3322070182
3322070185
3322070186
3322070187
3322070188
3322070189
3322070190
3322070195
3322070196
3322070197
3322070199
3322070204
3322070205
3322070206
3322070207
3322070208
3322070209
3322070210
3322070211
3322070213
3322070214
3322070216
3322070218
3322070219
3322080011
3322080012
3322080017
3322080021
3322080022
3322080024
3322080026
3322080027
3322080028
3322080031
3322080032
3322080035
3322080042
3322080043
3322080047
3322080049
3322080051
3322080052
3322080053
3322080057
3322080058
3322080064
3322080066
3322080067
3322080068
3322080069
3322080070
3322080071
3322080072
3322080073
3322080074
3322080076
3322080077
3322080079
3322081005
3322081006
3322081007
3322083005
3322090002
3322090003
3322090004
3322090005
3322090006
3322090007
3322092005
3322094003
3322094004
3322094005
3322100001
3322100007
3322100008
3322100010
3322100015
3322100016
3322100017
3322100018
3322100019
3322100020
3322101001
3322102002
3322103000
3322110010
3322110016
3322110017
3322110018
3322110019
3322110020
3322110021
3322110022
3322111001
3322113005
3322114004
3322120002
3322120003
3322120004
3322120005
3322120006
3322120007
3322121004
3322122003
3322124005
3322130010
3322130019
3322130020
3322130021
3322130022
3322130026
3322130028
3322130031
3322130032
3322130034
3322130035
3322132005
3322140002
3322140004
3322140007
3322140008
3322140009
3322141006
3322142001
3322142003
3322142004
3322143005
3322151005
3322154005
3322160001
3322160002
3322160070
3322160072
3322160077
3322160078
3322160085
3322160086
3322160090
3322160093
3322160103
3322160104
3322160106
3322160109
3322160110
3322160391
3322160394
3322160395
3322160396
3322160397
3322160398
3322161005
3322162002
3322170087
3322170090
3322170124
3322170127
3322170128
3322170142
3322170147
3322170148
3322170150
3322170154
3322170169
3322170184
3322170186
3322170190
3322170200
3322170211
3322170213
3322170220
3322170221
3322170222
3322170238
3322170239
3322170243
3322170248
3322170249
3322170267
3322170268
3322170269
3322170272
3322170273
3322170274
3322170290
3322170293
3322170310
3322170312
3322170313
3322170314
3322170315
3322170322
3322170331
3322170335
3322170336
3322170338
3322170347
3322170351
3322170354
3322170355
3322170356
3322170359
3322170361
3322170367
3322170368
3322170370
3322170378
3322170379
3322170380
3322170381
3322170382
3322170385
3322170386
3322170392
3322170403
3322170404
3322170405
3322170408
3322170412
3322170413
3322170414
3322170415
3322170416
3322170417
3322170421
3322170422
3322170423
3322170425
3322170426
3322170430
3322170431
3322170434
3322170437
3322170438
3322170439
3322170442
3322170444
3322170445
3322170446
3322170450
3322170454
3322180004
3322180017
3322180033
3322180042
3322180047
3322180050
3322180051
3322180052
3322180062
3322180064
3322180065
3322180070
3322180072
3322180076
3322180079
3322180080
3322180081
3322180082
3322180083
3322180084
3322180085
3322180087
3322180089
3322180090
3322180092
3322180093
3322180094
3322180095
3322180097
3322180099
3322180100
3322180106
3322180108
3322180109
3322180112
3322180113
3322180114
3322180119
3322180124
3322180126
3322180127
3322180128
3322180129
3322180132
3322180138
3322180139
3322180141
3322180143
3322180146
3322180151
3322180152
3322180158
3322180159
3322180160
3322180161
3322180164
3322180165
3322180169
3322180170
3322180171
3322180174
3322180176
3322180179
3322180184
3322180185
3322180186
3322180187
3322180188
3322180189
3322180190
3322180191
3322180192
3322180193
3322181003
3322182003
3322182010
3322183002
3322190001
3322190002
3322190003
3322190005
3322190006
3322190007
3322190008
3322190009
3322191006
3322191007
3322191008
3322191009
3322192006
3322192009
3322192013
3322192014
3322192015
3322193001
3322194005
3322194006
3322194007
3322200009
3322200015
3322200020
3322200024
3322200029
3322200041
3322200044
3322200045
3322200048
3322200057
3322200058
3322200063
3322200078
3322200082
3322200083
3322200084
3322200085
3322200086
3322200087
3322200088
3322200089
3322200090
3322200091
3322200092
3322200093
3322200094
3322202005
3322202007
3322203005
3322203007
3322203008
3322203009
3322203014
3322203015
3322204006
3322204007
3322210005
3322210006
3322210040
3322210080
3322210089
3322210092
3322210099
3322210100
3322210101
3322210110
3322210114
3322210118
3322210119
3322210121
3322210125
3322210128
3322210129
3322210132
3322210134
3322210136
3322210137
3322210138
3322210146
3322210147
3322210148
3322212004
3322213005
3322213006
3322220005
3322220006
3322220049
3322220134
3322220135
3322220138
3322220142
3322220143
3322220144
3322220145
3322220146
3322220147
3322220154
3322220155
3322220157
3322220161
3322220162
3322220163
3322220165
3322220166
3322220172
3322220174
3322220175
3322220176
3322220179
3322220184
3322220185
3322220186
3322220187
3322220188
3322220189
3322220190
3322222005
3322230010
3322230015
3322230018
3322230019
3322230021
3322230022
3322230024
3322230025
3322230026
3322230027
3322230028
3322230029
3322232005
3322232006
3322240002
3322240003
3322240005
3322240008
3322240010
3322240011
3322240012
3322241006
3322241007
3322241008
3322242002
3322242003
3322242005
3322244005
3322251001
3322251002
3322251003
3322251004
3322252005
3322252006
3322252007
3322252008
3322252009
3322253006
3322253007
3322253008
3322253009
3322253010
3322254006
3322254007
3322254008
3322254009
3322254010
3322254011
3322260002
3322260010
3322260012
3322260014
3322260015
3322260016
3322260018
3322260022
3322260024
3322260027
3322260028
3322260029
3322260030
3322260031
3322260032
3322260033
3322260035
3322261006
3322263005
3322270015
3322270016
3322270017
3322270018
3322270019
3322270025
3322270030
3322270032
3322270034
3322270037
3322270038
3322270041
3322270210
3322270217
3322270219
3322270221
3322270226
3322270228
3322270229
3322270230
3322270235
3322270236
3322270237
3322270241
3322270244
3322270246
3322270247
3322270251
3322270253
3322270266
3322270274
3322270277
3322270280
3322270285
3322270287
3322270289
3322270290
3322270291
3322270292
3322270305
3322270306
3322270318
3322270319
3322270323
3322270324
3322270328
3322270329
3322270330
3322270334
3322271005
3322280007
3322280008
3322280012
3322280013
3322280014
3322280016
3322280017
3322280020
3322280023
3322280025
3322280027
3322281001
3322282006
3322282007
3322282008
3322283001
3322283003
3322283004
3322283005
3322283006
3322284001
3322284003
3322284006
3322284007
3322291004
3322291005
3322294002
3322294005
3322294006
3322330002
3322330003
3322330007
3322330009
3322330011
3322330015
3322330016
3322330018
3322331005
3322331006
3322332005
3322334002
3322340007
3322340008
3322340009
3322340010
3322340011
3322340017
3322340018
3322340019
3322340023
3322340025
3322340211
3322340213
3322340215
3322340231
3322340232
3322340233
3322340234
3322340244
3322340246
3322340248
3322340251
3322340252
3322340257
3322340258
3322340259
3322340261
3322340262
3322340263
3322340267
3322340268
3322340272
3322340273
3322340274
3322340275
3322340276
3322342001
3322343006
3322350002
3322350003
3322350009
3322350013
3322350016
3322350018
3322350021
3322350022
3322350023
3322350025
3322350026
3322350029
3322350031
3322350032
3322351006
3322351007
3322351008
3322351009
3322354008
3322354009
3322360000
3323053003
3323061005
3323070006
3323070010
3323070011
3323070012
3323070019
3323070021
3323070022
3323074005
3323080001
3323080003
3323080005
3323080012
3323080018
3323080020
3323080024
3323080025
3323080026
3323080028
3323080029
3323080031
3323080032
3323080033
3323082005
3323090002
3323090003
3323090004
3323090005
3323160000
3323170001
3323174003
3323180002
3323180004
3323180005
3323180006
3323181005
3323193006
3323194006
3323194007
3323194008
3323203006
3323291005
3323294006
3323300001
3323300003
3323300005
3323300007
3323300009
3323301001
3323310001
3323310002
3323311011
3323360000
3324010001
3324010002
3324010003
3324020003
3324020005
3324020012
3324020015
3324020016
3324020017
3324020020
3324020021
3324020022
3324020023
3324020024
3324020025
3324020026
3324020027
3324020028
3324020029
3324022005
3324022007
3324022008
3324030001
3324030002
3324031000
3324032005
3324040000
3324050000
3324060000
3324070000
3324080000
3324090000
3324100000
3324110001
3324110002
3324121000
3324121003
3324121005
3324130000
3324140000
3324150000
3324160000
3324170000
3324180000
3324190000
3324200000
3324211000
3324212003
3324213002
3324220000
3324230000
3324240001
3324240003
3324241005
3324241006
3324242002
3324242005
3324242006
3324242007
3324242008
3324243005
3324243007
3324250000
3324260001
3324263003
3324270000
3324280001
3324281003
3324281004
3324283001
3324284002
3324290000
3324300001
3324310001
3324320002
3324320003
3324320004
3324320005
3324320006
3324320008
3324320010
3324322003
3324322004
3324323001
3324323002
3324324001
3324324005
3324330001
3324330002
3324330004
3324330005
3324330006
3324330007
3324330009
3324330010
3324331002
3324331005
3324331006
3324331008
3324332001
3324332004
3324332006
3324340001
3324340004
3324340008
3324340009
3324340012
3324340013
3324342002
3324342003
3324343007
3324350000
3324360000
3325010007
3325010009
3325010010
3325010011
3325010012
3325011004
3325013005
3325013006
3325021001
3325021002
3325021004
3325022003
3325022004
3325023000
3325024001
3325024002
3325024003
3325024004
3325031001
3325031002
3325031004
3325032001
3325032002
3325032003
3325033000
3325034001
3325034005
3325034006
3325041001
3325041002
3325041003
3325041004
3325042000
3325043001
3325043002
3325043004
3325044001
3325044002
3325044004
3325050004
3325050005
3325050006
3325050007
3325050012
3325050013
3325050014
3325050016
3325050018
3325050021
3325050023
3325050025
3325050026
3325051001
3325051002
3325052002
3325052005
3325053007
3325053008
3325053012
3325053015
3325053016
3325053020
3325053021
3325053022
3325054001
3325054003
3325054004
3325054005
3325054012
3325060001
3325060002
3325060004
3325060007
3325060009
3325060010
3325061001
3325061005
3325061006
3325061007
3325061008
3325062008
3325063001
3325063005
3325063006
3325063007
3325063009
3325063010
3325064005
3325064006
3325064007
3325064008
3325064009
3325064012
3325070001
3325070003
3325070005
3325070009
3325070010
3325070011
3325071001
3325071004
3325071005
3325071008
3325072005
3325072006
3325072007
3325072008
3325073005
3325073006
3325074005
3325074007
3325074009
3325074010
3325074011
3325074012
3325074013
3325080003
3325080006
3325080012
3325080018
3325080021
3325080022
3325080023
3325080026
3325080027
3325080030
3325080032
3325080033
3325080034
3325080035
3325080036
3325080037
3325081001
3325081005
3325083003
3325083007
3325083010
3325084010
3325084011
3325084012
3325090001
3325091005
3325094001
3325094004
3325100001
3325100002
3325100003
3325100004
3325100005
3325100006
3325101000
3325103005
3325110001
3325110002
3325110003
3325111004
3325114000
3325120002
3325120004
3325120009
3325120019
3325120021
3325120022
3325120024
3325120025
3325120026
3325120027
3325120028
3325120029
3325120031
3325120034
3325121001
3325121004
3325130004
3325130005
3325130006
3325130012
3325130021
3325130022
3325130027
3325130030
3325130033
3325130035
3325130037
3325130038
3325130044
3325130047
3325130048
3325130049
3325130050
3325130051
3325130052
3325130053
3325130059
3325130060
3325130061
3325130062
3325130064
3325132003
3325133001
3325133002
3325134001
3325134004
3325140002
3325141005
3325143005
3325143006
3325143007
3325143008
3325144005
3325144006
3325150002
3325150006
3325150008
3325150009
3325150010
3325150012
3325150013
3325150014
3325150015
3325150016
3325150017
3325150018
3325150019
3325150020
3325150021
3325154002
3325160012
3325160014
3325160017
3325160018
3325160019
3325160020
3325160021
3325162002
3325162005
3325162007
3325163002
3325164005
3325164007
3325170001
3325170004
3325170005
3325172005
3325172007
3325174004
3325181000
3325181001
3325183005
3325183006
3325183007
3325183008
3325184005
3325184006
3325184009
3325184010
3325184011
3325184012
3325184013
3325191000
3325193004
3325194003
3325201000
3325201001
3325201004
3325203006
3325210003
3325210006
3325210007
3325210014
3325210016
3325210019
3325210020
3325210023
3325210025
3325210027
3325210028
3325210030
3325210031
3325210032
3325210034
3325210037
3325210039
3325210041
3325210042
3325210044
3325210045
3325211003
3325212002
3325212003
3325212007
3325212008
3325213001
3325213003
3325213005
3325213006
3325213007
3325214004
3325214005
3325214006
3325221000
3325222004
3325223003
3325223005
3325223006
3325223007
3325224006
3325224007
3325231000
3325240004
3325240005
3325240007
3325240010
3325240011
3325240012
3325240013
3325240016
3325240017
3325240019
3325240020
3325240022
3325240023
3325240024
3325240025
3325240026
3325240027
3325241002
3325241005
3325242001
3325242003
3325243002
3325243004
3325244001
3325250001
3325250002
3325250003
3325250004
3325250005
3325250006
3325250007
3325250008
3325250009
3325250010
3325250011
3325250012
3325250013
3325250014
3325250016
3325250017
3325250018
3325250019
3325250022
3325250023
3325250024
3325250025
3325250026
3325250027
3325250028
3325250029
3325250031
3325250033
3325250034
3325251005
3325251007
3325260001
3325260002
3325260006
3325260007
3325262005
3325263005
3325270004
3325270007
3325270008
3325270016
3325270018
3325270020
3325270022
3325270023
3325270025
3325270026
3325270027
3325270028
3325270029
3325270030
3325271004
3325272003
3325273005
3325274002
3325274003
3325280001
3325280002
3325281005
3325293002
3325294006
3325301000
3325304004
3325311000
3325320002
3325320003
3325320004
3325320005
3325320006
3325320007
3325321003
3325322001
3325323001
3325323002
3325323004
3325323005
3325324001
3325324002
3325324004
3325330008
3325330009
3325330011
3325330012
3325330013
3325332002
3325332003
3325340012
3325340013
3325340014
3325340016
3325340018
3325341003
3325341004
3325342001
3325342002
3325342003
3325343002
3325343003
3325344002
3325344008
3325344009
3325344011
3325350002
3325350003
3325350004
3325350005
3325350006
3325350007
3325350008
3325350009
3325350011
3325350012
3325350013
3325350014
3325350015
3325350016
3325350017
3325350018
3325350019
3325350020
3325350021
3325352006
3325352007
3325352008
3325353004
3325354001
3325354003
3325360008
3325360009
3325360019
3325360022
3325360031
3325360032
3325360038
3325360039
3325360041
3325360042
3325360045
3325360047
3325360048
3325360049
3325360051
3325360052
3326010011
3326010014
3326010016
3326010017
3326010018
3326010020
3326010024
3326010027
3326010028
3326010029
3326013003
3326020001
3326020002
3326021001
3326021002
3326021005
3326022002
3326024004
3326030003
3326030004
3326030007
3326030014
3326030015
3326030016
3326030017
3326030019
3326030025
3326030026
3326030028
3326030036
3326030045
3326030050
3326030052
3326030053
3326030054
3326030056
3326030058
3326030064
3326030066
3326030068
3326030070
3326030071
3326030072
3326030073
3326030077
3326031004
3326031005
3326031006
3326032001
3326034004
3326040004
3326040009
3326040013
3326040015
3326040022
3326040035
3326040040
3326040043
3326040050
3326040053
3326040054
3326040057
3326040059
3326040061
3326040064
3326040073
3326040076
3326040078
3326040079
3326040081
3326040082
3326040085
3326040086
3326040087
3326040088
3326040089
3326040090
3326040092
3326040097
3326040100
3326040102
3326040103
3326040107
3326040108
3326040112
3326040116
3326040117
3326040124
3326040126
3326040127
3326040130
3326041010
3326042004
3326043002
3326043005
3326043006
3326044005
3326049612
3326050001
3326050002
3326050003
3326050011
3326050014
3326050016
3326050020
3326050025
3326050028
3326050030
3326050032
3326050034
3326050035
3326050038
3326050040
3326050042
3326050046
3326050056
3326050061
3326050064
3326050066
3326050067
3326050068
3326050070
3326050071
3326050073
3326050074
3326050076
3326050077
3326050081
3326050082
3326050083
3326050084
3326050086
3326050087
3326052007
3326053003
3326060002
3326060004
3326060007
3326060010
3326060011
3326060012
3326060015
3326060016
3326060017
3326062001
3326062003
3326070009
3326070011
3326070012
3326070013
3326070015
3326070016
3326070017
3326070018
3326071001
3326071002
3326071003
3326071004
3326072001
3326072002
3326072003
3326072005
3326072006
3326072007
3326073003
3326073004
3326074001
3326080001
3326080004
3326080008
3326080010
3326080013
3326080017
3326080022
3326080024
3326080025
3326080026
3326080027
3326080028
3326080029
3326080030
3326080034
3326080035
3326080037
3326080047
3326080048
3326080049
3326080051
3326080055
3326080057
3326080058
3326080060
3326080065
3326080068
3326080069
3326080070
3326080071
3326080072
3326080073
3326081001
3326081002
3326081003
3326083001
3326083004
3326084003
3326084004
3326090005
3326090006
3326090009
3326090017
3326090026
3326090027
3326090039
3326090044
3326090048
3326090049
3326090053
3326090054
3326090056
3326090061
3326090065
3326090069
3326090073
3326090075
3326090077
3326090082
3326090083
3326090086
3326090088
3326090091
3326090093
3326090100
3326090101
3326090105
3326090107
3326090111
3326090114
3326090115
3326090116
3326090117
3326090119
3326090120
3326090121
3326090122
3326090126
3326090129
3326090132
3326090136
3326090138
3326090140
3326090147
3326090148
3326090149
3326090154
3326090156
3326090158
3326090159
3326090160
3326090163
3326090169
3326090170
3326090171
3326090172
3326090177
3326090180
3326090181
3326090183
3326090184
3326090185
3326090187
3326090188
3326090198
3326090199
3326090203
3326090204
3326090205
3326090206
3326090207
3326090208
3326090209
3326090210
3326100003
3326100011
3326100012
3326100013
3326100014
3326100031
3326100032
3326100034
3326100037
3326100040
3326100041
3326100043
3326100047
3326100048
3326100050
3326100051
3326100052
3326100054
3326100055
3326100056
3326100057
3326100058
3326100059
3326100063
3326100066
3326100067
3326100071
3326101007
3326101008
3326102013
3326111001
3326112006
3326113000
3326114000
3326121003
3326122003
3326124001
3326124003
3326133003
3326134006
3326141000
3326142003
3326150001
3326150002
3326150003
3326150004
3326154004
3326160001
3326160004
3326160005
3326160007
3326160010
3326160015
3326160024
3326160026
3326160028
3326160029
3326160030
3326160031
3326160032
3326160033
3326160034
3326160035
3326160036
3326160037
3326160038
3326160039
3326160040
3326160042
3326160043
3326160045
3326160046
3326160047
3326160048
3326160049
3326160051
3326160052
3326160054
3326160055
3326160057
3326160059
3326160060
3326160062
3326162002
3326163002
3326170004
3326170005
3326170007
3326170010
3326170030
3326170040
3326170041
3326170042
3326170043
3326170044
3326170045
3326170046
3326170048
3326170049
3326170051
3326170053
3326170055
3326170056
3326170061
3326170068
3326170069
3326170073
3326170076
3326170077
3326170079
3326170080
3326170083
3326170084
3326170092
3326170093
3326170094
3326170097
3326170099
3326170102
3326170107
3326170114
3326170115
3326170117
3326170119
3326170120
3326170121
3326170122
3326170124
3326170128
3326170130
3326170132
3326170136
3326170137
3326170139
3326170141
3326170143
3326170148
3326170151
3326170160
3326170161
3326170170
3326170176
3326170178
3326170180
3326170181
3326170182
3326170186
3326170190
3326170192
3326170193
3326170194
3326170198
3326170199
3326170200
3326170201
3326170202
3326170204
3326170208
3326170210
3326170213
3326170216
3326170217
3326170218
3326170219
3326170220
3326170221
3326170222
3326170223
3326170224
3326170225
3326170226
3326170228
3326170231
3326170232
3326170233
3326170235
3326170236
3326170238
3326173002
3326173007
3326174010
3326180006
3326180010
3326180011
3326180018
3326180019
3326180023
3326180027
3326180028
3326180029
3326180031
3326180035
3326180036
3326180037
3326180040
3326180041
3326180043
3326180044
3326180048
3326180051
3326181008
3326182003
3326182004
3326183002
3326183003
3326190002
3326190003
3326190004
3326190006
3326190010
3326190011
3326190012
3326190013
3326190014
3326190016
3326191004
3326192006
3326193003
3326193004
3326194001
3326194003
3326194010
3326200008
3326200011
3326200012
3326200016
3326200020
3326200021
3326200025
3326200029
3326200032
3326200034
3326200035
3326200037
3326200039
3326200043
3326200044
3326200045
3326200046
3326200047
3326200048
3326200049
3326200051
3326200053
3326200055
3326200059
3326200063
3326200068
3326200069
3326201002
3326201003
3326201006
3326201007
3326201010
3326201011
3326202005
3326203003
3326204005
3326204011
3326213005
3326215000
3326221005
3326222005
3326223004
3326232009
3326235000
3326242001
3326242002
3326242003
3326245000
3326250001
3326251001
3326251004
3326253006
3326254003
3326254004
3326254005
3326261006
3326262002
3326262005
3326263003
3326264004
3326270001
3326270002
3326272004
3326272005
3326272006
3326272007
3326273001
3326273002
3326273004
3326282002
3326282003
3326285000
3326290002
3326290003
3326293006
3326295000
3326300001
3326300003
3326300005
3326300023
3326300024
3326300026
3326300028
3326300029
3326300030
3326300031
3326300042
3326300043
3326300044
3326300045
3326300046
3326300047
3326300049
3326300050
3326300053
3326300055
3326300056
3326300057
3326300058
3326300059
3326300060
3326300061
3326300062
3326300063
3326300064
3326300065
3326300066
3326300067
3326300068
3326300069
3326302005
3326304001
3326304007
3326310007
3326310009
3326310011
3326310013
3326310014
3326311002
3326312005
3326323003
3326323005
3326323006
3326325000
3326331001
3326331003
3326331005
3326332001
3326332003
3326332005
3326333002
3326340001
3326340002
3326341001
3326342006
3326342007
3326342008
3326343001
3326343002
3326344002
3326344003
3326344004
3326344005
3326351001
3326351002
3326351005
3326351006
3326352001
3326352004
3326352005
3326352006
3326352007
3326352008
3326353002
3326354005
3326354007
3326361004
3326362001
3326362002
3326362005
3326363002
3326363003
3326363004
3326364003
3326364005
3327010002
3327010004
3327010005
3327010006
3327012001
3327012002
3327013004
3327013005
3327023005
3327023006
3327030002
3327030003
3327030005
3327033001
3327033002
3327040001
3327040002
3327040003
3327040005
3327040006
3327040007
3327040010
3327040013
3327040014
3327041003
3327042002
3327043001
3327043002
3327043004
3327043005
3327050001
3327050002
3327050004
3327050005
3327051003
3327060002
3327060007
3327060009
3327060010
3327060011
3327060017
3327060019
3327060020
3327060021
3327061001
3327061002
3327061003
3327061004
3327062002
3327064003
3327071005
3327071006
3327072001
3327072006
3327081003
3327084000
3327090001
3327090002
3327090003
3327090004
3327090005
3327091002
3327091003
3327092005
3327093001
3327093002
3327093003
3327093005
3327094001
3327094004
3327103005
3327104004
3327110003
3327110004
3327110005
3327111012
3327111014
3327114010
3327114016
3327121001
3327122002
3327123001
3327123002
3327123003
3327123004
3327124001
3327124005
3327124007
3327131005
3327134006
3327141005
3327141006
3327164001
3327164002
3327164003
3327164004
3327174005
3327174006
3327181001
3327210006
3327210008
3327313003
3327313004
3327313005
3327314003
3327314004
3327341003
3327342003
3327342004
3327343001
3328042005
3328043002
3328043003
3328063005
3328070002
3328070003
3328072002
3328082007
3328082008
3328090001
3328090002
3328090003
3328090004
3328091005
3328094001
3328094003
3328121000
3328131001
3328131002
3328131004
3328131006
3328134002
3328134004
3328134005
3328134006
3328134007
3328134008
3328134009
3328134010
3328140002
3328140004
3328140005
3328140006
3328141005
3328153003
3328153004
3328154001
3328161004
3328161005
3328162006
3328162007
3328162008
3328163008
3328164001
3328164005
3328170003
3328170005
3328170006
3328170009
3328170010
3328171005
3328173005
3328173007
3328173009
3328180001
3328180004
3328180005
3328180006
3328180010
3328181005
3328182007
3328182008
3328183001
3328184002
3328200006
3328200012
3328200014
3328200015
3328200016
3328200017
3328200018
3328200019
3328200025
3328200034
3328200038
3328201008
3328202001
3328204008
3328211007
3328211008
3328211009
3328211010
3328211011
3328213001
3328213002
3328213003
3328214005
3328220001
3328220002
3328221003
3328221005
3328224001
3328224007
3328231002
3328232001
3328232002
3328244002
3328253001
3328253009
3328262006
3328274008
3328274009
3328284001
3328292005
3328331000
3328334006
3329081001
3329082006
3329090001
3329090002
3329093003
3329183003
3329184007
3329184008
3329191005
3329191006
3329192004
3329193005
3329194005
3329201006
3329210001
3329212005
3329223000
3329283005
3329331006
3330221005
3330222005
3330233003
3330233004
3330261005
3330262005
3330264004
3330264007
3330271004
3330271005
3331101001
3331101002
3331101007
3331101008
3331333006
3331334001
3331343002
3331343003
3421010002
3421010003
3421010004
3421010005
3421010007
3421010009
3421010011
3421010014
3421010016
3421010020
3421010021
3421010022
3421010023
3421010024
3421010025
3421010026
3421011001
3421011005
3421011007
3421011008
3421011009
3421012005
3421012006
3421012007
3421012008
3421012009
3421014005
3421014007
3421020003
3421020005
3421020019
3421020020
3421020028
3421020029
3421020035
3421020043
3421020048
3421020049
3421020052
3421020055
3421020057
3421020060
3421020066
3421020071
3421020072
3421020077
3421020079
3421020082
3421020086
3421020088
3421020091
3421020097
3421020102
3421020104
3421020115
3421020116
3421020118
3421020119
3421020120
3421020124
3421020134
3421020139
3421020143
3421020148
3421020151
3421020152
3421020163
3421020168
3421020186
3421020193
3421020196
3421020197
3421020198
3421020208
3421020211
3421020217
3421020218
3421020221
3421020225
3421020226
3421020227
3421020241
3421020246
3421020250
3421020255
3421020256
3421020262
3421020264
3421020265
3421020267
3421020268
3421020273
3421020279
3421020281
3421020283
3421020289
3421020291
3421020297
3421020298
3421020300
3421020308
3421020318
3421020319
3421020327
3421020333
3421020338
3421020342
3421020346
3421020399
3421020408
3421020412
3421020415
3421020419
3421020425
3421020426
3421020428
3421020429
3421020431
3421020432
3421020435
3421020436
3421020437
3421020438
3421020439
3421020442
3421020444
3421020447
3421020450
3421020451
3421020453
3421020457
3421020458
3421020460
3421020461
3421020469
3421020471
3421020472
3421020473
3421020475
3421020477
3421020478
3421020489
3421020490
3421020492
3421020493
3421020494
3421020496
3421020500
3421020504
3421020509
3421020510
3421020511
3421020513
3421020515
3421020516
3421020517
3421020519
3421020520
3421020521
3421020522
3421020525
3421020526
3421020532
3421020534
3421020535
3421020536
3421020541
3421020542
3421020547
3421020549
3421020550
3421020551
3421020552
3421020553
3421021009
3421030010
3421030015
3421030016
3421030017
3421030020
3421030021
3421030031
3421030033
3421030036
3421030070
3421030078
3421030081
3421030087
3421030091
3421030100
3421030101
3421030103
3421030104
3421030113
3421030116
3421030117
3421030120
3421030121
3421030122
3421030124
3421030126
3421030127
3421030129
3421030130
3421030133
3421030134
3421030135
3421030136
3421031003
3421040003
3421040021
3421040024
3421040027
3421040031
3421040033
3421040041
3421040043
3421040046
3421040048
3421040049
3421040050
3421040057
3421040058
3421040060
3421040061
3421044002
3421044003
3421050004
3421050005
3421050007
3421050008
3421050009
3421054004
3421060006
3421060008
3421060012
3421061006
3421062005
3421062007
3421071001
3421071002
3421071004
3421071005
3421074001
3421080001
3421080003
3421080005
3421080008
3421081005
3421084005
3421090019
3421090023
3421090024
3421090025
3421090026
3421090029
3421090031
3421090037
3421090038
3421090039
3421090040
3421090042
3421090043
3421100011
3421100021
3421100024
3421100025
3421100028
3421100032
3421100036
3421100037
3421100038
3421100039
3421100040
3421104005
3421110006
3421110009
3421110014
3421110034
3421110036
3421110040
3421110043
3421110045
3421110049
3421110052
3421110054
3421110059
3421110063
3421110066
3421110067
3421110083
3421110099
3421110102
3421110106
3421110117
3421110118
3421110120
3421110125
3421110126
3421110131
3421110132
3421110133
3421110134
3421110135
3421110136
3421110137
3421110143
3421110145
3421110149
3421110150
3421110151
3421110154
3421110159
3421110160
3421110161
3421110162
3421110163
3421110164
3421110168
3421110169
3421110170
3421110171
3421110172
3421110173
3421110174
3421120036
3421120043
3421120044
3421120046
3421120048
3421120049
3421120054
3421120057
3421120059
3421120060
3421120061
3421120064
3421120068
3421120070
3421120071
3421120073
3421120074
3421120077
3421120081
3421120083
3421120084
3421121001
3421121004
3421121005
3421121006
3421123004
3421123005
3421124002
3421130013
3421130018
3421130024
3421130026
3421130029
3421130031
3421130035
3421130040
3421130042
3421130049
3421130050
3421130053
3421130062
3421130063
3421130064
3421130066
3421130067
3421130069
3421130074
3421130075
3421130077
3421130078
3421130079
3421130080
3421130081
3421130082
3421130085
3421130088
3421130089
3421130090
3421130093
3421130094
3421130098
3421130099
3421130101
3421130104
3421130106
3421130107
3421130108
3421140008
3421140009
3421140012
3421140016
3421140017
3421140019
3421140023
3421140026
3421140030
3421140031
3421140034
3421140035
3421150003
3421150004
3421150006
3421150010
3421150029
3421150030
3421150034
3421150037
3421150038
3421150040
3421150042
3421150047
3421150048
3421150050
3421150051
3421150052
3421150054
3421150056
3421150058
3421150059
3421150060
3421151003
3421154002
3421160000
3421170001
3421170002
3421170003
3421170004
3421170005
3421170006
3421170007
3421171005
3421173004
3421200002
3421200004
3421200005
3421200007
3421200008
3421200009
3421200015
3421200016
3421200017
3421200019
3421200021
3421202009
3421202010
3421202011
3421202012
3421210003
3421210004
3421210010
3421210011
3421210020
3421210022
3421210023
3421210024
3421210025
3421210026
3421210027
3421220001
3421220005
3421220009
3421220010
3421220011
3421220012
3421220013
3421220014
3421230001
3421230015
3421230016
3421230026
3421230048
3421230051
3421230058
3421230059
3421230060
3421230063
3421230064
3421230065
3421230066
3421231002
3421240001
3421240004
3421240005
3421240015
3421240023
3421240024
3421240049
3421240057
3421240058
3421240065
3421240066
3421240068
3421240072
3421240073
3421240075
3421240076
3421240085
3421240089
3421240090
3421240091
3421240092
3421240103
3421240104
3421240105
3421240106
3421240107
3421240108
3421240109
3421240110
3421250001
3421250011
3421250012
3421250019
3421250021
3421250022
3421250024
3421250028
3421250030
3421250033
3421250034
3421250036
3421250037
3421250038
3421250053
3421250057
3421250064
3421250074
3421250075
3421250079
3421250080
3421250081
3421250083
3421250084
3421250087
3421250089
3421250091
3421250092
3421250093
3421250098
3421250099
3421250100
3421250101
3421250103
3421250106
3421250107
3421250108
3421250110
3421250113
3421250114
3421250117
3421250118
3421250121
3421250122
3421250127
3421250128
3421250129
3421250130
3421250132
3421250134
3421250135
3421250136
3421253004
3421260001
3421260003
3421260004
3421261001
3421262003
3421262004
3421262005
3421262006
3421263005
3421270001
3421273005
3421274005
3421280001
3421280002
3421281004
3421281005
3421281006
3421282001
3421284006
3421284007
3421321000
3421331000
3421331005
3421333002
3421334005
3421340001
3421340002
3421340004
3421342003
3421343002
3421351006
3421352005
3421354006
3421354007
3421361000
3422043005
3422044003
3422051003
3422053004
3422060002
3422060003
3422060004
3422060005
3422060007
3422060008
3422060009
3422061009
3422061010
3422061011
3422061012
3422062001
3422062003
3422062005
3422062006
3422062007
3422062008
3422070005
3422070010
3422070011
3422070014
3422070016
3422070017
3422070020
3422070023
3422070026
3422070027
3422070028
3422070029
3422070040
3422070041
3422070042
3422070043
3422070044
3422070045
3422070054
3422074003
3422074005
3422080001
3422080002
3422080008
3422080009
3422080010
3422080011
3422080013
3422080014
3422081006
3422084001
3422084003
3422091000
3422103003
3422143007
3422150000
3422161000
3422170012
3422170014
3422170016
3422170020
3422170028
3422170031
3422170032
3422170034
3422170040
3422170043
3422170045
3422170046
3422170047
3422170051
3422170053
3422170054
3422171005
3422172006
3422172007
3422173005
3422180004
3422180005
3422180006
3422183002
3422184009
3422190003
3422190004
3422190006
3422190007
3422190009
3422190010
3422190012
3422190016
3422190017
3422190018
3422190023
3422190025
3422190026
3422190027
3422190028
3422190029
3422190030
3422190031
3422190035
3422190036
3422190038
3422190039
3422190040
3422190041
3422190042
3422190044
3422190045
3422190046
3422190048
3422190049
3422192004
3422192005
3422193007
3422193008
3422194006
3422194007
3422200006
3422200008
3422200009
3422200010
3422200014
3422200017
3422200018
3422200019
3422201002
3422201006
3422201007
3422202000
3422203001
3422203003
3422204002
3422211001
3422211003
3422211004
3422212001
3422212002
3422212003
3422213000
3422214001
3422214003
3422214005
3422221005
3422223001
3422223003
3422224002
3422224003
3422231005
3422241004
3422261001
3422261002
3422261003
3422262001
3422262005
3422262006
3422263001
3422263002
3422264001
3422264002
3422264004
3422271001
3422272001
3422272003
3422273001
3422273003
3422273004
3422274002
3422274003
3422274004
3422281001
3422281003
3422282002
3422282005
3422283006
3422284001
3422284003
3422291000
3422292000
3422293001
3422293003
3422293004
3422294001
3422294003
3422294004
3422300006
3422300010
3422300017
3422300021
3422300023
3422300024
3422300026
3422300037
3422300040
3422300041
3422300045
3422300046
3422300048
3422300049
3422300053
3422300058
3422300060
3422300062
3422300066
3422300068
3422300074
3422300075
3422300080
3422300082
3422300083
3422300084
3422300085
3422300086
3422300087
3422300088
3422300089
3422300090
3422301002
3422302004
3422310001
3422310015
3422310017
3422310024
3422310027
3422310028
3422310029
3422310033
3422310043
3422310044
3422310049
3422310053
3422310054
3422310056
3422310058
3422310059
3422310063
3422310064
3422310065
3422310066
3422310067
3422310070
3422310071
3422310072
3422310073
3422310074
3422310075
3422310076
3422310077
3422311019
3422314002
3422320003
3422320004
3422320009
3422320010
3422320011
3422320012
3422320013
3422320014
3422320016
3422320017
3422320018
3422321009
3422321011
3422322005
3422324001
3422331001
3422331006
3422333005
3422333006
3422334005
3422341001
3422341002
3422342001
3422342002
3422342003
3422342004
3422343001
3422343002
3422343003
3422344001
3422344002
3422344005
3422350002
3422350007
3422350009
3422350013
3422350014
3422350016
3422350019
3422350020
3422350022
3422350023
3422350024
3422350025
3422350026
3422350027
3422350028
3422350029
3422351005
3422353003
3422353004
3422354001
3422354003
3422354005
3422361000
3422361002
3422362004
3422363001
3424011000
3424012002
3424020000
3424102000
3424110000
3424120001
3424121001
3424130000
3424140000
3424151000
3424202000
3424212000
3424220000
3424230000
3424240000
3424250000
3424260000
3424270000
3424280001
3424280002
3424290000
3424301000
3424310000
3424320000
3424330001
3424340000
3424350000
3424360000
3425010002
3425010003
3425012001
3425012002
3425012004
3425013005
3425020001
3425020003
3425020004
3425021004
3425023003
3425023004
3425024003
3425024005
3425031001
3425031002
3425031003
3425031004
3425032001
3425032002
3425032004
3425033001
3425033003
3425034001
3425034002
3425034003
3425034004
3425040001
3425041001
3425041002
3425041004
3425041006
3425041007
3425042007
3425043001
3425060001
3425063006
3425064007
3425071000
3425073005
3425073006
3425073007
3425073008
3425080001
3425080002
3425080003
3425082003
3425082006
3425082008
3425082009
3425082010
3425082011
3425083002
3425083006
3425091000
3425091005
3425101001
3425101002
3425101003
3425102000
3425103002
3425103006
3425103007
3425104005
3425111006
3425112005
3425114003
3425114004
3425121001
3425121002
3425123000
3425123005
3425131005
3425133000
3425134005
3425140001
3425140002
3425140003
3425141001
3425142001
3425143003
3425143004
3425144003
3425150001
3425150002
3425151003
3425151006
3425160000
3425170001
3425170002
3425171004
3425171005
3425171006
3425171007
3425171009
3425172008
3425173004
3425174001
3425174002
3425180001
3425181002
3425182001
3425183002
3425184005
3425184006
3425184007
3425184008
3425190001
3425191000
3425194001
3425194003
3425194004
3425201001
3425201003
3425202000
3425203000
3425211000
3425211003
3425212002
3425212003
3425213001
3425213003
3425214002
3425214003
3425220001
3425221000
3425222001
3425222003
3425230002
3425230004
3425230010
3425230011
3425230012
3425230013
3425231002
3425232003
3425233001
3425233002
3425233003
3425233004
3425240002
3425240003
3425240006
3425240010
3425240011
3425240013
3425240016
3425240017
3425240019
3425240020
3425240023
3425240024
3425240027
3425240032
3425240034
3425240035
3425240036
3425241001
3425242008
3425244001
3425244003
3425244004
3425250002
3425250003
3425250010
3425250012
3425250013
3425250018
3425250019
3425250021
3425250022
3425250023
3425252003
3425252005
3425253000
3425260001
3425260002
3425260003
3425261003
3425261004
3425262001
3425262003
3425262005
3425262006
3425263002
3425264001
3425264002
3425264004
3425271001
3425271002
3425271003
3425271004
3425272001
3425272002
3425273000
3425274001
3425274002
3425280001
3425280002
3425280003
3425281001
3425281002
3425281003
3425290001
3425290002
3425290003
3425291001
3425291006
3425291007
3425292002
3425292006
3425292007
3425301000
3425303001
3425303002
3425310001
3425310002
3425312003
3425314001
3425321005
3425322002
3425322003
3425323001
3425323003
3425324000
3425331000
3425333003
3425334005
3425334006
3425334007
3425334008
3425340001
3425340002
3425340003
3425341001
3425341002
3425341003
3425341004
3425342001
3425342002
3425342004
3425343001
3425344002
3425344004
3425350001
3425351000
3425353003
3425353004
3425354002
3425354004
3425354006
3425360002
3425360003
3425360004
3425360006
3425360007
3425360008
3425360009
3425360011
3425360012
3425360013
3425362004
3425362005
3425363006
3426010001
3426010005
3426010007
3426010008
3426010009
3426010010
3426010011
3426010012
3426010015
3426010016
3426010021
3426010023
3426010030
3426010031
3426010032
3426010038
3426010039
3426011002
3426011005
3426012002
3426012010
3426013002
3426013003
3426013005
3426013006
3426013007
3426014005
3426014006
3426014007
3426014008
3426014009
3426020001
3426020002
3426020003
3426020004
3426020005
3426020006
3426020010
3426020011
3426020014
3426020017
3426020018
3426021001
3426021004
3426021005
3426021011
3426021012
3426021013
3426022004
3426022008
3426022012
3426023006
3426023008
3426023009
3426023010
3426024006
3426024007
3426024009
3426030005
3426030011
3426030014
3426030015
3426030018
3426030019
3426030020
3426030021
3426030022
3426030023
3426030026
3426030027
3426030029
3426030030
3426030033
3426030034
3426030035
3426031005
3426031006
3426033005
3426033007
3426034005
3426034006
3426034010
3426034013
3426034014
3426040006
3426040009
3426040010
3426040011
3426040014
3426040015
3426040017
3426040021
3426040022
3426040023
3426040024
3426040025
3426040029
3426041005
3426043005
3426044005
3426044006
3426050002
3426050003
3426050008
3426050009
3426050017
3426050019
3426050021
3426050026
3426050027
3426050029
3426050031
3426050032
3426050033
3426050036
3426050037
3426053001
3426054005
3426062007
3426062008
3426063003
3426063004
3426064003
3426070004
3426070006
3426071003
3426071004
3426071005
3426072004
3426072006
3426072007
3426072008
3426072010
3426072011
3426072012
3426073001
3426073004
3426073005
3426074001
3426074002
3426074003
3426074004
3426080006
3426080007
3426080011
3426080012
3426080015
3426080017
3426080018
3426080020
3426080021
3426080022
3426080023
3426082002
3426082003
3426082005
3426083002
3426083003
3426090001
3426090002
3426090003
3426090004
3426090005
3426090007
3426090008
3426090009
3426090010
3426090012
3426091001
3426091002
3426091004
3426092006
3426093003
3426093005
3426094002
3426100003
3426100010
3426100012
3426100013
3426100014
3426100015
3426100016
3426100021
3426100024
3426100025
3426100026
3426100028
3426101006
3426101007
3426101008
3426101010
3426101011
3426101012
3426101013
3426102003
3426102005
3426103001
3426103002
3426103005
3426103006
3426103007
3426103008
3426103009
3426103010
3426110002
3426110015
3426110016
3426110018
3426110019
3426110021
3426110022
3426110023
3426110024
3426110033
3426110048
3426110049
3426110050
3426110053
3426110054
3426111008
3426111011
3426111012
3426111013
3426112002
3426112005
3426120009
3426120014
3426120016
3426120019
3426120020
3426120023
3426120026
3426120030
3426120031
3426120033
3426120034
3426120035
3426120036
3426120038
3426120039
3426120040
3426120041
3426120044
3426120045
3426120046
3426120047
3426120048
3426121004
3426121006
3426121007
3426123004
3426123005
3426123006
3426124001
3426124002
3426124003
3426124004
3426124007
3426130006
3426130008
3426130025
3426130031
3426130032
3426130033
3426130036
3426130039
3426130041
3426130042
3426130048
3426130050
3426130051
3426130053
3426130054
3426130058
3426130059
3426130060
3426130061
3426130062
3426130063
3426130064
3426130065
3426130066
3426130067
3426130069
3426130080
3426130081
3426130082
3426130083
3426130085
3426130086
3426130088
3426130089
3426130090
3426130091
3426130102
3426131009
3426131010
3426131014
3426131015
3426131017
3426132001
3426132005
3426132006
3426132008
3426133006
3426133010
3426134002
3426134004
3426134005
3426134006
3426140002
3426140005
3426140017
3426140019
3426140025
3426140027
3426140029
3426140031
3426140032
3426140033
3426140039
3426140041
3426140045
3426140047
3426140048
3426140050
3426140052
3426140053
3426140057
3426140058
3426140061
3426140062
3426140067
3426140068
3426140070
3426141005
3426141006
3426142006
3426143009
3426143010
3426143011
3426143016
3426144002
3426144003
3426150009
3426150012
3426150015
3426150017
3426150019
3426150023
3426150025
3426150030
3426150031
3426150032
3426150033
3426150034
3426150035
3426150040
3426150041
3426150044
3426150045
3426150055
3426150056
3426150057
3426150058
3426150067
3426150068
3426150069
3426150071
3426151002
3426151005
3426151007
3426152005
3426152009
3426152010
3426153007
3426153008
3426153012
3426154001
3426154005
3426154007
3426160000
3426171003
3426172001
3426172002
3426172004
3426172005
3426173001
3426173005
3426174001
3426174003
3426174004
3426181001
3426181005
3426182003
3426184004
3426191001
3426192002
3426194005
3426200003
3426201001
3426202003
3426203001
3426203002
3426203003
3426203005
3426204005
3426210002
3426210003
3426210004
3426210007
3426210008
3426210009
3426210010
3426210012
3426210017
3426210018
3426210020
3426210022
3426210024
3426210030
3426210031
3426210034
3426210038
3426210040
3426210041
3426210042
3426210043
3426211001
3426211004
3426211005
3426211006
3426212004
3426212005
3426212007
3426212009
3426212010
3426213002
3426213004
3426214004
3426220003
3426220006
3426220007
3426220012
3426220013
3426220017
3426220020
3426220025
3426220026
3426220030
3426220031
3426220032
3426220034
3426220037
3426220038
3426220041
3426220046
3426220049
3426220064
3426220071
3426220072
3426220073
3426220076
3426220081
3426220083
3426220084
3426220088
3426220089
3426220091
3426220093
3426220094
3426220095
3426220111
3426220114
3426220116
3426220120
3426220121
3426220122
3426220138
3426220141
3426220144
3426221005
3426222001
3426222006
3426222008
3426222012
3426222015
3426222018
3426222019
3426223001
3426223005
3426223010
3426223012
3426223015
3426230020
3426230025
3426230027
3426230031
3426230033
3426230037
3426230041
3426230043
3426230046
3426230047
3426230049
3426230050
3426230054
3426230057
3426230058
3426230059
3426230064
3426230067
3426230069
3426230078
3426230084
3426230096
3426230100
3426230102
3426230103
3426230106
3426230108
3426230109
3426230110
3426230111
3426230114
3426230116
3426230117
3426230118
3426230124
3426230125
3426230126
3426230127
3426230128
3426230135
3426230136
3426230137
3426230138
3426230139
3426230140
3426230142
3426230147
3426230154
3426230155
3426230158
3426230159
3426230160
3426230161
3426231004
3426231006
3426231009
3426231012
3426231015
3426231016
3426233002
3426233004
3426234001
3426234006
3426234010
3426240002
3426240003
3426240009
3426240014
3426240015
3426240017
3426240018
3426240020
3426240022
3426240026
3426240028
3426240033
3426240034
3426240040
3426240041
3426240044
3426240051
3426240054
3426240056
3426240057
3426240062
3426240063
3426240067
3426240068
3426240069
3426240074
3426240075
3426240076
3426240077
3426240081
3426240086
3426240087
3426240091
3426240092
3426240093
3426241005
3426241007
3426241013
3426241015
3426241017
3426242007
3426244002
3426244004
3426244009
3426244012
3426250020
3426250021
3426250023
3426250030
3426250046
3426250047
3426250048
3426250049
3426250057
3426250059
3426250062
3426250064
3426250065
3426250067
3426250072
3426250073
3426250089
3426250090
3426250097
3426250098
3426250106
3426250108
3426250110
3426250111
3426250112
3426250113
3426250116
3426250120
3426250121
3426250122
3426250124
3426250127
3426250133
3426250141
3426250146
3426250147
3426250148
3426250151
3426250152
3426250160
3426250162
3426250172
3426250180
3426250191
3426250192
3426250193
3426250198
3426250199
3426250201
3426250202
3426251002
3426252003
3426253002
3426253008
3426253009
3426254008
3426254010
3426260001
3426260004
3426260009
3426260010
3426260030
3426260033
3426260035
3426260036
3426260038
3426260040
3426260054
3426260056
3426260063
3426260069
3426260070
3426260075
3426260080
3426260081
3426260087
3426260088
3426260090
3426260093
3426260094
3426260098
3426260105
3426260106
3426260118
3426260123
3426260127
3426260129
3426260138
3426260147
3426260152
3426260153
3426260156
3426260158
3426260161
3426260162
3426260166
3426260175
3426260183
3426260185
3426260187
3426260193
3426260194
3426260195
3426260198
3426260199
3426260202
3426260205
3426260206
3426260212
3426260213
3426260214
3426260215
3426260218
3426260219
3426260223
3426260226
3426260227
3426260234
3426260237
3426260239
3426260241
3426260245
3426260254
3426260258
3426260260
3426260261
3426260262
3426260264
3426260265
3426260266
3426260267
3426260269
3426260272
3426260283
3426260284
3426260289
3426260290
3426260294
3426260298
3426260303
3426260307
3426260309
3426260321
3426260322
3426260324
3426260326
3426260329
3426260332
3426260333
3426260335
3426260341
3426260346
3426260353
3426260356
3426260357
3426260358
3426260359
3426260365
3426260369
3426260370
3426260376
3426260377
3426260378
3426260380
3426260382
3426260385
3426260386
3426260387
3426260388
3426260389
3426260391
3426261007
3426262005
3426264014
3426270010
3426270019
3426270020
3426270021
3426270028
3426270030
3426270035
3426270038
3426270043
3426270048
3426270050
3426270052
3426270058
3426270062
3426270063
3426270074
3426270075
3426270078
3426270080
3426270083
3426270086
3426270091
3426270092
3426270095
3426270097
3426270098
3426270099
3426270102
3426270109
3426270113
3426270114
3426270119
3426270123
3426270125
3426270126
3426270127
3426270128
3426270130
3426270131
3426270136
3426270137
3426270138
3426270140
3426270143
3426270144
3426270145
3426270147
3426270148
3426270150
3426270158
3426270162
3426270165
3426270173
3426270174
3426270180
3426270181
3426270182
3426270193
3426270197
3426270200
3426270202
3426270204
3426270205
3426270206
3426270207
3426270208
3426270209
3426270210
3426271012
3426271015
3426272001
3426272006
3426273007
3426273011
3426273012
3426274013
3426274021
3426274022
3426274024
3426274027
3426274029
3426274030
3426274034
3426274089
3426274090
3426280001
3426280007
3426280008
3426280009
3426280010
3426280012
3426280028
3426280030
3426280031
3426280035
3426280038
3426280039
3426280044
3426280045
3426280047
3426280049
3426280050
3426280051
3426280056
3426280057
3426280058
3426280059
3426280061
3426280063
3426280066
3426280068
3426280069
3426280070
3426280071
3426280077
3426280079
3426280080
3426280082
3426280083
3426281007
3426281011
3426281013
3426281015
3426281016
3426281018
3426281024
3426281030
3426281032
3426281033
3426281035
3426281045
3426281049
3426282004
3426282006
3426282007
3426282008
3426283003
3426283004
3426284003
3426290002
3426290003
3426290004
3426290005
3426290006
3426290008
3426290009
3426292003
3426293004
3426293005
3426294001
3426294004
3426294005
3426300003
3426300004
3426300006
3426300014
3426300018
3426300019
3426300020
3426300022
3426300023
3426303005
3426304005
3426304006
3426310005
3426310006
3426310008
3426310009
3426310010
3426310011
3426313002
3426313005
3426313006
3426314002
3426314005
3426321003
3426321005
3426322002
3426322003
3426323003
3426330011
3426330027
3426330029
3426330030
3426330033
3426330034
3426330035
3426330036
3426330037
3426330039
3426330042
3426330043
3426330045
3426330046
3426330047
3426330050
3426330051
3426330064
3426330066
3426330069
3426330071
3426330072
3426330073
3426330076
3426330077
3426330078
3426330079
3426330082
3426330084
3426330085
3426330088
3426330090
3426330091
3426330095
3426330096
3426330097
3426330098
3426330102
3426330104
3426330107
3426330108
3426330109
3426330110
3426330111
3426330112
3426330113
3426331002
3426331006
3426331007
3426331013
3426332002
3426332005
3426332006
3426332007
3426332010
3426332011
3426332013
3426334001
3426334005
3426334006
3426334007
3426340003
3426340005
3426340008
3426340033
3426340041
3426340051
3426340052
3426340053
3426340054
3426340055
3426340070
3426340071
3426340078
3426340081
3426340096
3426340097
3426340105
3426340106
3426340107
3426340109
3426340113
3426340115
3426340117
3426340118
3426340119
3426340122
3426340124
3426340128
3426340129
3426340130
3426340133
3426340136
3426340138
3426340146
3426340147
3426340148
3426340151
3426340153
3426340156
3426340160
3426340163
3426340165
3426340169
3426340171
3426340173
3426340174
3426340176
3426340177
3426340178
3426340179
3426340180
3426340181
3426340182
3426340184
3426340186
3426340190
3426340192
3426340193
3426340194
3426340196
3426340197
3426340199
3426340200
3426340202
3426340205
3426340209
3426340212
3426340216
3426340221
3426340222
3426340225
3426340227
3426340228
3426340229
3426340231
3426340232
3426340233
3426340234
3426340238
3426340239
3426340240
3426340241
3426341007
3426343003
3426344003
3426344004
3426344005
3426344008
3426344010
3426344012
3426344013
3426344014
3426344016
3426344017
3426350004
3426350008
3426350013
3426350015
3426350016
3426350018
3426350019
3426350020
3426350021
3426350022
3426350024
3426350025
3426350026
3426350029
3426350030
3426350032
3426350033
3426350034
3426350037
3426350038
3426350040
3426350043
3426350057
3426350059
3426350063
3426350065
3426350068
3426350069
3426350070
3426350071
3426350073
3426350075
3426350076
3426350079
3426350083
3426350084
3426350089
3426350090
3426350091
3426350092
3426350099
3426350100
3426350101
3426350103
3426350104
3426350105
3426350106
3426350111
3426350112
3426350113
3426350114
3426350115
3426350116
3426350117
3426350118
3426350119
3426350120
3426360001
3426360002
3426360011
3426360012
3426360016
3426360017
3426360018
3426360020
3426360022
3426360023
3426360029
3426360034
3426360035
3426360040
3426360041
3426360042
3426360045
3426360046
3426360049
3426360050
3426360052
3426360053
3426360054
3426361003
3426362005
3427023005
3427052003
3427053002
3427053003
3427053004
3427053005
3427060014
3427060019
3427060020
3427060023
3427060024
3427060025
3427060026
3427060028
3427060029
3427060031
3427060033
3427061003
3427061005
3427062001
3427062003
3427064005
3427064007
3427070003
3427070004
3427070005
3427070007
3427070015
3427070020
3427070023
3427070029
3427070030
3427070046
3427070047
3427070053
3427070056
3427070060
3427070061
3427070062
3427070063
3427070064
3427070065
3427070067
3427070068
3427070071
3427070074
3427070080
3427070081
3427070082
3427070083
3427070086
3427070089
3427070090
3427070091
3427070092
3427070093
3427070094
3427070095
3427070096
3427072001
3427080003
3427080005
3427080007
3427080008
3427080009
3427080010
3427080013
3427080014
3427080015
3427080016
3427080017
3427081001
3427081004
3427081005
3427081006
3427082005
3427084001
3427093002
3427093004
3427112002
3427122000
3427123003
3427130001
3427130002
3427130003
3427131004
3427133000
3427134003
3427153003
3427160001
3427161003
3427161004
3427162001
3427162002
3427162003
3427164001
3427164002
3427164005
3427164006
3427164007
3427170003
3427170004
3427170009
3427170011
3427170012
3427170015
3427170016
3427170021
3427170022
3427170024
3427170025
3427170026
3427170028
3427171001
3427171005
3427172006
3427173001
3427173005
3427180001
3427180002
3427180006
3427180007
3427180008
3427180011
3427180012
3427180014
3427180015
3427180020
3427180021
3427180022
3427180023
3427180025
3427180026
3427180027
3427180028
3427180029
3427180033
3427180035
3427180036
3427180037
3427180038
3427180039
3427181005
3427182002
3427182004
3427182005
3427182006
3427182007
3427183001
3427183006
3427184002
3427184006
3427190004
3427190008
3427190009
3427190015
3427190020
3427190024
3427190029
3427190041
3427190043
3427190044
3427190045
3427190048
3427190049
3427190050
3427190051
3427190052
3427190053
3427191001
3427191003
3427191004
3427191005
3427193004
3427193006
3427193008
3427193009
3427193010
3427193011
3427194003
3427194004
3427200003
3427200006
3427200007
3427200009
3427200010
3427200014
3427200020
3427200026
3427200027
3427200029
3427200030
3427200031
3427200032
3427201001
3427201002
3427201003
3427201004
3427202003
3427203004
3427203006
3427203007
3427203008
3427203009
3427203010
3427203011
3427203012
3427204003
3427204004
3427204005
3427211001
3427211003
3427212004
3427212006
3427213001
3427213002
3427213003
3427214001
3427214003
3427221001
3427221003
3427222001
3427222005
3427223001
3427223004
3427224001
3427224002
3427231002
3427232003
3427232005
3427232006
3427242003
3427243001
3427243005
3427244004
3427251005
3427253005
3427261006
3427263001
3427264005
3427271005
3427273002
3427273005
3427273006
3427280001
3427280002
3427281001
3427282002
3427283001
3427283012
3427290001
3427290008
3427290013
3427290015
3427290016
3427290020
3427290022
3427290023
3427290024
3427290025
3427290029
3427291001
3427291003
3427291004
3427292003
3427294001
3427294002
3427300019
3427300020
3427300023
3427300032
3427300034
3427300035
3427300046
3427300047
3427301003
3427301004
3427302002
3427302003
3427302004
3427302005
3427302007
3427302008
3427304009
3427304012
3427304013
3427310005
3427310008
3427310009
3427310013
3427310016
3427310018
3427310020
3427310021
3427310023
3427310024
3427310029
3427310030
3427310031
3427310032
3427312002
3427312005
3427313001
3427313004
3427313007
3427313008
3427320001
3427320002
3427320003
3427320004
3427320005
3427320007
3427321003
3427321004
3427322004
3427324001
3427324005
3427324006
3427330003
3427330004
3427331003
3427331004
3427332002
3427332004
3427333001
3427333002
3427333004
3427333005
3427334004
3427341005
3427351002
3427351004
3427351009
3427351010
3427354000
3427364005
3428021005
3428072000
3428181000
3428183001
3428192006
3429050001
3429050003
3429050007
3429050011
3429050013
3429050015
3429050016
3429053005
3429060007
3429060008
3429060013
3429060015
3429060017
3429060019
3429060022
3429060023
3429060024
3429060025
3429060026
3429060028
3429060029
3429060030
3429060031
3429084005
3429102006
3429103002
3429111005
3429112005
3429113002
3429113005
3429114007
3429144001
3429144006
3429152005
3429154001
3429231005
3429231006
3429232006
3429232007
3429232008
3429241001
3429241002
3429241004
3429242000
3429243005
3429244006
3429244007
3429251005
3429272005
3430090001
3430090002
3430103004
3430104001
3430152005
3430164001
3430174003
3430174004
3430181005
3430183002
3430192002
3430192003
3430193002
3430194005
3430294005
3430302005
3430304005
3430314004
3431014005
3431273003
3431282005
3520040028
3520040030
3520040031
3520040032
3520040033
3520040036
3520040038
3520040040
3520040042
3520040044
3520040046
3520040047
3520040048
3520040049
3520040050
3520044005
3520050003
3520050023
3520050030
3520050039
3520050040
3520050042
3520050043
3520050044
3520050046
3520050050
3520050051
3520050054
3520050056
3520050057
3520050060
3520050061
3520050068
3520050077
3520050078
3520050079
3520050081
3520050082
3520050084
3520050085
3520050086
3520050087
3520050089
3520050090
3520050091
3520053001
3520054002
3520054011
3520054015
3520090026
3520090030
3520090032
3520090041
3520090042
3520090043
3520090045
3520090046
3520090048
3520090049
3520090050
3520090053
3520090054
3520090055
3520090062
3520100012
3520100020
3520100034
3520100036
3520100040
3520100043
3520100044
3520100046
3520100051
3520100054
3520100055
3520100056
3520100057
3520100059
3520100060
3520100061
3520100064
3520100065
3520100066
3520100068
3520100069
3520100070
3520100071
3520130002
3520130003
3520130004
3520130005
3520132004
3520132005
3520140006
3520140013
3520140015
3520140021
3520140022
3520140023
3520140024
3520140025
3520140026
3520143004
3520143006
3520143007
3520150007
3520150010
3520150013
3520150018
3520150020
3520150022
3520150024
3520150026
3520150030
3520152005
3520152006
3520230012
3520230013
3520230014
3520230015
3520230016
3520230017
3520230018
3520230019
3520230020
3520230022
3520230023
3520230024
3520230025
3520231001
3520231004
3520232006
3520232007
3520234004
3520240004
3520240011
3520240014
3520240018
3520240019
3520240021
3520240023
3520240024
3520240026
3520240030
3520240031
3520240032
3520241000
3520242002
3520244005
3520250000
3520360000
3521011000
3521020002
3521020005
3521020007
3521020008
3521020011
3521020012
3521020019
3521020021
3521020022
3521020024
3521020025
3521020026
3521020029
3521020031
3521020032
3521020033
3521020036
3521020037
3521020038
3521020040
3521020041
3521020042
3521020043
3521020044
3521021004
3521023002
3521030003
3521030004
3521030005
3521030006
3521030008
3521030009
3521030010
3521030012
3521030013
3521030015
3521030016
3521031006
3521031008
3521031010
3521031012
3521031013
3521031014
3521032001
3521032002
3521032003
3521032006
3521033002
3521033008
3521034004
3521034005
3521034006
3521034007
3521040002
3521040004
3521040006
3521040008
3521040010
3521040014
3521040015
3521040018
3521040020
3521040021
3521040024
3521040025
3521040026
3521042003
3521043003
3521044002
3521050001
3521050003
3521050005
3521050007
3521050010
3521050011
3521050012
3521050013
3521050015
3521050017
3521050019
3521050020
3521050021
3521050022
3521050023
3521050024
3521053005
3521053006
3521053007
3521054001
3521054002
3521054005
3521060016
3521060017
3521060018
3521060019
3521061001
3521061003
3521061005
3521061006
3521061007
3521062000
3521063004
3521063005
3521063006
3521063008
3521063009
3521063010
3521064006
3521064008
3521064010
3521064011
3521064012
3521064014
3521064015
3521070001
3521070002
3521070003
3521070004
3521070005
3521071002
3521071006
3521071007
3521072004
3521072005
3521073005
3521074005
3521074008
3521074009
3521080005
3521080006
3521080012
3521080013
3521080014
3521080015
3521080016
3521080017
3521081001
3521081006
3521082004
3521082005
3521083005
3521083006
3521084005
3521091008
3521092005
3521093003
3521093004
3521093005
3521094005
3521094006
3521100015
3521100017
3521100018
3521100019
3521100020
3521100022
3521100024
3521100030
3521100033
3521100034
3521100039
3521100040
3521100042
3521100045
3521100050
3521100051
3521100052
3521100053
3521100054
3521100055
3521100058
3521100059
3521100062
3521100063
3521100064
3521100065
3521100068
3521103006
3521104008
3521104009
3521104010
3521104011
3521110001
3521110002
3521110004
3521110006
3521110008
3521110009
3521110010
3521110011
3521110012
3521110013
3521110014
3521110015
3521110016
3521110017
3521110019
3521110020
3521111001
3521111003
3521112003
3521112005
3521113001
3521113003
3521113004
3521113005
3521113006
3521114001
3521121005
3521131002
3521134001
3521140001
3521140002
3521140011
3521140015
3521140016
3521140023
3521140024
3521140026
3521140029
3521140030
3521140034
3521140035
3521140036
3521140037
3521140039
3521141004
3521141006
3521142006
3521143006
3521144004
3521150002
3521150023
3521150028
3521150029
3521150036
3521150040
3521150051
3521150052
3521150057
3521150058
3521150059
3521150063
3521150066
3521150071
3521150072
3521150073
3521150074
3521150075
3521150080
3521150082
3521150083
3521150088
3521150092
3521150093
3521150096
3521150097
3521150098
3521150099
3521150100
3521150101
3521150102
3521150103
3521152005
3521153007
3521153008
3521153009
3521153010
3521154005
3521154007
3521160010
3521160016
3521160019
3521160020
3521160021
3521160022
3521160023
3521160039
3521160041
3521160042
3521160043
3521160044
3521160045
3521160048
3521160050
3521160051
3521161005
3521161006
3521161007
3521164001
3521164004
3521170001
3521170004
3521170005
3521170007
3521170008
3521170009
3521172008
3521173005
3521181006
3521181007
3521184005
3521190001
3521190007
3521190009
3521190010
3521190016
3521190018
3521190019
3521190020
3521190023
3521190024
3521190025
3521190026
3521190028
3521190029
3521190030
3521190031
3521190032
3521200001
3521200003
3521200005
3521200006
3521200008
3521200009
3521200010
3521200013
3521200015
3521200016
3521200019
3521200020
3521200021
3521201004
3521201006
3521201007
3521202015
3521204001
3521210009
3521210010
3521210011
3521210012
3521210013
3521210014
3521210016
3521210018
3521210019
3521210020
3521210021
3521212000
3521213005
3521220013
3521220014
3521220016
3521220032
3521220035
3521220039
3521220041
3521220042
3521220048
3521220052
3521220053
3521220054
3521220055
3521220059
3521220061
3521220063
3521220064
3521220066
3521220067
3521220068
3521220069
3521220071
3521220073
3521220074
3521220075
3521220076
3521223005
3521223009
3521223010
3521223011
3521223012
3521224002
3521224007
3521224008
3521224009
3521224010
3521224011
3521224012
3521230006
3521230008
3521230010
3521230011
3521230012
3521230014
3521230015
3521230016
3521230023
3521230031
3521230034
3521230039
3521230040
3521230041
3521230044
3521230049
3521230052
3521230057
3521230058
3521231005
3521231007
3521232006
3521240003
3521240005
3521240006
3521240007
3521241005
3521250001
3521250004
3521250005
3521250007
3521251005
3521251006
3521260011
3521260019
3521260029
3521260033
3521260043
3521260045
3521260052
3521260055
3521260060
3521260061
3521260067
3521260070
3521260073
3521260076
3521260079
3521260081
3521260085
3521260095
3521260096
3521260097
3521260098
3521260099
3521260100
3521260102
3521260103
3521260107
3521260110
3521260112
3521260113
3521260115
3521260117
3521270002
3521270004
3521270010
3521270012
3521270016
3521270018
3521270023
3521270025
3521270027
3521270028
3521270029
3521271008
3521272009
3521272011
3521272012
3521273007
3521273009
3521274008
3521274009
3521280005
3521280006
3521280007
3521280008
3521281004
3521283003
3521284004
3521290002
3521290004
3521290005
3521290006
3521290007
3521290008
3521290009
3521290010
3521290013
3521290014
3521290015
3521290016
3521290017
3521291007
3521292002
3521300008
3521300009
3521300011
3521300012
3521300023
3521300032
3521300038
3521300041
3521300043
3521300046
3521300047
3521300048
3521300049
3521302005
3521302006
3521302007
3521310010
3521310013
3521310018
3521310019
3521310023
3521310030
3521310031
3521310039
3521310042
3521310043
3521310044
3521310045
3521310046
3521310047
3521310048
3521314002
3521320011
3521320024
3521320026
3521320027
3521320029
3521320031
3521320033
3521320035
3521320038
3521320041
3521320045
3521320050
3521320053
3521320054
3521320058
3521320059
3521320060
3521320061
3521320062
3521320063
3521320064
3521320067
3521320069
3521320070
3521320073
3521320075
3521320076
3521320077
3521320078
3521324007
3521324009
3521330011
3521330014
3521330017
3521330019
3521330023
3521330024
3521330025
3521330029
3521330030
3521330031
3521330032
3521331001
3521331002
3521334005
3521334007
3521340016
3521340019
3521340021
3521340038
3521340040
3521340042
3521340046
3521340047
3521340048
3521340053
3521340056
3521340057
3521340059
3521340060
3521340061
3521343005
3521343006
3521343007
3521343008
3521343009
3521343010
3521343011
3521343012
3521344006
3521344007
3521344010
3521344011
3521344012
3521344013
3521350029
3521350031
3521350042
3521350043
3521350044
3521350055
3521350061
3521350062
3521350065
3521350066
3521350067
3521350069
3521350074
3521350075
3521350077
3521350078
3521350081
3521350087
3521350091
3521350094
3521350099
3521350100
3521350108
3521350110
3521350119
3521350120
3521350121
3521350123
3521350129
3521350131
3521350132
3521350133
3521350134
3521350135
3521352009
3521352012
3521352013
3521360009
3521360015
3521360019
3521360027
3521360028
3521360029
3521360030
3521360041
3521360042
3521360043
3521361005
3522301000
3522311005
3522313007
3522321005
3524011002
3524012001
3524012003
3524013001
3524013002
3524013003
3524013004
3524014001
3524014002
3524014003
3524014004
3524014005
3524021002
3524022001
3524022002
3524023003
3524023004
3524031001
3524031002
3524031004
3524032001
3524032002
3524032005
3524032006
3524032007
3524032008
3524033001
3524033004
3524033005
3524034001
3524034002
3524034003
3524034004
3524040001
3524041005
3524051005
3524100000
3524110002
3524110003
3524110004
3524111001
3524111002
3524111003
3524112001
3524112005
3524114001
3524114007
3524120002
3524120003
3524120004
3524120008
3524120011
3524120012
3524120013
3524120014
3524120015
3524120018
3524120020
3524120021
3524121003
3524121004
3524122004
3524123001
3524123003
3524123004
3524124001
3524124002
3524124003
3524124004
3524130003
3524130004
3524130005
3524140009
3524140011
3524140014
3524140015
3524140019
3524140026
3524140028
3524140029
3524140037
3524140038
3524140041
3524140044
3524140046
3524140048
3524140049
3524140050
3524140051
3524140054
3524140055
3524141006
3524142005
3524150000
3524173005
3524220000
3524230001
3524230003
3524230004
3524230005
3524230006
3524230007
3524230008
3524230009
3524230010
3524231006
3524244003
3524250001
3524252002
3524252003
3524252005
3524253002
3524253005
3524261005
3524262005
3524271005
3524271006
3524351000
3524354000
3524360000
3525010001
3525011001
3525011002
3525012001
3525012003
3525013001
3525013002
3525013003
3525013004
3525014002
3525020001
3525020002
3525020003
3525021002
3525022001
3525023003
3525023004
3525024001
3525024003
3525031002
3525032001
3525032002
3525032003
3525033001
3525033002
3525033003
3525034001
3525034002
3525034003
3525034004
3525040001
3525040002
3525041002
3525041003
3525042001
3525042002
3525042003
3525042004
3525043001
3525043002
3525043004
3525050002
3525052001
3525052002
3525052003
3525053001
3525053003
3525053004
3525060002
3525060008
3525060009
3525060012
3525060013
3525060014
3525060015
3525060016
3525060019
3525060021
3525060022
3525060024
3525060026
3525060027
3525060029
3525060031
3525060035
3525060036
3525060037
3525060038
3525060039
3525060040
3525060041
3525060043
3525061004
3525062002
3525070001
3525070003
3525070004
3525071001
3525071004
3525072009
3525072010
3525080001
3525080003
3525080004
3525080005
3525080006
3525080007
3525080008
3525081003
3525081005
3525081006
3525082004
3525083007
3525084001
3525084002
3525084004
3525090001
3525090002
3525091001
3525091002
3525091003
3525091004
3525092001
3525092002
3525092004
3525092005
3525092006
3525092007
3525093001
3525093002
3525093003
3525094001
3525100015
3525101001
3525101002
3525101004
3525102001
3525102003
3525103001
3525103002
3525103003
3525103004
3525103005
3525104001
3525104002
3525111001
3525111002
3525112005
3525113005
3525121001
3525122005
3525123003
3525124001
3525124005
3525130001
3525131007
3525134005
3525142001
3525143005
3525144004
3525150001
3525153003
3525154005
3525160001
3525160004
3525160007
3525160008
3525160009
3525160010
3525162002
3525162005
3525162006
3525170003
3525170005
3525171005
3525172005
3525173000
3525174005
3525181005
3525182001
3525200003
3525201001
3525201002
3525201005
3525204001
3525210006
3525210010
3525210011
3525210012
3525210013
3525210015
3525210016
3525211003
3525212003
3525213001
3525213002
3525214002
3525220002
3525220004
3525220006
3525230004
3525230014
3525230018
3525230022
3525231005
3525232002
3525240001
3525240006
3525240007
3525242005
3525243003
3525244005
3525250007
3525250008
3525250009
3525250010
3525250011
3525250012
3525250014
3525250015
3525252001
3525252002
3525252003
3525253002
3525253003
3525253004
3525254003
3525254004
3525260001
3525260003
3525260008
3525260009
3525261001
3525261002
3525261003
3525261004
3525262001
3525263003
3525263005
3525264002
3525264003
3525270001
3525270002
3525270003
3525270004
3525270005
3525270006
3525270008
3525270009
3525270012
3525272001
3525272002
3525272004
3525273001
3525273003
3525273004
3525273005
3525274001
3525274002
3525274003
3525274004
3525280001
3525280002
3525281001
3525281002
3525281003
3525281004
3525282001
3525282002
3525282005
3525283001
3525283003
3525283004
3525284001
3525284002
3525284003
3525291005
3525303005
3525313002
3525313003
3525314005
3525330002
3525330005
3525331000
3525332002
3525332005
3525332006
3525333004
3525334001
3525334004
3525340002
3525342005
3525343001
3525343002
3525343003
3525343004
3525344005
3525351005
3525354005
3525360000
3526011001
3526011004
3526011006
3526012001
3526012003
3526012005
3526012006
3526012007
3526013001
3526013002
3526013004
3526014001
3526014004
3526014005
3526014006
3526020009
3526020013
3526021001
3526021002
3526021006
3526021008
3526022006
3526022008
3526022009
3526022010
3526023005
3526023006
3526030002
3526030008
3526030010
3526030011
3526030012
3526030013
3526030014
3526031003
3526031004
3526032005
3526033001
3526034002
3526034004
3526040001
3526040002
3526041001
3526041004
3526041007
3526041008
3526042010
3526042012
3526042013
3526043005
3526043006
3526043007
3526043008
3526044003
3526044006
3526044007
3526044008
3526044009
3526051002
3526051003
3526051004
3526052001
3526052002
3526052003
3526053001
3526053002
3526054001
3526054002
3526054004
3526060001
3526060002
3526060003
3526060004
3526060005
3526061001
3526061004
3526062003
3526062004
3526063001
3526063002
3526063003
3526063004
3526064001
3526064003
3526064004
3526070004
3526070005
3526071002
3526071008
3526071010
3526071011
3526071012
3526072009
3526072010
3526072011
3526072013
3526073011
3526073012
3526073013
3526074005
3526074008
3526074009
3526074010
3526074011
3526080002
3526080004
3526080005
3526080007
3526081001
3526081003
3526081004
3526082003
3526082004
3526082005
3526082007
3526083001
3526083003
3526084001
3526084002
3526084005
3526090001
3526090005
3526090008
3526090009
3526090010
3526090011
3526091001
3526091005
3526091006
3526091007
3526091008
3526092006
3526092007
3526093002
3526093006
3526093008
3526093009
3526094002
3526094004
3526094005
3526094006
3526100001
3526100002
3526100003
3526100005
3526100006
3526101006
3526103001
3526103003
3526103004
3526104003
3526104004
3526110016
3526110017
3526110018
3526110024
3526110028
3526110030
3526110031
3526110032
3526111001
3526111002
3526111003
3526111004
3526112002
3526112005
3526112006
3526112007
3526112008
3526112009
3526113002
3526120002
3526120005
3526120006
3526120007
3526121001
3526121003
3526121004
3526121005
3526122004
3526123002
3526123003
3526124001
3526124002
3526130002
3526130011
3526130020
3526130021
3526130022
3526130023
3526130028
3526130029
3526130036
3526130037
3526130040
3526130041
3526140013
3526140017
3526140018
3526140019
3526140020
3526140021
3526140024
3526140025
3526140026
3526140027
3526140028
3526140029
3526140030
3526141005
3526141006
3526141007
3526141008
3526141009
3526141010
3526150009
3526150010
3526150012
3526150013
3526150015
3526150016
3526150017
3526150018
3526150019
3526150020
3526150021
3526150022
3526150023
3526150024
3526150025
3526150026
3526150027
3526153007
3526153008
3526153009
3526153010
3526154007
3526154009
3526154010
3526154013
3526154014
3526154015
3526154016
3526154017
3526160000
3526170001
3526170003
3526170004
3526170005
3526170006
3526170007
3526170009
3526170012
3526170013
3526170014
3526170016
3526170023
3526170026
3526170033
3526170034
3526170035
3526170038
3526170040
3526170042
3526170044
3526170045
3526170047
3526170050
3526170051
3526170053
3526170054
3526170055
3526170056
3526170058
3526180003
3526180004
3526180006
3526180007
3526180009
3526180010
3526180011
3526190001
3526191005
3526201005
3526210001
3526210004
3526210005
3526211001
3526211002
3526211004
3526211005
3526212001
3526212002
3526212003
3526212004
3526214005
3526214006
3526214007
3526220001
3526220005
3526220006
3526220009
3526220010
3526220012
3526220014
3526220017
3526220018
3526220021
3526220022
3526220024
3526220025
3526220026
3526220027
3526220029
3526220030
3526220031
3526220033
3526220034
3526220035
3526220036
3526220038
3526222003
3526222008
3526222009
3526222010
3526222011
3526223004
3526223005
3526224004
3526230002
3526230003
3526230004
3526230008
3526230010
3526230012
3526230013
3526230016
3526230018
3526230020
3526230022
3526230023
3526230024
3526230027
3526230028
3526230029
3526230032
3526230034
3526230035
3526230036
3526230038
3526230039
3526230040
3526231006
3526232003
3526232004
3526232007
3526232008
3526233007
3526233008
3526233009
3526233010
3526233011
3526233012
3526234008
3526240002
3526240005
3526240007
3526240010
3526240011
3526240015
3526240017
3526240018
3526241005
3526241006
3526242005
3526242006
3526242007
3526242008
3526250001
3526250007
3526250008
3526250009
3526250010
3526250011
3526250036
3526250041
3526250043
3526250047
3526250048
3526250053
3526250058
3526250060
3526250061
3526250068
3526250070
3526250071
3526250072
3526250074
3526250077
3526250078
3526250085
3526250086
3526250087
3526250088
3526250090
3526250095
3526250096
3526250097
3526250098
3526250099
3526250102
3526250104
3526250106
3526250110
3526250112
3526250113
3526250115
3526250118
3526250119
3526250121
3526250122
3526250123
3526250131
3526250132
3526250145
3526250146
3526250148
3526250150
3526250151
3526250153
3526250154
3526250155
3526250157
3526250158
3526250167
3526250169
3526250172
3526250173
3526250174
3526250176
3526250177
3526250178
3526250180
3526250185
3526250186
3526250187
3526250188
3526250190
3526250192
3526250193
3526250195
3526250197
3526250199
3526250200
3526250201
3526250202
3526250204
3526250206
3526250207
3526250208
3526251005
3526251006
3526254002
3526260002
3526260004
3526260005
3526261003
3526261004
3526261005
3526262002
3526262003
3526262004
3526262005
3526262006
3526263001
3526263002
3526263003
3526263004
3526264001
3526264002
3526264005
3526264006
3526264007
3526270001
3526270002
3526270003
3526270004
3526271004
3526271006
3526271007
3526272003
3526272005
3526272006
3526272007
3526273003
3526273004
3526274004
3526274005
3526280001
3526282001
3526282002
3526282004
3526283001
3526283005
3526284003
3526284004
3526284005
3526291001
3526291002
3526291005
3526300002
3526300003
3526300004
3526300005
3526300006
3526300007
3526301007
3526302002
3526302003
3526303001
3526303005
3526304005
3526310011
3526310012
3526310016
3526310017
3526314007
3526320005
3526320006
3526331001
3526331002
3526331003
3526331004
3526331005
3526332001
3526332004
3526332005
3526332006
3526332008
3526340001
3526340002
3526340004
3526340010
3526340011
3526341006
3526341007
3526343001
3526343004
3526344002
3526344003
3526344004
3526350001
3526350003
3526350009
3526350011
3526350012
3526350014
3526350016
3526350018
3526350019
3526350021
3526350022
3526350028
3526350033
3526350034
3526350038
3526350039
3526350041
3526350043
3526350044
3526350045
3526350047
3526350048
3526350053
3526350057
3526350058
3526350059
3526351003
3526351005
3526351006
3526352002
3526352008
3526352010
3526353009
3526353011
3526353012
3526353015
3526354005
3526360002
3526360006
3526360007
3526360008
3526360013
3526360015
3526360016
3526360017
3526360018
3526360019
3526360020
3526360021
3526360023
3526360024
3527010002
3527010005
3527011003
3527012002
3527013002
3527013003
3527014001
3527014002
3527014004
3527020010
3527020011
3527020016
3527021001
3527021002
3527022005
3527030001
3527030002
3527030004
3527030005
3527040002
3527040003
3527043003
3527043004
3527044002
3527044003
3527044004
3527050001
3527051004
3527060003
3527060004
3527060005
3527060011
3527060013
3527060014
3527060015
3527064001
3527064004
3527073004
3527073007
3527073008
3527074004
3527074006
3527080001
3527080002
3527080004
3527080006
3527080008
3527080009
3527080010
3527080016
3527080018
3527082003
3527090002
3527090003
3527090004
3527090005
3527091006
3527091007
3527092005
3527092006
3527092007
3527092008
3527093003
3527094004
3527100001
3527101001
3527101002
3527101004
3527102001
3527102007
3527102008
3527102009
3527102010
3527102011
3527102012
3527103001
3527103002
3527103003
3527103004
3527103005
3527103006
3527103007
3527103008
3527104006
3527104007
3527104008
3527104009
3527111003
3527111004
3527111006
3527111007
3527112001
3527112002
3527112004
3527113001
3527113007
3527113008
3527113010
3527113011
3527114001
3527114003
3527114004
3527120001
3527120002
3527120003
3527120004
3527120005
3527120007
3527120008
3527121001
3527121004
3527123001
3527123002
3527123004
3527124003
3527131001
3527131002
3527131003
3527131004
3527132001
3527132002
3527132003
3527132004
3527133001
3527133002
3527133003
3527133004
3527134001
3527134002
3527134003
3527141001
3527141002
3527141004
3527142005
3527144005
3527151005
3527153005
3527154002
3527154003
3527161000
3527170003
3527170005
3527170011
3527170012
3527170014
3527171001
3527171005
3527171006
3527171007
3527172002
3527172005
3527172006
3527172007
3527172008
3527172009
3527172010
3527173002
3527180001
3527180002
3527180003
3527201004
3527201005
3527211005
3527211006
3527221005
3527224005
3527224006
3527231006
3527231007
3527231008
3527231009
3527231010
3527231011
3527231012
3527231013
3527232006
3527232007
3527232008
3527232009
3527232010
3527232011
3527232012
3527232013
3527234005
3527241001
3527241002
3527241003
3527241004
3527242001
3527242002
3527242006
3527242007
3527242008
3527242009
3527243001
3527243002
3527243003
3527243004
3527243005
3527243006
3527243007
3527243008
3527244001
3527244002
3527244003
3527244004
3527244005
3527244006
3527251001
3527251005
3527251006
3527251007
3527252006
3527252007
3527252008
3527252009
3527253005
3527253006
3527253007
3527253008
3527253009
3527254006
3527254007
3527254008
3527254009
3527254010
3527254011
3527260000
3527270000
3527280000
3527290001
3527310006
3527310008
3527310014
3527310015
3527310016
3527310017
3527320003
3527320004
3527320005
3527320006
3527322001
3527322002
3527322003
3527331005
3527340000
3527350000
3527360000
3528011005
3528020002
3528020005
3528023005
3528031006
3528033006
3528034005
3528041005
3528042005
3528043005
3528051005
3528052002
3528060000
3528070001
3528070002
3528081004
3528082005
3528083003
3528083004
3528084003
3528090006
3528100001
3528102005
3528111005
3528112005
3528113005
3528114003
3528122001
3528122003
3528123002
3528123005
3528131002
3528131003
3528131005
3528132001
3528132002
3528132005
3528133005
3528133009
3528133010
3528133011
3528133012
3528134006
3528134007
3528134009
3528141000
3528150003
3528150004
3528150005
3528150006
3528152005
3528160002
3528161005
3528162002
3528170002
3528170004
3528170009
3528170013
3528170016
3528170018
3528170020
3528170021
3528172005
3528173006
3528173007
3528173008
3528174008
3528180001
3528180002
3528182005
3528190001
3528190002
3528190003
3528190011
3528190012
3528192003
3528193005
3528200001
3528200002
3528200003
3528201007
3528201008
3528202007
3528202008
3528202009
3528202010
3528202011
3528202012
3528202013
3528203003
3528203007
3528203008
3528203009
3528203010
3528203011
3528203012
3528204003
3528204004
3528204006
3528204007
3528210002
3528210003
3528210004
3528210005
3528210006
3528210007
3528210008
3528210010
3528210013
3528210014
3528211004
3528212001
3528212002
3528212008
3528213003
3528213005
3528213006
3528213007
3528213008
3528213009
3528214005
3528214006
3528220002
3528220003
3528220004
3528220005
3528220006
3528220007
3528221010
3528221011
3528222007
3528222008
3528223003
3528223005
3528224004
3528224014
3528224015
3528224016
3528224017
3528224018
3528231000
3528240001
3528240002
3528240006
3528240009
3528240010
3528242006
3528243005
3528244005
3528244007
3528251008
3528251011
3528251014
3528252008
3528252011
3528252012
3528252013
3528252014
3528253003
3528253005
3528254005
3528254006
3528254007
3528260001
3528260004
3528260005
3528260009
3528260011
3528260013
3528260014
3528260019
3528260021
3528260022
3528260023
3528260024
3528260026
3528260027
3528260028
3528261002
3528262001
3528262005
3528262012
3528262013
3528263001
3528263006
3528271004
3528271005
3528271006
3528271007
3528271008
3528271009
3528272008
3528272009
3528272010
3528272011
3528272012
3528272013
3528272014
3528272015
3528273005
3528273006
3528273007
3528273008
3528273009
3528273010
3528273011
3528273012
3528274002
3528274007
3528274008
3528274009
3528280001
3528280013
3528280014
3528280016
3528282001
3528282002
3528282005
3528282010
3528282012
3528283002
3528283004
3528283005
3528283006
3528283009
3528284006
3528284008
3528284009
3528290001
3528290002
3528290003
3528290004
3528290005
3528290006
3528291001
3528291002
3528291008
3528291010
3528291011
3528291012
3528292004
3528292007
3528292009
3528293007
3528293011
3528294010
3528294011
3528294012
3528300002
3528301006
3528301007
3528302006
3528302009
3528303002
3528303003
3528303008
3528303009
3528303010
3528303011
3528304005
3528304007
3528304008
3528304009
3528304010
3528310002
3528310004
3528310005
3528310006
3528310007
3528310011
3528314003
3528314004
3528314008
3528320001
3528320002
3528321003
3528321007
3528321008
3528321009
3528321010
3528321011
3528322005
3528324006
3528324007
3528324008
3528324010
3528324012
3528331005
3528331006
3528331008
3528331009
3528331010
3528331011
3528332005
3528332006
3528332007
3528332008
3528332009
3528333000
3528334006
3528334007
3528334008
3528334009
3528334010
3528334011
3528334012
3528334013
3528340001
3528340002
3528341006
3528341007
3528341008
3528341009
3528341010
3528341011
3528341012
3528341013
3528342003
3528342005
3528342006
3528342007
3528342008
3528342009
3528342010
3528343004
3528343005
3528343006
3528343007
3528343008
3528344004
3528344005
3528344006
3528344007
3528344008
3528344009
3528344010
3528351004
3528351005
3528351006
3528351007
3528351008
3528351009
3528351010
3528352006
3528352007
3528352008
3528352009
3528352010
3528352011
3528352012
3528352013
3528353005
3528353006
3528353007
3528353008
3528353009
3528353010
3528353011
3528353012
3528354005
3528354006
3528354007
3528354008
3528360000
3529050010
3529072003
3529072006
3529073005
3529073008
3529073009
3529073010
3529174005
3529180005
3529180009
3529180010
3529181001
3529181002
3529181003
3529181005
3529181006
3529184001
3529184002
3529184003
3529184004
3529190001
3529190002
3529190005
3529190006
3529190008
3529190010
3529190011
3529190012
3529190013
3529190015
3529190016
3529190017
3529191007
3529191009
3529191010
3529191011
3529192005
3529192007
3529192008
3529193005
3529194008
3529202008
3529202009
3529202011
3529202012
3529203006
3529203007
3529203008
3529203009
3529203011
3529203012
3529203013
3529204009
3529204010
3529204011
3529291006
3529291007
3529291008
3529291009
3529292006
3529292007
3529292008
3529292009
3529293006
3529293007
3529293008
3529293010
3529293011
3529293012
3529294006
3529294007
3529294008
3529294011
3529294013
3529300003
3529301008
3529301009
3529301010
3529301011
3529302006
3529302007
3529302008
3529302009
3529302012
3529302013
3529303006
3529303007
3529303009
3529303010
3529303012
3529303013
3529304008
3529304009
3529304010
3529304011
3529304012
3529311006
3529311007
3529311008
3529311010
3529311011
3529312006
3529312008
3529312009
3529312011
3529312013
3529313006
3529313007
3529313008
3529313009
3529313012
3529313013
3529314006
3529314007
3529314008
3529314009
3529314010
3529314011
3529314012
3529314013
3529320001
3529320003
3529320008
3529320013
3529320015
3529323006
3529323007
3529323008
3529323009
3529323010
3529323011
3529323012
3529323013
3530010001
3530010002
3530010004
3530010007
3530010008
3530010013
3530010014
3530010015
3530010016
3530010023
3530010024
3530010029
3530010031
3530010032
3530010033
3530010034
3530010036
3530010037
3530010038
3530010039
3530010041
3530010042
3530013008
3530013009
3530020006
3530020009
3530020010
3530020016
3530020021
3530020022
3530020030
3530020035
3530020036
3530020037
3530020038
3530020039
3530020040
3530020041
3530020042
3530020043
3530020044
3530020045
3530020046
3530020047
3530020048
3530020051
3530020053
3530020054
3530020055
3530020056
3530020057
3530020060
3530020061
3530020062
3530020063
3530020064
3530020065
3530020070
3530020071
3530020075
3530023005
3530023006
3530050001
3530050002
3530050004
3530050005
3530051006
3530051007
3530051008
3530052005
3530054005
3530060001
3530060003
3530060004
3530060007
3530060009
3530060012
3530060013
3530061001
3530061004
3530062002
3530062004
3530063001
3530063002
3530063003
3530063005
3530110001
3530110003
3530110012
3530120002
3530120003
3530120006
3530120007
3530120009
3530120012
3530120013
3530120016
3530120019
3530120020
3530120021
3530120022
3530120023
3530120025
3530120026
3530120030
3530120031
3530120032
3530120033
3530121009
3530122002
3530122005
3530122006
3530123003
3530123006
3530123009
3530123010
3530124008
3530124009
3530124012
3530130004
3530130006
3530130009
3530130011
3530130012
3530130014
3530130015
3530130016
3530130017
3530130018
3530130019
3530130021
3530130022
3530131002
3530131010
3530132001
3530132002
3530132003
3530132004
3530133002
3530133003
3530133008
3530134003
3530134007
3530352006
3530360001
3530360005
3530360006
3531031005
3531031006
3531031007
3531031008
3531031009
3531031010
3531031011
3531031012
3531032005
3531032007
3531032008
3531032009
3531032010
3531032011
3531032012
3531033005
3531033006
3531033007
3531033008
3531033009
3531033011
3531033012
3531034005
3531034006
3531034008
3531034011
3531034012
3531040001
3531040002
3531040003
3531040004
3531040005
3531040007
3531040008
3531040009
3531040010
3531041001
3531041003
3531041005
3531041006
3531042004
3531043002
3531044002
3531044003
3531044004
3531044005
3531051001
3531051002
3531051014
3531051015
3531051016
3531051017
3531052007
3531052008
3531052012
3531052013
3531052014
3531052015
3531052016
3531052017
3531053002
3531053003
3531053006
3531053007
3531054007
3531054008
3531054009
3531054010
3531054011
3531054012
3531054013
3531054014
3531060002
3531060004
3531060005
3531060006
3531060007
3531061006
3531061007
3531061009
3531061010
3531061011
3531061012
3531062005
3531062006
3531062007
3531062008
3531062009
3531062010
3531063007
3531063008
3531063011
3531064006
3531064007
3531070001
3531070005
3531070011
3531070012
3531070013
3531070014
3531070016
3531070020
3531070023
3531070024
3531070025
3531070026
3531070027
3531070028
3531070029
3531070030
3531071001
3531071002
3531071003
3531071004
3531072002
3531072003
3531073003
3531073004
3531073007
3531074002
3531074009
3531074010
3531080001
3531080004
3531080006
3531080009
3531081005
3531081008
3531081009
3531081010
3531082001
3531082004
3531082005
3531083003
3531084001
3531084004
3531084005
3531090004
3531090005
3531090006
3531090007
3531090009
3531090010
3531091004
3531091005
3531091006
3531091007
3531094004
3531101006
3531101008
3531101009
3531101011
3531102001
3531102002
3531102003
3531102004
3531103006
3531103007
3531104002
3531104005
3531114007
3531143001
3531143002
3531143006
3531143008
3531144003
3531150001
3531151005
3531152002
3531160002
3531160008
3531160009
3531160010
3531160011
3531160012
3531160013
3531160014
3531161000
3531170001
3531180001
3531181004
3531183006
3531192005
3531203004
3531220001
3531220002
3620300013
3620300017
3620300022
3620300023
3620300028
3620300029
3620300030
3620310001
3621260001
3621320001
3621320003
3621320004
3621341000
3624011000
3624121000
3624133005
3624141005
3624231005
3624241005
3624253002
3624254004
3624262002
3624264005
3624264006
3624264007
3624264008
3624264009
3624264010
3624271005
3624291005
3624293002
3624293003
3624293005
3624321005
3624323005
3624324001
3624341005
3624342001
3624342002
3624342003
3624343001
3624343003
3624344005
3624361005
3624364001
3625010004
3625010005
3625010006
3625010007
3625010010
3625010013
3625010014
3625010015
3625010018
3625010019
3625010020
3625010021
3625011006
3625011007
3625012004
3625012005
3625012007
3625013004
3625013005
3625014005
3625021001
3625021002
3625021003
3625021004
3625022001
3625022002
3625022003
3625022004
3625023001
3625023002
3625023003
3625023004
3625024001
3625024002
3625024003
3625024004
3625031001
3625031002
3625031003
3625031004
3625032001
3625032003
3625033002
3625034001
3625040001
3625041000
3625050000
3625060001
3625062001
3625070001
3625072001
3625081000
3625082003
3625090001
3625091002
3625101000
3625103000
3625110001
3625110002
3625111001
3625111004
3625111006
3625112001
3625112003
3625112004
3625113001
3625113002
3625113003
3625113004
3625114001
3625114003
3625120008
3625120009
3625120011
3625120012
3625120013
3625120016
3625120017
3625120018
3625120019
3625120021
3625120022
3625120024
3625120025
3625120026
3625120028
3625120029
3625121001
3625121002
3625121003
3625122001
3625123002
3625123003
3625123004
3625124004
3625130001
3625130004
3625130005
3625131002
3625131003
3625131005
3625131007
3625132002
3625132003
3625133001
3625133004
3625133007
3625134003
3625134007
3625140001
3625140002
3625140003
3625140006
3625140009
3625140010
3625140011
3625140012
3625140013
3625140014
3625140015
3625141003
3625142005
3625142006
3625142009
3625142010
3625142011
3625142014
3625144003
3625151000
3625151002
3625154000
3625161000
3625163000
3625170000
3625181000
3625182000
3625183001
3625214000
3625221000
3625223000
3625230001
3625230002
3625231001
3625231002
3625231003
3625231004
3625232001
3625232002
3625232003
3625232004
3625233001
3625233002
3625233003
3625233004
3625234000
3625234001
3625234002
3625240001
3625240002
3625240004
3625240005
3625240007
3625240008
3625240009
3625240010
3625241001
3625241002
3625241004
3625242004
3625243002
3625243003
3625243004
3625243005
3625244001
3625244003
3625244004
3625244005
3625250005
3625250006
3625251001
3625251002
3625251003
3625252003
3625252004
3625252005
3625253001
3625253002
3625253003
3625253004
3625254001
3625254002
3625254003
3625254004
3625261001
3625261002
3625262005
3625262006
3625262007
3625263001
3625263002
3625263003
3625263004
3625264001
3625264002
3625264003
3625271000
3625292003
3625302002
3625310001
3625310002
3625311001
3625311002
3625312001
3625312005
3625312006
3625312007
3625312008
3625312009
3625312010
3625321003
3625323005
3625324001
3625324002
3625324003
3625334004
3625334005
3625351000
3625352001
3625352002
3625352003
3625353001
3625353003
3625354001
3625354002
3625354003
3625354004
3625361005
3625361006
3625361007
3626010003
3626010004
3626010005
3626011001
3626011004
3626011005
3626012005
3626012006
3626013005
3626014005
3626020001
3626020002
3626020005
3626020009
3626020010
3626020011
3626020012
3626020013
3626020015
3626020016
3626020018
3626020019
3626020020
3626020021
3626020022
3626020023
3626020024
3626020025
3626020026
3626020028
3626020029
3626020030
3626020031
3626020032
3626020033
3626020034
3626020035
3626024004
3626030001
3626030004
3626030006
3626030007
3626030008
3626030011
3626030012
3626030014
3626031004
3626032005
3626032007
3626033001
3626033005
3626033006
3626033007
3626033009
3626033010
3626034003
3626034007
3626034008
3626040002
3626040004
3626040005
3626041001
3626041002
3626041003
3626041004
3626042001
3626042004
3626043001
3626043002
3626043003
3626043005
3626043006
3626044001
3626044002
3626050006
3626050007
3626051006
3626052006
3626052007
3626053003
3626060001
3626061001
3626061002
3626061004
3626061005
3626061006
3626062005
3626063005
3626063007
3626063008
3626063009
3626063010
3626063011
3626064001
3626064005
3626064006
3626064007
3626071004
3626072004
3626073002
3626073005
3626074003
3626074005
3626080001
3626081003
3626081004
3626081007
3626081008
3626082002
3626082003
3626082004
3626083003
3626083004
3626084004
3626090002
3626090003
3626090004
3626090005
3626091001
3626091002
3626091005
3626091006
3626091008
3626092002
3626092003
3626092004
3626093001
3626093003
3626094004
3626094005
3626094007
3626094008
3626100001
3626100002
3626100003
3626100004
3626100006
3626100007
3626100008
3626100010
3626100011
3626100013
3626100016
3626100017
3626100018
3626100019
3626100021
3626100022
3626100023
3626100024
3626101006
3626101009
3626101010
3626101011
3626102002
3626102003
3626104005
3626110001
3626110002
3626110003
3626110004
3626110005
3626110006
3626110007
3626111003
3626111005
3626111006
3626111007
3626111008
3626112002
3626112003
3626112004
3626113001
3626113002
3626113006
3626114002
3626114004
3626120002
3626120003
3626120006
3626120007
3626121001
3626121002
3626121005
3626121006
3626122005
3626123005
3626124004
3626130011
3626130014
3626130016
3626130017
3626130018
3626130019
3626130020
3626130022
3626130024
3626130035
3626130040
3626130041
3626130042
3626130043
3626130044
3626130045
3626130048
3626133002
3626141001
3626141003
3626142002
3626142004
3626142005
3626142006
3626143001
3626143002
3626143003
3626143005
3626144002
3626144004
3626151001
3626151003
3626151004
3626152001
3626152002
3626152003
3626152004
3626153001
3626153003
3626154001
3626154003
3626160000
3626170005
3626170008
3626170010
3626170011
3626170013
3626170014
3626180001
3626180002
3626181002
3626181004
3626182004
3626183001
3626183006
3626183007
3626184005
3626184006
3626190001
3626190003
3626190006
3626190011
3626190012
3626190014
3626191001
3626192005
3626192006
3626192007
3626192008
3626193003
3626193005
3626194001
3626194002
3626194003
3626194005
3626194006
3626201001
3626201002
3626201005
3626201006
3626202001
3626202002
3626202003
3626202004
3626203005
3626204005
3626211001
3626211002
3626211003
3626212001
3626212005
3626213001
3626213002
3626213003
3626213004
3626214001
3626214002
3626214003
3626214004
3626221001
3626221003
3626222001
3626222003
3626223002
3626223003
3626223004
3626224001
3626224003
3626224004
3626230001
3626231003
3626231005
3626232003
3626232008
3626232009
3626233001
3626233002
3626233003
3626233004
3626234001
3626234003
3626234004
3626240010
3626240014
3626240015
3626240019
3626240035
3626240036
3626240039
3626240040
3626240041
3626240042
3626240044
3626240045
3626240046
3626240047
3626240048
3626240049
3626240050
3626240053
3626240054
3626240055
3626244005
3626250012
3626250013
3626250014
3626250015
3626250016
3626250017
3626251005
3626251006
3626251007
3626251008
3626252004
3626252006
3626252007
3626253006
3626253007
3626260002
3626260005
3626260010
3626260011
3626260013
3626260014
3626260018
3626260019
3626260022
3626260023
3626260024
3626261004
3626263001
3626264001
3626264002
3626264004
3626270001
3626271001
3626271002
3626271003
3626271004
3626273005
3626274001
3626274003
3626274004
3626280002
3626280003
3626280004
3626280006
3626280007
3626282003
3626284001
3626290003
3626290004
3626290005
3626290006
3626290007
3626290008
3626290009
3626290010
3626291001
3626291003
3626292004
3626293005
3626293006
3626294002
3626294003
3626300005
3626300013
3626300016
3626300017
3626300020
3626300021
3626300022
3626300023
3626302001
3626302003
3626302004
3626303001
3626303002
3626311001
3626311002
3626311003
3626311004
3626312001
3626312002
3626312003
3626312004
3626313001
3626313002
3626313003
3626313004
3626314001
3626314003
3626314004
3626321001
3626321002
3626321003
3626322001
3626322003
3626322004
3626323001
3626323002
3626323003
3626323004
3626324001
3626324002
3626324003
3626324004
3626331005
3626332003
3626332005
3626332006
3626333005
3626333006
3626333007
3626333009
3626333012
3626333013
3626334004
3626340003
3626340004
3626340006
3626340007
3626340008
3626341003
3626342001
3626342002
3626342004
3626342005
3626342006
3626342007
3626342008
3626342009
3626343001
3626343003
3626343005
3626343006
3626344005
3626350017
3626350018
3626350022
3626350027
3626350031
3626350034
3626350039
3626350042
3626350044
3626350045
3626350046
3626351003
3626351007
3626352003
3626352005
3626352006
3626353002
3626361000
3627011005
3627011006
3627011007
3627011008
3627012008
3627012011
3627012012
3627012013
3627012014
3627013005
3627013006
3627013009
3627013010
3627013012
3627014006
3627014007
3627014008
3627014009
3627021006
3627022005
3627022008
3627023006
3627023009
3627024007
3627030008
3627030010
3627031001
3627031002
3627031003
3627032001
3627032004
3627033005
3627033006
3627033007
3627034002
3627034005
3627034006
3627040006
3627040011
3627040012
3627040013
3627040015
3627040018
3627040019
3627040020
3627040023
3627040031
3627040041
3627040043
3627040045
3627041001
3627041002
3627050006
3627050012
3627050013
3627050014
3627050017
3627050018
3627053004
3627060007
3627060015
3627060016
3627060020
3627060028
3627060030
3627060031
3627060033
3627060034
3627060035
3627060036
3627060039
3627060043
3627060044
3627061001
3627062001
3627063001
3627063002
3627063004
3627064001
3627064002
3627064003
3627064004
3627070001
3627070005
3627070009
3627070014
3627070016
3627070017
3627070023
3627070024
3627070025
3627070028
3627070029
3627070030
3627070031
3627070038
3627070040
3627070041
3627070042
3627073006
3627074005
3627074006
3627080011
3627080012
3627080013
3627080014
3627080015
3627080016
3627080017
3627081003
3627091002
3627092001
3627101008
3627103004
3627104002
3627104003
3627104004
3627110001
3627110003
3627110005
3627110007
3627110008
3627111004
3627111005
3627112001
3627112002
3627112004
3627114005
3627114007
3627114008
3627114009
3627121001
3627121005
3627121006
3627122002
3627122007
3627122008
3627122010
3627122012
3627123002
3627123005
3627123006
3627130001
3627131001
3627131004
3627133007
3627133009
3627133010
3627134001
3627134004
3627140002
3627142005
3627151001
3627152000
3627161001
3627161002
3627161004
3627161005
3627161006
3627162002
3627162003
3627162004
3627170001
3627170002
3627170003
3627180001
3627180002
3627180003
3627180004
3627180005
3627180006
3627180007
3627180008
3627180009
3627180010
3627180011
3627190001
3627190002
3627190003
3627190004
3627190005
3627190006
3627190008
3627190009
3627190010
3627190011
3627190012
3627190013
3627190014
3627190015
3627190016
3627190017
3627190018
3627190019
3627190020
3627190021
3627204004
3627210001
3627213003
3627213004
3627214001
3627214002
3627214003
3627220001
3627230001
3627233005
3627240002
3627241005
3627244010
3627244011
3627244012
3627250000
3627260000
3627270000
3627280001
3627284002
3627290009
3627292002
3627300001
3627300002
3627300003
3627300004
3627300005
3627303003
3627304001
3627304002
3627304003
3627313001
3627313002
3627313003
3627313004
3627314002
3627314004
3627320013
3627320014
3627320015
3627321001
3627330003
3627330006
3627330007
3627330008
3627340000
3627350001
3627352002
3627360001
3627361005
3627362001
3627363001
3627363003
3628010001
3628010002
3628010003
3628011008
3628011009
3628012004
3628012008
3628012009
3628012010
3628012012
3628013004
3628013006
3628013007
3628014001
3628014002
3628014005
3628020002
3628020003
3628020004
3628020005
3628022006
3628023002
3628023007
3628030002
3628030004
3628030010
3628030011
3628030012
3628030015
3628030016
3628033006
3628034005
3628034006
3628040004
3628040005
3628040007
3628040009
3628040010
3628040011
3628041005
3628042001
3628042006
3628042007
3628042008
3628043001
3628043002
3628043008
3628044001
3628044003
3628044004
3628044005
3628044006
3628051001
3628051002
3628051004
3628051008
3628052005
3628052006
3628052007
3628052008
3628053005
3628053006
3628053007
3628054002
3628054003
3628054005
3628054007
3628054008
3628054011
3628054012
3628054013
3628061007
3628061008
3628061010
3628062001
3628062005
3628063003
3628063004
3628063005
3628064003
3628064004
3628064007
3628064008
3628070001
3628071005
3628073003
3628074001
3628074002
3628082005
3628083004
3628083005
3628084003
3628090004
3628090005
3628090006
3628090008
3628091008
3628091009
3628091010
3628092003
3628092004
3628093003
3628093005
3628094004
3628100001
3628100005
3628100007
3628100008
3628100009
3628100010
3628100013
3628100014
3628101007
3628102002
3628102005
3628102006
3628103002
3628103004
3628103005
3628103006
3628104004
3628110002
3628110003
3628110004
3628110005
3628110006
3628111001
3628111005
3628111006
3628111007
3628112001
3628112002
3628113001
3628113005
3628114001
3628114003
3628114005
3628114010
3628114011
3628114012
3628121001
3628121002
3628121005
3628122007
3628123005
3628123007
3628123008
3628132005
3628132006
3628132007
3628133001
3628133002
3628133008
3628133009
3628133010
3628134004
3628134005
3628141002
3628141004
3628141006
3628141008
3628141010
3628141011
3628142007
3628142009
3628142011
3628142012
3628142013
3628142014
3628143004
3628143006
3628143007
3628143008
3628143009
3628143010
3628143011
3628144002
3628151008
3628152005
3628152007
3628153001
3628153002
3628153004
3628153006
3628154001
3628154002
3628154003
3628154005
3628154006
3628160001
3628160002
3628161002
3628161004
3628162001
3628162005
3628162006
3628162007
3628162008
3628163006
3628163007
3628163008
3628163009
3628163010
3628163011
3628164002
3628164005
3628171001
3628172005
3628173007
3628174006
3628180002
3628180007
3628182005
3628183005
3628184003
3628184004
3628191001
3628191006
3628192002
3628194007
3628200002
3628200003
3628201010
3628201011
3628202005
3628203003
3628203005
3628204005
3628210001
3628210002
3628210003
3628210004
3628210005
3628210006
3628210007
3628210008
3628210009
3628210010
3628210012
3628210013
3628211006
3628211007
3628212005
3628213007
3628213008
3628213009
3628213010
3628213011
3628213012
3628214009
3628220004
3628220005
3628220007
3628220008
3628220009
3628220010
3628220011
3628220012
3628220013
3628221001
3628221005
3628221007
3628222002
3628222006
3628222008
3628223010
3628224010
3628224011
3628224012
3628230011
3628230014
3628230018
3628231005
3628231006
3628231007
3628232005
3628232006
3628232007
3628232008
3628233002
3628233005
3628234006
3628240001
3628240002
3628240003
3628241006
3628241007
3628241008
3628241009
3628241010
3628241011
3628242003
3628242006
3628242007
3628242008
3628242009
3628242011
3628243009
3628243011
3628243012
3628243013
3628243015
3628243016
3628243017
3628244006
3628244007
3628250001
3628250002
3628250012
3628250013
3628250014
3628250015
3628251004
3628251005
3628251006
3628251007
3628252005
3628252007
3628252008
3628252009
3628253001
3628253006
3628254009
3628254012
3628254013
3628260001
3628260003
3628260004
3628260006
3628260007
3628260008
3628260009
3628260010
3628260011
3628260012
3628260013
3628260014
3628261004
3628262001
3628262002
3628263003
3628264005
3628270001
3628270002
3628270003
3628270004
3628270006
3628270008
3628270009
3628270010
3628270011
3628270012
3628270014
3628270016
3628270017
3628270018
3628270019
3628270021
3628270024
3628270025
3628270026
3628270027
3628270028
3628271007
3628271009
3628271010
3628271012
3628274001
3628274002
3628280001
3628280002
3628280004
3628280005
3628280006
3628280007
3628280008
3628280010
3628280011
3628280012
3628280013
3628280014
3628280015
3628280016
3628281006
3628281007
3628281008
3628281009
3628284004
3628291004
3628292005
3628293004
3628294005
3628301005
3628302005
3628303005
3628311005
3628312005
3628321005
3628322005
3628324003
3628331001
3628331002
3628331003
3628332001
3628332002
3628332004
3628333001
3628333002
3628334001
3628334002
3628334003
3628334004
3628340001
3628340002
3628340003
3628340004
3628340005
3628340006
3628340007
3628340008
3628340009
3628340010
3628340011
3628340012
3628340013
3628340015
3628340016
3628340017
3628340018
3628340019
3628340020
3628340021
3628340022
3628340023
3628340025
3628340026
3628340027
3628340028
3628340030
3628340031
3628344003
3628344006
3628350001
3628350002
3628350003
3628350004
3628350008
3628350009
3628350011
3628350012
3628350014
3628350016
3628350017
3628350018
3628350021
3628350022
3628350024
3628350025
3628350026
3628350027
3628350028
3628350029
3628350030
3629010001
3629011003
3629020003
3629020004
3629020005
3629030003
3629030008
3629030010
3629030011
3629030012
3629030013
3629033004
3629033005
3629033006
3629033007
3629033008
3629033009
3629034008
3629040002
3629040006
3629040009
3629040012
3629040013
3629040015
3629041006
3629041007
3629041009
3629042001
3629042002
3629042004
3629042006
3629043002
3629043003
3629043004
3629043005
3629043006
3629044001
3629044004
3629044006
3629050004
3629050005
3629050006
3629050007
3629050008
3629050009
3629050010
3629050011
3629050012
3629051001
3629051003
3629051004
3629051008
3629051010
3629051011
3629052002
3629052007
3629052008
3629053007
3629053008
3629053009
3629053010
3629053011
3629054001
3629061001
3629061002
3629061003
3629061004
3629062005
3629062006
3629062007
3629062009
3629062011
3629063001
3629063002
3629063005
3629063006
3629063007
3629063008
3629064001
3629064003
3629064004
3629070002
3629074003
3629081004
3629084001
3629100003
3629100006
3629100008
3629100011
3629100012
3629100013
3629100014
3629100015
3629100017
3629100019
3629100020
3629100021
3629100022
3629101003
3629102001
3629102003
3629102006
3629102008
3629102009
3629104006
3629104009
3629104010
3629104012
3629104013
3629104014
3629110001
3629110006
3629110007
3629110015
3629110016
3629110018
3629110022
3629110023
3629110025
3629110028
3629110029
3629110033
3629110034
3629110035
3629112005
3629112006
3629113005
3629113007
3629120004
3629120006
3629120008
3629120009
3629120010
3629130001
3629130005
3629130008
3629130013
3629130015
3629130020
3629130021
3629130023
3629130025
3629130026
3629130027
3629130028
3629130029
3629130034
3629130035
3629130037
3629134011
3629140002
3629140003
3629140006
3629140007
3629141006
3629141011
3629141013
3629141015
3629141016
3629141017
3629142004
3629142006
3629142007
3629142010
3629143007
3629143010
3629143011
3629143013
3629144002
3629144005
3629144006
3629150011
3629150022
3629150023
3629150024
3629150026
3629150027
3629150028
3629150029
3629150032
3629150033
3629151005
3629152001
3629152003
3629152004
3629152005
3629152006
3629153007
3629153008
3629153009
3629153010
3629154004
3629154011
3629154012
3629192002
3629203003
3629220001
3629220004
3629220009
3629220011
3629220012
3629220015
3629220016
3629220017
3629220018
3629220019
3629220021
3629220024
3629220027
3629220029
3629220031
3629220032
3629220033
3629220034
3629220035
3629223005
3629224005
3629224006
3629230001
3629230002
3629230003
3629230004
3629230005
3629230006
3629230007
3629230008
3629230011
3629230012
3629230013
3629230014
3629230015
3629230016
3629234001
3629240001
3629240004
3629240006
3629240010
3629241005
3629241006
3629241007
3629241008
3629242003
3629242006
3629242007
3629242010
3629242011
3629242012
3629243008
3629243009
3629243010
3629243011
3629244005
3629244006
3629244007
3629244008
3629270002
3629270003
3629270006
3629270007
3629270008
3629270009
3629270010
3629270012
3629270014
3629270015
3629270016
3629270017
3629270018
3629270020
3629270021
3629270022
3629270023
3629270024
3629270025
3629270027
3629270028
3629270030
3629270031
3629273010
3629273011
3629301001
3629302002
3629302005
3629303005
3629303007
3629303008
3629304006
3629304007
3629304008
3629304009
3629304010
3629340002
3629340004
3629340005
3629340007
3629340008
3629340009
3629340010
3629340011
3629340012
3630010007
3630010008
3630010009
3630010011
3630010013
3630010014
3630010015
3630010016
3630010017
3630010018
3630011005
3630011006
3630012005
3630012010
3630013010
3630014001
3630014004
3630014005
3630020001
3630020002
3630022002
3630022007
3630023002
3630023003
3630023004
3630032010
3630032011
3630032013
3630032015
3630033005
3630033012
3630040005
3630042006
3630042008
3630042010
3630042011
3630042012
3630043005
3630043007
3630043008
3630043009
3630043010
3630043011
3630044001
3630044008
3630051004
3630051006
3630051007
3630051008
3630051009
3630052007
3630052008
3630052009
3630052010
3630052012
3630052014
3630053006
3630053007
3630053008
3630053009
3630053010
3630053011
3630053012
3630054001
3630054006
3630054007
3630054008
3630054009
3630060001
3630060003
3630060004
3630060005
3630060006
3630060009
3630060011
3630060012
3630060013
3630060014
3630063009
3630070002
3630070003
3630071007
3630072005
3630072006
3630073005
3630073006
3630073010
3630081001
3630081010
3630082005
3630082009
3630083005
3630084001
3630084003
3630084004
3630090001
3630090007
3630090009
3630090010
3630091007
3630091009
3630091010
3630091011
3630091012
3630091013
3630092006
3630092007
3630093001
3630093005
3630093006
3630093007
3630093008
3630094005
3630094006
3630094007
3630094008
3630101010
3630101012
3630102005
3630102006
3630102007
3630102008
3630102009
3630102010
3630102011
3630102012
3630103007
3630103008
3630104001
3630104007
3630104009
3630104012
3630110002
3630110006
3630111002
3630111003
3630111004
3630112001
3630112004
3630112007
3630112008
3630113001
3630113002
3630113004
3630113005
3630114001
3630114002
3630114007
3630114008
3630114009
3630114010
3630120006
3630120009
3630120010
3630120013
3630120014
3630120018
3630120019
3630120020
3630120022
3630120023
3630120024
3630120026
3630120027
3630120028
3630120029
3630122007
3630122010
3630122012
3630122013
3630123006
3630131010
3630132001
3630132002
3630132008
3630133001
3630133005
3630133007
3630133008
3630134003
3630140002
3630140007
3630140009
3630140015
3630140017
3630140019
3630141005
3630141007
3630142006
3630143007
3630143010
3630143012
3630144009
3630144010
3630151006
3630151007
3630151008
3630151009
3630151010
3630152007
3630152008
3630152009
3630152010
3630152011
3630152012
3630152013
3630153006
3630153007
3630153008
3630153009
3630153010
3630153011
3630154005
3630154006
3630154007
3630154008
3630154009
3630154010
3630154011
3630160001
3630160002
3630160004
3630160005
3630160007
3630162006
3630162009
3630163010
3630163012
3630163013
3630163014
3630163015
3630163017
3630164007
3630164008
3630164012
3630164015
3630171004
3630172006
3630172007
3630172008
3630172009
3630172010
3630172011
3630172012
3630174005
3630180001
3630180002
3630180004
3630180005
3630180006
3630180008
3630180009
3630180012
3630180015
3630180016
3630180018
3630180021
3630180022
3630180023
3630180024
3630180025
3630180026
3630180028
3630181008
3630182005
3630183005
3630183006
3630184002
3630190013
3630190023
3630190025
3630190035
3630190036
3630190037
3630190038
3630190042
3630190044
3630190045
3630190047
3630190049
3630190051
3630190052
3630190054
3630190055
3630190063
3630190064
3630190067
3630190068
3630190069
3630193003
3630193006
3630200004
3630200007
3630200008
3630200009
3630200012
3630200013
3630200015
3630200016
3630200017
3630200018
3630200019
3630201009
3630201010
3630201011
3630201013
3630201015
3630202002
3630202006
3630203009
3630203010
3630210016
3630211006
3630211007
3630211009
3630211010
3630211014
3630212006
3630212008
3630213005
3630213006
3630213007
3630213010
3630213012
3630214005
3630214006
3630214007
3630214008
3630214009
3630214010
3630214011
3630220002
3630220003
3630220005
3630220008
3630220009
3630220010
3630224006
3630224009
3630224010
3630224011
3630230002
3630230003
3630230005
3630231005
3630240003
3630240005
3630240007
3630240009
3630240010
3630240012
3630240013
3630241001
3630241004
3630241011
3630241012
3630241013
3630241014
3630242007
3630243002
3630243003
3630243006
3630243009
3630244004
3630244007
3630244008
3630244009
3630244010
3630244011
3630244012
3630250001
3630250004
3630251006
3630251008
3630251009
3630251011
3630252000
3630253010
3630253011
3630253012
3630254001
3630254002
3630254004
3630260001
3630261005
3630262006
3630262008
3630262012
3630262013
3630262014
3630262015
3630270001
3630273005
3630280001
3630280003
3630280004
3630280006
3630280009
3630280010
3630280011
3630282007
3630282008
3630290001
3630290008
3630290009
3630290010
3630290011
3630290013
3630290015
3630290016
3630290017
3630290018
3630290019
3630290020
3630290021
3630290026
3630291003
3630291007
3630291008
3630291010
3630291011
3630293007
3630293008
3630293009
3630294006
3630294010
3630294012
3630300014
3630300017
3630300020
3630300021
3630300022
3630300024
3630300025
3630302010
3630302011
3630303001
3630303004
3630304002
3630304003
3630304004
3630304005
3630304006
3630311005
3630311006
3630314004
3630314006
3630314007
3630320001
3630320002
3630321010
3630321011
3630321012
3630321013
3630322005
3630322006
3630322007
3630322008
3630322009
3630322010
3630322011
3630322012
3630323004
3630323005
3630323006
3630323007
3630323008
3630323009
3630323011
3630324007
3630324008
3630324009
3630324010
3630324011
3630324012
3630324013
3630330005
3630330006
3630330007
3630330011
3630330012
3630330013
3630330015
3630330018
3630330025
3630330026
3630330027
3630330028
3630333007
3630333008
3630333009
3630333010
3630334003
3630334005
3630334006
3630340007
3630340010
3630340011
3630340014
3630340015
3630340018
3630340019
3630340020
3630340021
3630340022
3630340023
3630340024
3630340025
3630340026
3630340030
3630344007
3630350001
3630350002
3630350005
3630350007
3630350008
3630350009
3630350010
3630350011
3630350013
3630351004
3630351008
3630351010
3630352003
3630352004
3630352009
3630352011
3630354000
3630360000
3631011005
3631061001
3631061002
3631061004
3631062001
3631062004
3631063001
3631063002
3631063003
3631063004
3631063005
3631063006
3631063007
3631064001
3631064003
3631064004
3631064006
3631064007
3631070001
3631070002
3631070003
3631070004
3631070005
3631070006
3631070007
3631070008
3631070009
3631073001
3631073002
3631073003
3631073004
3631073005
3631153005
3631191004
3631191007
3631191009
3631191010
3631192001
3631192008
3631192009
3631192010
3631193005
3631194003
3631194004
3631194005
3631200001
3631200002
3631201004
3631201007
3631201008
3631202005
3631203004
3631203007
3631203008
3631203009
3631203011
3631203013
3631203014
3631203015
3631203017
3631204006
3631204009
3631204010
3631204011
3631204012
3631204013
3631204014
3631204016
3631204017
3631204018
3631213005
3631213006
3631274006
3631274007
3631280002
3631281001
3631281008
3631281009
3631281010
3631281011
3631283006
3631290002
3631290003
3631290008
3631290009
3631290013
3631290019
3631290020
3631290022
3631290023
3631290027
3631291008
3631291009
3631292004
3631292011
3631292012
3631293005
3631293006
3631293008
3631293010
3631293011
3631293012
3631294003
3631294007
3631300002
3631300007
3631300009
3631300011
3631301007
3631301009
3631302005
3631302006
3631302007
3631303003
3631303004
3631304005
3631310003
3631310005
3631310006
3631310007
3631310009
3631311006
3631311008
3631311009
3631311010
3631311011
3631312008
3631312009
3631312010
3631312011
3631312012
3631312013
3631313005
3631313006
3631314003
3631321007
3631321008
3631321009
3631321010
3631321011
3631321012
3631321013
3631322003
3631322005
3631322006
3631322007
3631322008
3631323005
3631323006
3631323007
3631323008
3631323009
3631323010
3631323011
3631324005
3631324006
3631324007
3631324008
3631324009
3631324010
3631324011
3631324012
3631330001
3631330002
3631330009
3631330010
3631330011
3631330012
3631330013
3631331001
3631331002
3631331003
3631331004
3631332001
3631332004
3631333007
3631333008
3631334013
3631334015
3631334016
3631334017
3631334018
3631334021
3631334024
3631334025
3631334026
3631341006
3631341008
3631341009
3631341010
3631341011
3631341012
3631341013
3631342005
3631342006
3631342007
3631342008
3631342009
3631342010
3631343005
3631343006
3631343007
3631343008
3631343009
3631343011
3631343012
3631344005
3631344006
3631344007
3631344008
3631344009
3723240001
3724010000
3724020000
3724030000
3724040000
3724050001
3724050002
3724060000
3724070000
3724080001
3724080002
3724090000
3724100000
3724110000
3724120000
3724130000
3724140000
3724150000
3724160000
3724170000
3724180000
3724190002
3724192000
3724200001
3724200002
3724210001
3724210002
3724220001
3724220002
3724230001
3724230002
3724240001
3724240002
3724250001
3724250002
3724260001
3724260002
3724270001
3724270002
3724281000
3724282000
3724350000
3724360000
3725010000
3725020001
3725020002
3725030001
3725031002
3725040001
3725041001
3725041003
3725041004
3725044001
3725050000
3725060000
3725070000
3725080001
3725081006
3725081007
3725081008
3725081009
3725081010
3725081011
3725082002
3725082003
3725082004
3725082005
3725083002
3725083003
3725084006
3725084007
3725091001
3725094003
3725094004
3725100001
3725101002
3725110000
3725110001
3725120003
3725121002
3725121003
3725121005
3725121006
3725122001
3725122003
3725122004
3725122005
3725123001
3725123003
3725123004
3725123005
3725124001
3725124002
3725124003
3725124004
3725130004
3725130005
3725130006
3725130007
3725130008
3725131003
3725131004
3725131006
3725131007
3725132003
3725132005
3725132006
3725133001
3725133002
3725133003
3725133004
3725133005
3725134003
3725134004
3725141002
3725141003
3725142001
3725142002
3725142004
3725142005
3725142007
3725142008
3725143001
3725143002
3725143003
3725144002
3725144003
3725150000
3725150001
3725161005
3725162005
3725162007
3725170001
3725170002
3725171006
3725171007
3725171008
3725171009
3725171010
3725171011
3725171012
3725172004
3725173005
3725173006
3725173007
3725173008
3725173009
3725174003
3725174004
3725174005
3725174006
3725174007
3725174008
3725174009
3725180001
3725181006
3725181007
3725181008
3725181009
3725182002
3725182006
3725182007
3725182008
3725182009
3725182010
3725182011
3725183002
3725183003
3725183004
3725183005
3725184003
3725184004
3725193000
3725194000
3725201004
3725202005
3725210001
3725211005
3725211006
3725212003
3725213005
3725214002
3725220002
3725220003
3725221001
3725221002
3725221005
3725231001
3725231002
3725231003
3725232000
3725233001
3725233004
3725233005
3725233006
3725234001
3725234002
3725234004
3725234005
3725234006
3725241001
3725241003
3725241004
3725242004
3725242005
3725243001
3725243002
3725243003
3725243004
3725244001
3725244002
3725244003
3725244004
3725250001
3725250002
3725251002
3725251003
3725251005
3725252004
3725252005
3725252006
3725252007
3725252008
3725252009
3725252010
3725253001
3725253002
3725253003
3725253004
3725253005
3725254001
3725254002
3725254003
3725261001
3725261002
3725261003
3725261004
3725262001
3725262002
3725262003
3725263001
3725263002
3725263003
3725263004
3725264001
3725264002
3725264003
3725272001
3725273000
3725274002
3725274004
3725281001
3725281002
3725282004
3725283000
3725284000
3725290001
3725290002
3725300001
3725300002
3725310000
3725320000
3725331004
3725333005
3725341001
3725341002
3725341003
3725342001
3725342002
3725342003
3725350002
3725350005
3725350007
3725351002
3725351004
3725351005
3725351006
3725352003
3725353001
3725353002
3725353003
3725353004
3725354001
3725354002
3725354004
3725360001
3725360002
3725360003
3725360004
3725360005
3725360006
3725360007
3725361005
3725361006
3725361007
3725361008
3725361009
3725362005
3725362006
3725362007
3725362008
3725362009
3725363001
3725363004
3725364002
3725364003
3725364005
3725364006
3725364007
3726010000
3726021005
3726023004
3726031005
3726032001
3726041005
3726044005
3726050000
3726060001
3726061003
3726062004
3726063005
3726063006
3726063007
3726063008
3726063009
3726063010
3726064005
3726064006
3726064007
3726070001
3726070002
3726070003
3726071003
3726072003
3726072004
3726073001
3726073002
3726073004
3726074001
3726074002
3726074003
3726074004
3726080001
3726091001
3726094001
3726101005
3726103003
3726104005
3726111005
3726114003
3726114005
3726120000
3726131005
3726134005
3726140001
3726140002
3726141006
3726142002
3726142005
3726144005
3726151001
3726154005
3726161000
3726171001
3726171002
3726171003
3726171004
3726172002
3726172004
3726172005
3726172006
3726173001
3726173002
3726173003
3726173004
3726173005
3726173006
3726173007
3726173008
3726174001
3726174002
3726174005
3726174006
3726181003
3726181004
3726181005
3726182001
3726182005
3726182006
3726182007
3726182008
3726182009
3726182010
3726183005
3726183006
3726183007
3726183008
3726183009
3726183010
3726183011
3726183012
3726184001
3726184002
3726184003
3726184005
3726184007
3726191005
3726193005
3726193006
3726194005
3726194006
3726201002
3726201003
3726201004
3726201005
3726203005
3726204002
3726204003
3726210001
3726210002
3726210003
3726210005
3726211001
3726211002
3726211003
3726212003
3726212004
3726213002
3726213004
3726213008
3726213009
3726213010
3726213011
3726214002
3726214004
3726214006
3726214007
3726214008
3726220001
3726220002
3726221005
3726223004
3726223005
3726224003
3726230002
3726230010
3726230011
3726230014
3726231003
3726231008
3726231011
3726231012
3726232005
3726232011
3726232012
3726234002
3726234003
3726241005
3726242001
3726243004
3726243005
3726244005
3726250003
3726250008
3726250009
3726250012
3726250015
3726250017
3726250024
3726250027
3726250028
3726250029
3726250030
3726250033
3726250045
3726250046
3726250049
3726250053
3726250056
3726250057
3726250058
3726250069
3726250075
3726250076
3726250078
3726250079
3726250081
3726250082
3726251002
3726252001
3726253009
3726253010
3726260005
3726260007
3726262007
3726262008
3726262010
3726263003
3726263004
3726263005
3726263006
3726263007
3726263008
3726263009
3726263010
3726264005
3726270001
3726270002
3726270004
3726270005
3726270007
3726270008
3726270009
3726270010
3726271001
3726271004
3726271005
3726271006
3726271007
3726272007
3726272008
3726272009
3726272010
3726272011
3726272012
3726272013
3726272014
3726273010
3726273011
3726273012
3726273013
3726273014
3726273015
3726273016
3726273017
3726274004
3726274007
3726274008
3726280001
3726280002
3726280003
3726280005
3726280006
3726280007
3726280008
3726281001
3726283001
3726283002
3726283003
3726284002
3726284004
3726290002
3726290010
3726290015
3726290016
3726290017
3726290020
3726290021
3726290022
3726290023
3726290024
3726290026
3726290028
3726290029
3726290030
3726291002
3726292001
3726294003
3726294004
3726300001
3726300006
3726300007
3726300008
3726300009
3726300010
3726300011
3726300012
3726300013
3726300014
3726300015
3726300016
3726300017
3726300018
3726300019
3726300020
3726300021
3726300022
3726300024
3726300025
3726300026
3726300027
3726300028
3726300030
3726300031
3726301001
3726310002
3726310003
3726310005
3726310006
3726310008
3726310011
3726310012
3726310013
3726310014
3726310015
3726310016
3726310017
3726310018
3726310019
3726310020
3726310021
3726310023
3726310025
3726311002
3726312001
3726313001
3726313002
3726313006
3726313007
3726313008
3726313009
3726314006
3726314007
3726320004
3726320005
3726320008
3726320009
3726320010
3726320011
3726320012
3726321003
3726321006
3726323005
3726323006
3726324007
3726324008
3726324010
3726324011
3726324012
3726330001
3726330002
3726330003
3726330005
3726330006
3726330007
3726330008
3726330009
3726330010
3726330011
3726330014
3726330015
3726330017
3726331001
3726331002
3726331004
3726332001
3726333001
3726334002
3726334003
3726334004
3726334005
3726340003
3726340005
3726341003
3726341006
3726341007
3726341008
3726341009
3726342001
3726342003
3726342004
3726343001
3726343004
3726343005
3726343006
3726344002
3726344003
3726344004
3726344006
3726350003
3726350004
3726350007
3726350008
3726350009
3726350012
3726350015
3726350018
3726350019
3726350020
3726350021
3726350022
3726350030
3726350031
3726350032
3726350033
3726351006
3726351007
3726353003
3726353007
3726353008
3726353009
3726353010
3726354004
3726360006
3726360011
3726360012
3726360016
3726360020
3726360022
3726360024
3726360025
3726360026
3726360027
3726360028
3726360029
3726360030
3726360031
3726361005
3726361006
3726361007
3726361008
3726362002
3726362003
3726362004
3727010001
3727010002
3727011003
3727011004
3727012001
3727013001
3727014001
3727014002
3727020002
3727020003
3727020004
3727021001
3727021002
3727021004
3727022000
3727024001
3727030001
3727030002
3727030008
3727030011
3727030013
3727030014
3727030019
3727030028
3727030032
3727030033
3727030038
3727030043
3727030047
3727030050
3727030053
3727030061
3727030063
3727030065
3727030066
3727030067
3727030070
3727030072
3727030079
3727030080
3727030085
3727030086
3727030088
3727030093
3727030094
3727030095
3727030096
3727030099
3727030102
3727030105
3727030106
3727031001
3727031002
3727031005
3727032001
3727034004
3727034005
3727040002
3727040004
3727040007
3727040017
3727040019
3727040021
3727040024
3727040025
3727040028
3727040029
3727040030
3727040031
3727040032
3727041001
3727041004
3727041005
3727042002
3727044001
3727044005
3727050001
3727050002
3727050003
3727050004
3727050005
3727050006
3727050007
3727051006
3727053007
3727054004
3727054006
3727054007
3727060001
3727061002
3727062002
3727064005
3727070001
3727070002
3727070003
3727070004
3727070005
3727070006
3727070007
3727070008
3727070009
3727070010
3727070011
3727072003
3727072005
3727074005
3727080002
3727080003
3727080008
3727080009
3727080010
3727080011
3727080012
3727080014
3727080015
3727080016
3727080017
3727080018
3727080019
3727080021
3727080022
3727080023
3727080024
3727080025
3727080026
3727080027
3727082002
3727083001
3727083002
3727083003
3727090006
3727090014
3727090015
3727090021
3727090023
3727090024
3727090028
3727090037
3727090040
3727090046
3727090053
3727090055
3727090056
3727090059
3727090067
3727090069
3727090070
3727090075
3727090076
3727090078
3727090079
3727090081
3727090084
3727090085
3727090086
3727090092
3727090102
3727090104
3727090110
3727090111
3727090112
3727090113
3727090114
3727090115
3727090116
3727090117
3727090118
3727090119
3727090121
3727090122
3727090123
3727090124
3727090125
3727090126
3727090128
3727090129
3727090131
3727090136
3727090137
3727090138
3727093003
3727100018
3727100021
3727100027
3727100036
3727100040
3727100041
3727100043
3727100047
3727100051
3727100052
3727100056
3727100058
3727100059
3727100061
3727100062
3727100063
3727100064
3727100065
3727100066
3727100067
3727100071
3727100075
3727100081
3727101005
3727102002
3727102008
3727110005
3727110006
3727110007
3727110008
3727110009
3727110010
3727110011
3727110015
3727110016
3727110017
3727110020
3727110021
3727111005
3727111006
3727112001
3727112004
3727112005
3727113001
3727113005
3727120001
3727120002
3727120004
3727120005
3727120006
3727120008
3727120009
3727120010
3727120012
3727120015
3727120016
3727120019
3727121004
3727122000
3727122001
3727123003
3727124002
3727130003
3727130004
3727130005
3727130006
3727130007
3727130008
3727130009
3727130010
3727130011
3727130012
3727130013
3727130014
3727130015
3727130016
3727130017
3727130018
3727130020
3727130021
3727130022
3727130023
3727130024
3727130025
3727130026
3727130027
3727130028
3727130029
3727130030
3727130031
3727130032
3727130033
3727131001
3727140001
3727140002
3727140008
3727140010
3727140012
3727140013
3727140016
3727140020
3727140021
3727140025
3727140026
3727140027
3727140028
3727140029
3727140030
3727140031
3727140032
3727140033
3727140034
3727140035
3727140036
3727140037
3727140038
3727140039
3727140040
3727143003
3727150004
3727150005
3727150009
3727150015
3727150017
3727150018
3727150019
3727150027
3727150028
3727150029
3727150030
3727150037
3727150042
3727150043
3727150044
3727150045
3727150046
3727152002
3727152004
3727152005
3727153002
3727153005
3727153006
3727160001
3727160004
3727160006
3727160010
3727160035
3727160038
3727160042
3727160043
3727160044
3727160051
3727160055
3727160057
3727160063
3727160069
3727160079
3727160083
3727160086
3727160091
3727160099
3727160102
3727160103
3727160104
3727160107
3727160109
3727160110
3727160111
3727160112
3727160113
3727160114
3727160115
3727160118
3727160119
3727160120
3727160121
3727160125
3727160133
3727160136
3727160140
3727160146
3727160149
3727160155
3727160156
3727160159
3727160160
3727160161
3727160162
3727160163
3727160164
3727160165
3727160167
3727160169
3727160170
3727160173
3727160177
3727160178
3727160182
3727160183
3727160184
3727160187
3727160188
3727160191
3727160192
3727160194
3727160199
3727160201
3727160202
3727160204
3727160208
3727160209
3727160210
3727160212
3727160213
3727160214
3727160217
3727160218
3727160219
3727160220
3727160221
3727160224
3727160227
3727160228
3727160229
3727160232
3727160241
3727160242
3727160243
3727160244
3727160245
3727160247
3727160248
3727160249
3727160250
3727160258
3727160259
3727160260
3727160261
3727160262
3727160263
3727160264
3727160266
3727160267
3727160268
3727170006
3727170008
3727170009
3727170014
3727170022
3727170023
3727170024
3727170028
3727170038
3727170041
3727170042
3727170043
3727170044
3727170045
3727170046
3727170047
3727170048
3727170049
3727170050
3727170051
3727170052
3727170053
3727170054
3727170055
3727170056
3727170057
3727170058
3727170060
3727171002
3727171005
3727171006
3727171007
3727171008
3727171009
3727180001
3727180002
3727180004
3727181004
3727181006
3727181007
3727181008
3727181009
3727181010
3727181011
3727181012
3727181013
3727182004
3727182005
3727182007
3727183002
3727184005
3727190001
3727190003
3727190005
3727190006
3727190012
3727190013
3727190016
3727190017
3727190019
3727190021
3727190023
3727190024
3727190025
3727190027
3727190028
3727190029
3727190031
3727190032
3727190033
3727190034
3727191002
3727192001
3727192005
3727192007
3727192008
3727194005
3727200003
3727200016
3727200017
3727200018
3727200025
3727200036
3727200038
3727200044
3727200058
3727200059
3727200063
3727200064
3727200065
3727200069
3727200071
3727200082
3727200090
3727200093
3727200094
3727200100
3727200111
3727200112
3727200115
3727200117
3727200119
3727200122
3727200123
3727200124
3727200125
3727200126
3727200127
3727200137
3727200138
3727200139
3727200141
3727200142
3727200144
3727200146
3727200150
3727200153
3727200154
3727200155
3727200156
3727200157
3727200158
3727200159
3727200160
3727200163
3727200164
3727200165
3727200167
3727200168
3727200172
3727200180
3727200181
3727200183
3727200184
3727200185
3727200186
3727201001
3727202001
3727203004
3727203005
3727210004
3727210008
3727210009
3727210013
3727210016
3727210018
3727210020
3727210024
3727210025
3727210026
3727210028
3727210033
3727210035
3727210037
3727210038
3727210042
3727210044
3727210048
3727210049
3727210057
3727210058
3727210059
3727210060
3727210062
3727210064
3727210065
3727210066
3727210068
3727210069
3727210070
3727210071
3727210073
3727210074
3727210075
3727210076
3727210078
3727210079
3727210080
3727211002
3727214005
3727214006
3727220002
3727220004
3727220008
3727220009
3727220010
3727220014
3727220016
3727220017
3727220020
3727220021
3727220022
3727220023
3727222006
3727222007
3727222008
3727223003
3727223006
3727224001
3727224002
3727224005
3727230001
3727230002
3727230004
3727230005
3727230006
3727230007
3727230008
3727230009
3727230010
3727230011
3727230012
3727230013
3727230014
3727230015
3727230016
3727230017
3727230018
3727230019
3727230020
3727233005
3727233006
3727240001
3727240002
3727240003
3727240004
3727240005
3727240006
3727240007
3727240008
3727240009
3727240010
3727240011
3727240012
3727240013
3727240014
3727240015
3727240016
3727240017
3727240018
3727240019
3727240020
3727240021
3727240022
3727240023
3727240024
3727240025
3727240026
3727241005
3727242002
3727250001
3727250003
3727250005
3727250006
3727250008
3727250009
3727250012
3727250013
3727250014
3727250015
3727250016
3727250017
3727250018
3727250019
3727250020
3727250021
3727250022
3727251007
3727251008
3727251009
3727251010
3727252002
3727252006
3727253002
3727253003
3727253005
3727253006
3727260005
3727260006
3727260011
3727260017
3727260021
3727260022
3727260023
3727260025
3727260027
3727260028
3727260029
3727262001
3727262002
3727262003
3727262006
3727263004
3727263007
3727263008
3727263010
3727264003
3727264005
3727264006
3727270005
3727270006
3727270007
3727270008
3727273003
3727274005
3727280002
3727280003
3727281002
3727281005
3727282002
3727290003
3727290008
3727290010
3727290015
3727290017
3727290024
3727290025
3727290031
3727290032
3727290042
3727290043
3727290044
3727290045
3727290051
3727290053
3727290055
3727290058
3727290060
3727290064
3727290070
3727290071
3727290074
3727290075
3727290076
3727290077
3727290079
3727290080
3727290082
3727290084
3727290085
3727290086
3727290087
3727290088
3727290090
3727290091
3727290094
3727290095
3727290096
3727290097
3727290098
3727290099
3727290100
3727292005
3727294001
3727300004
3727300006
3727300009
3727300012
3727300028
3727300029
3727300030
3727300031
3727300032
3727300033
3727300037
3727300039
3727300041
3727300042
3727300043
3727300045
3727300049
3727300050
3727300051
3727300052
3727300053
3727300055
3727300056
3727300059
3727300060
3727300062
3727302002
3727303005
3727310002
3727310003
3727310005
3727310008
3727310013
3727310014
3727310016
3727310018
3727310021
3727310023
3727310025
3727310027
3727310029
3727310032
3727310035
3727310039
3727310040
3727310041
3727310042
3727310043
3727310046
3727310048
3727310049
3727310050
3727310051
3727310052
3727311001
3727311005
3727312001
3727313001
3727313003
3727313004
3727320005
3727320011
3727320012
3727320016
3727320017
3727320018
3727320019
3727320022
3727320024
3727320025
3727320026
3727320028
3727320029
3727320035
3727320038
3727320042
3727320045
3727320049
3727320050
3727320051
3727322000
3727334005
3727341001
3727343003
3727344004
3727351002
3727351004
3727352006
3727352007
3727352011
3727352014
3727352015
3727354002
3727354007
3727361001
3727361005
3727361006
3727362002
3727362003
3727362004
3727363002
3727363003
3727363004
3727363007
3727364004
3727364005
3727364006
3727364007
3727364008
3728010001
3728010002
3728010004
3728010005
3728012000
3728013006
3728013007
3728013008
3728013009
3728014005
3728020003
3728021005
3728022006
3728022007
3728022008
3728022009
3728023009
3728023010
3728024001
3728024005
3728024006
3728024007
3728024008
3728024009
3728030007
3728031001
3728031004
3728031005
3728031006
3728032001
3728032002
3728032003
3728032004
3728033001
3728033005
3728034001
3728034002
3728034004
3728040001
3728040003
3728040004
3728042002
3728042005
3728044001
3728044003
3728051006
3728051007
3728051008
3728051009
3728051010
3728051011
3728051012
3728051013
3728052001
3728052002
3728052003
3728052004
3728052005
3728052006
3728052008
3728053001
3728053002
3728053004
3728053005
3728053006
3728053007
3728053008
3728054007
3728054008
3728054009
3728054011
3728054012
3728060001
3728060002
3728060003
3728060004
3728060005
3728060006
3728060009
3728060018
3728060019
3728060020
3728060021
3728060022
3728062004
3728062005
3728070013
3728070016
3728070017
3728070018
3728070019
3728071005
3728074005
3728074006
3728074007
3728080001
3728080002
3728080003
3728081001
3728081002
3728081003
3728081004
3728081005
3728081006
3728081008
3728082001
3728082002
3728082004
3728082005
3728082006
3728083002
3728083004
3728083008
3728084005
3728084008
3728090001
3728090002
3728090003
3728090005
3728091003
3728091006
3728091007
3728091008
3728093003
3728093004
3728093006
3728093008
3728094003
3728100010
3728100013
3728101007
3728101008
3728102001
3728102004
3728102005
3728102006
3728103001
3728103002
3728103005
3728103006
3728104006
3728104007
3728110018
3728110020
3728110021
3728110026
3728110027
3728110028
3728110030
3728111004
3728111005
3728111006
3728111007
3728112002
3728112003
3728113002
3728113003
3728120009
3728120010
3728120011
3728120012
3728120013
3728120014
3728120015
3728120016
3728120017
3728120018
3728120019
3728120020
3728120021
3728120022
3728120023
3728120024
3728120025
3728120026
3728120027
3728120028
3728120029
3728120030
3728120031
3728120032
3728120033
3728121006
3728122003
3728122004
3728123004
3728140001
3728140002
3728141002
3728141005
3728141006
3728141007
3728142001
3728142002
3728142003
3728143001
3728143002
3728143003
3728143006
3728144005
3728144006
3728144007
3728144008
3728150001
3728150004
3728150005
3728150006
3728150007
3728151002
3728151008
3728151009
3728152004
3728152005
3728153001
3728154004
3728160001
3728161000
3728170001
3728170002
3728170003
3728170004
3728170005
3728170006
3728170007
3728170008
3728171002
3728171003
3728171004
3728171005
3728172001
3728172002
3728172003
3728172004
3728173001
3728173002
3728173003
3728174001
3728174002
3728174004
3728180001
3728180002
3728180003
3728180004
3728180005
3728180006
3728180007
3728180008
3728180009
3728180010
3728180011
3728180012
3728180013
3728180014
3728180015
3728180016
3728180017
3728180018
3728180019
3728180020
3728180021
3728180022
3728180023
3728180024
3728180025
3728180026
3728180027
3728180028
3728180029
3728180030
3728180031
3728180032
3728180033
3728184005
3728190001
3728190002
3728190003
3728190004
3728190005
3728190006
3728190007
3728190008
3728190009
3728190010
3728190011
3728190012
3728190013
3728190014
3728190015
3728190016
3728190017
3728190018
3728190019
3728190020
3728190021
3728192005
3728193003
3728201002
3728201003
3728201004
3728201005
3728202001
3728202002
3728202005
3728202006
3728203001
3728203005
3728204003
3728204004
3728204005
3728210001
3728210002
3728210003
3728210004
3728210005
3728211005
3728212001
3728212002
3728212003
3728213000
3728213002
3728213003
3728214004
3728214005
3728214006
3728220002
3728220010
3728220015
3728220016
3728221006
3728222003
3728222005
3728223005
3728223007
3728223009
3728231001
3728231003
3728231005
3728232002
3728232003
3728232005
3728232008
3728232013
3728233006
3728233007
3728234003
3728234004
3728234005
3728234006
3728234007
3728234008
3728241001
3728241009
3728241013
3728242002
3728242003
3728242004
3728243001
3728243003
3728243004
3728243005
3728243006
3728244003
3728244004
3728244005
3728244006
3728244007
3728250004
3728250005
3728250009
3728250012
3728250013
3728250017
3728250018
3728250019
3728250021
3728250022
3728251005
3728251006
3728253006
3728254003
3728254004
3728260001
3728261006
3728264004
3728264005
3728264006
3728270003
3728271006
3728271007
3728271010
3728272005
3728273005
3728273006
3728274003
3728280001
3728281004
3728281005
3728281006
3728282001
3728282002
3728282006
3728283001
3728283002
3728283004
3728283005
3728284002
3728284003
3728284004
3728290001
3728291005
3728291006
3728293003
3728301005
3728301006
3728301007
3728302000
3728303007
3728303009
3728303012
3728303013
3728303014
3728303015
3728303016
3728303017
3728303018
3728304006
3728304007
3728304008
3728304009
3728304010
3728304011
3728304012
3728310001
3728310003
3728310004
3728310007
3728311005
3728311008
3728312002
3728312009
3728312010
3728313003
3728313004
3728314002
3728320006
3728320008
3728320011
3728320013
3728320014
3728320016
3728320017
3728320018
3728321000
3728324005
3728331004
3728331006
3728332001
3728333001
3728333007
3728333008
3728333009
3728334000
3728340006
3728340012
3728340017
3728340019
3728340021
3728340022
3728340024
3728340025
3728340026
3728341014
3728343008
3728343009
3728343010
3728343011
3728344001
3728344003
3728344004
3728350002
3728350013
3728350015
3728350018
3728350024
3728350026
3728350027
3728350029
3728350030
3728350034
3728350036
3728350037
3728350038
3728350039
3728350040
3728352001
3728352002
3728354001
3728354008
3728360001
3728360006
3728360007
3728360008
3728360009
3728360010
3728360011
3728360015
3728361006
3728361008
3728364005
3729012007
3729012008
3729012009
3729073006
3729073007
3729073008
3729073009
3729073010
3729073011
3729073012
3729073013
3729074006
3729074007
3729074008
3729074009
3729074010
3729074011
3729074012
3729074013
3729111002
3729111003
3729111004
3729112002
3729112006
3729112007
3729120003
3729120009
3729121002
3729121006
3729121007
3729121008
3729121009
3729121010
3729122006
3729122010
3729122011
3729122012
3729122013
3729123005
3729124003
3729124004
3729124005
3729130003
3729132005
3729141004
3729141006
3729142001
3729143002
3729143004
3729144006
3729152005
3729160000
3729171005
3729172002
3729172005
3729173006
3729173012
3729173013
3729173016
3729173017
3729173018
3729173019
3729174002
3729182003
3729182008
3729191005
3729191010
3729192007
3729192008
3729192009
3729192010
3729192011
3729193001
3729193006
3729193011
3729193012
3729194001
3729194002
3729194004
3729194009
3729200002
3729200003
3729200004
3729201007
3729201008
3729201009
3729201010
3729201011
3729202004
3729202008
3729202009
3729202010
3729203006
3729203007
3729204008
3729204009
3729204012
3729204013
3729210001
3729213003
3729220001
3729222005
3729230001
3729230004
3729230005
3729230006
3729231006
3729232007
3729233002
3729233003
3729240007
3729240013
3729240014
3729240018
3729240022
3729240026
3729240031
3729240032
3729240034
3729240035
3729241002
3729241006
3729241007
3729242001
3729242002
3729243007
3729243008
3729244005
3729244006
3729250001
3729260005
3729260006
3729260009
3729260010
3729260011
3729262003
3729264005
3729270001
3729270003
3729271004
3729280004
3729280005
3729284006
3729290002
3729290003
3729291001
3729291005
3729291006
3729291007
3729291008
3729291009
3729291010
3729292007
3729292008
3729292010
3729292011
3729292012
3729292013
3729292014
3729293003
3729293006
3729293007
3729293008
3729293009
3729294007
3729294008
3729294009
3729294010
3729294011
3729300001
3729300008
3729300013
3729300014
3729301004
3729301007
3729301008
3729301009
3729301010
3729301011
3729301012
3729302005
3729302006
3729302007
3729303001
3729303002
3729303003
3729303006
3729303007
3729304010
3729304013
3729304015
3729304016
3729310003
3729310005
3729310006
3729310008
3729310010
3729312005
3729312006
3729312009
3729313006
3729314001
3729314002
3729314003
3729314004
3729320004
3729320010
3729321006
3729321007
3729321008
3729321009
3729321011
3729321012
3729323001
3729323003
3729323005
3729323006
3729324004
3729324005
3729324006
3729330009
3729330012
3729330015
3729330017
3729340002
3729340003
3729350001
3729353005
3729360000
3730010001
3730010005
3730010006
3730010007
3730010008
3730010009
3730010010
3730010012
3730010014
3730010015
3730011005
3730011006
3730012006
3730020004
3730020007
3730020008
3730020009
3730020010
3730020011
3730020012
3730020013
3730020014
3730020016
3730020017
3730020018
3730020019
3730020020
3730020022
3730020023
3730020024
3730020025
3730020026
3730020027
3730021001
3730021004
3730021005
3730023002
3730024001
3730024003
3730024004
3730024005
3730030002
3730030004
3730030005
3730030006
3730031006
3730033006
3730034006
3730040005
3730040006
3730040009
3730041001
3730041002
3730043005
3730044001
3730044002
3730044003
3730044004
3730050002
3730050008
3730050012
3730050016
3730050017
3730050018
3730050023
3730050026
3730050033
3730050034
3730050035
3730050036
3730050037
3730050038
3730050043
3730050044
3730050045
3730050046
3730051001
3730051004
3730051008
3730051009
3730053006
3730053008
3730053009
3730053010
3730060001
3730060002
3730060003
3730060004
3730061005
3730061006
3730061007
3730061008
3730061009
3730062006
3730062007
3730062008
3730062011
3730062012
3730062013
3730062014
3730063007
3730063008
3730063009
3730063010
3730063011
3730064004
3730064005
3730064006
3730064007
3730064009
3730070004
3730070006
3730070007
3730070011
3730070018
3730070019
3730071001
3730071005
3730071007
3730071008
3730071009
3730071010
3730072005
3730073005
3730074001
3730074002
3730074007
3730074008
3730074009
3730080001
3730080002
3730080003
3730080004
3730080009
3730083007
3730084003
3730084007
3730084008
3730084009
3730084010
3730090003
3730090004
3730090006
3730090008
3730090010
3730090011
3730090012
3730090013
3730090014
3730090015
3730090016
3730090017
3730090018
3730100009
3730100010
3730100011
3730100013
3730100015
3730100016
3730101002
3730102001
3730102002
3730102003
3730103002
3730103008
3730103009
3730103010
3730103011
3730104005
3730110009
3730110011
3730110012
3730110014
3730110016
3730110017
3730110020
3730110031
3730112001
3730112005
3730112006
3730113006
3730113009
3730114001
3730114005
3730114009
3730120003
3730120008
3730120010
3730120012
3730120015
3730120016
3730120017
3730120019
3730120022
3730120024
3730120030
3730120037
3730120038
3730120039
3730120040
3730120041
3730120042
3730120046
3730120048
3730120049
3730120052
3730120053
3730123009
3730123010
3730123011
3730123012
3730123013
3730123014
3730130001
3730130004
3730130008
3730130009
3730130010
3730130011
3730131005
3730131007
3730131008
3730132002
3730133006
3730133007
3730134008
3730134011
3730140003
3730143005
3730143008
3730143009
3730154001
3730154003
3730154004
3730181006
3730181007
3730181008
3730184005
3730190002
3730190003
3730190004
3730190008
3730190009
3730190010
3730190011
3730190012
3730190013
3730193005
3730193006
3730194005
3730194007
3730203004
3730204002
3730204003
3730204005
3730222006
3730241005
3730241006
3730300001
3730300002
3730301009
3730310001
3730312005
3730312006
3730313002
3730313003
3730341002
3730341004
3730341005
3730341011
3730342001
3730342003
3730342004
3730342005
3730343001
3730343005
3730343006
3730344001
3730344003
3730344004
3730344005
3730350009
3730350010
3730350015
3730351001
3730351006
3730351007
3730351008
3730351009
3730351010
3730351011
3730352006
3730352007
3730352008
3730353006
3730353007
3730353008
3730353009
3730353010
3730353011
3730353012
3730354011
3730354012
3730354013
3730354014
3730360001
3730363008
3730363012
3730364005
3731060008
3731060009
3731060012
3731060013
3731060014
3731060015
3731060016
3731060017
3731060018
3731060019
3731060020
3731060021
3731060022
3731060023
3731060024
3731060025
3731060026
3731060027
3731061005
3731061006
3731061007
3731061009
3731061010
3731061011
3731061012
3731064005
3731064006
3731064008
3731064009
3731064012
3731070002
3731071007
3731071008
3731074001
3731074007
3731074008
3731074009
3731074011
3731074012
3731074013
3731132006
3731180001
3731181005
3731183005
3731190001
3731190002
3731193005
3731194005
3731200006
3731200007
3731200008
3731200009
3731201001
3731201005
3731213004
3731232007
3731243003
3731243004
3731251005
3731253003
3731253005
3731253006
3731253007
3731253008
3731254001
3731254004
3731254007
3731254010
3731260003
3731260004
3731262001
3731262003
3731262004
3731263001
3731270001
3731270002
3731270003
3731271006
3731271007
3731271008
3731272004
3731350005
3731350006
3731350010
3731350012
3731350013
3731350015
3731350016
3731350017
3731351006
3731352005
3731353003
3731353006
3731354006
3731360009
3731360010
3731360011
3731360012
3731361001
3731361002
3731362002
3731362006
3731362007
3731362009
3731363008
3731363009
3731363010
3731363011
3731364005
3823141005
3823231005
3823261005
3823351005
3825010003
3825010005
3825010006
3825010007
3825010009
3825010011
3825010016
3825010019
3825010021
3825010022
3825010023
3825010024
3825010027
3825010028
3825010029
3825010032
3825010036
3825010037
3825010038
3825011005
3825014004
3825020001
3825023005
3825040001
3825040002
3825040003
3825040004
3825040005
3825042005
3825050001
3825050002
3825050003
3825050004
3825050006
3825051003
3825054005
3825060000
3825070000
3825080005
3825080006
3825080007
3825080008
3825080009
3825082005
3825090001
3825090002
3825091005
3825100000
3825110017
3825110019
3825110023
3825110024
3825110025
3825110026
3825110027
3825110030
3825111005
3825112005
3825112006
3825120007
3825120010
3825120012
3825120017
3825120018
3825120019
3825120020
3825120021
3825120022
3825120023
3825120025
3825120027
3825120028
3825123006
3825124005
3825130001
3825130002
3825130003
3825130004
3825130005
3825133001
3825133003
3825133005
3825134001
3825134002
3825140006
3825140007
3825140008
3825140009
3825141001
3825141003
3825142006
3825142008
3825144001
3825144002
3825150001
3825150002
3825150003
3825150004
3825150005
3825150006
3825151006
3825152006
3825152007
3825153005
3825153006
3825154006
3825154007
3825154008
3825154009
3825160001
3825160006
3825160008
3825161004
3825161006
3825161007
3825161009
3825161010
3825164002
3825170000
3825180000
3825190000
3825200000
3825210000
3825220001
3825220002
3825220003
3825231001
3825231008
3825234005
3825234006
3825241001
3825243005
3825251001
3825253001
3825253003
3825254002
3825254005
3825260001
3825261004
3825270000
3825280000
3825290000
3825300000
3825310000
3825320000
3825331006
3825332001
3825332002
3825332003
3825332004
3825333001
3825333002
3825333003
3825340001
3825341001
3825341003
3825343004
3825350001
3825350002
3825354005
3825360001
3825364004
3826010004
3826010005
3826010007
3826010008
3826010011
3826010014
3826010020
3826010025
3826010026
3826010027
3826010028
3826010030
3826010032
3826010033
3826010034
3826010035
3826010036
3826010037
3826010038
3826010039
3826010040
3826010041
3826010042
3826010043
3826010044
3826010045
3826010046
3826010047
3826010048
3826010049
3826010050
3826012004
3826014001
3826014002
3826014004
3826020002
3826020010
3826020011
3826020018
3826020020
3826020021
3826020026
3826020027
3826020028
3826020029
3826020030
3826020031
3826020032
3826020033
3826020035
3826020036
3826020037
3826020046
3826020048
3826020049
3826020050
3826020051
3826020053
3826020054
3826020055
3826020058
3826020063
3826020065
3826020067
3826020068
3826020069
3826020070
3826020071
3826020073
3826020075
3826021002
3826021003
3826022004
3826023002
3826023004
3826024001
3826024002
3826024004
3826031001
3826031002
3826031003
3826031004
3826032001
3826032002
3826032003
3826033001
3826033002
3826033003
3826034001
3826034002
3826034004
3826040006
3826040007
3826040009
3826040011
3826040013
3826040015
3826040017
3826040026
3826040028
3826040030
3826040031
3826040034
3826040035
3826040036
3826040037
3826040038
3826040039
3826040040
3826040042
3826041005
3826042001
3826042005
3826043003
3826043004
3826043005
3826044005
3826044006
3826044007
3826044008
3826050003
3826050005
3826050008
3826050009
3826050010
3826051005
3826052005
3826053001
3826053003
3826060005
3826060011
3826060014
3826060015
3826060018
3826060019
3826060021
3826062001
3826062004
3826071004
3826071005
3826071006
3826072003
3826081006
3826083004
3826084004
3826090004
3826090007
3826090008
3826090010
3826090011
3826090012
3826100001
3826100003
3826100026
3826100033
3826100036
3826100038
3826100040
3826100041
3826100044
3826100045
3826100047
3826100048
3826100049
3826100050
3826100051
3826100052
3826100053
3826100055
3826100056
3826100060
3826100061
3826100062
3826100063
3826100064
3826100067
3826100069
3826100071
3826100072
3826100073
3826100075
3826101004
3826102003
3826110002
3826110003
3826110008
3826110010
3826110011
3826110015
3826110022
3826110023
3826110034
3826110035
3826110036
3826110038
3826110039
3826110041
3826110048
3826110049
3826110051
3826110052
3826110056
3826110060
3826110061
3826110062
3826110064
3826110066
3826110067
3826110068
3826110069
3826110070
3826110071
3826110077
3826110078
3826110081
3826110082
3826110083
3826110085
3826110086
3826110088
3826110089
3826110090
3826110091
3826110092
3826110093
3826110094
3826110097
3826110098
3826111001
3826111006
3826111009
3826112001
3826112003
3826112068
3826112069
3826113001
3826113002
3826113005
3826113006
3826113007
3826120001
3826120005
3826120007
3826120008
3826120009
3826120015
3826120016
3826120017
3826120018
3826120020
3826120021
3826120024
3826120027
3826120028
3826120030
3826120032
3826120033
3826120035
3826120038
3826121005
3826121006
3826122002
3826123005
3826123006
3826123007
3826124003
3826124004
3826130010
3826130012
3826130013
3826130014
3826130015
3826130016
3826130019
3826130020
3826130021
3826131007
3826131008
3826133003
3826133004
3826134001
3826134003
3826134004
3826134005
3826140001
3826140002
3826141002
3826141004
3826142000
3826144001
3826154001
3826161000
3826171005
3826172006
3826180000
3826190000
3826201005
3826211005
3826214005
3826224005
3826231004
3826241005
3826242002
3826243003
3826251001
3826251002
3826251008
3826251009
3826251010
3826252001
3826252002
3826252004
3826253001
3826253002
3826253003
3826253004
3826254000
3826260001
3826262003
3826263003
3826264001
3826272005
3826274004
3826282005
3826284005
3826291006
3826292003
3826300000
3826310000
3826321002
3826321005
3826332005
3826334003
3826340001
3826340006
3826340007
3826340011
3826340012
3826340013
3826351005
3826354004
3826361001
3826361002
3826361004
3826362001
3826362002
3826363005
3826364005
3827020003
3827020008
3827020016
3827020019
3827020020
3827020021
3827020023
3827020024
3827020025
3827020026
3827020027
3827020028
3827020029
3827020032
3827020033
3827020034
3827020035
3827020037
3827020038
3827020039
3827021030
3827021031
3827022003
3827023003
3827024001
3827024002
3827024006
3827030004
3827030020
3827030024
3827030027
3827030028
3827030030
3827030031
3827030032
3827030033
3827030034
3827030038
3827030041
3827030042
3827030043
3827030046
3827030047
3827030050
3827030051
3827030052
3827030053
3827030058
3827030059
3827030060
3827030061
3827030062
3827031001
3827031002
3827031003
3827031004
3827040001
3827040002
3827040003
3827041001
3827041002
3827041005
3827042001
3827042002
3827042003
3827043001
3827044002
3827051004
3827051005
3827052003
3827052005
3827052006
3827053000
3827054005
3827054006
3827054007
3827054008
3827054009
3827054010
3827060001
3827060002
3827060003
3827060004
3827060005
3827060006
3827060007
3827060008
3827060009
3827060010
3827060011
3827060012
3827060013
3827060014
3827060015
3827060016
3827060017
3827060018
3827060019
3827060020
3827060021
3827060022
3827060023
3827060024
3827060025
3827060026
3827060027
3827060028
3827060029
3827060030
3827060031
3827060032
3827060033
3827060034
3827060035
3827070003
3827070005
3827070009
3827070013
3827070015
3827070018
3827070019
3827070020
3827070021
3827070022
3827070023
3827070024
3827070025
3827070026
3827070027
3827070028
3827070029
3827070030
3827070031
3827070032
3827070033
3827070034
3827070035
3827070036
3827070037
3827070038
3827070039
3827070040
3827070041
3827070042
3827070043
3827070044
3827070045
3827070046
3827070047
3827070048
3827070049
3827070050
3827070051
3827070052
3827070053
3827070054
3827070055
3827070056
3827080001
3827081005
3827081006
3827083002
3827083005
3827084001
3827084003
3827091005
3827091007
3827091008
3827093000
3827100001
3827100003
3827100006
3827100008
3827100012
3827100013
3827100014
3827100017
3827100019
3827100032
3827100033
3827100034
3827100035
3827100040
3827100042
3827100043
3827100044
3827100047
3827100048
3827100050
3827100054
3827100055
3827100056
3827100057
3827100058
3827100059
3827100061
3827101002
3827103003
3827103004
3827110001
3827110006
3827110010
3827110011
3827110012
3827110014
3827110015
3827110016
3827110017
3827110018
3827111004
3827111005
3827111006
3827112002
3827112003
3827112005
3827112006
3827112009
3827120004
3827120006
3827120010
3827120011
3827120012
3827120013
3827120014
3827120015
3827121003
3827122005
3827122007
3827122010
3827124005
3827130001
3827130002
3827130003
3827130004
3827131001
3827131002
3827131003
3827132001
3827132002
3827132003
3827132004
3827133001
3827133002
3827133004
3827133005
3827133006
3827134002
3827134004
3827134005
3827134006
3827134007
3827134008
3827140003
3827140006
3827140010
3827140012
3827140013
3827140019
3827140021
3827140024
3827140031
3827140033
3827140037
3827140038
3827140049
3827140054
3827140055
3827140056
3827140057
3827140060
3827140063
3827140065
3827140070
3827140074
3827140083
3827140084
3827140086
3827140088
3827140089
3827140098
3827140099
3827140102
3827140103
3827140106
3827140107
3827140108
3827140114
3827140116
3827141001
3827141002
3827142001
3827142005
3827142006
3827150002
3827150003
3827150004
3827150005
3827150006
3827150007
3827151005
3827153001
3827153005
3827154005
3827160001
3827160004
3827160007
3827160008
3827160009
3827160010
3827161002
3827162003
3827162004
3827162006
3827162007
3827163005
3827170002
3827170003
3827170004
3827170007
3827170013
3827170015
3827170022
3827170023
3827170024
3827170025
3827170027
3827170028
3827170029
3827170030
3827170031
3827170032
3827170033
3827170034
3827173005
3827180001
3827181006
3827181007
3827184002
3827184005
3827191005
3827192001
3827192003
3827193003
3827193006
3827194005
3827200003
3827200005
3827200006
3827200007
3827201001
3827201003
3827201006
3827202005
3827203005
3827204001
3827210001
3827210009
3827210010
3827210012
3827210016
3827210017
3827210018
3827210019
3827210029
3827211006
3827212004
3827212005
3827212006
3827213005
3827214004
3827220003
3827220008
3827220012
3827220018
3827220019
3827220020
3827220029
3827220036
3827220038
3827220044
3827220046
3827220047
3827220053
3827220056
3827220062
3827220063
3827220072
3827220073
3827220079
3827220082
3827220085
3827220087
3827220088
3827220090
3827220091
3827220092
3827220094
3827220095
3827220096
3827220097
3827220098
3827220100
3827220101
3827220103
3827220104
3827220110
3827220111
3827220112
3827220113
3827220114
3827221005
3827222005
3827224001
3827224003
3827224004
3827224007
3827230004
3827230005
3827230024
3827230025
3827230026
3827230039
3827230042
3827230043
3827230044
3827230047
3827230048
3827230049
3827230050
3827230052
3827230056
3827230057
3827230059
3827230060
3827230061
3827230062
3827230063
3827231000
3827232001
3827232003
3827240001
3827240002
3827241001
3827241002
3827241004
3827241005
3827241006
3827242001
3827242002
3827242003
3827242004
3827243001
3827243002
3827243003
3827244001
3827244005
3827244006
3827244007
3827244008
3827244009
3827251001
3827251004
3827251006
3827252000
3827253002
3827254002
3827254004
3827254005
3827254006
3827260002
3827260006
3827260021
3827260031
3827260038
3827260040
3827260041
3827260042
3827260044
3827260046
3827260047
3827260048
3827260050
3827260051
3827260057
3827260058
3827260059
3827260061
3827260062
3827260063
3827260064
3827261002
3827262002
3827262005
3827263005
3827270006
3827270009
3827270013
3827270015
3827270017
3827270020
3827270021
3827270024
3827270026
3827270030
3827270031
3827270034
3827270036
3827270038
3827270039
3827270042
3827270043
3827270044
3827270045
3827270048
3827270051
3827270063
3827270064
3827270065
3827270068
3827270074
3827270077
3827270080
3827270082
3827270083
3827270085
3827270087
3827270089
3827270090
3827270092
3827270093
3827270094
3827270097
3827270098
3827270100
3827270101
3827270103
3827270108
3827270110
3827270116
3827270117
3827270118
3827270119
3827270120
3827270121
3827270124
3827270136
3827270137
3827270138
3827270139
3827270140
3827270141
3827270142
3827272001
3827273010
3827273011
3827274007
3827274009
3827274012
3827274013
3827274014
3827280004
3827280005
3827280007
3827280008
3827280010
3827280011
3827280012
3827280014
3827280016
3827280017
3827281001
3827281002
3827281003
3827281005
3827282003
3827282004
3827283000
3827293005
3827301001
3827301002
3827302002
3827302004
3827303003
3827303004
3827303007
3827304002
3827304004
3827304007
3827311004
3827311007
3827312000
3827313002
3827313003
3827313005
3827314001
3827314002
3827314004
3827322005
3827323001
3827330004
3827330006
3827333000
3827340012
3827340019
3827340023
3827340024
3827340027
3827340030
3827340031
3827340034
3827340038
3827340040
3827340042
3827340043
3827340047
3827340052
3827340054
3827340055
3827340066
3827340067
3827340069
3827340072
3827340077
3827340080
3827340081
3827340082
3827340083
3827340084
3827340085
3827340092
3827340094
3827340096
3827340097
3827340098
3827340100
3827340101
3827340104
3827340105
3827340110
3827340112
3827340113
3827340114
3827340120
3827340124
3827340125
3827340131
3827340132
3827340133
3827340134
3827340135
3827340136
3827340145
3827340146
3827340147
3827340148
3827340149
3827340150
3827350001
3827350003
3827350006
3827350008
3827351001
3827351002
3827352001
3827352002
3827352006
3827353002
3827361001
3827362001
3827362003
3827363000
3828012005
3828012007
3828012009
3828012010
3828013000
3828014006
3828014007
3828014009
3828014010
3828020001
3828020003
3828020004
3828021004
3828021006
3828021007
3828022006
3828023004
3828023005
3828024001
3828024002
3828024004
3828024005
3828024007
3828024008
3828030001
3828030002
3828031002
3828031003
3828031007
3828031010
3828031011
3828031012
3828032002
3828033001
3828033007
3828033008
3828033009
3828033010
3828034005
3828034006
3828034007
3828034009
3828034010
3828034011
3828040003
3828040005
3828040007
3828040010
3828040012
3828040013
3828040014
3828040015
3828041005
3828041008
3828042003
3828042006
3828042007
3828042008
3828042009
3828042010
3828050001
3828050003
3828050006
3828050011
3828050016
3828050020
3828050022
3828050023
3828050027
3828050029
3828050032
3828050034
3828050036
3828050037
3828050038
3828050039
3828050041
3828050042
3828050047
3828050048
3828051002
3828051004
3828053005
3828053006
3828053007
3828054004
3828054008
3828054009
3828054010
3828054011
3828054012
3828060001
3828060004
3828060005
3828060006
3828060007
3828060008
3828061001
3828061006
3828062002
3828064004
3828070002
3828070005
3828070010
3828070012
3828070019
3828070020
3828070022
3828070023
3828071001
3828071005
3828071006
3828071007
3828071008
3828072005
3828072006
3828072007
3828073005
3828074003
3828074005
3828074006
3828074007
3828074008
3828080001
3828080002
3828080003
3828080006
3828080007
3828080008
3828080009
3828080010
3828081005
3828082003
3828082004
3828083001
3828083002
3828083003
3828083006
3828084002
3828084005
3828090001
3828090007
3828090009
3828090010
3828090012
3828090017
3828090019
3828090020
3828090021
3828090023
3828090024
3828091009
3828091010
3828091011
3828091012
3828092009
3828092010
3828093002
3828093003
3828093005
3828094001
3828094002
3828100001
3828100002
3828100003
3828100004
3828100005
3828102001
3828102004
3828102005
3828103001
3828103003
3828103005
3828103006
3828104006
3828110001
3828110002
3828111001
3828111002
3828111003
3828111004
3828111005
3828112001
3828112002
3828112003
3828112004
3828113001
3828113004
3828113005
3828114001
3828114003
3828114004
3828114006
3828120002
3828121001
3828121002
3828121004
3828122004
3828122005
3828123001
3828123002
3828123003
3828123004
3828124001
3828124002
3828124003
3828124004
3828134003
3828134004
3828140003
3828140004
3828140009
3828140012
3828141002
3828141003
3828141004
3828143001
3828143004
3828144004
3828144006
3828144007
3828150001
3828150002
3828151001
3828151002
3828151003
3828152001
3828152002
3828152003
3828152004
3828153001
3828153002
3828153003
3828154002
3828154003
3828154007
3828154008
3828160001
3828161002
3828161006
3828161007
3828162003
3828164002
3828171001
3828171002
3828171003
3828171004
3828172001
3828172002
3828172003
3828172007
3828172008
3828173000
3828180001
3828180003
3828180004
3828180005
3828180006
3828180007
3828180008
3828181006
3828181008
3828182003
3828183001
3828183002
3828183003
3828183005
3828184005
3828184006
3828184007
3828184008
3828184009
3828191001
3828191004
3828191006
3828191007
3828191008
3828191009
3828192004
3828192006
3828192007
3828192008
3828192009
3828192010
3828193002
3828193003
3828193006
3828193007
3828193008
3828193009
3828194002
3828194003
3828194004
3828200001
3828200002
3828200005
3828200006
3828201001
3828201002
3828201005
3828201006
3828201007
3828202004
3828202007
3828202008
3828202009
3828203002
3828203004
3828203006
3828203007
3828203008
3828203009
3828204001
3828204005
3828204006
3828204007
3828204008
3828210001
3828210009
3828210012
3828210015
3828210016
3828210018
3828210019
3828210020
3828210021
3828210022
3828210023
3828210024
3828210025
3828210026
3828210029
3828210030
3828210031
3828210032
3828211004
3828211005
3828211008
3828211009
3828212002
3828212003
3828212006
3828214005
3828214009
3828220002
3828220004
3828220005
3828221002
3828221004
3828222004
3828223001
3828223002
3828223003
3828223004
3828224003
3828224004
3828224005
3828224006
3828232002
3828232003
3828233002
3828243002
3828243003
3828253001
3828253002
3828253004
3828254001
3828254002
3828254003
3828254004
3828261001
3828261002
3828261003
3828261004
3828262001
3828262002
3828262004
3828263002
3828263011
3828264000
3828271000
3828272000
3828273000
3828274001
3828274002
3828274004
3828281002
3828282004
3828282005
3828282006
3828282007
3828282008
3828283005
3828283006
3828283007
3828283008
3828284002
3828284005
3828284006
3828284008
3828284009
3828284010
3828284012
3828290001
3828290002
3828290005
3828290006
3828290007
3828290010
3828290016
3828290017
3828290018
3828290019
3828290020
3828291006
3828291007
3828291008
3828291013
3828291014
3828291015
3828292002
3828293003
3828293004
3828293007
3828293008
3828293009
3828294001
3828294003
3828294005
3828294006
3828294007
3828294008
3828300001
3828300002
3828300005
3828300006
3828301002
3828301004
3828301008
3828301009
3828301010
3828302004
3828302005
3828302006
3828302007
3828303004
3828303006
3828303007
3828303008
3828304003
3828304004
3828304005
3828304007
3828304008
3828310001
3828310002
3828310003
3828310004
3828311001
3828311003
3828311004
3828312003
3828312004
3828313001
3828313002
3828313003
3828313004
3828314001
3828314003
3828314004
3828314005
3828314006
3828320002
3828320004
3828320006
3828320007
3828320008
3828320009
3828320010
3828320011
3828321003
3828321005
3828321006
3828321007
3828322001
3828322002
3828322004
3828322005
3828322006
3828323001
3828323003
3828324002
3828324004
3828331002
3828331003
3828331004
3828331005
3828331006
3828332002
3828332003
3828332005
3828333004
3828333005
3828334002
3828334004
3828334006
3828334007
3828334009
3828341007
3828341008
3828341009
3828341010
3828342002
3828342005
3828342008
3828342009
3828343001
3828343002
3828343003
3828344004
3828344008
3828344009
3828344010
3828344011
3828344012
3828351000
3828352000
3828353005
3828353008
3828353009
3828354004
3828354005
3828354006
3828503000
3829034005
3829042005
3829043004
3829043005
3829044005
3829044006
3829050001
3829050002
3829050004
3829050005
3829050006
3829050007
3829050008
3829050009
3829050011
3829050012
3829050013
3829053005
3829060003
3829060005
3829060006
3829060010
3829060011
3829062005
3829062006
3829063005
3829063006
3829064004
3829064006
3829071005
3829071006
3829072006
3829074005
3829081001
3829084007
3829084008
3829310001
3829310002
3829310003
3829311001
3829311005
3829311006
3829311007
3829312006
3829312008
3829313003
3829313004
3829313005
3829313006
3829313007
3829314006
3829314007
3829314008
3830030001
3830030002
3830030003
3830030005
3830030006
3830030007
3830030008
3830030009
3830030010
3830030011
3830090001
3830090002
3830091006
3830100001
3830100003
3830100008
3830104007
3830112006
3830123003
3830130017
3830130018
3830130021
3830130022
3830131005
3830132002
3830132005
3830132010
3830132011
3830132017
3830133005
3830134001
3830134003
3830134008
3830140009
3830141006
3830144000
3830172005
3830172006
3830172007
3830192000
3830200001
3830200002
3830201004
3830202005
3830202006
3830203004
3830210003
3830210005
3830210006
3830210008
3830210009
3830210010
3830210011
3830210012
3830210013
3830210015
3830212005
3830214000
3830222005
3830230001
3830230003
3830230005
3830230006
3830231006
3830231007
3830231008
3830232005
3830232008
3830233002
3830233006
3830233007
3830233008
3830233009
3830233010
3830234001
3830234002
3830234005
3830240003
3830240007
3830240008
3830240009
3830240010
3830240011
3830241001
3830241005
3830243003
3830244004
3830244005
3830250001
3830250004
3830250005
3830250012
3830250017
3830251004
3830251005
3830252005
3830252006
3830253005
3830253006
3830261005
3830263005
3830270001
3830270002
3830271005
3830273002
3830280003
3830280005
3830280006
3830280007
3830280008
3830280010
3830280011
3830280012
3830280013
3830280014
3830280015
3830280016
3830282005
3830290004
3830290007
3830290008
3830290009
3830291006
3830291007
3830291008
3830291009
3830291010
3830291011
3830292007
3830292008
3830292009
3830292010
3830292012
3830292013
3830293005
3830300001
3830311008
3830311009
3830311010
3830311011
3830311012
3830311013
3830311014
3830311015
3830312007
3830312008
3830312009
3830312010
3830312011
3830312014
3830312015
3830313005
3830313006
3830314005
3830314006
3830320001
3830320002
3830320014
3830320015
3830320018
3830320019
3830321000
3830322001
3830323005
3830323006
3830323007
3830323008
3830324005
3830324006
3830324007
3830324008
3830330007
3830330011
3830330012
3830330013
3830330014
3830330015
3830330016
3830330017
3830330018
3830332000
3830333005
3830334001
3830340001
3830340002
3830340003
3830341000
3830343003
3830343004
3830344005
3830344007
3830344008
3830350002
3830351001
3830352007
3830352008
3830353005
3830360001
3830364003
3830364004
3831010001
3831010002
3831014004
3831020001
3831021001
3831021002
3831021004
3831021005
3831022001
3831022002
3831022003
3831022004
3831023002
3831023003
3831023005
3831023006
3831023007
3831023008
3831024001
3831024004
3831030001
3831030002
3831030003
3831032002
3831032003
3831032008
3831032009
3831033005
3831033006
3831033007
3831034002
3831034003
3831041002
3831042001
3831070003
3831072003
3831072004
3831072005
3831072006
3831072007
3831072008
3831073001
3831073002
3831073007
3831073009
3831083003
3831090003
3831090006
3831090007
3831090008
3831090009
3831090010
3831092002
3831092003
3831100005
3831100007
3831100008
3831100009
3831100010
3831100011
3831100012
3831102006
3831103006
3831103007
3831103008
3831103009
3831103010
3831103012
3831103013
3831104005
3831110002
3831110004
3831110005
3831111001
3831111007
3831111008
3831112009
3831112010
3831112012
3831112013
3831120001
3831121004
3831122006
3831122007
3831123005
3831123006
3831123007
3831123008
3831123009
3831123010
3831123011
3831123012
3831131005
3831132007
3831132009
3831132010
3831133001
3831133004
3831133005
3831134006
3831134007
3831134008
3831140002
3831140005
3831140007
3831140008
3831143005
3831144007
3831144008
3831144010
3831144011
3831144012
3831150001
3831150002
3831150003
3831151009
3831151013
3831151014
3831151015
3831151016
3831151017
3831152003
3831152005
3831153001
3831153002
3831153003
3831153004
3831154005
3831154006
3831154007
3831160002
3831160004
3831160006
3831160007
3831161005
3831170001
3831170002
3831172006
3831173006
3831174007
3831174008
3831180003
3831180004
3831181007
3831181008
3831182005
3831182006
3831184005
3831184006
3831184007
3831190001
3831190002
3831191005
3831194006
3831194007
3831200006
3831200007
3831200012
3831200013
3831200016
3831202002
3831202006
3831203005
3831203006
3831203007
3831204001
3831204005
3831204006
3831204007
3831210001
3831210014
3831210015
3831210017
3831210024
3831210025
3831210027
3831210028
3831210029
3831210030
3831210031
3831211005
3831211007
3831211008
3831211009
3831211010
3831212012
3831213006
3831213008
3831213010
3831213011
3831214001
3831220002
3831220003
3831220005
3831220006
3831220007
3831222007
3831223002
3831223004
3831223005
3831230006
3831230007
3831230011
3831230013
3831230015
3831230016
3831231003
3831232006
3831232007
3831232008
3831232009
3831234005
3831240001
3831241003
3831242004
3831242006
3831242008
3831243001
3831243005
3831243006
3831244005
3831250001
3831250003
3831250005
3831250006
3831250009
3831250014
3831250016
3831250017
3831250019
3831251007
3831251009
3831252006
3831253003
3831253005
3831253006
3831254005
3831254006
3831260001
3831260002
3831261005
3831261007
3831262003
3831262006
3831263001
3831263003
3831263004
3831264001
3831270003
3831270012
3831270016
3831270020
3831270022
3831270023
3831270024
3831270025
3831270026
3831270027
3831270028
3831270029
3831270030
3831271002
3831271008
3831272006
3831272007
3831272008
3831273003
3831273005
3831273007
3831280002
3831280003
3831280007
3831280010
3831280012
3831280014
3831280015
3831281001
3831281004
3831282003
3831282004
3831282005
3831284001
3831284004
3831284005
3831284006
3831284007
3831284008
3831291002
3831291004
3831291005
3831291006
3831292001
3831292007
3831293005
3831301000
3831303002
3831303003
3831303010
3831303011
3831304005
3831310002
3831310003
3831310004
3831311001
3831311002
3831312001
3831312003
3831314001
3831314006
3831314008
3831314009
3831320003
3831320007
3831320009
3831320010
3831320011
3831320012
3831320013
3831321005
3831321006
3831324008
3831324009
3831324011
3831324012
3831330008
3831330011
3831330014
3831330016
3831330018
3831330020
3831330021
3831330022
3831330023
3831330024
3831330027
3831331009
3831331012
3831351002
3831351003
3831354002
3831354003
3831354006
3831354007
3923250014
3924010000
3924020000
3924030000
3924100000
3924110000
3924120000
3924130000
3924140000
3924150000
3924220000
3924230000
3924240000
3924250000
3924270001
3924310000
3924320000
3924330000
3924340000
3924350000
3924360000
3925010001
3925020001
3925021001
3925021004
3925024001
3925024002
3925024003
3925024004
3925030001
3925040001
3925040002
3925040003
3925041003
3925042001
3925042002
3925042004
3925050000
3925060000
3925070000
3925080000
3925090001
3925090005
3925090006
3925090007
3925090008
3925091001
3925093007
3925094002
3925100001
3925103003
3925103004
3925104003
3925110000
3925121001
3925121002
3925121003
3925122002
3925124001
3925130001
3925130002
3925130003
3925130004
3925131001
3925131002
3925131003
3925131004
3925132001
3925132002
3925132004
3925133001
3925143003
3925151001
3925151003
3925151004
3925152001
3925152002
3925152003
3925152004
3925153001
3925153005
3925154001
3925154002
3925160000
3925170000
3925180000
3925190000
3925200000
3925210000
3925220001
3925221001
3925221002
3925224001
3925230001
3925230002
3925230003
3925231001
3925231002
3925231003
3925232001
3925232004
3925233001
3925233004
3925233005
3925234003
3925240002
3925241001
3925241002
3925241004
3925241005
3925241006
3925242005
3925243001
3925244001
3925244002
3925244003
3925244004
3925253003
3925254005
3925260001
3925260005
3925262006
3925262007
3925263002
3925264005
3925270000
3925280001
3925280006
3925280007
3925280008
3925280009
3925280010
3925290001
3925290005
3925290007
3925290008
3925300000
3925310000
3925320000
3925330043
3925330044
3925330045
3925330046
3925330047
3925330048
3925330051
3925330052
3925340001
3925340002
3925340003
3925350002
3925350003
3925350005
3925351001
3925352005
3925353005
3925354004
3925360007
3925360008
3925360009
3925360010
3925364003
3925364004
3926010001
3926010002
3926010003
3926010004
3926010005
3926010006
3926010007
3926011001
3926012003
3926014005
3926020001
3926020002
3926022005
3926022006
3926030001
3926030003
3926030004
3926031003
3926032001
3926032004
3926034001
3926034002
3926034004
3926034005
3926042003
3926043002
3926043003
3926044003
3926051001
3926051002
3926051004
3926052001
3926052002
3926053001
3926053002
3926053003
3926054003
3926060005
3926060007
3926060010
3926060018
3926060019
3926060020
3926060022
3926060024
3926060034
3926060042
3926060047
3926060054
3926060055
3926060057
3926060063
3926060064
3926060066
3926060068
3926060069
3926060070
3926060072
3926060077
3926060079
3926060081
3926060083
3926060084
3926060086
3926060087
3926060088
3926060089
3926060095
3926060096
3926060099
3926060100
3926060101
3926061004
3926062002
3926070004
3926070006
3926070008
3926070009
3926070010
3926070011
3926070013
3926071002
3926072001
3926080001
3926080002
3926080004
3926080005
3926080006
3926080007
3926081001
3926081005
3926083004
3926084003
3926091001
3926091002
3926092001
3926092003
3926093001
3926094001
3926094002
3926094005
3926101002
3926101003
3926102001
3926102004
3926102005
3926102006
3926103001
3926103002
3926104002
3926104003
3926110003
3926110004
3926110007
3926110008
3926110009
3926112000
3926113003
3926113004
3926120006
3926120013
3926120015
3926120016
3926120018
3926120019
3926120020
3926120021
3926120022
3926120023
3926120024
3926120027
3926120028
3926120030
3926120031
3926120032
3926120035
3926120036
3926120037
3926120038
3926120039
3926120040
3926120041
3926120042
3926120043
3926121006
3926122001
3926122002
3926122004
3926122006
3926130010
3926130023
3926130025
3926130029
3926130030
3926130032
3926130037
3926130038
3926130041
3926130042
3926130043
3926130049
3926130050
3926130051
3926130052
3926130053
3926130054
3926130056
3926130058
3926130060
3926130061
3926130062
3926130063
3926131001
3926131005
3926132007
3926132008
3926133004
3926140003
3926140004
3926140005
3926140006
3926140007
3926140008
3926140009
3926140010
3926140011
3926140012
3926142004
3926144001
3926144005
3926144006
3926150003
3926150004
3926150005
3926150006
3926150007
3926150010
3926150011
3926150014
3926150015
3926150016
3926150017
3926150018
3926150019
3926150020
3926150022
3926150023
3926150024
3926150025
3926150026
3926150027
3926154000
3926161000
3926161005
3926161006
3926161007
3926161008
3926162002
3926163001
3926170003
3926170004
3926170005
3926170007
3926174001
3926174003
3926180004
3926180009
3926180011
3926180016
3926180017
3926180023
3926180024
3926180025
3926180028
3926180029
3926180030
3926183003
3926183004
3926200001
3926200002
3926211001
3926211004
3926212005
3926214001
3926220006
3926220007
3926220008
3926220009
3926220011
3926220012
3926220013
3926220016
3926220018
3926220019
3926220020
3926220021
3926220022
3926220023
3926220024
3926220025
3926220026
3926220027
3926220028
3926220029
3926220030
3926220031
3926220032
3926220033
3926220034
3926220035
3926220039
3926223003
3926230001
3926230005
3926230008
3926230012
3926230013
3926230014
3926230016
3926230017
3926230018
3926230020
3926230021
3926230023
3926230026
3926230028
3926230029
3926230030
3926230031
3926230033
3926230034
3926230035
3926230036
3926230037
3926230038
3926230041
3926230042
3926231002
3926231004
3926240006
3926240008
3926240015
3926240016
3926240017
3926240018
3926240019
3926240020
3926240021
3926240022
3926240023
3926240024
3926241001
3926241004
3926241005
3926241006
3926250024
3926250025
3926250026
3926250031
3926250032
3926250033
3926250034
3926250035
3926250036
3926250037
3926250039
3926250041
3926250042
3926250043
3926250045
3926250046
3926250047
3926250049
3926250051
3926250053
3926250054
3926250055
3926250056
3926250057
3926250058
3926250063
3926260001
3926260002
3926260003
3926260004
3926260006
3926260007
3926260008
3926260010
3926260012
3926260014
3926260015
3926260016
3926260017
3926260018
3926260019
3926260021
3926260023
3926260024
3926260027
3926260029
3926260030
3926270003
3926270005
3926270006
3926270007
3926270008
3926270009
3926270010
3926270011
3926270012
3926272007
3926272008
3926272009
3926274005
3926280001
3926292005
3926312005
3926313003
3926321005
3926330000
3926340001
3926340002
3926340004
3926340006
3926340007
3926340008
3926340009
3926340010
3926340011
3926340012
3926340013
3926340014
3926340016
3926340017
3926340019
3926343002
3926343005
3926344006
3926344009
3926344010
3926344011
3926344012
3926350001
3926350002
3926350003
3926350004
3926350005
3926350007
3926350008
3926350010
3926350011
3926350012
3926350013
3926350014
3926350015
3926350016
3926350017
3926350018
3926350019
3926350020
3926350021
3926350022
3926350023
3926353001
3926353002
3926353004
3926354005
3926360001
3926360002
3926360004
3926360005
3926360006
3926360007
3926360008
3926360009
3926360010
3926360012
3926360013
3926360014
3926363001
3926363002
3926363005
3927030016
3927030019
3927030021
3927030025
3927030027
3927030029
3927030030
3927030031
3927030032
3927030035
3927030036
3927030037
3927030039
3927030040
3927030041
3927030043
3927030044
3927030045
3927033004
3927033005
3927034003
3927034004
3927040006
3927040008
3927040009
3927040011
3927040017
3927040021
3927040023
3927040024
3927040036
3927040042
3927040043
3927040045
3927040046
3927040047
3927040048
3927040050
3927040052
3927040053
3927040055
3927040058
3927040059
3927040065
3927040074
3927040075
3927040076
3927040077
3927040079
3927040083
3927040089
3927040090
3927040091
3927040092
3927040093
3927040094
3927041001
3927041002
3927041003
3927042001
3927042002
3927042004
3927042005
3927042006
3927043001
3927050001
3927050003
3927050005
3927050006
3927050007
3927050014
3927050015
3927050017
3927050018
3927050019
3927050020
3927050021
3927050027
3927051002
3927051005
3927052006
3927053005
3927053006
3927054003
3927060006
3927060007
3927060010
3927060011
3927060012
3927060013
3927060024
3927060025
3927060026
3927060028
3927060029
3927060030
3927060031
3927060033
3927061001
3927061002
3927061003
3927061004
3927064001
3927064002
3927064003
3927064004
3927070001
3927070003
3927070004
3927071003
3927071005
3927071008
3927071009
3927072001
3927072004
3927072006
3927072007
3927072008
3927072009
3927073006
3927073007
3927074002
3927074003
3927074007
3927074008
3927074009
3927074010
3927080001
3927080003
3927080004
3927080005
3927080006
3927081002
3927081004
3927081005
3927082001
3927082003
3927082005
3927082006
3927083009
3927083010
3927083014
3927083015
3927083016
3927084001
3927084003
3927084006
3927090002
3927090009
3927090014
3927090015
3927090016
3927090020
3927090021
3927090023
3927091001
3927091002
3927091003
3927091004
3927092004
3927092005
3927092006
3927093004
3927093005
3927094003
3927100008
3927100010
3927100012
3927100014
3927100017
3927100023
3927100024
3927100027
3927100029
3927100030
3927100031
3927100033
3927100034
3927100037
3927100038
3927100039
3927100040
3927100041
3927100046
3927100049
3927100054
3927100056
3927100057
3927100065
3927100066
3927100067
3927100068
3927100069
3927102003
3927102005
3927103002
3927103005
3927103006
3927103007
3927104003
3927104004
3927150004
3927150005
3927150006
3927150007
3927150017
3927150021
3927150023
3927150026
3927150033
3927150034
3927150037
3927150040
3927150041
3927150042
3927150043
3927150044
3927150045
3927150046
3927150048
3927150049
3927150050
3927150051
3927150052
3927151004
3927151005
3927151006
3927152002
3927153003
3927153004
3927154016
3927154023
3927160002
3927160022
3927160025
3927160026
3927160029
3927160031
3927160037
3927160039
3927160045
3927160049
3927160050
3927160051
3927160054
3927160056
3927160060
3927160061
3927160062
3927160065
3927160068
3927161005
3927162001
3927162002
3927163001
3927163003
3927164003
3927164005
3927171002
3927171003
3927171004
3927171005
3927172000
3927173001
3927173003
3927174005
3927174006
3927180001
3927181002
3927181006
3927181008
3927181009
3927182004
3927182005
3927182006
3927182007
3927182008
3927182009
3927182010
3927183001
3927183004
3927183006
3927183007
3927183008
3927183009
3927184001
3927184002
3927184003
3927184004
3927191002
3927191005
3927191006
3927191007
3927191008
3927191009
3927191010
3927192002
3927192005
3927192006
3927192007
3927192008
3927193005
3927193006
3927193007
3927193008
3927193009
3927193010
3927193011
3927193012
3927194005
3927194006
3927194007
3927194008
3927194009
3927194010
3927194011
3927194012
3927201001
3927201002
3927201003
3927202001
3927202003
3927203000
3927204000
3927210001
3927210002
3927210010
3927210011
3927210014
3927210015
3927210016
3927210017
3927210021
3927210022
3927210025
3927210029
3927210031
3927210032
3927210034
3927210036
3927210037
3927210040
3927210041
3927210043
3927210044
3927210046
3927210050
3927210054
3927210056
3927210060
3927210062
3927210063
3927210068
3927210070
3927210071
3927210073
3927210074
3927210075
3927210080
3927210081
3927210082
3927210083
3927213002
3927213003
3927213004
3927214003
3927214005
3927220001
3927220005
3927220007
3927220010
3927220015
3927220017
3927220019
3927220020
3927220021
3927220023
3927220025
3927220033
3927220035
3927220036
3927220037
3927220038
3927220040
3927220041
3927220042
3927220043
3927220044
3927220077
3927220080
3927221003
3927221006
3927222003
3927223002
3927224001
3927224002
3927224004
3927230006
3927230009
3927230010
3927230012
3927230013
3927230014
3927232005
3927233004
3927233005
3927233006
3927233007
3927233008
3927233009
3927251005
3927252002
3927253003
3927253004
3927253005
3927253006
3927254005
3927260017
3927260019
3927260026
3927260034
3927260036
3927260037
3927260041
3927260046
3927260049
3927260050
3927260054
3927260057
3927260059
3927260060
3927260062
3927260068
3927260069
3927260074
3927260075
3927260077
3927260078
3927260079
3927260080
3927260081
3927260082
3927260085
3927264004
3927270003
3927270019
3927270020
3927270028
3927270032
3927270033
3927270034
3927270036
3927270037
3927270039
3927270040
3927270042
3927270045
3927270047
3927270048
3927270050
3927270051
3927270052
3927270053
3927271001
3927271003
3927272005
3927273001
3927273002
3927274003
3927280001
3927280002
3927280011
3927280026
3927280027
3927280028
3927280030
3927280031
3927280037
3927280040
3927280045
3927280048
3927280049
3927280050
3927280053
3927281003
3927281004
3927282004
3927283001
3927283002
3927283003
3927284001
3927284003
3927291000
3927292000
3927293000
3927294000
3927300002
3927300003
3927300005
3927300006
3927301001
3927301004
3927301005
3927301006
3927301007
3927302001
3927302002
3927303001
3927303002
3927303003
3927303004
3927303006
3927303007
3927303008
3927304001
3927304002
3927304003
3927304004
3927304005
3927304006
3927311002
3927311005
3927311006
3927311007
3927311008
3927312005
3927312006
3927312007
3927312008
3927313001
3927313002
3927313003
3927313004
3927313005
3927313006
3927313007
3927313008
3927314001
3927314002
3927314003
3927314004
3927314005
3927314006
3927314007
3927314008
3927321000
3927324001
3927330004
3927330027
3927330032
3927330033
3927330034
3927330038
3927330039
3927330040
3927330048
3927330049
3927330050
3927330051
3927330054
3927330062
3927330064
3927333001
3927334001
3927334002
3927334004
3927340001
3927340002
3927340003
3927340004
3927340008
3927340009
3927340010
3927340015
3927340016
3927340017
3927340018
3927340019
3927340022
3927340023
3927340027
3927340031
3927340032
3927340033
3927340035
3927340037
3927340038
3927341004
3927342002
3927342003
3927342004
3927342005
3927343005
3927350005
3927350006
3927350008
3927350011
3927350015
3927350016
3927350019
3927350023
3927350024
3927350029
3927350031
3927350033
3927350035
3927350036
3927350038
3927350039
3927350040
3927350041
3927350048
3927350050
3927350051
3927350052
3927350053
3927350055
3927350058
3927350065
3927350067
3927350070
3927350071
3927350072
3927350073
3927350074
3927350075
3927350076
3927350077
3927352006
3927352007
3927352009
3927352010
3927353002
3927353005
3927360001
3927360002
3927361000
3927364005
3927364006
3928010003
3928010005
3928010006
3928010007
3928010008
3928010010
3928010017
3928010018
3928010019
3928010020
3928011001
3928011002
3928011004
3928012000
3928013006
3928014005
3928020003
3928020004
3928020007
3928021003
3928024008
3928024009
3928024010
3928030002
3928030003
3928030004
3928034002
3928034004
3928121005
3928121006
3928122005
3928122006
3928123005
3928124005
3928130001
3928130002
3928130003
3928130005
3928131007
3928131008
3928131009
3928131010
3928132005
3928132006
3928132007
3928132008
3928132009
3928132010
3928132011
3928132012
3928240001
3928240002
3928240003
3928240004
3928240005
3928240006
3928240007
3928240008
3928240009
3928240010
3928240011
3928241006
3928241007
3928241008
3928241009
3928241010
3928241011
3928241012
3928241013
3928251007
3928251008
3928253006
3928253007
3928254005
3928254006
3928260002
3928262003
3928262005
3928262006
3928262007
3928262008
3928263005
3928270001
3928271001
3928271002
3928271003
3928271004
3928272002
3928272005
3928272007
3928272008
3928272009
3928272010
3928273001
3928273004
3928273008
3928273011
3928273012
3928273013
3928274002
3928274004
3928274008
3928274009
3928274010
3928274011
3928290001
3928290002
3928291005
3928291007
3928291008
3928292001
3928292005
3928292009
3928292010
3928292011
3928292012
3928292013
3928293002
3928293005
3928293006
3928293007
3928293008
3928294001
3928294003
3928294005
3928294006
3928300001
3928300003
3928300004
3928300005
3928302001
3928303002
3928303003
3928310002
3928310003
3928310004
3928311002
3928311005
3928311006
3928312005
3928312006
3928313003
3928313005
3928313006
3928313007
3928314002
3928314007
3928314008
3928314010
3928320003
3928320008
3928320009
3928320010
3928320011
3928320012
3928320017
3928320018
3928320019
3928320020
3928320021
3928321011
3928322005
3928322007
3928322009
3928322010
3928324007
3928324008
3928324010
3928324011
3928324012
3928340004
3928340006
3928340008
3928340009
3928340011
3928340012
3928340013
3928340016
3928340017
3928341003
3928341004
3928341005
3928341006
3928342005
3928342006
3928342007
3928342011
3928343004
3928343005
3928343006
3928343008
3928344008
3928344009
3928350001
3928350002
3928350004
3928350005
3928350006
3928351003
3928351004
3928351005
3928351006
3928351007
3928351008
3928352003
3928352004
3928352006
3928352007
3928352008
3928353004
3928353005
3928354001
3928354002
3928354003
3928354004
3928361000
3928363005
3929010002
3929010004
3929010007
3929010008
3929010012
3929010013
3929011002
3929011003
3929012004
3929012005
3929013001
3929013005
3929020002
3929020005
3929020006
3929021001
3929021002
3929021007
3929022006
3929022007
3929023005
3929024006
3929031005
3929031006
3929032007
3929032009
3929033006
3929033007
3929034005
3929040006
3929040008
3929040009
3929040010
3929040011
3929043003
3929043004
3929044005
3929050001
3929051001
3929051002
3929051005
3929051008
3929051009
3929052001
3929052002
3929052003
3929052007
3929052008
3929053001
3929053008
3929053010
3929053012
3929053013
3929053015
3929053016
3929054006
3929054007
3929054008
3929060001
3929060002
3929060003
3929060004
3929061006
3929061007
3929061008
3929061009
3929061012
3929061014
3929061015
3929062000
3929063005
3929064004
3929070004
3929070005
3929070006
3929070007
3929070008
3929071005
3929072007
3929072009
3929072011
3929073001
3929074005
3929081002
3929081006
3929081007
3929081008
3929081010
3929082003
3929082004
3929082005
3929083002
3929083009
3929083010
3929083011
3929084001
3929084008
3929084009
3929084010
3929084011
3929090003
3929090005
3929090006
3929090008
3929090009
3929092000
3929093002
3929093005
3929100001
3929100002
3929101001
3929102005
3929104005
3929110001
3929110003
3929110004
3929110006
3929110008
3929110009
3929110011
3929110012
3929110013
3929110014
3929110015
3929110016
3929110017
3929110018
3929111004
3929112001
3929112006
3929112007
3929113005
3929114001
3929114004
3929121001
3929121005
3929122008
3929122009
3929123004
3929123006
3929123007
3929123008
3929124001
3929124002
3929124004
3929124005
3929130001
3929130002
3929131001
3929131004
3929131005
3929131006
3929131007
3929132001
3929133001
3929133002
3929133003
3929133004
3929134002
3929134003
3929134007
3929140001
3929140002
3929141002
3929141005
3929142001
3929142002
3929142003
3929142004
3929142005
3929143001
3929143002
3929143003
3929143004
3929144001
3929144002
3929144003
3929144005
3929150001
3929150003
3929150004
3929150005
3929150006
3929150007
3929151004
3929152001
3929152002
3929152004
3929153001
3929153003
3929153004
3929154001
3929154002
3929154004
3929160001
3929161001
3929161002
3929161003
3929161004
3929171001
3929171002
3929171003
3929171004
3929172001
3929172003
3929172004
3929173001
3929173002
3929173003
3929173004
3929174002
3929174003
3929174004
3929174005
3929180003
3929180007
3929180008
3929180009
3929180010
3929180011
3929180012
3929180013
3929180014
3929180015
3929180017
3929180018
3929180019
3929180020
3929181001
3929181005
3929181007
3929181008
3929182001
3929182002
3929182003
3929182004
3929183002
3929183010
3929183011
3929183012
3929183013
3929184005
3929184006
3929184007
3929184008
3929190004
3929190005
3929190009
3929190010
3929190011
3929190012
3929190013
3929190014
3929190015
3929190016
3929190017
3929190018
3929190019
3929190022
3929190023
3929190024
3929190025
3929190026
3929190027
3929190028
3929190029
3929190030
3929190031
3929192004
3929200001
3929201003
3929201004
3929201005
3929201006
3929202001
3929202002
3929202003
3929202004
3929203001
3929203002
3929204001
3929204002
3929210002
3929211001
3929211005
3929211006
3929211009
3929211010
3929211011
3929212001
3929212002
3929212005
3929213002
3929213003
3929213004
3929213005
3929214002
3929214003
3929214006
3929221001
3929221002
3929221003
3929221004
3929222001
3929222002
3929222004
3929223001
3929223004
3929223006
3929224001
3929224002
3929224003
3929224004
3929231001
3929231002
3929231003
3929231004
3929232001
3929232002
3929232003
3929232004
3929233001
3929233002
3929233003
3929233004
3929234001
3929234002
3929234003
3929234004
3929240001
3929240002
3929240004
3929241001
3929241002
3929241003
3929242001
3929242003
3929242004
3929243002
3929243003
3929244003
3929251002
3929251003
3929252004
3929252006
3929252007
3929252008
3929252009
3929252010
3929252011
3929253001
3929253003
3929253005
3929253006
3929254001
3929254003
3929254004
3929254005
3929254006
3929254007
3929260001
3929260002
3929261001
3929261002
3929261004
3929262001
3929262002
3929263005
3929264001
3929264005
3929270002
3929270003
3929270004
3929271002
3929272001
3929272002
3929272003
3929273002
3929273003
3929274007
3929280001
3929280004
3929280006
3929280008
3929280010
3929281001
3929282001
3929282002
3929282003
3929282004
3929283002
3929283003
3929284004
3929290001
3929290002
3929293004
3929294003
3929294004
3929294005
3929300001
3929300002
3929300006
3929300007
3929300008
3929300009
3929300010
3929300011
3929300012
3929300013
3929300014
3929300015
3929300016
3929300017
3929300018
3929301001
3929310001
3929310002
3929310003
3929310004
3929311001
3929311003
3929311004
3929312001
3929312003
3929312004
3929320001
3929320002
3929320005
3929320009
3929320013
3929320014
3929320015
3929320016
3929321002
3929321003
3929322001
3929322005
3929333001
3929333004
3929334001
3929334002
3929334003
3929341001
3929341002
3929341003
3929341004
3929342001
3929342002
3929342004
3929343001
3929343002
3929343004
3929344001
3929344003
3929344004
3929353004
3929353005
3929354001
3929354002
3929354003
3929354004
3929360000
3930010001
3930013005
3930013008
3930013011
3930013013
3930013014
3930014005
3930014008
3930014010
3930014011
3930014012
3930020005
3930020007
3930020010
3930020012
3930020013
3930020015
3930020018
3930020019
3930021006
3930021008
3930021009
3930022005
3930022007
3930022008
3930022009
3930023003
3930023005
3930024005
3930024006
3930024007
3930024008
3930024010
3930024011
3930030004
3930030005
3930030007
3930031001
3930031002
3930031004
3930032007
3930032009
3930032010
3930034001
3930034002
3930040006
3930040009
3930040010
3930040011
3930040012
3930040014
3930040018
3930040019
3930050001
3930050002
3930050006
3930051004
3930051006
3930051007
3930052002
3930052006
3930052007
3930052008
3930052009
3930052010
3930053006
3930054003
3930054004
3930054005
3930054006
3930061001
3930061002
3930061003
3930061004
3930062004
3930063001
3930063002
3930063003
3930063004
3930064001
3930064002
3930064003
3930064004
3930070003
3930070008
3930070015
3930070016
3930070017
3930070019
3930070022
3930070024
3930070026
3930070030
3930070031
3930070032
3930070033
3930070034
3930070036
3930070038
3930073003
3930073005
3930073006
3930080002
3930080003
3930080004
3930080005
3930080006
3930080007
3930080009
3930080012
3930080013
3930080014
3930080015
3930080017
3930080019
3930080020
3930080021
3930081002
3930083001
3930083003
3930083004
3930084001
3930090001
3930090003
3930090004
3930091003
3930091004
3930092001
3930092002
3930092003
3930093002
3930093003
3930093004
3930093005
3930094001
3930094002
3930094003
3930094004
3930101003
3930102000
3930103001
3930103003
3930103004
3930104006
3930104007
3930110002
3930110003
3930110004
3930110008
3930111001
3930112006
3930112008
3930112009
3930113003
3930114005
3930114006
3930114007
3930114008
3930114009
3930120003
3930120004
3930120005
3930120007
3930120008
3930120009
3930120010
3930120011
3930120012
3930120013
3930120015
3930121005
3930123004
3930123005
3930123006
3930124004
3930131001
3930131005
3930131006
3930131007
3930132005
3930132006
3930132009
3930132010
3930132011
3930132012
3930132013
3930132014
3930133005
3930133006
3930133007
3930133008
3930133010
3930133011
3930133012
3930134002
3930134004
3930141010
3930141011
3930141012
3930142001
3930142003
3930142004
3930142005
3930142006
3930144001
3930164000
3930170006
3930170009
3930170010
3930170011
3930174003
3930180001
3930180003
3930180004
3930180007
3930180011
3930180012
3930180013
3930180016
3930180019
3930180022
3930180023
3930182002
3930182004
3930182005
3930182006
3930182007
3930182008
3930183005
3930183006
3930184001
3930184005
3930184006
3930190001
3930194001
3930194003
3930194004
3930231005
3930231006
3930242005
3930244006
3930280009
3930280012
3930280014
3930280015
3930280017
3930280018
3930280019
3930280020
3930280021
3930280022
3930280023
3930283002
3930283005
3930283006
3930290001
3930290003
3930290005
3930290007
3930290009
3930290011
3930290012
3930292001
3930292002
3931010001
3931010005
3931010006
3931010009
3931010010
3931010011
3931011003
3931011004
3931012003
3931013002
3931013006
3931014003
3931014005
3931014007
3931014008
3931014012
3931020003
3931020009
3931020012
3931020013
3931020014
3931020015
3931020017
3931020018
3931020019
3931020024
3931070001
3931070002
3931070003
3931070004
3931070005
3931070006
3931070007
3931071004
3931071005
3931071006
3931071007
3931072003
3931072008
3931072009
3931072010
3931072011
3931073005
3931073007
3931073008
3931073009
3931073010
3931074005
3931074006
3931074007
3931074008
3931082005
3931083002
3931110001
3931110002
3931110003
3931111002
3931112003
3931114002
3931114005
3931121004
3931121005
3931124001
3931140001
3931140002
3931140003
3931143000
3931143001
3931143002
3931143003
3931144005
3931144006
3931152003
3931152004
3931152005
3931153005
3931154004
3931154006
3931160001
3931162005
3931163002
3931163003
3931170001
3931170003
3931171001
3931171002
3931171004
3931172001
3931172003
3931173002
3931173003
3931174001
3931174002
3931174003
3931180002
3931180004
3931180005
3931180006
3931180007
3931181005
3931181007
3931181009
3931181010
3931182004
3931182007
3931182008
3931183001
3931183003
3931183004
3931184001
3931184003
3931184004
3931190001
3931190003
3931190006
3931190007
3931190008
3931190009
3931190010
3931190011
3931191007
3931191008
3931191009
3931191010
3931192004
3931192006
3931192008
3931192009
3931192010
3931192011
3931192012
3931193004
3931193007
3931194003
3931194004
3931200001
3931200004
3931200005
3931201001
3931201002
3931202001
3931203005
3931203006
3931203007
3931210001
3931211001
3931211005
3931214002
3931214005
3931220003
3931220004
3931220005
3931220006
3931220007
3931221000
3931222000
3931222003
3931233003
3931233004
3931233005
3931234000
3931234004
3931260002
3931270002
3931270004
3931270005
3931270007
3931270012
3931270013
3931270014
3931271003
3931271004
3931272001
3931273000
3931300001
3931303001
3931303004
3931304002
3931304003
3931340001
3931340002
3931340003
3931344003
4024010001
4024010002
4024020001
4024020002
4024030000
4024040000
4024050000
4024060001
4024080000
4024090000
4024100000
4024110001
4024110002
4024120001
4024130001
4024130002
4024130003
4024140001
4024140002
4024150001
4024150002
4024160000
4024170000
4024200000
4024210000
4024220000
4024230001
4024230002
4024240000
4024250000
4024260001
4024260002
4024270000
4024280000
4024290000
4024320000
4024330000
4024340000
4024350000
4024360000
4025011001
4025013003
4025021005
4025031003
4025042005
4025043006
4025050001
4025051007
4025052003
4025080001
4025080002
4025080004
4025080005
4025080006
4025080007
4025091001
4025091004
4025093001
4025093002
4025093005
4025093006
4025094001
4025094002
4025094004
4025104001
4025111001
4025113001
4025114001
4025114002
4025120001
4025120004
4025120006
4025120008
4025120010
4025120011
4025120012
4025120013
4025120014
4025120015
4025120016
4025120017
4025120019
4025120020
4025121003
4025130001
4025130004
4025130007
4025130008
4025130012
4025130013
4025130018
4025130020
4025130022
4025130023
4025130024
4025130026
4025130027
4025130031
4025130032
4025134003
4025140002
4025160001
4025160002
4025160003
4025164002
4025170001
4025170004
4025170007
4025170008
4025170010
4025170011
4025200001
4025200002
4025200003
4025210005
4025210007
4025210008
4025210010
4025210012
4025210014
4025210015
4025211005
4025212002
4025212003
4025212005
4025213006
4025222001
4025222002
4025222003
4025222004
4025222005
4025222006
4025223001
4025223002
4025223003
4025223004
4025224003
4025224004
4025224005
4025230003
4025230004
4025231001
4025232003
4025232004
4025232005
4025232006
4025232007
4025233003
4025240003
4025240004
4025251002
4025251007
4025251008
4025252002
4025252003
4025252004
4025252005
4025253001
4025253002
4025253003
4025253004
4025253005
4025254002
4025254003
4025260001
4025260004
4025262005
4025264001
4025264002
4025264003
4025264004
4025264005
4025270001
4025270002
4025270003
4025270004
4025271001
4025271002
4025271003
4025271004
4025272003
4025272004
4025273001
4025273002
4025273004
4025274001
4025274002
4025274004
4025280001
4025280002
4025280003
4025281001
4025281004
4025300000
4025311000
4025312005
4025323004
4025340002
4025340003
4025341002
4025341003
4025341004
4025342001
4025342002
4025344001
4025344002
4025350005
4025350007
4025350008
4025350009
4025351003
4025351004
4025352002
4025352003
4025352004
4025353001
4025353003
4025354002
4025354003
4025360001
4025360004
4025360007
4025360008
4025360009
4025360010
4026024005
4026031005
4026040002
4026040003
4026040004
4026043002
4026050002
4026050004
4026050005
4026050007
4026050008
4026050009
4026050010
4026050014
4026064005
4026070001
4026070004
4026070008
4026070009
4026070012
4026070013
4026070014
4026070016
4026070017
4026070018
4026080003
4026080005
4026084004
4026084006
4026090002
4026092001
4026100003
4026100004
4026100006
4026103005
4026110002
4026110003
4026112004
4026120002
4026130002
4026131003
4026133001
4026141005
4026150006
4026150011
4026150012
4026151002
4026152005
4026152006
4026161000
4026170002
4026173006
4026174001
4026181003
4026181005
4026181006
4026182002
4026182005
4026182006
4026182008
4026182009
4026182010
4026183002
4026183005
4026183007
4026183008
4026190002
4026191006
4026191007
4026191009
4026191010
4026191012
4026191013
4026192002
4026192008
4026192009
4026192010
4026192013
4026192014
4026193002
4026193003
4026193004
4026193007
4026193008
4026194003
4026194004
4026194006
4026200003
4026201006
4026201007
4026202005
4026202007
4026202008
4026202009
4026202010
4026202011
4026202012
4026203008
4026203010
4026203011
4026204005
4026204006
4026204008
4026204009
4026204010
4026204011
4026204012
4026210008
4026210011
4026211003
4026211006
4026211007
4026212002
4026212003
4026212008
4026212009
4026212010
4026213002
4026213003
4026213004
4026213005
4026213006
4026214002
4026221005
4026221006
4026221008
4026222001
4026222002
4026222006
4026222007
4026222010
4026223007
4026223008
4026223009
4026223012
4026223014
4026223015
4026224006
4026224008
4026224009
4026224011
4026231006
4026234006
4026234007
4026234008
4026234009
4026242003
4026242004
4026243000
4026250001
4026250002
4026250003
4026250004
4026250005
4026250006
4026253005
4026254005
4026263005
4026264005
4026270002
4026271001
4026271003
4026271005
4026271006
4026271007
4026271008
4026272001
4026272002
4026273001
4026273002
4026273003
4026274003
4026274005
4026274007
4026274008
4026274010
4026281001
4026281002
4026281004
4026282001
4026282003
4026283000
4026284005
4026284006
4026284007
4026284008
4026290002
4026291005
4026291006
4026291008
4026291009
4026291010
4026291011
4026291012
4026291013
4026292002
4026292006
4026292007
4026292009
4026293007
4026293008
4026293010
4026293011
4026294002
4026294005
4026294006
4026294008
4026294010
4026300001
4026300002
4026300003
4026300004
4026300005
4026300006
4026300008
4026301007
4026301008
4026302003
4026302004
4026302006
4026302007
4026302008
4026303003
4026303006
4026303007
4026304005
4026304006
4026304007
4026304008
4026304009
4026304010
4026304011
4026311002
4026311005
4026312001
4026313003
4026313005
4026321000
4026322001
4026322002
4026323001
4026324005
4026324007
4026324008
4026324009
4026331001
4026331003
4026332002
4026332003
4026332005
4026333000
4026334001
4026334003
4026341001
4026341002
4026341003
4026341004
4026342001
4026342003
4026342004
4026343001
4026343002
4026343003
4026343005
4026344001
4026344002
4026344004
4026350000
4026361000
4026363000
4026363005
4027011001
4027011003
4027012001
4027012002
4027013000
4027014001
4027014003
4027021001
4027021003
4027022000
4027023000
4027024001
4027024004
4027030001
4027030005
4027030009
4027030013
4027030017
4027030021
4027030022
4027030023
4027030025
4027030026
4027030033
4027030034
4027030037
4027030038
4027030039
4027030040
4027030041
4027030042
4027030043
4027030044
4027030045
4027031001
4027032001
4027033003
4027033007
4027040001
4027040006
4027040010
4027040012
4027040013
4027050013
4027050020
4027050024
4027050030
4027050033
4027050035
4027050037
4027050041
4027050042
4027050044
4027050050
4027050052
4027050053
4027050054
4027050055
4027050066
4027050067
4027050069
4027050076
4027050080
4027050081
4027050082
4027050083
4027050084
4027050092
4027050094
4027050095
4027050098
4027050101
4027050102
4027050107
4027050108
4027050109
4027050114
4027050116
4027050117
4027050121
4027050124
4027050125
4027050126
4027050128
4027050130
4027050131
4027050138
4027050139
4027050144
4027050146
4027050147
4027050148
4027050149
4027050152
4027050153
4027050161
4027050162
4027050164
4027050165
4027050166
4027050167
4027050168
4027050169
4027050170
4027050172
4027050173
4027050174
4027050175
4027050178
4027050179
4027053001
4027053004
4027071003
4027071004
4027073001
4027073002
4027074001
4027080002
4027080021
4027080031
4027080041
4027080043
4027080044
4027080047
4027080048
4027080056
4027080057
4027080060
4027080062
4027080063
4027080064
4027080066
4027080069
4027080071
4027080072
4027082003
4027083002
4027090005
4027090006
4027090009
4027090010
4027090011
4027090014
4027090017
4027090018
4027090019
4027100003
4027100007
4027100008
4027100009
4027100010
4027100011
4027100020
4027100021
4027100026
4027100028
4027101001
4027102004
4027102005
4027102006
4027103002
4027103005
4027111001
4027111002
4027111003
4027112000
4027112003
4027112004
4027113001
4027113002
4027113003
4027114001
4027114003
4027114004
4027121001
4027121002
4027121004
4027122001
4027122002
4027122003
4027123000
4027123005
4027123006
4027124001
4027124002
4027124003
4027124004
4027131001
4027131002
4027131003
4027131004
4027131005
4027132004
4027132005
4027132006
4027132007
4027133001
4027133002
4027133004
4027133005
4027134001
4027134003
4027134004
4027134005
4027134006
4027134007
4027140003
4027140006
4027140012
4027140013
4027140014
4027140015
4027140016
4027140017
4027140018
4027141001
4027141003
4027141004
4027141007
4027142001
4027142002
4027142003
4027143001
4027144001
4027150004
4027150007
4027150009
4027150011
4027150013
4027150014
4027150015
4027150017
4027150020
4027150021
4027150022
4027150024
4027150025
4027150026
4027150028
4027150029
4027150030
4027150032
4027150033
4027150035
4027150038
4027150040
4027150041
4027150043
4027150044
4027150050
4027150052
4027150054
4027151001
4027161000
4027170002
4027170003
4027170004
4027170007
4027171002
4027171004
4027171005
4027172000
4027173001
4027174001
4027180002
4027181002
4027183001
4027184001
4027184003
4027190005
4027190006
4027190007
4027190008
4027190009
4027190010
4027190011
4027190012
4027190013
4027190014
4027190015
4027191003
4027191005
4027191006
4027200001
4027200005
4027200008
4027200009
4027200011
4027200014
4027200015
4027200016
4027200017
4027200018
4027200019
4027200020
4027200021
4027200025
4027200026
4027200027
4027200028
4027200030
4027200031
4027200032
4027201000
4027202003
4027203001
4027203002
4027203003
4027203004
4027203005
4027204001
4027204002
4027210001
4027210002
4027210004
4027210005
4027210008
4027210011
4027210030
4027210031
4027210036
4027210041
4027210042
4027210043
4027210044
4027210045
4027210046
4027210048
4027210049
4027210050
4027210057
4027210058
4027210059
4027210060
4027210061
4027213004
4027214001
4027220003
4027220004
4027220007
4027220008
4027220018
4027220027
4027220030
4027220036
4027220050
4027220051
4027220052
4027220056
4027220057
4027220058
4027220059
4027220062
4027220063
4027220070
4027220078
4027220079
4027220080
4027220081
4027220090
4027220093
4027220096
4027220098
4027220099
4027220105
4027220108
4027220109
4027220110
4027220111
4027220112
4027220115
4027220116
4027220118
4027220121
4027220126
4027220127
4027220131
4027220132
4027220134
4027220137
4027220138
4027220139
4027220140
4027220142
4027220143
4027220144
4027220150
4027220156
4027220157
4027220158
4027220159
4027220160
4027220162
4027220165
4027220166
4027220167
4027220168
4027220169
4027220170
4027220173
4027220174
4027220175
4027220176
4027220177
4027222003
4027222005
4027230008
4027230012
4027230014
4027230015
4027230017
4027230018
4027230020
4027230022
4027230023
4027230024
4027230025
4027230026
4027230027
4027230028
4027230029
4027230030
4027230031
4027230032
4027231001
4027231003
4027232001
4027234001
4027234004
4027240001
4027240003
4027240005
4027240007
4027240008
4027240009
4027240010
4027240011
4027240012
4027240013
4027240014
4027240015
4027240016
4027241001
4027241002
4027241003
4027241004
4027241005
4027242001
4027242002
4027242003
4027242004
4027244001
4027244003
4027250001
4027250003
4027250004
4027250005
4027250006
4027250007
4027250008
4027250009
4027250012
4027250013
4027250014
4027250015
4027250016
4027250017
4027250019
4027250020
4027250021
4027250024
4027250026
4027250030
4027250031
4027250032
4027250036
4027250037
4027250039
4027260004
4027260005
4027260007
4027260008
4027260011
4027260012
4027260018
4027260025
4027260026
4027260027
4027260029
4027260031
4027260032
4027260033
4027260034
4027260035
4027260036
4027260037
4027260038
4027260039
4027260040
4027260041
4027260042
4027260043
4027260044
4027260045
4027260046
4027260047
4027260048
4027260050
4027260051
4027260052
4027260053
4027260054
4027260055
4027260057
4027260058
4027263001
4027264002
4027270001
4027270002
4027270005
4027270011
4027270012
4027270013
4027270018
4027270019
4027270020
4027270023
4027270029
4027270033
4027270034
4027270041
4027270048
4027270049
4027270052
4027270053
4027270055
4027270058
4027270059
4027270060
4027270064
4027270065
4027270066
4027270067
4027270068
4027270069
4027272003
4027273001
4027280001
4027280003
4027280006
4027280014
4027280019
4027280021
4027280025
4027280026
4027280027
4027280028
4027280030
4027280033
4027280037
4027280044
4027280045
4027280047
4027280049
4027280050
4027280053
4027280054
4027280056
4027280057
4027280064
4027280065
4027280066
4027280067
4027280068
4027280069
4027280070
4027280071
4027280075
4027280076
4027280077
4027280078
4027280079
4027280080
4027280081
4027280082
4027280083
4027280084
4027280085
4027283003
4027290005
4027290006
4027290009
4027290010
4027290012
4027290013
4027290015
4027290016
4027290017
4027290019
4027290020
4027290025
4027290028
4027290029
4027290030
4027290031
4027290032
4027290033
4027290034
4027290035
4027290039
4027290040
4027291003
4027291004
4027292002
4027292003
4027293003
4027301005
4027301006
4027301007
4027301008
4027301009
4027301010
4027301011
4027301012
4027302005
4027302006
4027302007
4027302008
4027302009
4027302010
4027303005
4027303006
4027303007
4027303008
4027303009
4027303010
4027303011
4027303012
4027304005
4027304006
4027304007
4027304008
4027304009
4027304010
4027304011
4027304012
4027310001
4027310002
4027311000
4027312001
4027312002
4027313001
4027313002
4027313004
4027314001
4027314002
4027320001
4027320002
4027320005
4027320006
4027320007
4027320008
4027320009
4027320010
4027321005
4027322001
4027323001
4027324002
4027330002
4027330003
4027330004
4027330009
4027330017
4027330020
4027330025
4027330034
4027330035
4027330037
4027330038
4027330040
4027330041
4027330044
4027330045
4027330046
4027330047
4027330048
4027330050
4027330051
4027330052
4027330053
4027332001
4027332005
4027333003
4027333004
4027333006
4027333007
4027340002
4027340012
4027340017
4027340018
4027340029
4027340035
4027340039
4027340042
4027340045
4027340048
4027340053
4027340054
4027340056
4027340061
4027340063
4027340064
4027340065
4027340066
4027340070
4027340072
4027340074
4027343007
4027361000
4028010001
4028010005
4028014005
4028020001
4028020002
4028020003
4028023006
4028030001
4028030002
4028030004
4028030005
4028034001
4028041001
4028041002
4028041005
4028042001
4028042002
4028042005
4028042006
4028042009
4028043001
4028043004
4028044002
4028044003
4028050001
4028050002
4028050003
4028050004
4028050005
4028050007
4028050008
4028050009
4028050011
4028050012
4028050013
4028050014
4028050015
4028050017
4028050018
4028050020
4028050021
4028050025
4028052001
4028052002
4028060002
4028060004
4028060005
4028060006
4028060007
4028060008
4028060009
4028060011
4028060012
4028060013
4028060014
4028060015
4028060017
4028060018
4028060019
4028060020
4028060021
4028063006
4028074005
4028080002
4028080003
4028080006
4028080011
4028080013
4028080014
4028080015
4028080016
4028080020
4028080022
4028080023
4028080025
4028080027
4028080028
4028080029
4028080030
4028080031
4028080032
4028080033
4028080034
4028080036
4028080037
4028080038
4028080039
4028080040
4028080041
4028090008
4028090010
4028090013
4028090015
4028090018
4028090019
4028090022
4028090023
4028090024
4028090026
4028090027
4028090028
4028090029
4028090030
4028090031
4028090032
4028100004
4028100005
4028100006
4028100007
4028100009
4028100011
4028100013
4028100015
4028102001
4028102002
4028110001
4028110003
4028110005
4028110006
4028111005
4028111006
4028120002
4028120003
4028123006
4028124004
4028131007
4028131008
4028132001
4028132002
4028132003
4028132004
4028133005
4028134001
4028134005
4028140001
4028141002
4028142001
4028142002
4028142003
4028143001
4028143002
4028143003
4028143004
4028144003
4028144005
4028150001
4028150003
4028150007
4028150008
4028150009
4028151001
4028151002
4028152001
4028152002
4028152003
4028152004
4028153000
4028154002
4028160000
4028160003
4028160004
4028160005
4028160007
4028161007
4028161008
4028170003
4028170005
4028170007
4028170008
4028170009
4028170011
4028170013
4028170014
4028170016
4028170019
4028170020
4028170027
4028170029
4028170035
4028170036
4028170038
4028170039
4028170040
4028170042
4028170043
4028170044
4028170046
4028181005
4028190006
4028190007
4028190008
4028190012
4028190016
4028190017
4028190018
4028190019
4028192005
4028200006
4028200007
4028200008
4028200012
4028200013
4028200014
4028200018
4028200019
4028200020
4028200021
4028200023
4028200024
4028200025
4028200026
4028200027
4028200030
4028200031
4028200032
4028200034
4028200036
4028200039
4028200040
4028200041
4028203004
4028203005
4028210001
4028210002
4028210003
4028210004
4028210005
4028210007
4028210008
4028210010
4028210011
4028210016
4028210018
4028210019
4028210020
4028210021
4028210022
4028210024
4028210025
4028210026
4028210029
4028210030
4028210031
4028210032
4028210033
4028210034
4028210035
4028210036
4028211001
4028212005
4028221001
4028221002
4028221004
4028222001
4028222002
4028223005
4028224003
4028224004
4028231006
4028232001
4028233001
4028234001
4028234002
4028234003
4028234004
4028241001
4028241002
4028242002
4028242005
4028242006
4028243005
4028244001
4028251003
4028251005
4028251006
4028252002
4028252003
4028252004
4028253005
4028254002
4028254004
4028261004
4028261005
4028262002
4028262003
4028263001
4028263002
4028263003
4028263004
4028271001
4028271002
4028271003
4028271004
4028272001
4028272002
4028272003
4028272004
4028273001
4028273002
4028273003
4028273004
4028274001
4028274002
4028274003
4028274004
4028280003
4028280005
4028280007
4028280009
4028280011
4028280013
4028280014
4028280015
4028280016
4028280018
4028280019
4028280020
4028280021
4028280022
4028280023
4028280025
4028280026
4028280027
4028280029
4028280030
4028280031
4028280033
4028280034
4028280035
4028280036
4028280037
4028280038
4028280039
4028280040
4028280041
4028280042
4028281001
4028281002
4028281003
4028282001
4028282002
4028282004
4028290001
4028290008
4028290010
4028290012
4028290022
4028290023
4028290027
4028290028
4028290029
4028290030
4028290035
4028290036
4028290037
4028290038
4028290039
4028290040
4028290041
4028290042
4028290044
4028290045
4028290046
4028290047
4028290048
4028290049
4028290050
4028290051
4028290052
4028290054
4028290056
4028290058
4028290062
4028290065
4028290066
4028294005
4028300002
4028300003
4028300007
4028300008
4028300010
4028300014
4028300015
4028300016
4028300017
4028300020
4028300022
4028300023
4028300024
4028320002
4028320003
4028320006
4028320008
4028320009
4028320010
4028320011
4028320012
4028330001
4028330003
4028330005
4028330007
4028330008
4028330014
4028330015
4028330016
4028330017
4028330018
4028330019
4028330020
4028330021
4028330022
4028330023
4028340002
4028340003
4028340005
4028340007
4028340009
4028340012
4028340015
4028340016
4028340017
4028340018
4028340020
4028340022
4028340023
4028340024
4028340025
4028340026
4028340030
4028340031
4028341002
4028341004
4028344001
4028344004
4028350001
4028350002
4028350004
4028350007
4028350008
4028350011
4028350014
4028350016
4028350021
4028350028
4028350030
4028350031
4028350032
4028351001
4028351002
4028351004
4028352003
4028352004
4028353001
4028353004
4028353005
4028354001
4028354002
4028360001
4028360002
4028360003
4028360004
4028360006
4028360007
4028360008
4028360009
4028360010
4028361001
4028361002
4028361003
4028361004
4028362001
4028362003
4028362004
4028363001
4028364004
4029011005
4029012000
4029013004
4029014005
4029020003
4029020006
4029020007
4029020008
4029020009
4029020012
4029020016
4029020017
4029020018
4029020020
4029020021
4029020022
4029020023
4029020024
4029021003
4029023002
4029023005
4029030001
4029030002
4029030003
4029030005
4029031003
4029032003
4029032004
4029032007
4029033007
4029033009
4029033010
4029033011
4029033012
4029033013
4029034005
4029034006
4029034007
4029034008
4029040004
4029040006
4029040009
4029040010
4029040015
4029041005
4029041007
4029042009
4029042010
4029042013
4029042014
4029042015
4029042016
4029042017
4029042018
4029043003
4029043009
4029043010
4029043011
4029043012
4029044006
4029044007
4029050001
4029051006
4029051007
4029052001
4029052006
4029052008
4029052009
4029060003
4029060005
4029060015
4029060018
4029060026
4029060028
4029060029
4029060030
4029060031
4029060034
4029060035
4029060037
4029060039
4029062005
4029070007
4029070010
4029070019
4029070020
4029070021
4029070025
4029070026
4029070027
4029070028
4029070029
4029070031
4029070032
4029070033
4029070034
4029070035
4029070036
4029070037
4029073008
4029074003
4029074004
4029080005
4029080007
4029080009
4029080012
4029080017
4029080018
4029080020
4029080021
4029080024
4029080027
4029080029
4029080030
4029080031
4029080035
4029080036
4029080037
4029080038
4029080040
4029080041
4029080042
4029080043
4029080044
4029080047
4029080048
4029090010
4029090011
4029090012
4029090014
4029090019
4029090020
4029090021
4029090023
4029090024
4029090025
4029090026
4029090028
4029090033
4029090034
4029090035
4029090038
4029090040
4029090041
4029091006
4029092007
4029093005
4029093006
4029093007
4029093008
4029100006
4029100009
4029100010
4029101002
4029102002
4029102003
4029102005
4029103006
4029103007
4029103009
4029103010
4029104004
4029104005
4029104006
4029110002
4029110003
4029110004
4029110009
4029110010
4029110011
4029110012
4029111001
4029111002
4029111009
4029112005
4029113007
4029122005
4029123001
4029123003
4029123005
4029124003
4029124005
4029130002
4029130003
4029130004
4029131002
4029131003
4029131005
4029132001
4029132002
4029132003
4029132004
4029133001
4029133002
4029133003
4029133004
4029134001
4029134002
4029134004
4029140002
4029140003
4029140004
4029140005
4029140006
4029140007
4029140008
4029140010
4029141003
4029141004
4029142001
4029142002
4029142003
4029142004
4029143002
4029143003
4029144001
4029144003
4029144004
4029150001
4029150003
4029150004
4029150005
4029150006
4029150007
4029151001
4029151002
4029151003
4029151004
4029152002
4029152003
4029153001
4029153002
4029153003
4029153004
4029154003
4029154004
4029160000
4029160002
4029160003
4029160004
4029160005
4029160006
4029161002
4029163001
4029163002
4029163003
4029164002
4029164008
4029164009
4029164011
4029164013
4029164014
4029170003
4029170005
4029170006
4029170007
4029170008
4029170009
4029170011
4029170012
4029171001
4029171006
4029171007
4029172007
4029172008
4029172009
4029172010
4029172011
4029173006
4029173009
4029173010
4029173013
4029180005
4029180009
4029180010
4029180011
4029180012
4029181003
4029182005
4029183006
4029184005
4029190002
4029190003
4029190006
4029190007
4029190008
4029190009
4029190010
4029190011
4029190012
4029191008
4029191009
4029192006
4029192009
4029192010
4029194005
4029200003
4029200004
4029200005
4029200006
4029200009
4029200010
4029200012
4029200013
4029200017
4029200018
4029200019
4029201001
4029201008
4029202006
4029202009
4029202010
4029202011
4029202012
4029210001
4029210003
4029210005
4029210006
4029210007
4029210008
4029210011
4029210012
4029210013
4029210014
4029211007
4029212001
4029212002
4029212006
4029212007
4029213001
4029213006
4029213007
4029214005
4029214008
4029214009
4029220004
4029220005
4029220006
4029220007
4029220008
4029222005
4029222006
4029222009
4029222010
4029222011
4029222012
4029223001
4029231005
4029232003
4029232004
4029233001
4029233002
4029233003
4029233004
4029234004
4029241005
4029243005
4029250004
4029250006
4029251001
4029251002
4029251003
4029253005
4029254005
4029260002
4029260003
4029261000
4029262005
4029263000
4029264000
4029271005
4029272001
4029272007
4029272008
4029272009
4029272010
4029272011
4029272012
4029273001
4029273007
4029273008
4029273010
4029273011
4029273012
4029273013
4029274007
4029274012
4029274013
4029274014
4029280001
4029280002
4029280004
4029280011
4029281001
4029281002
4029281004
4029281007
4029282002
4029282005
4029282006
4029282007
4029282008
4029283001
4029283005
4029283007
4029283008
4029284008
4029284009
4029284012
4029284013
4029290001
4029290002
4029290004
4029290006
4029290007
4029291007
4029291010
4029293001
4029293002
4029293003
4029294001
4029294002
4029294004
4029300000
4029311001
4029311002
4029311003
4029311004
4029312009
4029312011
4029312014
4029312015
4029312016
4029313003
4029313006
4029313009
4029314005
4029320002
4029320003
4029320004
4029321005
4029322003
4029322004
4029322010
4029322011
4029323008
4029323009
4029323010
4029323011
4029323012
4029323013
4029323014
4029323015
4029324001
4029324002
4029324003
4029324004
4029331001
4029331002
4029331003
4029331005
4029331006
4029332001
4029332002
4029332003
4029332004
4029333001
4029333002
4029333003
4029334002
4029334004
4029334007
4029340001
4029340003
4029340004
4029340008
4029340009
4029340010
4029340011
4029340012
4029340013
4029340015
4029340016
4029340018
4029340019
4029340020
4029340021
4029340022
4029340023
4029342002
4029343001
4029343002
4029343003
4029343004
4029344004
4029350001
4029350002
4029350003
4029350004
4029350005
4029350006
4029350007
4029350008
4029350010
4029350011
4029350013
4029350014
4029351002
4029351003
4029351005
4029352001
4029352002
4029352003
4029352004
4029360000
4029369609
4030014005
4030020002
4030030001
4030030006
4030030007
4030030008
4030030009
4030030011
4030030013
4030030014
4030030015
4030030016
4030030019
4030040005
4030040006
4030042007
4030042010
4030042011
4030043007
4030043009
4030043010
4030044008
4030044009
4030044011
4030051005
4030051006
4030052004
4030052008
4030052009
4030052012
4030053001
4030053005
4030054002
4030062005
4030063005
4030064006
4030073001
4030073004
4030073005
4030074002
4030074003
4030074005
4030080001
4030081001
4030081003
4030081006
4030081008
4030084005
4030090009
4030090012
4030090016
4030090017
4030090018
4030090019
4030090021
4030090025
4030090028
4030090029
4030090031
4030090034
4030090036
4030090038
4030090039
4030090040
4030090042
4030090043
4030091004
4030100001
4030100007
4030100008
4030100009
4030100010
4030100011
4030100013
4030100015
4030100016
4030100017
4030100018
4030100020
4030101004
4030101006
4030101007
4030101008
4030101012
4030102005
4030102011
4030102014
4030102015
4030102016
4030102017
4030103001
4030110002
4030110006
4030110008
4030110009
4030110011
4030110012
4030110013
4030110014
4030110015
4030132001
4030134000
4030140001
4030144001
4030150001
4030150002
4030151005
4030151006
4030152000
4030153003
4030153004
4030154003
4030154004
4030154006
4030154007
4030160000
4030161005
4030171006
4030172008
4030174003
4030181002
4030181004
4030181006
4030181007
4030183005
4030184005
4030194005
4030200011
4030204006
4030210002
4030210010
4030210011
4030210012
4030210014
4030210015
4030210016
4030210017
4030211006
4030212003
4030212005
4030214005
4030224000
4030224005
4030234000
4030250001
4030252007
4030253002
4030253003
4030280001
4030280003
4030280004
4030280006
4030280011
4030280012
4030280013
4030280015
4030280020
4030280026
4030280027
4030280028
4030280029
4030280030
4030280031
4030280032
4030280033
4030280034
4030281003
4030281004
4030281005
4030282003
4030282004
4030283001
4030283002
4030284001
4030284002
4030284006
4030284007
4030284008
4030284009
4030284010
4030290001
4030290006
4030290007
4030290008
4030291001
4030291002
4030291003
4030291004
4030292001
4030292004
4030292006
4030294002
4030294007
4030300001
4030300003
4030300007
4030300008
4030300009
4030300010
4030302002
4030302005
4030303002
4030311000
4030312004
4030312005
4030312006
4030312008
4030313003
4030313004
4030313005
4030313006
4030313007
4030313008
4030314000
4030320001
4030320002
4030320007
4030320009
4030320011
4030320015
4030320017
4030320018
4030321001
4030322001
4030322003
4030322004
4030323001
4030323002
4030323005
4030324001
4030324002
4030324003
4030324004
4030330002
4030330005
4030330006
4030330007
4030331001
4030331002
4030331003
4030331004
4030332001
4030332004
4030333001
4030334002
4030334003
4030334004
4030334005
4030334006
4030341003
4030341004
4030342003
4030343001
4030343007
4030344001
4030344002
4030344003
4030350001
4030350002
4030350003
4030350004
4030350005
4030351003
4030351005
4030351007
4030351008
4030352006
4030352007
4030352008
4030353001
4030353004
4030354002
4030354004
4030360000
4031222001
4031222003
4031222004
4031223005
4031232001
4031232003
4031232005
4031233002
4031233006
4031233007
4031234007
4031241002
4031242001
4031242003
4031243003
4031243005
4031250001
4031250002
4031250003
4031251001
4031251008
4031251009
4031252005
4031252006
4031252007
4031252009
4031253002
4031254004
4031254007
4031254008
4031261003
4031261004
4031261010
4031264004
4031264005
4031264006
4031264007
4031264010
4031270001
4031350001
4031351005
4031360001
4031360002
4031361006
4031361007
4031362000
4031363004
4031363006
4031363007
4031363008
4031364001
4031364006
4031364007
4040010000
4040020000
4040030000
4040040000
4040050000
4040060001
4080000200
4080000300
4080000400
4080000500
4080000600
4080000700
4090000100
4090000200
4100010000
4100030000
4110000100
4110000202
4110000300
4120000100
4120000200
4130010000
4130020000
4130030000
4130040000
4130050000
4130060000
4130080000
4130090000
4130110000
4130120000
4130130000
4130140000
4130150000
4130170000
4130180000
4130190000
4130200000
4130210002
4130220001
4130220004
4130230001
4130230002
4130240001
4130250003
4130270000
4130280000
4130290000
4130300001
4130310001
4130320001
4130320002
4130330003
4130340003
4130350001
4130350002
4130370000
4130380000
4130390000
4130400012
4130400013
4140000100
4140000201
4140000300
4140000400
4140000500
4140000600
4150010001
4150010002
4150020001
4150040000
4150050000
4150060000
4150070000
4150080000
4150090000
4150100000
4150110000
4150120000
4150140001
4150140002
4150150000
4150170000
4150180000
4167810101
4167810104
4167810203
4167810204
4167810205
4167810306
4167810309
4167810401
4167810402
4167810508
4167810509
4167810600
4167810722
4167810723
4167810724
4167810725
4167810802
4167810803
4167810804
4167810805
4167810916
4167810917
4167810918
4167810919
4167810920
4167810921
4167811000
4167811112
4167811113
4167811202
4167811314
4167811315
4167811400
4167811500
4167811624
4167811625
4167811700
4167811800
4167811900
4167812000
4167812100
4167812202
4167812300
4167812400
4167812500
4167812600
4167812700
4170010000
4170020000
4170030000
4170060001
4170070000
4170080000
4170090000
4170100000
4170110000
4170120000
4170130000
4170140000
4170150000
4170160000
4180010000
4180020000
4180030000
4180040000
4180050000
4180070000
4180080000
4180090000
4180100000
4180110001
4180120000
4180130000
4180140000
4180150000
4180160001
4190010200
4190010400
4190010600
4190010700
4190010800
4190010900
4190011000
4190011300
4190011600
4190020100
4190020200
4190020400
4190020600
4190021000
4190021200
4190021300
4190021400
4190021500
4190021600
4190030100
4190030200
4190030300
4190030500
4190030600
4190030700
4190030900
4190031000
4190031100
4190031200
4190031300
4190040100
4190040200
4190040500
4190040600
4190040800
4190040900
4190041200
4190041301
4190041500
4190041600
4200010000
4200020000
4200030000
4200040001
4200040002
4200050003
4200050004
4200050005
4200050006
4200070001
4200070005
4200070006
4200080001
4200080004
4200080006
4200080007
4200090001
4200090002
4200100001
4200100002
4200110000
4200120001
4200150000
4200160003
4200160004
4200170001
4200180001
4200180003
4200180004
4200190001
4200190004
4200190005
4200190006
4210000100
4210000200
4210000400
4220000100
4220000200
4220000300
4220000400
4220000500
4220000600
4230000400
4230000501
4230000800
4230000900
4230001000
4230001100
4230001200
4230001400
4230001600
4230001700
4240000500
4240000600
4240000800
4250010001
4250040000
4250050000
4250060000
4250070006
4250070007
4250080001
4250080002
4250090000
4250100001
4250100002
4250110000
4250110005
4250110006
4250130001
4250140000
4260000000
4260001000
4260002000
4260003000
4260004000
4260006000
4260008000
4270000100
4270000200
4280000100
4280000200
4300030001
4300050000
4300060000
4300070000
4300080000
4300090000
4300110000
4300120000
4300130000
4300140000
4300150000
4300160000
4300170000
4310180002
4310180003
4310180004
4310190001
4310190002
4310190003
4310200000
4310210000
4310220003
4310220004
4310220009
4310220010
4310230001
4310230004
4310230005
4310240000
4310250000
4310280001
4320010001
4320060000
4330000102
4350010001
4350030000
4350040000
4350060000
4350070000
4350080000
4350130001
4350160000
4350170000
4370000100
4370000200
4370000300
4370000500
4370000600
4370000800
4390010000
4390020000
4390030000
4390040000
4390050000
4390060000
4390070000
4390080000
4390090000
4390100000
4390110000
4390120000
4390130000
4390140000
4390150000
4390160000
4390170000
4390180000
4390190000
4390200000
4390210000
4390220000
4400030002
4400040000
4400050001
4400070002
4400090001
4400090002
4400100001
4400120002
4400130000
4400170000
4400180002
4400190000
4400200000
4400210003
4400210004
4400210005
4400210006
4400220000
4400230001
4400230002
4400240000
4400250002
4400270004
4400280000
4400290000
4400330003
4450010001
4450020000
4450020004
4450030002
4450040000
4450050001
4450050002
4450060002
4450070001
4450090000
4450100000
4450110000
4450120000
4450140001
4450160000
4450170000
4450180000
4450190000
4450200000
4450210003
4450240000
4450250000
4450260000
4450270010
4450270012
4450270013
4450280001
4450290005
4450290006
4450300003
4450310000
4450320001
4450320002
4450330002
4450340005
4450350002
4450350003
4450360001
4450360002
4450360004
4450370003
4450370004
4450380000
4450390000
4450400002
4450410006
4450430002
4450440001
4450440002
4450460003
4450460004
4450470000
4450480003
4450480004
4450490009
4450500001
4450510001
4450520002
4450530002
4450540007
4450550001
4450570001
4450600002
4450610000
4450620002
4450630004
4450640000
4450650000
4450660000
4450670002
4450670003
4450680001
4450690001
4450700000
4450740003
4450760002
4450780001
4450810001
4450810004
4450810005
4450860008
4450860011
4450860012
4450860013
4450860016
4450870002
4450870014
4450880003
4450880013
4450890001
4450890013
4480000200
4480000300
4480000400
4480000500
4480000600
4500010001
4500020003
4500020006
4500020007
4500020008
4500030003
4500040000
4500050002
4500060003
4500070004
4500070005
4500070007
4500080002
4500080003
4500090001
4500090007
4500090008
4500100001
4500100006
4500110001
4500110002
4500120002
4500120009
4500120010
4500140001
4500140006
4510000100
4510000200
4540000200
4550010001
4550040000
4550050000
4550060000
4550080001
4550090003
4550090004
4550090005
4550100002
4550120001
4550130004
4550130005
4550130006
4550140001
4560000101
4560000201
4600020005
4600020006
4600030003
4600030004
4600040001
4600040002
4600060001
4600080000
4600100000
4600110002
4600110003
4600110004
4600120000
4600130004
4600140001
4600140002
4600150001
4600150002
4600160001
4600170002
4600170003
4600180003
4600180004
4600190006
4600190007
4600200001
4600200003
4600200004
4640000100
4640000200
4640000300
4640000400
4640000500
4640000600
4640000700
4640000800
4640000900
4650010000
4650020000
4650030000
4650040000
4650050001
4660000000
4660010000
4660020000
4660030000
4660040000
4660050000
4660090000
4660110000
4660120000
4660140000
4660150000
4660160000
4660170002
4660180001
4660200000
4660210000
4660220000
4660240000
4660250000
4660260000
4660270000
4660280000
4660290000
4660300000
4660310000
4660320000
4660330000
4660340000
4660350000
4660360000
4660370000
4660390000
4660400000
4660420000
4660430001
4660450000
4660460000
4660470000
4660490000
4660500000
4660510000
4660520000
4660530000
4660540000
4660550000
4660570000
4660580001
4660600000
4660610000
4660620000
4660630000
4660640000
4660650000
4660680000
4660690000
4660700001
4660720000
4660740000
4660760000
4660770000
4660780000
4660790000
4660800000
4660810000
4660840000
4660880000
4660890000
4660930000
4660970000
4660980000
4660990000
4661010000
4661020000
4661030000
4661050000
4661060000
4661070000
4661080000
4661100000
4661110000
4661140000
4661150000
4661160000
4661170000
4661210000
4661230000
4661240000
4661250000
4661260000
4661270000
4661280000
4661290000
4661300000
4661320000
4661330000
4661340000
4661360000
4661370000
4661380000
4661390000
4661400000
4661420000
4661430000
4661440000
4661450000
4661460000
4661470000
4661490000
4661500000
4661510000
4661520000
4661530000
4661550000
4661570000
4661580000
4661600000
4661610000
4661620000
4661630000
4661640000
4661650000
4661670000
4661680000
4661690000
4661700000
4661710000
4661720000
4661730000
4661740000
4661750000
4661760000
4661770000
4661780000
4661790000
4661810000
4661850000
4661880000
4661900000
4661910000
4661930000
4661940000
4661950001
4661950003
4661950004
4670010000
4670030000
4670040000
4670050000
4670060000
4670070000
4670080000
4670090000
4670100000
4670110000
4670120000
4670130000
4670140000
4670150000
4670160000
4670170000
4670200001
4670210000
4670220000
4670230000
4670240000
4670250000
4670260000
4670270000
4670280000
4670290001
4670310000
4670320000
4670330000
4670340000
4670360000
4670370000
4670380000
4670390000
4670400000
4670410000
4670420000
4670430000
4670440000
4670450000
4670460000
4670470000
4670480000
4670490000
4670500000
4670510000
4670530000
4670540000
4670550000
4670560000
4670570000
4670580000
4670590000
4670600000
4670610000
4670620000
4670630000
4670640000
4670650000
4670660000
4670670000
4670680000
4670690001
4670710000
4670720000
4670730001
4670740001
4670760001
4670770000
4670780000
4670790000
4670800000
4670810000
4670820000
4670830000
4670840000
4670850000
4670860000
4670870000
4670880000
4670890000
4670900000
4670910000
4670920000
4670930000
4670940000
4670950000
4670960000
4670970000
4670980000
4670990000
4671000000
4671010000
4680010000
4680030000
4680060000
4680070000
4680080000
4680090000
4680100000
4680110000
4680120000
4680130000
4680140000
4680150000
4680160000
4680170000
4680180001
4680200000
4680210001
4680240000
4680250001
4680270000
4680290000
4690010002
4690020000
4690030000
4690040000
4690050000
4690060000
4690070000
4690080001
4690080002
4690090000
4690100000
4690110000
4690120000
4690130000
4690140002
4690150000
4690160000
4700010000
4700020003
4700020004
4700030002
4700050003
4700070000
4700080001
4700080002
4700080008
4700100000
4700110002
4700120002
4700130000
4700140000
4700150001
4700170004
4700190001
4700230000
4700240000
4700250001
4700280000
4700300000
4700310001
4700330000
4710010001
4710010002
4710020000
4710030000
4710040000
4710050000
4710060000
4710070000
4710080000
4710090000
4710100000
4710110000
4710130000
4710140000
4710150000
4710160000
4710170000
4710180000
4710190000
4710200000
4710220000
4710230000
4710240000
4710250000
4710260000
4710270000
4710290000
4710300000
4710310000
4710320000
4720010002
4720040000
4720050000
4720060001
4720070001
4720090000
4720100001
4720120000
4720130001
4720150000
4720160000
4720170000
4720180000
4720190000
4720200000
4720210002
4720210003
4720230000
4720240000
4720250000
4720260000
4720270000
4730000001
4730070000
4730080000
4730090000
4730130002
4730140000
4730210000
4730220000
4730230000
4730240000
4730260000
4730270000
4730280000
4730290000
4730300000
4730310000
4730320000
4730340000
4730350000
4730360000
4730370000
4730380000
4730390000
4730400000
4730410000
4730420000
4730430000
4730440000
4730450000
4730460000
4730470000
4740010000
4740020000
4740030000
4740040000
4740050000
4740060000
4740070000
4749000100
4750010001
4750030000
4750040001
4750060000
4750070000
4750080000
4750090000
4750100000
4760110000
4760120000
4760130000
4760140000
4760150000
4760160000
4760170001
4760190000
4760200004
4760200005
4760210001
4760230000
4760240000
4760250000
4760260000
4760270000
4760280000
4760290000
4760300000
4760310000
4760320000
4770330000
4770340000
4770350000
4770360001
4770380000
4770400000
4770410004
4770410005
4770430000
4770440000
4770450001
4770480000
4770490000
4770530000
4770540000
4770550000
4770560000
4770570000
4770580000
4770590000
4770600000
4770610000
4770630000
4770640001
4770660000
4770670000
4770680000
4770690000
4770700000
4770710000
4780000000
4780010000
4780020000
4780030000
4780040000
4780070000
4780090000
4780100000
4780110000
4780130000
4780140000
4780150000
4780160000
4780170000
4780190000
4780220000
4780230000
4780240000
4780250000
4780260000
4790010000
4790020000
4790030000
4790040000
4790050000
4790060000
4790070000
4790080000
4790090001
4790090002
4790110000
4800010001
4800010002
4800020000
4800030000
4800040000
4800050000
4800060000
4800070004
4800090000
4800100000
4800110000
4800120000
4800130000
4800140000
4800150001
4800170002
4800170003
4800180001
4800180002
4800180003
4800190000
4800200001
4800200002
4800200005
4800210001
4800210003
4800220000
4800230001
4820001000
4820002000
4820005000
4820006000
4820007000
4830000100
4830000200
4830000300
4850010003
4850010005
4850010006
4850010007
4850030002
4850030003
4850030004
4850100002
4850120003
4860000400
4860000500
4860000600
4860000800
4860002400
4860003600
4860003901
4860004001
4860004201
4865000900
4865001000
4865001100
4865001200
4865001300
4865001400
4865001500
4865001600
4865001700
4865001900
4865002100
48900 CA
4890000000
4890000200
4890000300
4890000400
4890000500
4890000600
4890000700
4890000800
4890001100
4890001300
4890001500
4890001600
4890001700
4890002000
4890002100
4890002300
4900010000
4900020000
4900030000
4900060007
4900090007
4900100001
4900100002
4900110000
4900120000
4900130000
4900160000
4900170001
4900170002
4900180000
4900200000
4900210001
4900210002
4900220002
4900220004
4900230002
4900230003
4900230004
4900240002
4900250000
4900260000
4900270000
4900280000
4900290000
4900300000
4900310000
4900320000
4900330000
4900340001
4900340003
4900350004
4900360000
4900370000
4900380000
4900390000
4900400000
4900410001
4900410002
4900420000
4900430001
4900430002
4900440002
4900460001
4900470001
4900480001
4900480002
4900490000
4900500001
4900500002
4900510000
4900550001
4900590000
4900610000
4900620000
4900630000
4900640002
4900640003
4900650000
4910 CA
4910000000
4910010000
4910020000
4910030000
4910050000
4910070000
4910090000
4910100000
4910110000
4910120000
4910130000
4910140000
4910150000
4910160000
4910170000
4910180000
4910190000
4910410000
4910420000
4910430000
4910440000
4910450000
4910470000
4911000001
4911010001
4911030001
4911050000
4911060001
4911080001
4920010000
4920020000
4920040001
4920060000
4920070000
4920090000
4920100001
4920120000
4920130000
4920140000
4920150000
4920180000
4920190001
4920210001
4920220001
4920220002
4920240000
4920260001
4920290000
4920300000
4920310000
4920320000
4920330000
4920340001
4920350001
4920360001
4920370000
4920380000
4920390001
4920410000
4920420001
4920430001
4920440000
4920460000
4920470000
4920480000
4920500000
4920510000
4920520000
4920540000
4920550000
4920560000
4920580000
4920590000
4920600000
4920620000
4920660000
4920670000
4920680000
4920690000
4920740000
4920760001
4920780001
4920790001
4920810001
4920820000
4920830000
4920840000
4920850000
4920880000
4920890004
4920910000
4920920001
4920920002
4920930000
4920970000
4920970001
4921100001
4921120000
4921130000
4921140000
4921150000
4921160000
4921200000
4921210000
4921220000
4921230000
4930000000
4930160000
4930570000
4930640000
4930650000
4930700001
4930710003
4930720000
4930730000
4943010000
4943020000
4943030000
4943040002
4943060000
4943070000
4943090000
4943100000
4943110000
4943130001
4943150000
4943160001
4943170000
4943180000
4943190000
4943220000
4943230000
4943240000
4943250000
4943260000
4943280000
4943290000
4943300000
4943310000
4943320000
4943330003
4943350001
4943360000
4943370000
4943380000
4943390000
4943410000
4943430000
4943440000
4943450000
4943460000
4943470000
4943480001
4943510001
4943530001
4943550000
4943560000
4943590001
4943620000
4943630000
4943640000
4943650000
4950010102
4950030303
4950030400
4950030504
4950040300
4950040400
4950040500
4950040600
4950050201
4950050500
4950050600
4950060200
4950060500
4950060600
4960000001
4960000002
4960000003
4960000004
4964020000
4964030000
4964040002
4964060001
4964080001
4964100000
4964110000
4964120001
4964150001
4964190001
4964270000
4964280000
4964290000
4964300000
4964310000
4964320001
4964330000
4964350000
4964360001
4964400000
4964410001
4964430000
4964440000
4964450002
4964480001
4964530000
4964540000
4964580000
4964650001
4964690000
4964700001
4964710002
4964770002
4964800001
4964830000
4964850000
4964860000
4964870001
4964900000
4964940000
4964950000
4964960000
4964970001
4964990000
4965000000
4965040000
4965050000
4965060000
4965080002
4965110000
4965120000
4965150000
4965160000
4965170000
4965180000
4965190001
4965210001
4965240001
4965270000
4965300000
4965310000
4965330000
4965340000
4965350001
4965370000
4965380002
4965390001
4965410000
4965420001
4965430003
4965470000
4965480001
4965520000
4965540001
4965560000
4965570000
4965580001
4965600000
4965610001
4965640000
4965670000
4965680000
4965690001
4970000400
4980000100
4990000101
4990000300
4990000500
4990000700
4990000900
4990001000
4990001200
5000010101
5000010104
5000010201
5000010300
5000010400
5000010501
5000010601
5000010602
5000010800
5000010902
5000011002
5000011504
5000011505
5000011506
5000011603
5000011700
5000011800
5000011901
5000012400
5000020305
5000020306
5000020500
5000020601
5000020701
5000020703
5000020800
5000020900
5000021000
5000021100
5000021300
5000021400
5000021603
5000021604
5000021605
5000021701
5000021800
5000030501
5000030503
5000030505
5000030600
5000030701
5000030702
5000030801
5000030802
5000030900
5000031000
5000031107
5000031108
5000031205
5000031207
5000031208
5000031209
5000031301
5000031402
5000031406
5000031501
5000031502
5000031504
5000031603
5000031605
5000031606
5000031702
5000031800
501 CA
5010010000
5010020001
5010040000
5010050000
5010060000
5010090000
5010100000
5010110002
5010120000
5010130000
5010150000
5010160000
5010170000
5010180000
5010200000
5010220000
5010230000
5010240000
5010250000
5020020000
5030000100
5030000201
5030000202
5040000100
5040000200
5050010000
5050030001
5050040002
5050050000
5050060000
5050070001
5050070002
5050080001
5050080002
5060001600
5060001700
5060001800
5060001900
5060002000
5060002100
5060002200
5060002300
5060002400
5060002500
5060002600
5060002700
5060002800
5060002900
5060003000
5070000000
5070000200
5070000300
5070000400
5070000500
5070000700
5070000900
5070001100
5070001301
5080001000
5080002000
5080006000
5080007000
5080008000
5101040002
5101060003
5101070000
5101100001
5101140002
5101140003
5101150001
5101160002
5101170001
5101170004
5101180000
5101190001
5101190003
5101190005
5101190009
5101190011
5101220001
5110010001
5110010002
5110010003
5110020000
5110030000
5110050001
5110070000
5110080000
5120070000
5120080000
5120090000
5120100000
5120110001
5120120000
5120130002
5120140001
5120140002
5120150001
5120160002
5120170000
5130180000
5130190000
5130200000
5130210000
5130220000
5130230001
5130230003
5130230004
5130240003
5130240004
5130250003
5130250004
5130250005
5130250006
5130260004
5130260005
5130260009
5130260010
5130270000
5130290005
5130290006
5130300006
5130300007
5130310001
5130310002
5130330001
5130330002
5130340001
5130340002
5130350002
5130360002
5130370000
5130380000
5130390002
5130400000
5130410001
5130420000
5130430002
5130440000
5130450000
5130460000
5130470000
5130480000
5130490000
5130500000
5130510000
5141350001
5141360002
5151380003
5151380006
5151380007
5151380008
5151380009
5151390001
5151390004
5151390006
5151390007
5151390010
5151400003
5151400004
5151400005
5151400007
5151400010
5151410007
5151410008
5151410011
5151420003
5151420012
5151420014
5151440010
5151440013
5151440014
5151440015
5151450004
5151460004
5151470003
5161500000
5161510000
5161520000
5161530001
5161530002
5161540000
5161550000
5161560000
5161570001
5161570002
5161580000
5161590000
5161600000
5161610000
5161620000
5161630001
5161630002
5190002000
5190003000
5190004000
5190005000
5190006000
5190007000
5190008000
5200010002
5200010005
5200010006
5200020000
5200030000
5200040002
5200050000
5200060001
5200060002
5200070000
5200080001
5200080003
5200080005
5200080006
5210021100
5210021200
5210021300
5210021400
5210021500
5210021600
5210021800
5210022000
5210022201
5210022301
5210022402
5250010001
5250070000
5250080000
5250090000
5250100000
5250110000
5250120000
5250130000
5250140000
5250160000
5250170000
5250180000
5250190000
5250200000
5250210000
5250220000
5250230000
5250260000
5250270000
5250280000
5250290000
5250300000
5250310000
5250320000
5250330000
5250340000
5260010000
5260020000
5260030000
5260040000
5260060000
5260070000
5260080000
5260090000
5260100000
5260110000
5260110002
5260130000
5260140000
5260150000
5270000000
5270010003
5270010007
5270010009
5270050001
5270060000
5270070000
5270080000
5270090000
5270100000
5270110000
5270150000
5270160000
5270180000
5270190000
5270200000
5270210000
5270220000
5300010003
5300020001
5300040000
5300050000
5300060000
5310000100
5310000300
5320000101
5320000300
5320000400
5340000000
5340000120
5340000121
5340000123
5350010003
5350010009
5350020001
5350020006
5350020007
5350020008
5350030004
5350040006
5350060001
5350070001
5350070002
5350080001
5350080002
5350090000
5350100003
5360000100
5360000400
5360000500
5360000600
5380010000
5380020001
5380030001
5380040001
5380060000
5380070000
5380080000
5380100000
5380110000
5380120000
5380130001
5380150001
5380170001
5380190001
5380210000
5380220000
5380230000
5380240000
5380250000
5380260001
5380280000
5380300001
5380300002
5380310001
5380310002
5380320001
5380320002
539  CA
5390000000
5390002000
5390003000
5390004000
5390005000
5390006000
5390007000
5390008000
5390009000
5390010000
5390011000
5390012000
5390013000
5390014000
5390015000
5390016000
5390017000
5390018000
5390019000
5390020000
5400010001
5400010003
5400010004
5400020002
5400020004
5400020006
5400020007
5400030001
5400040005
5400040006
5400050000
5400060001
5400070002
5400080000
5400090000
5400100001
5400100002
5400110002
5400120001
5400120002
5400130002
5400150001
5400150003
5400180002
5400200002
5400210002
5400210003
5400210004
5400220000
5400230000
5400250001
5400250003
5400260000
5400270000
5400280000
5400290002
5400300001
5400310000
5400320000
5400330000
5400340001
5400340002
5400350000
5400360001
5400360002
5400370000
5400380000
5400390000
5400400000
5400410001
5400410002
5400420000
5400440004
5400460001
5400460002
5400470008
5400470013
5400470014
5400470015
5400480003
5400480005
5400480007
5400480010
5400480013
5400480014
5400490004
5400500002
5400500008
5400500010
5400510002
5400510004
5400510005
5400510008
5400510009
5400520004
5400520006
5400520007
5400520008
5400530001
5400530002
5400540004
5400540005
5410010000
5410030001
5410030002
5410050000
5410060001
5410060003
5410070002
5410090003
5410100001
5410100003
5410100004
5410130000
5410140000
5410150000
5410160000
5410170001
5410190002
5410210002
5410230000
5410240000
5410250000
5410270000
5410280000
5410290000
5410300001
5410340000
5410350000
5410360001
5410390000
5410400000
5410410000
5410420000
5410430000
5410440000
5410450000
5410460000
5410470000
5410510001
5410520000
5410550000
5450010101
5450020103
5450020105
5450020106
5450020201
5450020303
5450020401
5450030100
5450030202
5460000100
5490000100
5490000200
5490000700
5490000800
5490000900
5500010002
5500010004
5500050002
5500060001
5500100001
5500110004
5540000000
5540000200
5540000300
5550070002
5550070003
5550090000
5550100000
5550120000
5550130000
5550150000
5550160001
5550180000
5550190000
5550200001
5550210001
5550230000
5570005300
5580012901
5580020200
5580020300
5580020600
5590010000
5590030000
5590040000
5590050000
5590060000
5590070000
5590080000
5600010003
5600010004
5600010007
5600010008
5600010011
5600020000
5600030000
5600040001
5600040002
5600050000
5600060000
5600070000
5600080000
5600090000
5600100000
5600120000
5600130001
5600160002
5600180000
5600210000
5600230000
5600240004
5600240005
5600250002
5600260000
5600270000
5600280000
5600290000
5600300000
5600330000
5600350000
5610360001
5610370000
5610380004
5610390001
5610400001
5610410001
5610420001
5610430001
5610440000
5610450000
5610460000
5610470000
5610480000
5610540000
5610560000
5610570000
5610580000
5610590000
5610600001
5610600002
5610600003
5610610000
5610620001
5610630003
5610630004
5620010000
5620020000
5620030002
5620040000
5620060000
5620070000
5620080000
5620090000
5620100000
5620110002
5620110003
5620110004
5620120000
5620130000
5620140000
5620150000
5620160000
5620170001
5620170002
5620180000
5630010000
5630020001
5630020002
5630050001
5630060001
5640000200
5640000300
5640000400
5640000700
5640000800
5640001100
5640001200
5640001300
5640001400
5641000500
5641000600
5650010100
5650010201
5650010202
5650010301
5650010302
5650010400
5650010500
5650010700
5650010701
5650010802
5650010900
5650011000
5650020102
5650020103
5650020202
5650020203
5650020301
5650020302
5650020403
5650020404
5660000100
5660000200
5660000300
5670000100
5670000200
5680000000
5680010002
5680010003
5680010004
5680020001
5680020002
5680030000
5680040003
5680050005
5680070000
5680090000
5680120000
5680130000
5680140000
5680150000
5680160000
5680180000
5680190000
5700020000
5700030002
5700040000
5700050000
5700060000
5700090007
5700090009
5700100002
5700110001
5700120002
5700130001
5700150000
5700160001
5700160003
5700160006
5700170000
5710010000
5710030000
5710040001
5710050008
5710060005
5710060006
5710070003
5710070004
5710080000
5710090000
5710100000
5710110001
5710110002
5710120000
5710130002
5710140000
5710150000
5710160001
5710170000
5710180000
5720000001
5730030001
5730030002
5740000100
5750010000
5750020000
5750030000
5750040000
5750050000
5750060000
5750070000
5750080000
5750090000
5750100000
5750110000
5760010000
5770000100
5770000200
5770000300
5770000400
5770000500
5770000600
5770000700
5780000001
5780010010
5780010020
5780010030
5780010040
5780010060
5780020010
5780020020
5780020030
5780020050
5780030010
5780030020
5780040010
5780060010
5780070010
5780080040
5780090010
5780090030
5780090040
5780090050
5780100020
5780100060
5780110030
5780110050
5780110060
5780120020
5780120030
5780120040
5780120050
5780120060
5780130010
5780130020
5780130030
5780130050
5780130060
5780140010
5780140020
5780160010
5790000100
5790000200
5790000300
5800010101
5800010103
5800010104
5800010200
5800010300
5800010400
5800050000
5800060000
5800070002
5800070004
5800070005
5800070006
5810010000
5810020000
5810030000
5810040000
5810050000
5810060001
5810060002
5810080000
5810090000
5810100000
5810110000
5810120000
5810130001
5810160000
5810170001
5820010000
5820020000
5820030000
5820040000
5820050000
5820060000
5820070000
5820080000
5820090000
5820100000
5820110000
5820120000
5820130000
5820140000
5820150000
5830010000
5830020000
5830030000
5830040000
5830050000
5830070000
5830080000
5830090000
5830110000
5830120000
5850010000
5850020001
5850020002
5850030002
5850040002
5850050001
5850050002
5850060002
5850070001
5850070003
5850080000
5850090001
5850090002
5850100001
5850100003
5850100005
5850100007
5850110001
5850110002
5850120001
5850120002
5850130004
5850130005
5850130007
5850130008
5850150009
5850150011
5850160000
5850170000
5850180001
5850180002
5850190000
5850200000
5850210000
5850220000
5850230007
5850230010
5850230011
5850230012
5850230013
5850230014
5860010000
5860030000
5860040000
5860060000
5860080000
5870010001
5870010002
5870030000
5870050000
5870060000
5870080001
5870080002
5870090000
5870100000
5870120000
5870130000
5870150000
5870160001
5870160002
5870170000
5870180000
5880000100
5880000200
5880000301
5880000400
5880000500
5880000600
5890010000
5900010103
5900010104
5900010105
5900010109
5900010202
5900010300
5900010400
5900010500
5900020100
5900020200
5900020300
5900020504
5900020601
5900020702
5900020703
5900030000
5900040100
5900040200
5900040300
5900040400
5900050100
5900050200
5900060101
5900070100
5900070201
5900070301
5900070400
5900070500
5900080100
5900080200
5900080300
5900080400
5900090001
5900090003
5910001000
5910002000
5910003000
5920010000
5920020000
5920030000
5920040000
5920050000
5920060000
5940000200
5940000300
5940000400
5940000500
5940000600
5940000700
5940000800
5950010000
5950030000
5950040000
5950050000
5950060000
5950070000
5950080000
5950090000
5950100000
5950110001
5950120000
5950130000
5950140000
5950170000
5950180000
5950200000
5950210000
5950220001
5950250000
5950270000
5950290000
5960002000
5960005000
5960006000
5970019100
5970019200
5970019300
5970019400
5970019500
5980000000
5980000100
5980000400
5980000500
5980000700
5980000900
5980001000
5990007100
6000010001
6000010002
6000030001
6000050001
6000070000
6000080000
6000090000
6000120000
6000130001
6000150000
6000160000
6000180000
6000190000
6000200000
6000210000
6000220000
6000230000
6000240000
6000250000
6000260000
6000270000
6000280000
6000290000
6000300001
6000330000
6010350001
6010350002
6010360001
6010380000
6010390000
6010400001
6010420000
6010430000
6010440000
6010450000
6010460000
6010470000
6010480000
6010490001
6010510001
6010520000
6010530000
6010540000
6010550000
6010560000
6010570000
6010590000
6010600001
6010620000
6010630001
6010640001
6010660000
6010670000
6010680001
6010720001
6010730000
6010740001
6010760002
6010770002
6010790001
6010810000
6010820000
6010840000
6010850000
6010860000
6010870000
6010880000
6010890000
6010900001
6010920000
6020010000
6020020000
6020030000
6020040000
6020050000
6020060001
6020080000
6020090000
6020100000
6020120000
6020130000
6020140000
6020160000
6020180003
6020190000
6020200000
6020220000
6020230000
6032980000
6032990000
6033000000
6033010000
6033060000
6033070000
6033080000
6033090000
6033100000
6033110000
6033120000
6033130000
6033140000
6033170000
6033180000
6033200000
6033210001
6033230000
6033240000
6033250000
6033260000
6033280000
6033290000
6033300000
6033310000
6033320000
6033330000
6033340000
6033350000
6033360000
6033370000
6033380000
6033400000
6033410000
6033420000
6033430000
6033440000
6033450000
6033460000
6033470000
6033480000
6033510000
6033530000
6033540000
6033570000
6033590000
6033610000
6033620000
6033630000
6033640000
6033650000
6033660000
6033670001
6033700000
6033710000
6033720000
6033760000
6033770000
6033780000
6033800000
6033810000
6033820000
6033830000
6033840000
6033850000
6033860000
6033890000
6033900000
6033910000
6033930000
6033940000
6033950000
6033960000
6033970000
6033980000
6033990000
6034000000
6034010002
6034040000
6034090000
6034100000
6034120000
6034140000
6034150000
6034170000
6034180000
6034190000
6034200000
6034210000
6034230000
6034240000
6034250000
6034260000
6034270000
6034280000
6034290000
6034300000
6034310000
6034320000
6034330000
6034340000
6034360000
6034370000
6034400000
6034410000
6034420000
6034440000
6034460000
6034470000
6034480000
6034520000
6034530000
6034540000
6034550000
6034570000
6034580000
6034600000
6034610000
6034620000
6034630000
6034640000
6040000001
6040100100
6040100200
6040100300
6040100400
6040100500
6040100600
6040100900
6040101001
6040101201
6040101300
6040101400
6040101500
6040101601
6040101700
6040101800
6040101900
6040102100
6040102300
6040102500
6040102700
6040102900
6040103000
6040103100
6040103201
6040103400
6040103500
6040103600
6040103700
6040103800
6040200201
6040200300
6040200401
6040200601
6040200800
6040200900
6040201000
6040201100
6040201200
6040201300
6040201400
6040201501
6040201700
6040201800
6040201900
6040202000
6040202200
6040202300
6040202501
6040202700
6040300100
6040300200
6040300300
6040300401
6040300601
6040300800
6040300900
6040301000
6040301100
6040301201
6040301400
6040301500
6040301600
6040301700
6040301900
6040302000
6040302100
6040302200
6040302401
6040302700
6040302800
6040302900
6040303000
6040400100
6040400200
6040400301
6040400400
6040400500
6040400600
6040400700
6040400801
6040400900
6040401000
6040401100
6040401300
6040401402
6040401800
6040500100
6040500300
6040500400
6040500500
6040500600
6040500701
6040500900
6040501000
6040501301
6040501600
6040501700
6040501801
6040501900
6040502000
6040502100
6040502200
6040502400
6040502500
6040502601
6040502902
6040503200
6040503300
6040503400
6040503500
6040503600
6040503700
6040503800
6040504000
6040504300
6040504400
6040504501
6040504601
6040504800
6040504900
6040505201
6040505400
6040505500
6040600100
6040600200
6040600300
6040600500
6040600600
6040600700
6040600801
6040601000
6040601102
6040601601
6040601900
6040602000
6040602100
6040602200
6040602300
6040602502
6040602701
6040602900
6040603001
6040603401
6040603601
6040603800
6040604100
6040604200
6040604300
6040604400
6040604500
6040604900
6040605000
6040605200
6040700101
6040700300
6040700400
6040700500
6050010001
6050010004
6050010006
6050020000
6050030008
6050030009
6050060008
6050060009
6050070002
6050080009
6050090010
6050090011
6050100000
6050120000
6050130008
6050140001
6050150001
6050170000
6050180002
6050180003
6050200001
6050200002
6050210001
6050210002
6050220001
6050220002
6060000100
6060000200
6070000101
6070000201
6080000100
6080000200
6080000400
6080000500
6080000600
6090000000
6100010000
6100020000
6100030000
6100040000
6100050001
6100050002
6100060000
6100070001
6100080001
6100080002
6100090001
6100090002
6100120001
6100120002
6100130000
6100150002
611 CA
6110010000
6110020000
6110040000
6110050000
6110060000
6110080000
6110090000
6110100000
6110110000
6110140000
6110150001
6110190000
6110220000
6110230000
6110240000
6120010000
6120020000
6120030000
6120050000
6120060000
6120070000
6120080000
6120090000
6120100000
6120110000
6120120000
6120130000
6120140001
6120160001
6120160002
6120170004
6120170005
6120180001
6120180004
6120180005
6120190000
6120200000
6120210002
6120210003
6120210005
6120210006
6120210007
6120210008
6120210009
6120210010
6120210012
6120220001
6120220003
6120220004
6120230000
6120240001
6120240003
6120250001
6120250002
6120260000
6120270000
6120280000
6130010000
6130020000
6130030000
6130040000
6130060000
6130070000
6130080000
6130090000
6130100000
6130110000
6130120000
6140010000
6140030000
6140040000
6140050000
6140070001
6140100001
6140110000
6140120001
6140130001
6140150001
6140160001
6140170001
6140180001
6140200001
6140210001
6140230001
6140250001
6140270001
6140280002
6140310000
6140330001
6140380000
6140400001
6140460000
6140470000
6140490000
6140500001
6140520000
6140530000
6150010000
6150020000
6150080000
6150100000
6150140000
6150190000
6150200000
6160010000
6160020000
6160030000
6160040000
6160070000
6160080000
6160090000
6160110000
6160120000
6160130000
6160140000
6160160002
6160170000
6160180000
6170010001
6170040000
6170050000
6170060000
6170070001
6170070002
6170080000
6170090000
6170110001
6170120002
6170140003
6170160000
6170170000
6170180000
6170190000
6170200000
6190000000
6190000100
6190000200
6190000300
6190000400
6190000500
6190000600
6190000700
6190000800
6190000900
6190001000
6190001100
6200010004
6200010006
6200010007
6200010009
6200010010
6200020005
6200020010
6200020012
6200020016
6200030001
6200030002
6200040002
6200040004
6200050005
6200050009
6200050011
6200050012
6200050014
6200050015
6200060001
6200060006
6200060007
6200060008
6200060009
6200070014
6200070015
6200070016
6200070017
6200070018
6200080003
6200100002
6200110000
6200120000
6200130000
6200140001
6200150001
6200160000
6210000101
6220000100
6220000200
6230000100
6230000200
6230000301
6230000302
6230000400
6230000500
6240000000
6240000100
6240000200
6240000300
6240000400
6240000500
6240000600
6240000700
6240000800
6240000900
6240001100
6240001200
6250010013
6250010014
6250020007
6250020009
6250020010
6250020011
6250020012
6250020013
6250020014
6250030001
6250050000
6250060001
6250070004
6250080003
6250080004
6250090002
6250090008
6250100002
6250100003
6250110005
6250110006
6250120001
6250120002
6250130008
6250130010
6250130015
6260000000
6270000100
6270000200
6300010000
6300020000
6300030000
6300040000
6300050000
6300060000
6300070000
6300120000
6300130000
6300140000
6300150000
6300160000
6340000100
6340000200
6340000300
6340000400
6340000500
6340000600
6350010103
6350010401
6350020701
6350030102
6350030301
6350040701
6350040801
6350040802
6350051302
6350051601
6350060601
6350060603
6350060700
6350060801
6350060802
6360000000
6360020000
6360040000
6360050000
6360060000
6360070000
6360080000
6360090000
6360100000
6360110000
6360120000
6360130000
6360140000
6360150000
6360170000
6360180000
6360190000
6360200000
6360210000
6360220000
6360230000
6360240000
6360270000
6360280000
6360290000
6360300000
6360310000
6360330000
6370010001
6370020000
6370030001
6370040001
6370050000
6370060000
6370070002
6370080000
6370090001
6370120000
6370130000
6370140000
6370150000
6370160000
6380010000
6380020000
6380030000
6380040000
6380050000
6380060000
6380070000
6380080000
6380090000
6380110000
6380120000
6380130000
6380150000
6380170000
6380180000
6380190000
6380200000
6380210000
6380220000
6380230000
6380240000
6380250000
6380260000
6380270000
6380280000
6380290000
6380300000
6380310000
6380330000
6380340000
6380350000
6380360000
6380370000
6380380000
6380390000
6380400000
6380410000
6380430000
6380440000
6380450000
6380460000
6380470000
6380480000
6380490000
6380510000
6380520000
6380530000
6380540002
6380560000
6380570000
6380580000
6380590000
6380600000
6380610000
6380620000
6380650000
6380660000
6380670000
6390020000
6390030000
6390050000
6390060000
6390080000
6390090000
6390100000
6390110000
6390120001
6390140000
6390150000
6390160000
6390170000
6390180000
6390190000
6390210000
6390220000
6390230000
6390240000
6390250000
6390260000
6390280000
6390290000
6390300000
6390310001
6390310002
6390320001
6390330000
6390340000
6390350000
6390370000
6390380000
6390390000
6390400000
6390410000
6390430000
6390450002
6390480000
6400010003
6400010005
6400010006
6400020013
6400020014
6400020015
6400030002
6400030003
6400040002
6400070001
6400080001
6400080006
6400080007
6400080008
6400090001
6400090004
6400090006
6400090008
6400090010
6400110007
6400110008
6400110009
6400120000
6400150002
6400170003
6400170004
6400170005
6400170006
6400210001
6400250000
6400260000
6400270000
6400280000
6400290001
6400290002
6400300002
6400300003
6400330010
6400330011
6410000000
6411000000
6411010000
6411020000
6411030000
6411040000
6411050000
6411060000
6411070000
6411080000
6411090000
6411110000
6411120000
6411130000
6411140000
6411150000
6411160000
6411170000
6411190000
6411200000
6411210000
6411220000
6411230000
6411240000
6411250000
6411260000
6411270000
6411280000
6411290000
6411300000
6411310000
6411320000
6411330002
6411340001
6411340002
6411350000
6411360000
6411370000
6411380002
6411390000
6411400000
6411420000
6411430000
6411450000
6411460000
6411470000
6411480000
6411490002
6411500000
6411510000
6411520000
6411530000
6411540000
6411550000
6411560000
6411570000
6411580000
6411590000
6411600000
6411620000
6411630000
6411640000
6411650000
6411660000
6411670000
6411680000
6411690000
6411720002
6411730000
6411750000
6411770000
6411780000
6411790000
6411800000
6411810000
6411820000
6411830000
6411840001
6421000000
6421002000
6421003000
6421005000
6421006000
6421007000
6421008000
6421009000
6421010000
6421011000
6421012002
6421013000
6421016000
6421017000
6421018001
6421019002
6421021000
6421022000
6421023000
6421024000
6421025000
6421026000
6421027000
6421028000
6421029000
6421030000
6421031000
6421032000
6421033000
6421034000
6421035000
6421036000
6421037000
6421038002
6421039000
6421042000
6421043000
6421044000
6421045000
6421046000
6421049000
6421053002
6421054000
6421056000
6421057000
6421059000
6421060000
6421061000
6421062000
6421064000
6421067000
6421068000
6421069001
6421071000
6421072000
6421073000
6421075000
6421077000
6421078000
6430000000
6431079000
6431080000
6431081000
6431081001
6431082000
6431083000
6431084000
6431085000
6431086000
6431087000
6431088000
6431090000
6431091000
6431092000
6431097000
6431098000
6431099000
6431100002
6431101000
6431102000
6431103000
6431105000
6431106000
6431107000
6431108000
6431109000
6431110000
6431111000
6431112000
6431113000
6431114002
6431115000
6431116000
6431117000
6431118000
6431119000
6431120000
6431122000
6431123000
6431124000
6431125000
6431126000
6431127000
6431129001
6431129002
6431131000
6431132000
6431133000
6431134000
6431135000
6431137000
6431138000
6431139000
6431140000
6431143000
6431144000
6431145000
6431146000
6431148000
6431150000
6431151000
6431152000
6431153000
6431154000
6431156000
6431157000
6431158000
6431160000
6431161000
6431162000
6431164000
6431165003
6431167000
6431168000
6431169000
6431170000
6431171000
6431172000
6431173000
6431174000
6440000000
6440100000
6440110000
6440120000
6440130000
6440150000
6440170000
6440190000
6440230000
6440250000
6440270000
6440280000
6440310000
6440330000
6440340000
6440350000
6440360000
6440370000
6450010003
6450010006
6450010008
6450010009
6450010012
6450010013
6450020004
6450020006
6450020008
6450020009
6450040005
6450040011
6450040013
6450040014
6450050001
6450050003
6450050004
6450050008
6450050011
6450050012
6450060001
6450080001
6450080005
6450080009
6450080010
6450080011
6450080012
6450080013
6450090003
6450090004
6450090005
6450090007
6450090008
6450100000
6450120000
6450130000
6460010000
6460020000
6460030000
6460040001
6460040002
6460050001
6460050003
6460050004
6460060000
6460070000
6460080000
6460110000
6460120000
6460130000
6460140000
6460150000
6460160000
6460170000
6460180000
6460190000
6460200000
6470010002
6470020000
6470030000
6470040000
6470050000
6470060000
6470070000
6470080000
6470090000
6470100000
6470110000
6470120000
6470130000
6470140000
6470150000
6470160000
6470170000
6480010000
6480060000
6480110001
6480110002
6480150000
6490010000
6490040000
6490050000
6490060000
6490070000
6490080000
6490090000
6490120000
6490130000
6490140000
6490150000
6490170000
6490180000
6490190000
6490200001
6490220000
6490230000
6490240000
6490250000
6490270000
6490290000
6490310000
6490320000
6490330000
6500010100
6500010207
6500010208
6500010305
6500010306
6500010407
6500010408
6500010502
6500010503
6500010701
6500010801
6500010802
6500011101
6500011103
6500011104
6500011202
6500011204
6500011301
6500011302
6500011401
6500011404
6500011405
6500011406
6500011501
6500011600
6500011702
6500011703
6500020101
6500020103
6500020105
6500020114
6500020115
6500020116
6500020203
6500020204
6500020206
6510010100
6510010200
6510010300
6510010400
6510010500
6510010600
6510010700
6510010800
6510010900
6510011000
6510011100
6510011200
6510011300
6510011400
6510011500
6510020100
6510020200
6510020300
6510020400
6510020500
6510020600
6510020700
6510020800
6510020900
6510021000
6510021100
6510021200
6510021300
6510021400
6510021500
6520010000
6520020000
6540000101
6550010005
6550010006
6550020006
6550020007
6550040001
6550050006
6550050008
6550050009
6550050010
6550060003
6550080001
6550090000
6550100001
6550110003
6550110004
6550110005
6560010100
6560010200
6560010300
6560010501
6560010700
6560020100
6560020200
6560020300
6560020400
6560020500
6560020600
6560020700
6560020800
6570000100
6570000200
6570000300
6570000400
6570000500
6570000601
6600010000
6600010001
6600020000
6600020001
6600030000
6600030002
6600030003
6600040000
6620010000
6670001000
6670002000
6670003000
6670004000
6670005000
6670006000
6670007000
6670008000
6670009001
6670009002
6670010000
6670011000
6700010003
6700010004
6700020005
6700020006
6700030000
6700040002
6700060001
6700060002
6700060003
6700070000
6700080001
6700080002
6700110000
6700120000
6700130000
6700140000
6700150000
6700160000
6700170000
6700180002
6700190003
6700220001
6700260001
6700260004
6700260005
6710000000
6710020000
6710030000
6710050000
6710060000
6710070000
6710090000
6710100000
6710110000
6710120000
6710130000
6710140000
6710150000
6710160000
6710170000
6710180000
6710190000
6710200000
6710210000
6710220000
6710240000
6710260000
6710270000
6710280000
6710290000
6710300000
6710310000
6710320000
6710330000
6710340000
6710350000
6710360000
6710370000
6710380000
6710390000
6710400000
6710420000
6710430000
6710440000
6710450000
6710460000
6710470000
6710480000
6710490000
6710500000
6710510000
6710520000
6710530000
6710560000
6710580000
6710590000
6710600000
6710610000
6710630000
6710640000
6710650000
6710660000
6710670000
6710680000
6710700000
6710710000
6710720000
6710730000
6710740000
6710760000
6710780000
6710790000
6710800000
6710810000
6710820000
6710830000
6710840000
6710850000
6710860000
6710870000
6710880000
6710900000
6710910000
6710920000
6710930000
6710950000
6710980000
6710990000
6711000000
6711010000
6711020000
6711030000
6711040000
6711050000
6711060000
6711070000
6711090000
6711100000
6711110000
6711120000
6711130000
6711140000
6711170000
6711180000
6711190000
6711200000
6711220000
6711230000
6711240000
6711260000
6711270000
6711280000
6711300000
6711310000
6711330000
6711340000
6711360000
6711370000
6711380000
6711390000
6711400000
6711410000
6711430000
6711440000
6711450000
6711460000
6711480000
6711490000
6711500000
6711510000
6711520000
6711530000
6711540000
6711550000
6711560000
6711570000
6711580000
6711590000
6711600000
6720010001
6720020001
6720050000
6720060000
6720080000
6720110000
6720120000
6720130000
6720140000
6720150000
6720160000
6720180000
6720190000
6720200000
6720210000
6720220000
6720230000
6720240000
6720250000
6730010000
6730020000
6730030000
6730040000
6730050000
6730060000
6730080000
6730090000
6730100000
6730110000
6730120000
6730130000
6730140000
6730200000
6730210000
6730220000
6730230000
6730240000
6730250002
6730260000
6730280000
6730290000
6730300000
6730310000
6730320000
6730330000
6730340000
6730350000
6730360000
6730370000
6730400000
6730410000
6730430000
6730460000
6730480000
6730490000
6730500000
6730520000
6730530000
6730540000
6730550000
6730560000
6730570000
6730580000
6730590000
6730600000
6730610000
6730640000
6730660000
6730680001
6730700000
6750010001
6750030000
6750040000
6750050001
6750050002
6750120001
6760000100
6770022700
6770023301
6770023500
6800010003
6800040001
6800040002
6800070002
6800080003
6800090001
6800100000
6800110001
6800110002
6800120000
6800130002
6800150005
6800160002
6800160003
6850010001
6850010003
6850020004
6850020005
6850030006
6850030008
6850040004
6850050002
6850060001
6850060003
6850060004
6850060014
6850060016
6850070003
6850070004
6850070006
6850080002
6850090003
6850090004
6850090009
6850100012
6850120012
6850130003
6850130004
6850130010
6850130011
6850130012
6880000200
6880000300
6880000400
6880000500
6880000600
6880001100
6880001200
6880001300
6880001400
6880001500
6880001600
6880001700
6910000600
6950010001
6950010002
6950030001
6950040003
6950060000
6950070007
6950110004
6950110005
6950120000
6950130001
6950190006
6950210001
6950220000
6960000000
6960020000
6960040000
6960050000
7000020002
7000020003
7000050001
7000060001
7000070001
7000080000
7000090000
7000100000
7000110000
7000130003
7000150002
7000170000
7000180000
7000190000
7050010000
7050020000
7050030000
7050040002
7050060001
7050060002
7050070002
7050080001
7050080003
7050080004
7100040006
7100040008
7100050003
7100050004
7100050018
7100060001
7100060004
7100070003
7100080005
7100080007
7100080009
7100080010
7100080011
7100090001
7100090003
7100090005
7100100007
7100100009
7100100011
7100100015
7100100017
7100100022
7100100023
7100100024
7100100025
7100100028
7100100029
7100100030
7100100031
7100100032
7100110004
7100110005
7100120003
7100120004
7100120010
7100120012
7100120013
7100130001
7100140001
7100140002
7100150000
7100160000
7110000100
7120010004
7120030005
7120040001
7120060006
7120070007
7120080000
7120090000
7120100000
7120110000
7120120021
7120130009
7120140010
7120150000
7120160000
7120170011
7120190012
7120200013
7120210014
7120220015
7120230016
7120240017
7120260023
7120270024
7120280025
7140000100
7140000200
7150010000
7150020000
7150030000
7150040000
7150050000
7150060000
7150070000
7150080000
7170000000
7170010000
7170030000
7170040000
7170050000
7170070000
7170080000
7170100000
7170110000
7170120000
7170130000
7170140000
7170150000
7170170000
7170180000
7170200001
7170220000
7170230000
7170240000
7170270000
7170280000
7170290000
7170300000
7170310000
7170320000
7170330001
7170350000
7170360000
7170380000
7170390000
7170400000
7170410000
7170420000
7200010000
7200020001
7200020005
7200020006
7200030003
7200070001
7200070003
7220010000
7220020000
7220030000
7220040000
7220050000
7220060000
7220070000
7220100000
7220120000
7220130000
7220140000
7220150000
7220170000
7220180000
7220190000
7220210000
7220220000
7220230000
7220240000
7220250000
7220260000
7220270000
7220280000
7220290000
7220300000
7220310000
7220320000
7220330000
7220340000
7220350000
7220360000
7220370000
7220380000
7220390000
7220400000
7220410000
7220420000
7220440000
7220450000
7220460000
7220480000
7230000200
7230000300
7230000500
7230000700
7230000800
7230001000
7230001100
7230001200
7230001301
7230001500
7230001600
7230001700
7230001800
7240001300
7250020000
7250030001
7250030002
7250040001
7250050000
7250060000
7250070001
7250080000
7250090000
7250100000
7250110005
7250120000
7250130000
7250150001
7250150002
7250160002
7250160005
7250170002
7250170003
7250170004
7270000000
7270002000
7270003000
7270005000
7270006000
7280001000
7280003000
7290000201
7290000500
7290000600
7300010100
7300010201
7300010301
7300010402
7300010501
7300010600
7300010700
7300010801
7300010901
7300011002
7300011102
7300020100
7300020200
7300020300
7300020400
7300030002
7300030401
7300030601
7300030602
7310080000
7310090001
7310120000
7310130000
7310160000
7310170000
7310200001
7310220000
7310240000
7310250000
7320010000
7320020000
7320030000
7320040000
7320050000
7320060000
7320070000
7320080000
7320090000
7320100000
7320110000
7320120000
7320130000
7320140000
7320150000
7320160000
7320170000
7320180000
7320190000
7320200000
7320210000
7320220000
7320230000
7320240000
7320250000
7330020000
7330040000
7330050001
7330050002
7330070000
7330080005
7330090009
7330100009
7330100010
7340000001
7340030000
7340040000
7340050000
7340060000
7340070000
7340080000
7340090000
7340100000
7340110000
7340120000
7340140000
7340160000
7340170000
7340180000
7340190000
7340200000
7340220000
7350050001
7350060001
7350060002
7350060003
7360010000
7370000000
7370001000
7370002000
7370003000
7370004000
7370005000
7370006000
7370007000
7370008000
7370009000
7370010000
7370011000
7400010001
7400030005
7400070000
7400080001
7400090002
7400100001
7400100002
7400110001
7400130000
7410010000
7430000100
7430000200
7430000300
7430000400
7430000500
7440000100
7440000200
7450010000
7450020000
7450030000
7450060000
7450070000
7450080000
7450090000
7450100000
7450110000
7450120000
7450130000
7450150000
7460000001
7460010001
7460020000
7460070000
7460090000
7460100000
7470000001
7470000002
7470090000
7470110000
7470120000
7470130000
7470140000
7470150000
7470160000
7470170000
7470180000
7470190000
7470200000
7470210001
7470230002
7470240000
7470250001
7470250002
7470260002
7470270000
7470280000
7470300000
7470310001
7470310002
7470320000
7470330000
7470340000
7470350003
7470360000
7470370000
7470380000
7470390000
7470420000
7470430003
7470440000
7470450000
7470460000
7470470000
7470480000
7470490000
7470500000
7470510000
7470520000
7470530000
7470540000
7470560000
7470570000
7470580000
7470590000
7470600000
7470610000
7470620000
7470630005
7470650000
7470660000
7470670000
7470680000
7470710000
7470720000
7470730000
7470740000
7470750003
7470770000
7470780000
7470790000
7470800000
7470810001
7470820001
7470820002
7470830003
7470830004
7470840000
7470850000
7470860000
7470870000
7470880000
7470890000
7470920000
7470930001
7470950000
7470960000
7470970002
7470980001
7470980002
7471000000
7471010000
7471040000
7471050000
7471060000
7471070000
7471090000
7471100000
7471110000
7471120001
7471120002
7471120003
7471140000
7471150000
7471170000
7471180000
7471200000
7471210000
7471220000
7471250000
7471260000
7471280001
7471280002
7471290000
7471320000
7471330000
7471340000
7471350001
7471360000
7471370000
7471380000
7471390000
7471400000
7471430001
7471450000
7471470001
7471470002
7471480000
7471490000
748 CA
7480000000
7480010000
7480020000
7480040000
7480050000
7480060000
7480070000
7480080001
7480090001
7480090002
7480120000
7480130000
7480140000
7480150001
7480150002
7480160001
7480160002
7480170000
7480180000
7480190000
7480200000
7480210000
7480240000
7480250000
7480260000
7480280000
7480290000
7480310000
7480320000
7480330000
7480350000
7480370000
7480380001
7480380002
7480390000
7480410000
7480420000
7480430000
7480440000
7480450000
7480460000
7480470000
7480480000
7480490000
7480500000
7480510000
7480520000
7480530000
7480550000
7480560000
7480570000
7480580000
7480590000
7480600000
7480610000
7480620000
7480630000
7480640000
7480650000
7480660000
7480670000
7480690000
7480710000
7480720000
7480730003
7480730004
7480750000
7480760001
7480760002
7480780001
7480790000
7480800000
7480830000
7480840000
7480850000
7480860000
7480870000
7480890000
7480900000
7480920000
7480930000
7480940000
7480950000
7480970001
7480970002
7480980001
7480980002
7480990002
7481000000
7490000001
7490000002
7490010000
7490130002
7490170001
7490190000
7490200000
7490270000
7490280000
7490340000
7490350001
7490360000
7490380000
7490390000
7490400000
7490410000
7490440000
7490450000
7490460001
7490480000
7490490000
7490500000
7490510000
7490520000
7490530000
7490540000
7490550000
7490560000
7490570000
7490580001
7490600000
7490610000
7490620000
7490630000
7490720000
7490780000
7490790000
7490800000
7490810001
7490830000
7490840000
7490850001
7490870001
7490910003
7490980000
7490990000
7491000000
7491010000
7491020000
7491030000
7491040000
7491050000
7491060000
7491070000
7491080000
7491110000
7491120001
7491140000
7491150000
7491170000
7491180000
7491190000
7491200000
7491210000
7491220001
7491240000
7491260000
7491270000
7491290001
7491310000
7491320000
7491350000
7491360000
7491370000
7491380000
7491390001
7491420001
7491440000
7491450000
7491460000
7491470000
7491490001
7491520000
7491530001
7491560000
7491570000
7491580000
7491590000
7491600001
7491620001
7491640001
7491660001
7491690000
7491700000
7491720000
7491730000
7491740000
7491810001
7491850000
7491860000
7491870000
7500010000
7500020000
7500030001
7500050006
7500060005
7500080001
7500080002
7500110001
7500110002
7500120000
7500130001
7500140000
7500180001
7500190001
7500210002
7500240000
7510000000
7510010000
7510020000
7510030000
7510040000
7510050000
7510080000
7510090000
7510100000
7510120001
7510140000
7510150001
7510180000
7510190001
7520010001
7520040000
7520080000
7520090000
7520100000
7520110000
7520120000
7520130000
7520140000
7520150000
7520160000
7520170002
7530010000
7530020000
7530030000
7530040000
7530050000
7530080000
7530090000
7530100000
7530110000
7530120000
7530130000
7530140000
7530150000
7530160000
7540010000
7540020000
7540060000
7540080000
7540100000
7540120000
7540140000
7540150000
7540170000
7540180000
7540190000
7540200000
7540220000
7540230000
7540240000
7540250000
7540260000
7540270000
7540280000
7540290000
7540300000
7540310000
7540320000
7540330000
7550010000
7550020001
7550040000
7550050000
7550060000
7550080000
7550090000
7550110000
7550120000
7550140000
7550150000
7550160000
7550170000
7550190000
7550200000
7550220000
7560010000
7570010000
7570020000
7570030000
7570050000
7570060000
7570070000
7570080000
7570090000
7570100000
7570140000
7580110000
7580120000
7600010000
7600020000
7600030000
7600040000
7600050001
7600060001
7600080000
7600090000
7600100001
7600120001
7600120002
7600140000
7600150001
7600150002
7600350000
7600360000
7600370000
7600380000
7600390000
7600400003
7600400004
7600410000
7600420000
7600430000
7600440000
7600450000
7600460000
7600470000
7610010000
7610020000
7610030000
7610070000
7610090000
7610100000
7610110000
7610130000
7610140000
7610150000
7610170000
7610180000
7610190000
7610200000
7610230000
7610240000
7610250000
7610260000
7610270000
7610280000
7610290000
7610320000
7610330000
7610340000
7610350000
7610360000
7610370000
7610380000
7610390000
7610400000
7610410000
7620010001
7620010002
7620020001
7620030002
7620040003
7620060000
7620070000
7620080000
7620090000
7620110000
7620120000
7620130000
7620140000
7620160000
7620170000
7620180000
7620190000
7620200000
7630000000
7630010001
7630010002
7630020100
7630020200
7630020300
7630020400
7630020500
7630020600
7630020700
7630020800
7630020900
7630021000
7630021100
7630021200
7630021400
7630021500
7630021600
7630021700
7630021800
7630021900
7630022000
7630022200
7630022300
7630022400
7630022500
7630022600
7630022700
7630030100
7630030400
7630030500
7630030601
7630030701
7630030900
7630031000
7630031100
7630040100
7630040200
7630040300
7630040500
7630040600
7630040700
7630040800
7630040900
7640010000
7640020000
7640030000
7640040000
7640050000
7640060000
7640070000
7640080000
7640090000
7650010000
7650020001
7650030003
7650030004
7650030006
7650040003
7660000100
7660000200
7690030000
7700010204
7700010206
7700010208
7700010300
7700020101
7700020103
7700020201
7700020203
7700020204
7700020205
7700020302
7700020303
7700020308
7700020401
7700020402
7700020501
7700020600
7700020700
7700020801
7700020803
7700020804
7700021000
7700021107
7700021200
7700021301
7700130202
7710000000
7710000100
7710000200
7710000500
7710000600
7710000800
7710000900
7720000000
7720000200
7720000600
7720000700
7720000800
7730000100
7730000200
7730000300
7730000400
7730000500
7740002000
7740004000
7740005000
7740006000
7740007000
7740009000
7740010000
7750010101
7750010402
7750010501
7750010601
7750010602
7750010701
7750010703
7750010802
7750010901
7750010902
7750011000
7750011001
7750020101
7750030101
7750030500
7750030600
7760010000
7760020000
7760030000
7760040000
7760050000
7760060000
7760070000
7760080000
7770000101
7770000202
7770000203
7780010008
7780010009
7780020003
7780020004
7780040000
7780050000
7780060000
7780080003
7780130006
7780130007
7790010000
7790020000
7790030000
7790040000
7790050001
7790070000
7790080000
7790090000
7790100000
7790110001
7790110002
7790130000
7790140000
7790150000
7790160003
7790180000
7790200002
7790210002
7790210003
7790230000
7800020000
7800030002
7800040001
7800050001
7800060001
7800070001
7800080001
7800090000
7830140001
7830140002
7830150000
7830190000
7830200000
7830210000
7830220002
7830230005
7830230006
7830240006
7830250007
7830250008
7840020000
7840060000
7840070000
7840080000
7840090000
7840100000
7840120000
7840130000
7850010002
7850010003
7850020000
7850030000
7850040001
7850040002
7850050001
7850050003
7850050006
7850060001
7850060002
7870000100
7870000200
7870000300
7870000400
7870000500
7890000200
7900010008
7900010021
7900010028
7900010029
7900010031
7900010032
7900010037
7900010038
7900010040
7900010042
7900010043
7900010044
7900010047
7900010048
7900010050
7900010052
7900010053
7900010056
7900010057
7900010059
7900010060
7900010061
7900010062
7900010067
7900010068
7900010069
7900020001
7900030003
7900040009
7900070001
7900100000
7900110001
7900110002
7900120000
7900160003
7900160004
7900170003
7900190000
7900200000
7900210000
7900220003
7900240003
7900240005
7900240006
7900240007
7900250003
7900250004
7900270005
7900270011
7900310012
7900320004
7900320006
7900320007
7900320009
7900320010
7900330002
7900330003
7900340002
7900340003
7900350002
7900360003
7900360004
7900380003
7900380004
7900390003
7900390004
7900400001
7900400012
7900420001
7900420003
7900420004
7900420005
7900450001
7900450002
7900460001
7900460003
7900460005
7900460007
7900460009
7900460011
7900460013
7900460014
7900470004
7900480006
7900480009
7900480011
7900490003
7900490007
7900490008
7900500003
7900500004
7900500005
7900500006
7900510003
7900510004
7900510006
7900510007
7900520007
7900520008
7900520011
7900520012
7900530001
7900540000
7900560004
7900570001
7900570002
7900580000
7900590000
7900600006
7900600007
7900620000
7900630000
7900640000
7900650000
7900660004
7900670001
7900680002
7900680009
7900680010
7900680011
7900680013
7900680014
7900680015
7900680016
7900690000
7900700000
7900710003
7900710005
7900710006
7900730005
7900740001
7900740002
7900750000
7900760000
7900770000
7910010000
7910020000
7910040000
7910050000
7910060000
7910070000
7910080000
7910090000
7910110001
7910130000
7910150000
7910160000
7910170000
7910180000
7910190000
7910210000
7920000000
7920000001
7920010000
7920020000
7920040000
7960000001
7960000003
7960000005
7960000100
7960000200
7960000400
7960000501
7960000502
7960000601
7960000602
7960000701
7960000702
7960000801
7960000802
7960000907
7960001000
7960001101
7960001102
8000010001
8000010002
8000020005
8000020006
8000030001
8000030002
8000040001
8000040002
8000050000
8000060000
8000070000
8000080001
8000090001
8000100000
8000110001
8000110002
8010000000
8010000030
8010000040
8010000050
8010000060
8010000070
8010000080
8010000090
8010000100
8010000110
8010000120
8010000130
8010000140
8010000150
8010000160
8010000170
8010000180
8010000200
8010000210
8010000220
8010000230
8010000240
8010000260
8010000270
8010000280
8010000290
8010000300
8010000310
8010000320
8010000330
8010000340
8010000350
8010000360
8010000370
8010000380
8010000390
8010000400
8010000410
8010000420
8010000430
8010000440
8010000450
8010000460
8010000470
8010000480
8010000490
8010000500
8010000510
8010000520
8010000530
8010000540
8010000550
8010000560
8010000570
8800100100
8800100200
8800120100
8800120200
8800120300
8800130200
8800200100
8800200200
8800200300
8800200400
8800300020
8800300040
8800310200
8800310400
8800600101
8800600102
8800600200
8800650100
8800650200
8800670100
8800670200
8800670300
8800670400
8800680100
8800680200
8800700021
8800700031
8800720100
8800720200
8800720400
8800730201
8800730202
8800730401
8800730402
8800800010
8800800020
8800850200
8800900010
8800900031
8800900032
8800900042
8800900043
8801000010
8801000020
8801000030
8801000040
8801050100
8801050200
8801090100
8801090200
8801100010
8801100020
8801100030
8801100040
8801110101
8801110102
8801200010
8801200020
8801200030
8801200040
8801300010
8801300020
8801400100
8801400200
8801500100
8801500200
8801500300
88016 CA
8801600100
8801600200
8801700010
8801700020
8801800200
8801900100
8801900200
8802000200
8802100100
8802100200
8802200100
8802200200
8802200400
8802290102
8802300100
8802300200
8802300300
8802300400
88023CA
88024 CA
8802400100
8802400200
8802500000
8802600101
8802610300
8802610401
8802700100
8802700200
8802750100
8802750200
8802800100
8802800200
8802900100
8803000100
8803000200
8803050100
8803050200
8803050400
8803100101
8803100102
8803100200
8803200100
8803200200
8803200300
8803200400
8803210100
8803210300
8803300101
8803300102
8803300200
8803400200
8803400300
8803400400
8803500200
8803500300
8803500400
8803510101
8803600100
8803600201
8803600202
8803700100
8803700200
8803800100
8803800200
8803800300
8803900100
8804000301
8804100100
8804100200
8804200100
8804200300
8804200400
8804300100
8804300201
8804300301
8804400101
8804400102
8804400204
8804400300
8804510100
8804510200
8804510300
8804510400
8804600100
8804600200
8804700200
8804800100
8804800300
8804900200
8804900300
8804900400
8805000200
8805100200
8805200100
8805310200
8805310300
8805310400
8805400100
8805400200
8805400300
8805500100
8805500200
8805600100
8805600200
8805700020
8805800101
8805800102
8805800200
8805900100
8805900200
8805900300
8805900400
8806000010
8806000021
8806000022
8806000032
8806000041
8806100100
8806100200
8806100400
8806200100
8806200200
8806200300
8806200400
8806300011
8806400101
8806400201
8806400301
8806500022
8806500025
8806510100
8806510200
8806510300
8806600200
8806600400
8806790100
8806790200
8806800010
8806800020
8806800030
8806800040
8806900010
8806900020
8806950300
8806950400
8806950501
8806950502
8806960201
8806960301
8806960400
8807000010
8807000020
8807000030
8807000040
8807010100
8807060100
8807060301
8807070100
8807070200
8807070300
8807070400
8807100100
8807100201
8807100301
8807110100
8807110200
8807110300
8807110400
8807200020
8807300010
8807300030
8807350100
8807350300
8807400101
8807410100
8807410200
8807410300
8807410400
8807410500
8807410600
8807410700
8807410800
8807410901
8807410902
8807460100
8807460200
8807470100
8807470200
8807500011
8807500030
8807590200
88077 CA
8807700010
8807700020
8807700030
88078 CA
8807800010
8807800020
8807900020
8807900030
8807900040
8808000100
8808000200
8808000300
8808000400
8808100100
8808100200
8808100300
8808100400
8808200200
8808200300
8808210100
8808210200
8808230100
8808250101
8808300101
8808300200
8808300301
8808300400
8808310100
8808310200
8808400200
8808400300
8808500010
8808500020
8808600020
8808700011
8808700012
8808700020
8808700030
8808700040
8808710100
8808710200
8808710301
8808810102
8808810103
8808810104
8808810202
8808810401
8808900200
8809100010
8809100020
8809150100
8809150200
8809150300
8809200000
8809200100
8809200200
8809200300
8809200400
8809210100
8809210300
8809260100
8809260200
8809260300
8809260400
8809350200
8809400101
8809400102
8809400200
8809490100
8809490201
8809490202
8809500100
8809500300
8809510100
8809510200
8809510300
8809510400
8809550100
8809550300
8809600000
8809650100
8809650200
8809690200
8809700100
8809700200
8809800100
8809800200
8809800400
8809810100
8809810200
8809810301
8809830300
8809900001
8809900010
8809900020
8809970101
8809970102
8809970200
8810000100
8810000300
8810000400
8810010101
8810010201
8810050100
8810050200
8810100010
8810100020
8810100030
8810100040
8810200010
8810200042
8810200043
8810210020
8810300100
8810300300
8810310201
8810310302
8810330100
8810340100
8810400020
8810400030
8810410100
8810410200
8810430100
8810430200
8810430400
8810490200
8810490300
8810493100
8810493200
8810493300
8810493400
8810500100
8810500200
8810530100
8810530201
8810530202
8810530300
8810550100
8810550300
8810550400
8810560100
8810560200
8810600101
8810600200
8810600400
8810800100
8810850100
8810900100
8810900200
8810900300
8810910100
8810910200
8811030000
8811030100
8811030200
8811050100
8811060100
8811060200
8811070100
8811070200
8811070300
8811100010
8811100020
8811100030
8811140300
8811200010
8811200020
8811300020
8811340300
8811400010
8811400020
8811400030
8811400040
8811500011
8811500013
8811500014
8811510100
8811510200
8811510301
8811510401
8811550400
8811600010
8811600020
8811600030
8811600040
8811670400
8811700100
8811710100
8811720101
8811720300
8811750106
8811750201
8811750300
8811750400
8811780100
8811780201
8811780300
8811800011
8811800031
8811800040
8811820100
8811820200
8811830100
8811830300
8811840100
8811840200
8811840300
8811840400
8811850100
8811900010
8811900020
8811900040
8811950100
8811950200
8811950400
8811960100
8811960200
8811990100
8811990200
8811990300
8812000021
8812000022
8812100010
8812100020
8812110100
8812110200
8812150101
8812300011
8812300030
8812300041
8812310100
8812310200
8812400010
8812400020
8812400030
8812500010
8812580100
8812580200
8812600010
8812600020
8812600030
8812600040
8812700010
8812700020
88128 CA
8812800010
8812800020
8812800030
8812900011
8812900021
8812900030
8812950200
8813000010
8813000020
8813000030
8813000040
8813010100
8813010200
8813100000
8813200010
8813200020
8813300100
8813300200
8813300300
88135 CA
8813500010
8813510100
8813510200
8813520100
8813520200
8813600100
8813600200
8813610100
8813610200
8813610300
8813610400
8813620100
8813650100
8813650200
8813650300
8813650400
8813660200
8813670200
8813670300
8813680101
8813680102
8813680300
8813680401
8813700100
8813800100
8813850100
8813850200
8813850300
8813850400
8813900100
8814 CA
8814000100
8814000200
8814000400
8814100200
8814200200
8814300010
8814300020
8814300040
8814310100
8814310200
8814310300
8814340300
8814400101
8814400201
8814400202
8814500010
8814500020
8814510100
8814510200
8814510300
8814510400
8814600010
8814600020
8814600030
8814610101
8814610102
8814610201
8814610401
8814670200
8814670300
8814700100
8814700200
8814710100
8814710400
8814800100
8814800200
8814850100
8814850200
8814900100
8814900200
8815000010
8815000030
8815000040
8815100200
8815100400
8815200200
8815200300
8815200400
8815300020
8815400200
8815500010
8815500020
8815510200
8815510300
8815600100
8815600200
8815700010
8815700020
8815710200
8815710300
8815900100
8815900200
8815990100
8815990200
8815990300
8815990400
8816000030
8816100100
8816100200
8816170100
8816175101
8816175102
8816175200
8816175300
8816200010
8816200020
8816200030
8816200041
8816200042
8816210200
8816210300
8816300101
8816300201
8816350200
8816400200
8816500011
8816550100
8816600010
8816600020
8816700101
8816700200
8816800100
8816800200
8816800300
8816800400
8816900100
8816900200
8816950100
8816950200
8816960400
8817000100
8817000201
8817000401
8817100100
8817100200
88172 CA
8817200100
8817200200
8817300100
8817400101
8817400102
8817500101
8817500104
8817500105
8817500106
8817500203
8817500204
8817500300
8817550101
8817550300
8817600200
8817600401
8817600402
8817700100
8817800100
8817800200
8817800300
8817800400
8817900010
8817900030
8817900040
8817910100
8817910200
8818000200
8818010100
8818010200
8818030100
8818030200
8818030300
8818030400
8818060100
8818060200
8818100000
8818110200
8818110300
8818110400
8818200100
8818200200
8818200300
8818300102
881831 CA
8818310100
8818310200
8818400200
8818500101
8818500103
8818500303
8818800010
8818800020
8818800030
8818900101
8818900102
8819000010
8819000020
8819000030
8819100100
8819100200
8819100300
8819100401
8819100402
8819200100
8819200200
8819200300
8819300100
8819300200
8819400100
8819400300
8819500200
8819600201
88197 CA
8819700100
8819800000
8819850100
8819850200
8819900000
8820000010
8820000020
8820100100
8820100300
8820200100
8820200201
8820300101
8820300102
8820300200
8820300300
8820400100
8820400200
8820500100
8820600200
8820600300
8820600400
8820700100
8820700200
8820800100
8820900200
8820900300
8821000010
8821200100
8821200200
8821200300
8821200400
8821300200
8821400100
8821400200
8821500100
8821600100
8821600200
8821600300
8821700100
8821700200
8821800100
8821800200
8821901000
8821902000
8822000100
8822100100
8822100200
8822200100
8822200200
8822200300
8822200400
8822300100
8822400100
8822400200
8822400300
8822600100
8822600200
8822700100
8822700200
8822800100
8822800200
8822800300
8822800400
8822900010
8822900020
8822900030
8823000100
8823000200
8823000300
8823100100
8823100200
8823100300
8823100400
8823200300
8823400100
8823400200
8823500013
8823500021
8823500030
8823500041
8823600100
8823600200
8823600300
8823700100
8823700200
8823710100
8823710200
8823760200
8823760300
8823800100
8823800200
8823890100
8823890200
8823900100
8823900209
8823900301
8824000100
8824000200
8824000300
8824100101
8824100102
8824200010
8824200020
8824200040
8824300100
8824300200
8824300300
8824300400
8824400100
8824400200
8824500100
8824500200
8824500400
8824600100
8824600200
8824600300
8824600400
8824700100
8824800100
8824800200
8824900010
8824900020
8825000100
8825000200
8825000300
8825000400
8825100010
8825100020
8825100030
8825200010
8825200020
8825200030
8825200040
8825300100
8825300201
8825310101
8825310200
8825310303
8825310304
8825400011
8825400031
8825510100
8825510200
8825510300
8825510400
8825520100
8825520201
8825520400
8825600000
8825700100
8825700200
8825900010
8825900020
8825900030
8826000010
8826000020
8826050200
8826050401
8826060100
8826060200
8826070200
8826070300
8826070400
8826100010
8826100020
8826200010
8826200020
8826300030
8826400011
8826400030
8826500010
8826500020
8826500030
8826600022
8826600030
8826600040
8826700100
8826700200
8826800010
8826800020
8826800030
8826800040
8826900200
8827000013
8827000014
8827000030
8827000040
8827100100
8827100200
8827200100
8827200400
8827300200
8827300300
8827300400
8827400200
8827500100
8827500200
8827500300
8827600100
8827600200
8827600300
8827700100
882771 CA
8827710200
8827720200
8827790100
8827790200
8827900201
8827950100
8827950200
8828000010
8828000020
8828000040
8828100011
8828100030
8828100040
8828200010
8828200020
8828210100
8828210200
8828300010
8828300020
8828310100
8828310200
8828320200
8828320300
8828400000
8828400100
8828400200
8828400300
8828400400
8828410100
8828500102
8828500203
8828600030
8828700012
8828710100
8828710200
8828710301
8828710400
8828800010
8828800020
8828900030
8829000010
8829000020
8829000030
8829000040
8829100010
8829100020
8829200020
8829310100
8829310200
8829310300
8829400100
8829400200
8829400300
8829400401
8829400402
8829410100
8829410200
8829510100
8829510201
8829550100
8829550200
8829560100
8829560400
8829600100
8829600200
8829700012
8829700020
8829700030
8829700040
8829800101
8829810100
8829810200
8829810400
8829820101
8829820200
8829820201
8829820300
8829860100
8829860200
8829900100
8829900200
8830000100
8830100010
8830100020
8830100030
8830100042
8830160100
8830160200
8830200100
8830200300
8830300200
8830400100
8830500204
8830600100
8830600200
8830750100
8830750200
8830800100
8830800200
8830800300
8830900100
8830900200
8830900300
8830900400
8830910100
8830910200
8830950100
8830950200
8831000030
8831000040
8831000101
8831100010
8831100032
8831100034
8831200022
8831300010
8831300020
8831300030
8831400010
8831400020
8831500010
8831500020
8831500030
8831510100
8831510200
8831600100
8831600200
8831700100
8831700200
8831700300
8831700400
8831800200
8831900100
8831900200
8832000100
8832000200
8832000301
8832000401
8832100200
8832200200
8832200300
8832300100
8832300200
8832400100
8832400200
88325 CA
8832500200
8832500300
8832500400
88326 CA
8832600300
8832690100
8832690200
8832690400
8832700100
8832800104
8832800105
8832800203
8832800303
8832900100
8832900300
8832900400
8833000100
8833000200
8833100200
8833100300
8833200101
8833200201
8833300100
8833300300
8833300400
8833400100
8833500201
8833500302
8833500303
8833700301
8833700302
8833700406
8833800200
8833900200
8834000010
8834000020
8834000030
8834100100
8834100200
8834150000
8834150100
8834150200
8834200200
8834200300
8834200400
8834300100
8834300200
8834400100
8834400300
8834400400
8834500100
8834500200
8834500300
8834600101
8834600102
8834700100
8834700200
8834700300
8834700400
8834900100
8834900200
8834900400
8835000100
8835000200
8835000300
8835000401
8835000402
8835100101
8835100201
8835300100
8835300200
8835300300
8835400100
8835400201
8835400202
8835500200
8835500300
8835500400
8835600011
8835600021
8835600030
8835600040
8835700200
8835800010
8836000010
8836000030
8836010201
8836010202
8836100100
8836100200
8836100300
8836200100
8836200200
8836200301
8836200401
8836300100
8836300200
8836400100
8836400200
8836500010
8836500020
8836500031
8836500041
8836600011
8836600012
8836600020
8836600030
883661 CA
8836610100
8836610201
8836610400
8836700010
8836700020
8836700030
8836700040
8836710100
8836710200
8836800010
8836800020
8836810100
8836810200
8836900010
8836900020
8836900030
8836900041
8837000020
8837000030
8837040101
8837040102
8837040103
8837040200
8837100010
8837100020
8837200100
8837200200
8837200300
8837300100
8837300200
8837400102
8837500012
8837500020
8837600200
8837700100
8837700200
8837800000
8837900100
8838000000
8838100100
8838300100
8838300102
8838300200
8838340100
8838340200
8838340300
8838350100
8838350200
8838350300
8838400100
8838400300
8838500100
8838500200
8838600300
8838700200
8838700300
8838800100
8838800200
8838810100
8838810200
8838900100
8838900200
8839100100
8839100202
8839300101
8839300201
8839400100
8839400200
8839500200
8839500301
8839500400
8839600100
8839600300
8839600400
8839700100
8839700201
8839700302
8839900200
8840000100
8840000200
8840000300
8840000400
8840200100
8840200200
8840300100
8840300200
8840400100
8840400200
8840500100
8840500200
8840600100
8840600300
8840700201
8840700202
8840800100
8840800200
8840900000
8841000200
8841100100
8841100200
8841100300
8841200100
8841200200
8841200300
8841200400
8841400100
8841400200
8841400300
8841500013
8841500014
8841500020
8841500031
8841500032
8841700000
8841700010
8841700020
8841700030
8841700040
8841900100
8842000010
8842000020
8842000040
8842300200
8842400100
8842500100
8842500200
8842600100
8842600200
8842700200
8843200100
8843200200
8843300100
8843300200
8843400100
8843400200
8843500010
8843500020
8843500030
8843500040
8843600100
8843600200
8843600300
8843600400
8843700101
8843700200
8843700400
8843800100
8843800200
8843800300
8843800400
8843900300
8843900400
8843910100
8843910200
8843920100
8843920200
8844000200
8844000300
8844000400
8844100101
8844110100
8844200100
8844200200
8844200300
8844200400
8844300200
8844300300
8844310100
8844310200
8844310300
8844310400
8844320201
8844320300
8844320400
88444 CA
8844400020
8844400031
8844400032
8844400040
8844410100
8844410200
8844410300
8844410400
8844420400
8844500010
8844500021
8844500022
8844500030
8844500040
8844610102
8844610200
8844700101
8844700102
8844800010
8844800020
8844800030
8844820100
8844820200
8844820400
8844830100
8844830200
8844830300
8844830400
8844900200
8844930100
8844930200
884495 CA
8844950100
8844950400
8844960200
8844960300
8845000010
8845000020
8845100100
8845100200
8845110100
8845110200
8845200010
8845200020
8845210100
8845250101
8845250200
8845250301
8845300000
8845400100
8845400200
8845500100
8845500200
8845700100
8845700200
8845800100
8845800200
8845900100
8845900300
8846000011
8846000013
8846000020
8846000030
8846000040
8846100400
8846200101
8846400100
8846400300
8846400400
8846500010
8846500020
8846500031
8846500032
8846500040
8846510100
8846510200
8846600101
8846600102
8846610100
8846610200
8846620100
8846808113
8846808115
8846808116
8846900101
8846900102
8846910102
8846910200
8847000100
8847000200
8847000300
8847100100
8847100200
8847200101
8847200202
8847200205
8847200206
8847300102
8847380100
8847380200
8847400013
8847400014
8847400020
8847400030
8847500010
8847500020
8847500030
8847500040
8847600100
8847700010
8847700020
8847800200
8847800300
8847900010
8847900020
8847900030
8847900040
8847910100
8847910200
8847910300
8847910400
8847920100
8848000010
8848000020
8848000030
88481 CA
8848100010
8848100030
8848200031
8848200042
8848200043
8848300100
8848300200
8848320300
8848320400
8848330100
8848350200
8848360200
8848360300
8848360400
88484 CA
8848400200
8848400300
8848400400
88485 CA
8848500010
8848500020
8848500030
8848500040
8848500100
8848500200
8848590100
8848590200
8848590300
8848590400
8848600100
8848600200
8848700021
8848800100
8848810200
8848900200
8849000013
8849000021
8849000040
884901 CA
8849010300
8849010400
8849100010
8849100020
8849150100
8849150200
8849170100
8849170200
8849200100
8849200200
8849210100
8849210200
8849220100
8849220200
88493 CA
8849300011
8849300012
8849300020
8849300030
8849300040
8849310100
8849400010
8849500010
8849500023
8849500033
8849500041
8849510100
8849510200
8849510300
8849520100
8849600011
8849600012
8849600013
8849600021
8849600022
8849600033
8849610100
8849610200
8849610300
8849620100
8849620200
8849620300
8849700020
8849700030
8849700040
8849710100
8849710200
8849710300
8849780200
8849790300
8849800010
8849800030
8849900010
8849900100
8849900200
8849950100
8849950200
8850000013
8850000014
8850000021
8850000022
8850000031
8850000032
8850000043
8850000044
8850100100
8850100200
8850200100
8850200200
8850210100
8850210200
8850260100
8850260200
8850300100
8850300200
8850310200
8850320100
8850320300
8850330100
8850330200
8850340100
8850340200
8850400100
8850400200
8850450400
8850500100
8850530100
8850530200
8850530300
8850540100
8850540200
8850550100
8850550200
8850550400
8850600200
8850710100
8850710200
8850800100
8850800201
8850800202
8850800400
8850810100
8850810200
8850810300
8850850101
8850850200
8850900100
8851000012
8851000020
8851100100
8851100200
8851100400
8851200010
8851200020
8851200030
8851200040
8851300200
8851300300
8851400020
8851400030
8851710101
8851710200
8851800100
8851800200
8851800300
8851800400
88519 CA
8851900100
8851900300
8852 CA
8852000300
8852000400
8852100100
8852100200
8852190100
8852200100
8852290100
8852290200
8852290302
8852290303
8852290304
8852300010
8852300030
8852400102
8852400103
8852400104
8852400300
8852410100
8852410200
8852500200
8852600100
8852600300
8852600400
8852700200
8852800100
8852800200
8852900010
8852900030
8853000101
8853000201
8853100100
8853100200
8853200100
8853200200
8853300200
8853300300
8853300400
8853350100
8853400100
8853400200
8853500010
8853500020
8853600100
8853600200
8853700200
8853700300
8853700400
8853800100
8853800200
8853800300
8853900100
8853900200
8853900300
8853900400
8854000100
8854000200
8854000300
8854000400
8854100100
8854100200
8854200300
8854300000
88544 CA
8854400100
8854400200
8854500100
8854500200
8854600100
8854600200
8854800200
8854900100
8854900200
8854910100
8854910200
8854910300
8855000100
8855000200
8855000300
8855100200
8855300100
8855300200
8855300303
8855310100
8855310200
8855310300
8855310400
8855500100
8855500200
8855500302
8855800100
8855900100
8856000010
8856000020
8856000030
8856100100
8856100200
8856200200
8856300200
8856400100
8856500010
8856500020
8856500030
8856600101
8856600300
8856700200
8856700300
8856700400
8856800100
8856800200
8856800300
8856900100
8856900200
8857300100
8857300200
8857400040
8857410030
8857420100
8857420200
8857500200
8857500400
8857600100
8857600200
8857600300
8857600400
8857650100
8857650200
8857700101
8857700201
8857800100
8857800200
8857900100
8857900200
8857900300
8858000010
8858000020
8858000031
8858000032
8858100100
8858100301
8858110101
8858110102
8858110400
8858200100
8858200200
8858300011
8858400000
8858500010
8858500020
8858500030
8858500040
8858600100
8858600200
8858600400
8858700200
8858700300
8858700400
8858900200
8859000100
8859000200
8859100100
8859100200
8859200100
8859200200
8859200300
8859200400
8859300200
8859400100
8859400200
8859500030
8859600100
8859600300
8859600400
8859700100
8859700200
8859700400
8859800100
8859800200
8859800300
8859800400
8859900011
8859900020
8859910100
8859910200
8859910400
8859920100
8860000101
8860000200
8860100100
8860100200
8860200100
8860200200
8860200300
8860300100
8860300200
8860400100
8860400200
8860400300
8860400400
8860500010
8860500020
8860500031
8860500032
8860500040
8860550100
8860550200
8860600100
8860600200
8860700100
8860700200
8860700300
8860710200
8860710300
8860710400
8860720100
8860720200
8860750100
8860750200
8860750301
8860750302
88608 CA
8860800100
8860800200
8860800300
8860880100
8860880200
8860880300
8860880400
8860900100
8861000100
8861000300
8861000400
8861100100
8861100200
8861100300
8861200100
8861200400
8861300100
8861300400
8861400100
8861400301
8861600100
8862000200
8862100400
8862200200
8862200300
8862300100
8862300300
8862300400
8862400100
8862400200
8862900100
8862900200
8863500100
8863500200
8863700100
8863700200
8863700300
8863700400
8863800100
8863800200
8863900100
8864000020
8864000030
8864000040
8864100100
8864100200
8864200100
8864200200
8864200300
8864300200
8864300300
8864300400
8864500100
8864500200
8864500300
8864500400
8864700300
8864750202
8864750203
8864750300
8864750400
8864800100
8864800201
8864800202
8864800203
8864800400
8864900000
8864900300
8864900400
8865000101
8865000102
8865000201
8865000301
8865100100
8865100200
8865100300
8865100400
8865200100
8865200200
8865200300
8865200401
8865200402
8865300010
8865300020
8865400102
8865400200
8865500100
8865700100
8865700200
8865700400
88658 CA
8865800100
8865800200
8865800400
8865900020
8865900030
8865900040
8866000100
8866000200
8866100100
8866300101
8866300201
8866400100
8866400200
8866400300
8866400400
8866500100
8866500200
8866500400
8866700100
8866700300
8866800300
8866900100
8866900200
8867000100
8867010100
8867100101
8867100201
8867200400
8867300100
8867300200
8867300300
8867300400
8867400100
8867400300
8867400400
8867500010
8867500020
8867500030
8867500040
8867600300
8867700100
8867700201
8867800010
8867900200
8868000300
8868000400
8868100100
8868100200
8868100300
8868100400
8868110100
8868110200
8868200010
8868200020
8868200030
8868220100
8868220200
8868290100
8868290200
8868300101
8868300102
8868300103
8868500020
8868500032
8868600100
8868600300
8868610100
8868610200
8868650100
8868650200
8868650300
8868690200
8868770100
8868770200
8868800030
8868800040
8868900400
8869000100
8869000200
8869100102
8869100103
8869100104
8869100200
8869200100
8869200200
8869300200
8869300300
8869400010
8869400020
8869400031
8869400032
8869500010
8869500030
8869500040
8869600100
8869600200
8869700010
8869750100
8869750200
88698 CA
8869800100
8869800200
8869800300
8869800400
886983 CA
8869830100
8869830200
886987 CA
8869870200
8869910101
8869910102
8870000200
8870010010
8870010020
887002 CA
8870020100
8870030100
8870030200
8870030400
8870040100
8870040200
8870040300
8870050100
8870050200
8870050300
8870060200
8870100100
8870100200
8870100300
8870100400
8870200010
8870200020
8870200030
8870300010
8870300020
8870300030
88704 CA
8870400010
8870400020
8870410300
8870500010
8870500020
8870510100
8870510200
8870510300
8870510400
8870600100
8870600200
8870610200
8870610300
8870660300
8870660400
8870670100
8870670402
8870679100
8870679200
8870680100
8870680200
8870680300
8870700100
8870700200
8870710100
8870710200
8870800200
8870900010
8870900020
8870900030
8870910100
8870910200
8870910300
8870910400
8870920100
8870920200
8871000010
8871000020
8871050200
8871100020
8871100030
8871100040
8871200010
8871200020
8871300030
8871350100
8871350200
8871350300
8871350400
8871400000
8871420100
8871420300
8871430100
8871430200
8871440100
8871440200
8871450100
8871450200
8871450300
8871450400
8871460200
8871470101
8871500030
8871510100
8871510200
8871510300
8871520100
8871520200
8871600100
8871600200
8871600300
8871600400
8871700200
8871700300
8871800200
8871800300
8871840100
8871850100
8871850200
8871900000
8872000010
8872000020
8872000030
8872000040
8872010200
8872100200
8872100300
8872200200
8872200300
8872300100
8872300200
8872320101
8872320102
8872400100
8872400200
8872500010
8872500020
8872500030
8872500040
8872510200
8872550100
8872550200
8872600020
8872600031
8872600032
887261 CA
8872610100
8872610200
8872610300
8872610400
8872700012
8872700020
8872710200
8872720100
8872800011
8872800022
8872800030
8872800040
8872900010
8872900020
8872900040
8873000100
8873000200
8873020100
8873020200
8873020300
8873100010
8873100020
8873110100
8873110200
8873110300
88732 CA
8873200100
8873200300
8873210200
8873210300
8873220100
8873280200
8873280400
8873300012
8873300020
8873300030
8873300040
8873310100
8873310200
8873310301
8873310401
8873320101
8873320102
8873320201
8873330100
8873330200
8873340100
8873350100
8873350200
8873360101
8873360201
8873400201
8873400300
8873500101
8873500200
8873500301
8873500400
8873510100
8873510200
8873510300
8873510400
8873520100
8873520200
8873570200
8873570300
8873570400
8873600100
8873600200
8873600300
8873600400
8873610200
8873650100
8873650400
8873700010
8873700020
8873700030
8873730100
8873730200
887375 CA
8873750100
8873750200
8873750300
8873750400
8873790101
8873790201
8873800101
8873800200
8873900020
8873910010
8873910020
8874000010
8874000020
8874100010
8874100020
8874200100
8874200200
8874210102
8874210201
8874210202
8874210300
8874250201
8874250301
8874250400
8874300020
8874300030
8874300040
8874400100
8874400200
8874400300
8874400400
8874600100
8874600200
8874700200
8874720100
8874720200
8874720300
8874800010
8874900010
8875000010
8875000040
8875100010
8875100020
8875200010
8875200040
8875220100
8875300102
8875300201
8875300400
8875400010
8875400020
8875400030
8875400040
8875410100
8875410200
8875500012
8875500013
8875500014
8875500030
8875500040
8875510200
8875510300
8875510400
8875700011
8875700020
8875700031
8875700040
8875800100
8875800200
8875900100
8875900200
8876000010
8876000030
8876050100
8876050200
8876050300
8876050400
8876100010
8876100020
8876200100
8876200200
8876200300
8876300100
8876300200
8876300301
8876300402
8876400100
8876400300
8876450103
8876450203
8876450205
8876500010
8876500020
8876510201
8876510301
8876510401
8876550100
8876550200
8876600100
8876600200
8876600300
8876600400
8876700200
8876700300
8876700402
8876800100
8876840100
8876840200
8876900200
8876930200
8876950100
8876950200
8876950300
8876950400
8877000010
8877000020
8877050100
8877050200
8877050300
8877050400
8877090100
8877090200
8877100100
8877100200
8877100300
8877130102
8877130201
8877130202
8877130302
8877130400
8877200100
8877200200
8877300100
8877300200
8877310100
8877310400
8877500010
8877500020
8877500030
8877500040
8877510100
8877510200
8877510300
8877590100
8877600010
8877600020
8877600030
8877600040
8877650100
8877650200
8877660100
8877660200
8877660400
8877670100
8877670300
8877680100
8877680200
8877700010
8877700020
8877700030
8877800100
8877900100
8877900200
8877910101
8877910202
8878000010
8878000020
8878000040
8878120100
8878120200
8878200100
8878300011
8878300012
8878300020
8878300030
8878350100
8878350200
8878400100
8878400300
8878400400
8878460200
8878460300
8878460400
8878500200
8878600100
8878600200
8878610100
8878610300
8878700100
8878700200
88788 CA
8878800100
8878800201
8878800202
8878900100
8878900200
8878900300
8879000020
8879050100
8879050200
8879100100
8879200100
8879200200
8879300100
8879300200
8879400010
8879400020
8879400030
8879400040
8879500100
8879500200
8879600100
8879600200
8879600300
8879700100
8879700200
8879800100
8879800200
8879800400
8879900100
8879900200
8879900300
8879900400
8880000100
8880000200
8880200100
8880200200
8880200300
8880300200
8880300300
8880500200
8880600012
8880600014
8880600020
8880600030
8880600040
8880700101
8880700102
8880800200
8880900100
8880900200
8881000100
8881000200
8881100100
8881100200
8881200100
8881200200
8881300100
8881300200
8881300400
8881400100
8881400200
8881500200
8881500400
8881600100
8881600200
8881600300
8881700100
8881700200
8881700300
8881700400
8881800102
8881800301
8881800303
8882000100
8882000200
8882100100
8882100200
8882200101
8882200102
8882200200
8882300200
8882400100
8882400200
8882500100
8882500200
8882900100
8883000100
8883100100
8883100300
8883500100
8884500010
8884500020
8884700010
8884700020
8884900100
8885000031
8885000032
8885050100
8885050200
88851 CA
8885100100
8885100200
8885100300
8885200100
8885400100
8885400200
8886100100
8886100200
8886600101
8886600200
8886600300
8886600401
8887000100
8887000200
8887100010
8887100020
8887100030
8887300100
8887400100
8887410100
8887410200
8887500100
8887600101
8887600102
8887600201
8887600202
8887600301
8887600302
8887600401
8887600402
8887700010
8887700020
8887800100
8887800200
8887800300
8887900202
8888000020
8888000030
8888000040
8888100100
8888100200
8888100300
8888120100
8888120200
8888120301
8888120302
8888150100
8888200100
8888200200
8888200300
8888200400
8888300101
8888300200
8888300401
8888500010
8888500020
8888500030
8888600100
8888600200
8888700100
8888700200
8888800100
8888800200
8888900100
8888900200
8888900300
8889000100
8889000400
8889100200
8889200100
8889200300
88893 CA
888931 CA
8889310200
8889320100
8889320200
8889320300
8889400300
8889500010
8889500020
8889500030
8889500040
8889600010
8889600020
8889610100
8889610200
88898 CA
8889800020
8889800030
8889900010
8890000022
8890000033
8890200020
8890200030
8890300020
8890350100
8890350200
8890400020
8890400040
8890470101
8890470201
8890470300
8890500010
8890500020
8890500030
8890500040
8890510100
8890510200
8890520100
8890520200
8890520300
8890580200
8890580300
8890580400
8890600010
8890600020
8890600030
8890700010
8890700020
8890700030
8890900011
8890900014
8890900021
8890900022
8890900031
8890900032
8890900041
8890900042
8891100100
8891100200
8891100300
8891200200
8891300100
8891400100
8891400200
8891400300
8891500001
8891510101
8891510201
8891510301
8891510401
8891600100
8891600200
8891700200
8891700300
8891700400
8891800100
8891800200
8892000100
8892000200
8892000300
8892200100
8892200300
8892200400
8892300100
8892300300
8892400100
8892400200
8892400300
8892400400
8892500100
8892500200
8895000100
8896100100
8896100200
8896200100
8896200201
8896200202
8896300100
8896300200
8896500100
8896500200
8898000100
8898000200
8898100200
8898100300
8898200100
8901000003
8902000000
8903000001
8903000002
8904000000
8905000000
8907000000
8908000000
8909000000
8910010001
8910010004
9001000001
9001000003
9001000004
9001030000
9001030200
900104 CA
9001600000
9001600101
9001600102
9001600200
9001600300
9001600400
9001600500
9001600600
9002010000
9002010104
9002010200
9002010300
9003000600
9003000700
9003000800
9003000900
9003001000
9003001500
9003001700
9008 CA
9008000200
9008000300
9008000400
9008000500
9008000600
9008000700
9008000800
9008000900
9008001000
9008001200
9008001300
9008001400
9008001500
9008001700
9008001800
9008001900
9008002000
9008002300
9008002400
9008002500
9008002600
9008002700
9008002800
9008003100
9008003200
9009000000
9009010003
9009011017
9009011023
9009011025
9009011027
9009012018
9009012020
9009013029
9009013033
9009013035
9009014026
9009014028
9009014030
9009014032
9009015037
9009015039
9010000201
9010000301
9010000401
9010000501
9010000601
9011000100
90130  CE
9013000200
9013000400
9013000500
9016010000
9016020001
9016020002
9016020020
9016020030
9016020040
9016020050
9016020060
9016020070
9016020080
9016020090
9016030001
9016030002
9100000401
9100000402
9100000403
9100000404
9100000407
9100000408
9100000410
9100000411
9100000501
9100000502
9100000601
9100000602
9100000603
9100000604
9100000605
9100000606
9100000607
9100000610
9100000611
9100000612
9100000613
9100000614
9100000615
9100000617
9100000618
9100000619
9100000626
9100000627
9100000630
9100000631
9100000636
9100000637
9100000638
9100000640
9100000641
9100000642
9100000900
9100001001
9100001002
9100001003
9100001004
9100001200
9100001201
9100001202
9100001203
9100001204
9100001205
9100001300
91000014 C
9100001400
9100001500
9100001601
9100001602
9100001603
9100001604
9100001605
9100002000
9100002010
9100002030
9100002050
9100003000
9100003010
9100003020
9100003030
9100003040
9100003050
9100003060
9100003070
9100003080
9100004000
9100004010
9100004020
9100004030
9100004040
9100004050
9100004060
9100005000
9100016000
9100016010
9100016020
9100016030
9100016040
9100017000
9100017050
9100017060
9100017070
9100017080
9100017090
9100017100
9100020000
9100020010
9100020020
9100020030
9100020040
9100020080
9100020090
9100020110
9100020120
9100020130
9100020150
9100020160
9100020180
9100020190
9100020200
9100020210
9100020220
9100020240
9100020250
9100020260
9100020270
9100020290
9100020310
9100020320
9100020330
9100020340
9100020350
9100020370
9100020390
9100020400
9100020410
9100020601
9100022020
9100022030
9100024003
9100024040
9100024061
9100024062
9100024071
9100024072
9100024080
9100024090
9100025201
9100027020
9100027030
9100027040
9100027100
9100027110
9100027140
9100027180
9100027200
9100027210
9100027220
9100027230
9100027240
9100027250
9100027260
9100027270
9100027360
9100027370
9100027380
9100027420
9100027460
9100027471
9100027490
9100027500
9100027510
9100027530
9100027540
9100027550
9100027570
9100027580
9100027590
9100027600
9100027610
9100027620
9100028020
9100028030
9100028040
9100028050
9100028060
9100028070
9100028080
9100028090
9100028100
9100028110
9100028130
9100029000
9100029050
9100029070
9100029121
9100029160
9100029170
9100030000
9100031000
9100031290
9100031300
9100040000
9100041400
9100041500
9100041600
9100041700
9100041900
9100042000
9100042100
9100042200
9100042300
9100042400
9100042500
9100042600
9100042700
9100042800
9100042900
9100043000
9100043100
9100043200
9100043300
9100043400
9100043500
9100043600
9100043700
9100043800
9100044000
9100044100
9100050100
9100050201
9100050300
9100050401
9100062101
9100062202
9100062301
9100070000
9100070100
9100080000
9100080100
9100080200
9100080300
9100090000
9100090300
9100090400
9100090500
9100090700
9100090801
9100100100
9100100200
9100100300
9100100400
9100220000
9100220100
9100220200
9100220400
9100220600
9100220700
9100221000
9100300100
9100300200
9100300300
9100300400
910031 CA
9100310000
9100310200
9100310300
9100310400
9100310700
9100310800
9100310900
9100320000
9100320100
9100320200
9100320300
9100320400
9100320500
9100320600
9100330000
9100330001
9100330003
9100330006
9100330020
9100330030
9100330050
9100330060
9100330070
9100330080
9100330090
9100330120
9100330130
9100330140
9100330150
9100330160
9100330170
9100330200
9100330220
9100330230
9100330240
9100330250
9100330260
9100330270
9100330280
9100330290
9100340000
9100340100
9100340200
9100340300
9100340400
9100340500
9100340600
9100340700
9100340800
9100340900
9100341000
9100341100
9100341200
9100341300
9100350200
9100350300
9100350400
9100350500
9100360100
9100360200
9100410000
9100420000
9100500000
9100500001
9100500002
9100500003
9100500005
9100500007
9100500008
9100500009
9100500010
9100500011
9100500012
9100500014
9100500015
9100500016
9100500021
9100500023
9100500024
9100500028
9100500029
9100500030
9100500039
9100500040
9100500041
9100500045
9100500048
9100501701
9100501901
9100503101
9100503201
9100503301
9100503401
9100503601
9100710000
9100710010
9100710020
9100710040
9100710050
9100710060
9100710070
9100710080
9100710090
9100710131
9100710132
9100710141
9100710151
9100710161
9100720000
9100720011
9100720030
9100720040
9100720051
9100720070
9100720080
910075 CA
9100750100
9100750200
9100900002
9100900101
9100900203
9100900300
9100900400
9100900600
9101000101
9101000301
9101000501
910110000
9101100100
9102000000
9102000100
9102000200
9102000300
9102000400
9102000500
9102000600
9102000700
9102000800
9102000900
9102001000
9102001100
9102001200
9102001300
9103100000
9103100200
9103100300
9103100400
9103100500
9103100600
9103201001
9103201010
9103201020
9103201030
9103201050
9103201060
9103201070
9103201090
9103302001
9103302010
9103302020
9103302030
9103302040
9103304000
9103400300
9103400400
9103400600
9103501010
9103501020
9103502010
9103502020
9103503000
9103504000
9103505000
9103900100
9103900201
9103900202
9103900300
9104000000
9104000100
9104000200
9104000300
9104000400
9104000500
9104000600
9104000700
9104000800
9104000900
9104001000
9104001100
9104001200
9104001300
9104001400
9104001500
9104001600
9104001700
9104001800
9104001900
9105000003
9105000004
9105000005
9105000009
9105000013
9105000016
9105000300
9105000600
9105000700
9105001000
9105001100
9105001200
9105001300
9105001400
9105001500
9105001600
9105001700
9105001800
9105002000
9105002200
9105002300
9105002700
9105002900
9105003200
9105003300
9105003400
9105003700
9105003800
9105003900
9105004000
9105004100
9105004200
9105004700
9105004900
9105005100
9105005200
9105005400
9105005600
9105005800
9105006000
9105006100
9105006200
9105006300
9105006400
9105006600
9105006700
9105006900
9105007000
9105007300
9105007400
9105007600
9105007700
9105007800
9105007900
9105008000
9105008200
9105008400
9105008600
9105008700
9105008800
9105009000
9105009100
9105009200
9105009400
9105009600
9105009700
9105009900
9105010100
9105010200
9105010300
9105010400
9105010500
9105010600
9105010700
9105010800
9105010900
9105011000
9105011901
9105013000
9105013401
9105013700
9105013801
9105013900
9105014100
9105014200
9105014201
9105014300
9105014400
9105014500
9105014601
9105018200
9105018300
9105018400
9105018500
9105018800
9106000000
9106000100
9106000200
9106000300
9106000400
9106000500
9106000600
9106000700
9106000800
9106001000
9106001100
9106001200
9106001300
9106001400
9106001500
9106001600
9106001700
91070 CA
9107000100
9107000200
9107000300
9107000400
9107000500
9107000600
9107000700
9107000800
9107000900
9107001000
9107001100
9107001200
9107001300
9107001400
9107001500
9107001600
9107001700
9107001800
9107001900
9107002000
9107002100
9107002200
9107002300
9107002400
9108001001
9108001002
9108002001
9108002002
9108003000
9108004000
9400001003
9400001004
9400001005
9400001301
9400002005
9400004000
9400006001
9400006003
9400006005
9400006006
9400007010
9400007020
9400008100
9400013000
9400033100
9400033200
9400043100
9400043200
9400043300
9400043400
9400120001
9400120002
9400120400
9400120500
9400120600
9400130000
9400130100
9400130200
9400130300
9400130400
9400130501
9400130600
9400130701
9400130900
9400131000
9400140004
9400140005
9400140007
9400140008
9400140009
9400140011
9400140014
9400160006
9400160008
9400160013
9400160014
9400160018
9400160019
9400160020
9400160021
9400160022
9400160025
9400160027
9400170100
9400170102
9400170105
9400170107
9400170112
9400170117
9400170119
9400170121
9400170123
9400170125
9400170200
9400170300
9400170400
9400180001
9400180003
9400180004
9400180005
9400190002
9400190004
9800380003
9800380004
9800460000
9800560001
9800600005
9800600006
9800600007
9800610003
9800610004
9800650005
9800650009
9800650010
9800650013
9800650015
9800650016
9800650017
9800650018
9800650020
9800650021
9800660005
9800670002
9800670004
9800680001
9800680005
9800680009
9800680013
9800690001
9800690009
9800690015
9800690016
9800690017
9800690022
9800690024
9800690026
9800690027
9800690030
9800690031
9800700001
9800700008
9800700009
9800700010
9800700011
9800700016
9800700019
9800700020
9800700021
9800710002
9800710004
9800710005
9800720007
9800730001
9800730003
9800730004
9800740000
9800750002
9800750003
9800750004
9800760000
9800770004
9800770006
9800770007
9800770008
9800770009
9800770011
9800770012
9800770016
9800770017
9800770019
9800770024
9800770025
9800770028
9800770030
9800770031
9800770032
9800770033
9800780001
9800780004
9800790000
9800800000
9800810003
9800810005
9800810010
9800820009
9800820010
9800820015
9800820023
9800830006
9800830017
9800830019
9800830032
9800830033
9800830034
9800840014
9800840016
9800840020
9800840021
9800850005
9800850006
9800850008
9800850019
9800850020
9800850025
9800850029
9800860011
9800860013
9800860014
9800860015
9800860016
9800860017
9800870002
9800870015
9800870019
9800870020
9800870021
9800870022
9800870024
9800870027
9800870041
9800880005
9800880006
9800880010
9800880011
9800880019
9800880021
9800880030
9800880031
9800880032
9800880033
9800880034
9800880035
9800880036
9800880044
9800880045
9800890005
9800890018
9800890021
9800890022
9800890023
9800890024
9800890025
9800900025
9800910009
9800920010
9800930009
9800940013
9800950002
9800950003
9800950010
9800950012
9800950014
9800950015
9800960001
9800960003
9800960004
9800960005
9800960006
9800960007
9800970005
9800970007
9800970008
9800970010
9800970011
9800970012
9800970014
9800970015
9800970017
9800980003
9800980005
9800980006
9801000000
9801030000
9801130004
9801140012
9801140013
9801140019
9801140022
9801140027
9801140028
9801140029
9801360001
9801360006
9801360007
9801360011
9801370003
9801370004
9801370005
9801370006
9801370008
9801380000
9801390002
9801390004
9801390005
9801390006
9801390007
9801390008
9801710004
9801710005
9801720000
9801720001
9801800006
9801800014
9801800017
9801800018
9801810013
9801810014
9801810019
9801820008
9801820010
9801820011
9801820015
9801820016
9801820019
9801820021
9801820022
9801820023
9801820024
9801830004
9801830005
9801830008
9801830009
9801830010
9801840001
9801840002
9801840005
9801840007
9801840008
9801840009
9801850000
9801960001
9801960003
9801960006
9801960014
9801960015
9801960029
9801960030
9801960031
9801960032
9801960033
9801960035
9801980010
9802000003
9802010005
9802010119
9802010120
9802010121
9802010122
9802010124
9802010125
9802010126
9802020004
9802020005
9802020010
9802030006
9802060005
9802060007
9802060008
9802060011
9802060012
9802060013
9802060019
9802060020
9802060021
9802060023
9802060024
9802100001
9802100002
9802100003
9802110000
9802130001
9802130002
9802130007
9802130008
9802130009
9802130011
9802130013
9802130014
9802150005
9802150011
9802150013
9802150014
9802150015
9802150021
9802150026
9802150027
9802150030
9802150031
9802150032
9802150034
9802150036
9802150040
9802160000
9802170001
9802170002
9802170003
9802170004
9802180001
9802210006
9802210007
9802210008
9802210011
9802210012
9802210014
9802250001
9802250003
9802280003
9802280004
9802360001
9802360003
9802370000
9802440000
9802450000
9802470002
9802490000
9802500002
9802500003
9802510000
9802520000
9802540001
9802610001
9802610004
9802610006
9802610007
9802650001
9802650002
9802710004
9930220501
9930220502
9930222435
9930222437
9933212506
9933231911
9933311210
9933311406
9934250506
9934250509
9934250510
9934250511
9934250512
9934250514
9934250515
9935201608
9935201609
9935201610
9935201611
9935240110
9935240114
9935240115
9935240117
9935240206
9935241211
9935241239
9935241240
9935241241
9935250601
9935250603
9935250604
9935250629
9935250631
9935250632
9935250633
9935250636
9935250638
9935250639
9935250640
9935250642
9935250643
9935250647
9935250650
9935250651
9935250655
9935250668
9935250669
9935250671
9935250672
9935250678
9935250681
9935250684
9935250685
9935250687
9935250689
9935250692
9935250694
9935250695
9935250696
9935250697
9935250699
9935252913
9935252914
9935252917
9935252919
9935253012
9935253013
9935253119
9935253120
9935253121
9936202911
9936202912
9936202913
9936230206
9936242506
9936243406
9936243507
9936243509
9936243611
9936243615
9936243616
9936243617
9936252506
9936253125
9936253129
9936253130
9936253131
9936253132
9936253133
9936253134
9936253137
9937310710
9937311706
9937312001
9938250107
9938250422
9938250423
9938250430
9938250432
9938250433
9938250435
9938250436
9938250437
9938250439
9938250441
9938250442
9938250443
9938250444
9938250524
9938250525
9938250526
9938250527
9938250530
9938250802
9938250803
9938250804
9938252310
9938262510
9938263401
9938310311
9938312410
9939252804
9939252805
9939252902
9939252904
9939253317
9939253320
9939253322
9939253324
9939253330
9939253333
9939253334
9939253335
9939253336
9939253337
9939253338
9939253340
9939253341
9939253342
9939253345
9939253414
9939253415
9939253416
9939253417
9939253418
9939253501
9939253612
9939260322
9939260323
9939260425
9939261012
9939261013
9939261014
9939261015
9939261016
9939261113
9939261122
9939261124
9939261125
9939261126
9939261127
9939261610
9939261912
9939261913
9939261914
9939261915
9939261916
9939261917
9939261918
9939261919
9939262327
9939262328
9939262330
9939262332
9939262333
9939262512
9939262610
9939262611
9939262910
9939263011
9939263012
9939263013
9939263014
9939263015
9939263016
9939290122
9939313410
9940250722
9940252101
9940252311
9940252313
9940252410
9940252414
9940252415
9940252510
9940252822
9940261010
9940262111
9940270524
9940270525
9940270530
9940270531
9940270532
9940270539
9940270540
9940270541
9940270542
9940270543
9940270544
9940271801
9940271810
9940271910
9940272801
9940272802
9940272807
9940272808
9940272849
9940272851
9940272852
9940272857
9940272858
9940272862
9940272866
9940272870
9940272871
9940272872
9940272874
9940272875
9940272876
9940272879
9940272881
9940272884
9940272886
9940272887
9940272888
9940272889
9940272890
9940272891
9940273345
9940273348
9940273349
9940273350
9940273351
9940273352
9940273353
9940273354
9940273355
9940273356
9940273357
9940273358
9940273370
9940273376
9940273378
9940273380
9940273381
9940273384
9940290212
9940290213
9940290217
9940290218
9940290219
9940290301
9940290302
9940300709
9940300710
9940300810
9940300931
9940300932
9940301415
9940301430
9940301610
9940301611
9940301625
9940301629
9940301715
9940301716
9940301717
9940301719
9940301810
9940302029
9940302031
9940302103
9940302125
9940302127
9940302128
9940302129
9940302410
9940302416
9940302419
9940303222
9940303412
ALLOTTED
BIGFOOT
BLACK CAT
BLM
BOUNTY
BREC
BRIDGE
BUFFER ZON
BULLION 1
BULLION 2
CA
CA 677
CALIFORNIA
CANAL
CAPTAIN
CEMETERY
CHEETH-H L
CITY
COMODORE
COMSTOCK N
COUNTY
D-PUD
DAM
DNR
DON LODE
EASEMENT
ELLEMEHAM
ENSIGN
ENTERPRISE
ERROR
EXEMPT
GAR
GILLIGAN'S
GOLD AXE L
GOLDEN
GOLDEN CHA
GOLDEN FAU
GREEN BELT
GREEN LAKE
HORSEMARIN
IN TRUST
INTRUST
ISLAND
KANSAS #2
KANSAS LOD
KING
LAKE
LIEUTENANT
LOTTIE
MINE
MVID
NAVY
NEUTRAL ZO
NEVADA  11
NORTH STAR
NULL
OLIVETTE
OMAK
ONF
OPEN SPACE
OSWOGO38
PARK
PARKING AR
PIT SITE
PONTIAC
PUD
PUMP
QUARTERMAS
QUEEN
R/RW
R/W
REC AREA
RIVER
RIVER_ACCE
RR R/W
RR/W
RW
SATURDAY L
SCHOOL
SHORELINE
SILVER LOD
STATE
STATEPARK
TAXI_WAY
TRIBAL
TYEE
U-193
US
USFWS
USNPS
VACATED
WNF
WOLF CRK R
