02120100000100
02120100000200
02120100000300
02120100000400
02120100000500
02120100000600
02120200000100
02120200000200
02120200000300
02120200000400
02120200000500
02120200000600
02120200000700
02120200000900
02120200001000
02120215000100
02120215000200
02120222000200
02120222000300
02120222000400
02120222000800
02120222002500
02120258280100
02120258280300
02120258280900
02120258440700
02120258690500
02120258690600
02120258691000
02120258700100
02120259000700
02120300000100
02120300000201
02120300000300
02120300009800
02120300009900
02120309010100
02120309010200
02120309010300
02120309010400
02120311000400
02120311000500
02120311000600
02120311000700
02120311002100
02120312000200
02120312000300
02120312000400
02120312000500
02120312000600
02120312000700
02120312000800
02120312000900
02120312001300
02120312009700
02120312009800
02120313000100
02120313000200
02120313000300
02120313000400
02120313000500
02120313000600
02120313000700
02120313000800
02120313000900
02120313001000
02120313001100
02120313001200
02120313001300
02120313001400
02120313001500
02120313001600
02120313001700
02120313001800
02120313001900
02120313002000
02120313002100
02120313002200
02120313002300
02120313002400
02120313002500
02120313002600
02120313002700
02120313002800
02120313002900
02120313003000
02120313003100
02120313003200
02120313003300
02120313003400
02120313003500
02120313003600
02120314000100
02120314000200
02120314000400
02120314000500
02120317090100
02120317090200
02120318240100
02120318240200
02120321210100
02120321210200
02120321210300
02120322140100
02120323040200
02120325010100
02120325010200
02120325010300
02120351000100
02120351000200
02120351000203
02120351000204
02120352000200
02120352000300
02120352000400
02120354020100
02120354020200
02120354020300
02120354020400
02120354020500
02120354020600
02120354021400
02120354030200
02120354030300
02120354030400
02120354030500
02120354030600
02120355000100
02120355000200
02120355000300
02120355000400
02120355000500
02120355000600
02120355000700
02120355000800
02120355001100
02120356000100
02120356000200
02120356000300
02120357050600
02120358030700
02120358050100
02120358050700
02120358050900
02120358051100
02120358060100
02120358060300
02120358060400
02120358060500
02120358070100
02120358070200
02120358070300
02120358070700
02120358080100
02120358080500
02120358090100
02120358091000
02120358100100
02120358100700
02120358101300
02120358101500
02120358101600
02120358101900
02120358102100
02120358110100
02120358120000
02120358130100
02120358130200
02120358130400
02120358130600
02120358130900
02120358131000
02120358140100
02120358140500
02120358140700
02120358140900
02120358141500
02120358143000
02120358150100
02120358150700
02120358151000
02120358151900
02120358170100
02120358170300
02120358170600
02120358170700
02120358171100
02120358171300
02120358171500
02120358171800
02120358172200
02120358180100
02120358180300
02120358180700
02120358181300
02120358181900
02120358182000
02120358190200
02120358190800
02120358191400
02120358191900
02120358210100
02120358210400
02120358210900
02120358211300
02120358211500
02120358211700
02120358211900
02120358212000
02120358220100
02120358220200
02120358220800
02120358221000
02120358221300
02120358221900
02120358230700
02120358230900
02120358231100
02120358231300
02120358231500
02120358240100
02120358240900
02120358241300
02120358250100
02120358250300
02120358250500
02120358251100
02120358270400
02120358270600
02120358450100
02120358450300
02120358460600
02120358460700
02120358460800
02120358460900
02120358461000
02120358540900
02120358541000
02120358541100
02120358541200
02120358710900
02120358711000
02120358711500
02120358711600
02120358711700
02120359000100
02120359000200
02120359000300
02120359000400
02120359000500
02120359000600
02120359000800
02120359000900
02120359001100
02120359001200
02120359001300
02120359001400
02120359001500
02120359001600
02120359001700
02120359001800
02120360000100
02120360000200
02120360000300
02120360000400
02121200000100
02121200000200
02130100000100
02130100000200
02130200000100
02130200000200
02130300000100
02130300000200
02130400000100
02130400000200
02130500000000
02130600000100
02130600000200
02130600000300
02130600000400
02130700000100
02130700000200
02130700000300
02130800000100
02130800000200
02130800000300
02130900000000
02131000000100
02131000000200
02131100000100
02131100000200
02131200000100
02131200000200
02131200000300
02131200000400
02131251000100
02131251000200
02131251000300
02131251000400
02131300000100
02131300000200
02131300000300
02131300000400
02131300000500
02131300000700
02131300000800
02131300001000
02131300001100
02131300001200
02131352000100
02131352000200
02131352000300
02131400000100
02131400000200
02131400000400
02131400000500
02131400000600
02131450000100
02131450000200
02131450000300
02131450000400
02131450000500
02131450000600
02131500000100
02131500000200
02131500000300
02131600000600
02131600000700
02131600000800
02131600000900
02131600001100
02131600001200
02131600001300
02131606010100
02131606010200
02131606010300
02131606010400
02131606010500
02131606010600
02131608240100
02131616120100
02131616120200
02131616120300
02131617050100
02131617050200
02131617050300
02131617050400
02131618010100
02131618010200
02131618040100
02131618040200
02131623000100
02131623020200
02131631000400
02131633000100
02131634000200
02131634000300
02131634000400
02131634000500
02131634000600
02131634000800
02131634001000
02131634001100
02131634001200
02131643000100
02131643000200
02131651000100
02131651000200
02131651000300
02131653000100
02131653000200
02131653000300
02131654000100
02131654000200
02131655000100
02131655000200
02131655000300
02131660010200
02131660010300
02131660010400
02131660010500
02131660010700
02131660010900
02131660011000
02131660011300
02131660011400
02131660011700
02131660020100
02131660020200
02131660020500
02131660020600
02131660020800
02131660021000
02131660021200
02131660021300
02131660021500
02131660021700
02131660021900
02131660030300
02131660030400
02131660030800
02131660030900
02131660031000
02131660031200
02131660031400
02131660031700
02131660031800
02131661000200
02131661000300
02131661000400
02131661000600
02131662000100
02131662000200
02131663000100
02131663000200
02131664000100
02131664000200
02131665000200
02131665000300
02131665000400
02131666000100
02131666000200
02131667000100
02131667000200
02131670000100
02131670000400
02131671000100
02131671000200
02131700000100
02131700000300
02131700000500
02131700000600
02131700000700
02131720120100
02131720120200
02131762000300
02131762000400
02131762000500
02131762000600
02131762000700
02131762000800
02131762000900
02131762001200
02132100000100
02132100000200
02132100000500
02132100000600
02132115010100
02132116010100
02132116010200
02132116010300
02132116010400
02132120090100
02132120090200
02132120090300
02132120090400
02132121120100
02132121120200
02132121120300
02132122060100
02132122060200
02132122060300
02132144000100
02132144000200
02132152000200
02132153000100
02132153000200
02132153000300
02132154000100
02132154000200
02132154000600
02132156000300
02132158000100
02132158000200
02132158000300
02132200000100
02132200000200
02132200000300
02132200000400
02132200000500
02132200000501
02132200000600
02132300000100
02132300000300
02132300000400
02132300000500
02132300000600
02132300000700
02132300000800
02132300000900
02132300001000
02132300001100
02132400000100
02132400000200
02132400000300
02132400000400
02132400000500
02132500000100
02132500000200
02132500000300
02132500000400
02132500000500
02132500000600
02132500000700
02132500000800
02132600000000
02132600000100
02132600000200
02132600000300
02132600000400
02132600000500
02132600000600
02132600000700
02132600000800
02132600000900
02132600001100
02132600001200
02132600001300
02132600001400
02132600001500
02132600001600
02132600001800
02132600001900
02132600002000
02132618040100
02132618040200
02132651000100
02132651000200
02132651000300
02132700000100
02132700000200
02132700000400
02132700000500
02132700000600
02132700000700
02132700000800
02132700009800
02132700009900
02132707550100
02132707550200
02132707550300
02132715020100
02132716220100
02132716220200
02132716220300
02132716220400
02132717020100
02132717020200
02132719250100
02132719250200
02132722250100
02132724150100
02132724150200
02132751011200
02132751020200
02132752000100
02132752000200
02132762000100
02132762000200
02132763000100
02132763000200
02132763000300
02132763000400
02132780000200
02132800000100
02132800000200
02132800000300
02132800000500
02132800000600
02132811130100
02132811130200
02132820220100
02132820220200
02132820220300
02132820220400
02132822010100
02132822010200
02132851010100
02132851010200
02132851010500
02132851010600
02132851010900
02132851011300
02132851011500
02132851011600
02132851011700
02132851011800
02132851011900
02132851012000
02132851012200
02132851012300
02132851012400
02132851012500
02132851012600
02132851012700
02132851012800
02132851012900
02132851013000
02132851013100
02132851020100
02132853000100
02132853000200
02132854000100
02132854000200
02132854000300
02132855010100
02132855010300
02132855010400
02132855010500
02132855010600
02132855010700
02132855010800
02132855020100
02132855020200
02132855020300
02132855020400
02132855020500
02132855020600
02132855020900
02132855021100
02132855021400
02132855021600
02132855021700
02132855021800
02132855030100
02132855030200
02132855030300
02132855030500
02132855030600
02132855030700
02132855030800
02132855030900
02132855031000
02132855031100
02132855031200
02132856010100
02132856010200
02132856010300
02132856010600
02132856020100
02132856020200
02132856020300
02132856020400
02132856020500
02132856020600
02132856020700
02132856020800
02132856020900
02132856021000
02132856021100
02132856021200
02132856021300
02132856021400
02132856021500
02132856021600
02132856021700
02132856021800
02132856021900
02132856022000
02132856022100
02132856022200
02132856022300
02132857010100
02132857010200
02132857010202
02132857010300
02132857010400
02132857010500
02132857010600
02132857010700
02132857011100
02132857011200
02132857020100
02132857020200
02132857020300
02132857020400
02132857020500
02132857020600
02132857020700
02132857020800
02132857021000
02132857021100
02132857021200
02132857021300
02132857021400
02132857021500
02132857021700
02132857030100
02132860000100
02133300000100
02133300000200
02133300000400
02133300000600
02133300000700
02133300000800
02133300000900
02133300001000
02133300001100
02133307060100
02133307060500
02133307060600
02133307060700
02133307060800
02133307180100
02133307180200
02133307630100
02133307630200
02133308020100
02133308020200
02133309110100
02133309110200
02133310090100
02133310090200
02133310230200
02133311000100
02133311000200
02133311000300
02133311000400
02133311000500
02133311010100
02133311010200
02133311010300
02133312000100
02133312010100
02133312010200
02133312010300
02133312010400
02133315010100
02133315010200
02133315120100
02133315180100
02133315180200
02133315180300
02133315200100
02133315200200
02133316050100
02133316050200
02133318010100
02133318010200
02133318010300
02133318010400
02133318010500
02133318010600
02133318010700
02133318010800
02133318010900
02133318011000
02133318011100
02133318011200
02133318011300
02133318011400
02133318011500
02133318011600
02133318011700
02133318011800
02133318011900
02133318012000
02133318012100
02133318012200
02133318012300
02133318012400
02133318012500
02133318012600
02133318160100
02133318160200
02133320110100
02133321020100
02133321020200
02133321020300
02133341000200
02133341000500
02133341000600
02133343000200
02133344000200
02133351010600
02133351010700
02133354000200
02133354000300
02133354000400
02133354000500
02133354000700
02133354000800
02133354000900
02133354001000
02133354001100
02133354001200
02133354001400
02133354001500
02133354001600
02133354001700
02133354001800
02133354001900
02133354002000
02133354002100
02133354002200
02133354002300
02133354002400
02133354002500
02133355000100
02133355000200
02133355000300
02133355000400
02133356000100
02133356000300
02133356000400
02133356000500
02133356000600
02133356000700
02133356000800
02133356000900
02133356001000
02133356001100
02133356001200
02133356001400
02133356001500
02133356001600
02133356001700
02133356001800
02133356001900
02133356002000
02133356002100
02133356002200
02133356002300
02133356002400
02133356002500
02133356002600
02133356002700
02133356002800
02133356002900
02133356003000
02133356003300
02133356003400
02133356003500
02133357000100
02133357000200
02133360010200
02133360010300
02133360010500
02133360010700
02133360010800
02133360011000
02133360011100
02133360011200
02133360011300
02133360011500
02133360011700
02133360011900
02133360012000
02133360012200
02133360020100
02133360020300
02133360020400
02133360020600
02133360020800
02133360021000
02133360021200
02133360021300
02133360021400
02133360030100
02133360030300
02133360030500
02133360030700
02133360030900
02133360031100
02133360031200
02133360031300
02133360031500
02133360031600
02133360031800
02133360031900
02133360032100
02133360040100
02133360040200
02133360040400
02133360040600
02133360040800
02133360041200
02133360041500
02133360041700
02133360041900
02133360042000
02133360042300
02133360042500
02133360050100
02133360050200
02133360050500
02133360050600
02133360050700
02133360050800
02133360050900
02133360051000
02133360051100
02133360051200
02133360051300
02133360051400
02133360051500
02133360051600
02133360051700
02133360051800
02133360051900
02133360052000
02133360052100
02133360052200
02133360060100
02133360060300
02133360060400
02133360060600
02133360060800
02133360061000
02133360061200
02133360061400
02133360061600
02133360070100
02133360070200
02133360070400
02133360070600
02133360070800
02133360071000
02133360071200
02133360071300
02133360071500
02133360071600
02133360080400
02133360080600
02133360080900
02133360081000
02133360081200
02133360081300
02133360081400
02133360081700
02133360081800
02133360081900
02133360082100
02133360082200
02133360082400
02133360082500
02133360082600
02133360082800
02133360083000
02133360083200
02133360083400
02133360083500
02133360090300
02133360090400
02133360090600
02133360090700
02133360090800
02133360090900
02133360091100
02133360091200
02133360091300
02133360091400
02133360091500
02133360091900
02133360092000
02133360092100
02133360092200
02133360092300
02133360092500
02133360092700
02133360092800
02133360092900
02133360093300
02133360093700
02133360104300
02133360104400
02133360104500
02133360120100
02133361000200
02133361000300
02133361000400
02133362000100
02133362000200
02133363000100
02133365000200
02133366000100
02133366000200
02133366000300
02133368000100
02133368000300
02133369000100
02133369000200
02133375000100
02133375000200
02133375000300
02133375000400
02133375000500
02133375000600
02133375000700
02133375000800
02133375000900
02133375001000
02133375001100
02133375001200
02133375001300
02133380000100
02133380000200
02133400000100
02133400000200
02133400000300
02133400000400
02133400000600
02133400000700
02133400001000
02133400001200
02133408010100
02133408190100
02133408190200
02133408190300
02133413050100
02133413050200
02133413050300
02133418030100
02133418030200
02133451530200
02133451530300
02133451530400
02133451530600
02133451532000
02133451750300
02133451880300
02133451880500
02133451880700
02133451880900
02133451881300
02133451881900
02133455010100
02133455010200
02133455020100
02133455020200
02133455020300
02133455020400
02133455020500
02133455020600
02133455020700
02133455020900
02133455030100
02133455030200
02133455030300
02133456000100
02133456000200
02133460110100
02133460110200
02133460120200
02133460120300
02133460120400
02133460120500
02133460120600
02133460120700
02133460120800
02133460121000
02133460121100
02133463000200
02133463000300
02133463000400
02133464000100
02133464000200
02133464000300
02133500000200
02133500000300
02133500000500
02133500000600
02133500000700
02133500000800
02133500000900
02133500001000
02133600000100
02133600000300
02133600000400
02140100000100
02140100000200
02140200000100
02140200000200
02140200000300
02140300000000
02140400000100
02140400000200
02140500000100
02140500000200
02140600000200
02140700000100
02140700000200
02140700000300
02140800000000
02140900000000
02141000000100
02141000000200
02141000000300
02141100000100
02141100000200
02141100000300
02141100000400
02141200000100
02141200000200
02141200000300
02141300000100
02141300000200
02141300000400
02141300000500
02141300000600
02141300000700
02141300000800
02141300000900
02141400000100
02141400000200
02141400000300
02141400000400
02141400000600
02141400000800
02141500000100
02141500000200
02141500000300
02141500000400
02141500000500
02141500000800
02141500000900
02141600000100
02141600000200
02141600000300
02141600000400
02141600000500
02141600000600
02141600000700
02141600000800
02141600000900
02141600001000
02141700000200
02141700000300
02141700000400
02141700000600
02141700000700
02141700000800
02141700000900
02141800000100
02141800000200
02141800000300
02141800000400
02141800000500
02141800000600
02141800000700
02141900000100
02141900000200
02141900000300
02141900000500
02141900000600
02143000000100
02143000000200
02143000000300
02150100000100
02150100000200
02150100000300
02150100000400
02150200000100
02150200000200
02150200000300
02150300000100
02150300000200
02150300000300
02150300000400
02150300000500
02150300000600
02150300000700
02150300000800
02150300009900
02150400000100
02150400000200
02150400000300
02150400000400
02150400000500
02150500000100
02150500000200
02150500000300
02150600000100
02150700000100
02150700000200
02150700000300
02150700000400
02150700000500
02150700000600
02150700000700
02150700000900
02150700001100
02150700001200
02150700001300
02150800000100
02150800000200
02150800000300
02150800000400
02150900000100
02150900000200
02150900000300
02150900000400
02151000000100
02151000000200
02151100000100
02151100000200
02151100000300
02151100000400
02151200000100
02151200000200
02151200000300
02151200000400
02151200000500
02151200000600
02151300000100
02151300000200
02151300000300
02151400000100
02151400000200
02151400000300
02151400000400
02151400000500
02151500000100
02151500000200
02151500000300
02151500000400
02151500000500
02151600000100
02151600000200
02151600000300
02151600000400
02151600000500
02151600000600
02151600000800
02151600000900
02151651000100
02151651000200
02151651000300
02151651000400
02151700000100
02151700000200
02151700000400
02151700000500
02151700000600
02151700000700
02151700000800
02151707022400
02151707025000
02151707380100
02151707380200
02151707380300
02151707380400
02151709080100
02151709080200
02151709130100
02151711010100
02151711010300
02151711010400
02151711010500
02151711010600
02151711010700
02151713000200
02151713000300
02151713000400
02151718130100
02151718130200
02151723000200
02151723000201
02151723000500
02151723000700
02151723000800
02151723160100
02151723160200
02151724000300
02151724000400
02151724190100
02151724190200
02151724190300
02151732000400
02151732000500
02151732000600
02151732005000
02151750010200
02151750010300
02151750010400
02151750010500
02151750015400
02151751000100
02151751010100
02151751010300
02151751010500
02151751010600
02151751010700
02151751011100
02151751011200
02151751020100
02151751020200
02151751030100
02151751030200
02151751030300
02151751030400
02151751030500
02151751030600
02151751030800
02151754010300
02151754010400
02151754020600
02151754020700
02151754020800
02151754021000
02151754021200
02151754021300
02151754021400
02151754021500
02151754021800
02151754022000
02151754022100
02151754022200
02151754022300
02151754030700
02151754030800
02151754030900
02151754031100
02151754031300
02151754031500
02151754031600
02151754031800
02151754031900
02151754032000
02151754032200
02151754032300
02151754040100
02151754040500
02151754040700
02151754040800
02151754040900
02151754041100
02151754042200
02151754042300
02151754042400
02151754042600
02151754042800
02151754043000
02151754043100
02151754050100
02151754050300
02151754050700
02151754052000
02151754052200
02151754052300
02151754052700
02151754052900
02151754053000
02151754053800
02151754053900
02151754054100
02151754054300
02151754054400
02151754054500
02151754055000
02151754055600
02151754055700
02151754055900
02151754056100
02151754056200
02151754056600
02151754056900
02151754057100
02151754060100
02151754060300
02151754060500
02151754060600
02151754060800
02151754060900
02151754061100
02151754061200
02151754061400
02151754061600
02151754061800
02151754061900
02151754062000
02151754062100
02151754062200
02151754062300
02151754062400
02151754062500
02151754062800
02151754063000
02151754063200
02151754063300
02151754063400
02151754063600
02151754231100
02151755000100
02151755000200
02151755000400
02151760110000
02151760110100
02151760110300
02151760110400
02151760110500
02151760110600
02151760110700
02151760110800
02151760110900
02151760111000
02151760111100
02151760111200
02151760111300
02151760111400
02151760111500
02151760111600
02151760111700
02151760111800
02151760111900
02151760209500
02151760209600
02151760209700
02151760209800
02151760210100
02151760210200
02151760210300
02151760210400
02151760210500
02151760210700
02151760210900
02151760211000
02151760211100
02151760211200
02151760211300
02151760211400
02151760211500
02151760211600
02151760211700
02151760211800
02151760212000
02151760212100
02151760212200
02151760212300
02151760212400
02151760212500
02151800000400
02151800000500
02151800000600
02151800000700
02151800000800
02151800000900
02151800001000
02151800001100
02151811000100
02151811000400
02151811000500
02151812010000
02151814000100
02151814000200
02151814000300
02151814000400
02151814000500
02151814000600
02151814000700
02151814000800
02151814000900
02151814001000
02151820100100
02151820100200
02151850000100
02151850000200
02151850000300
02151850000400
02151852000100
02151852000300
02151852000400
02151852000500
02151852000600
02151852001000
02151852001100
02151852001200
02151852001300
02151852001400
02151852001500
02151852001600
02151852001700
02151852002000
02151852002100
02151853010100
02151853010200
02151853010300
02151853010400
02151853010500
02151853020100
02151853020200
02151853020300
02151853020400
02151853020500
02151853020600
02151853020800
02151853020900
02151853030100
02151853030200
02151853030300
02151853030400
02151853030500
02151855000100
02151855000300
02151856000100
02151856000200
02151880000900
02151881000100
02151881000200
02151881000300
02151881000400
02151881000500
02151881000600
02151881000700
02151881000800
02151881000900
02151881001000
02151881001100
02151881001200
02151881001300
02151881001400
02151881001500
02151881001600
02151881001700
02151881001800
02151881001900
02151881002000
02151881002100
02151881002200
02151881002300
02151881002400
02151881002500
02151881002600
02151881002700
02151881002800
02151881002900
02151881003000
02151881003100
02151881003200
02151881003300
02151881003400
02151881003500
02151881003600
02151881003700
02151881003800
02151881003900
02151881004000
02151881004100
02151881004200
02151881004300
02151881004400
02151881004500
02151881004600
02151881004700
02151881004800
02151881004900
02151881005000
02151881005100
02151881005200
02151881005300
02152200000100
02152300000100
02160200000200
02160300000100
02160300000200
02160300000300
02160300000400
02160300000500
02160300000600
02160300000700
02160300000800
02160300000900
02160400000100
02160400000300
02160400000500
02160400000600
02160400000900
02160400001000
02160400001100
02160400001200
02160400001300
02160400001400
02160400001500
02160400001600
02160400001700
02160400001800
02160400001900
02160400002600
02160451000100
02160452000100
02160452000200
02160452000300
02160455010100
02160455010300
02160455020100
02160455020300
02160455030000
02160455040000
02160455050000
02160455060000
02160455080000
02160455110000
02160455150000
02160455190000
02160455250400
02160455260000
02160455270300
02160455280000
02160455350000
02160455360300
02160455360500
02160455370000
02160455370300
02160455380000
02160455380500
02160455380700
02160455390000
02160455390300
02160500000100
02160500000200
02160500000300
02160500000400
02160500000500
02160500000600
02160500000700
02160600000101
02160600000200
02160600000300
02160600000400
02160600000500
02160700000100
02160700000200
02160700000300
03100100000100
03100100000200
03100100000400
03100100000700
03100100000800
03100100001000
03100100001100
03100151000100
03100151000200
03100151000300
03100200000100
03100200000200
03100200000300
03100200000400
03100200000500
03100200000600
03100200001000
03100200001100
03100200001300
03100200001500
03100200001600
03100200001800
03100200001900
03100200002000
03100200002100
03100200002200
03100200006000
03100200100000
03100202200000
03100209040100
03100209040200
03100215110100
03100215110200
03100223010100
03100223010200
03100224120100
03100251020700
03100251020800
03100251021100
03100251021300
03100251021400
03100251021600
03100251021700
03100251021800
03100251021900
03100251022000
03100251022600
03100251022700
03100251023000
03100251023001
03100251023100
03100252000100
03100252000200
03100252000300
03100253000100
03100254000100
03100254000200
03100254000300
03100254000400
03100254000500
03100254000600
03100254000700
03100255000100
03100255000200
03100255000300
03100260000100
03100260000200
03100261000100
03100261000200
03100263000200
03100300000100
03100300000200
03100300000400
03100300000500
03100300000600
03100300000700
03100300000900
03100300005400
03100300005500
03100300005600
03100351030500
03100351030600
03100352000100
03100353000100
03100353000200
03100353000300
03100360000200
03100360000300
03100360000400
03100360000500
03100360000600
03100360000700
03101000000100
03101000000200
03101000000300
03101000000400
03101000000600
03101000000700
03101000000900
03101000001000
03101000001100
03101000001200
03101000001300
03101000001500
03101000001600
03101000001700
03101000001800
03101000002000
03101000002100
03101016040100
03101016040200
03101024110100
03101024110200
03101024110300
03101061000100
03101062000600
03101100000100
03101100000200
03101100000300
03101100000400
03101100000500
03101100000600
03101100000700
03101100000800
03101100000900
03101100001000
03101100001100
03101100001300
03101100001400
03101100001500
03101100001600
03101100001700
03101100002000
03101100002100
03101100002300
03101100002400
03101100002500
03101100002600
03101151000100
03101151000200
03101151000300
03101151000400
03101200000100
03101200000200
03101200000201
03101200000300
03101200000400
03101200000500
03101200000600
03101300000300
03101300000600
03101300000900
03101300001100
03101300001300
03101300001400
03101300001500
03101300001600
03101300001700
03101300001900
03101300009900
03101308050200
03101308050300
03101309120100
03101313100100
03101313100200
03101315140100
03101315140200
03101315140300
03101315140400
03101316180100
03101316180200
03101316180300
03101317060100
03101317060200
03101318070200
03101318070300
03101319110100
03101319110200
03101321010100
03101321010200
03101321010300
03101323010100
03101323080100
03101323080200
03101323080300
03101323080400
03101323080401
03101324260100
03101324260200
03101325040100
03101325040200
03101325040300
03101333000200
03101333000300
03101333000400
03101333000700
03101333000800
03101333000900
03101333001000
03101333001100
03101333001200
03101333001300
03101333001400
03101333001500
03101333001900
03101333002000
03101333002100
03101333002200
03101333002300
03101333002400
03101333002500
03101333002600
03101333002800
03101333002900
03101333003000
03101333003100
03101334000200
03101334000600
03101334000700
03101334000800
03101334001000
03101344000100
03101344000400
03101344000500
03101344000600
03101344000700
03101344000800
03101344000900
03101344001001
03101344001400
03101351000100
03101351000200
03101352000200
03101352000300
03101353000100
03101353000200
03101353000300
03101353000400
03101353000500
03101353000600
03101353000700
03101353000800
03101353000900
03101353001100
03101353001200
03101354000200
03101355000100
03101355000200
03101356000100
03101356000200
03101356000400
03101357000100
03101357000200
03101360000200
03101362000200
03101365000100
03101365000200
03101366000100
03101366000200
03101366000300
03101367000100
03101367000200
03101367000300
03101400000100
03101400000200
03101400000300
03101400000500
03101400000600
03101400000700
03101400000800
03101400000900
03101400001000
03101400001001
03101400001400
03101400001600
03101400001900
03101400002000
03101400002100
03101400002400
03101400002500
03101400002600
03101400002700
03101400002800
03101400002900
03101400003000
03101400003100
03101400009800
03101400009900
03101407310100
03101407310200
03101407790100
03101407790200
03101417090100
03101417090200
03101417100100
03101417100200
03101419160100
03101419160200
03101419230200
03101419230300
03101419230400
03101420020100
03101422170100
03101422170200
03101422230100
03101422230200
03101424180100
03101424180200
03101444000100
03101444000200
03101444000300
03101444000400
03101444000600
03101444000700
03101444001000
03101444001100
03101444001300
03101444001400
03101451000100
03101451000200
03101451000300
03101452000100
03101452000300
03101453000100
03101453000200
03101453000300
03101454000100
03101454000200
03101456010100
03101456010200
03101456010300
03101456010400
03101456010500
03101456020100
03101456020200
03101456020300
03101456020400
03101456020500
03101456030100
03101456030200
03101456030300
03101456030400
03101456030500
03101456030600
03101456030700
03101456030800
03101456030900
03101456031000
03101456031100
03101456031200
03101456031300
03101456031400
03101456031500
03101457000100
03101457000200
03101458000100
03101458000200
03101460000100
03101460000200
03101460000300
03101460000400
03101468000100
03101468000200
03101468000300
03101468000400
03101468000500
03101468000700
03101468000800
03101468000900
03101468001000
03101468001100
03101468001200
03101500000000
03102300000251
03102300000252
03102300000600
03102300000700
03102300000900
03102300001000
03102300001100
03102300009700
03102300009800
03102300009900
03102300099900
03102300900100
03102306730100
03102307030000
03102307030100
03102307030200
03102307030300
03102307030400
03102307030700
03102307030900
03102307031000
03102307031200
03102311000100
03102311000200
03102311000400
03102311000500
03102311000600
03102311000700
03102311000800
03102311000900
03102311000901
03102311001100
03102311001200
03102311001300
03102311001400
03102311001500
03102311005000
03102311005100
03102311100100
03102311100200
03102312000401
03102312000402
03102312000403
03102312000405
03102312000406
03102312000407
03102312000408
03102312000500
03102312000600
03102312000700
03102312000800
03102312001000
03102312080100
03102312080200
03102313000100
03102313000200
03102313000400
03102313000600
03102313000601
03102313000700
03102313000800
03102313000900
03102313001000
03102313001100
03102313001200
03102313001300
03102313001400
03102313001500
03102313001600
03102313001700
03102313001800
03102313001900
03102313002000
03102313002200
03102313002300
03102313002500
03102313002600
03102313002700
03102313002800
03102313003000
03102313004000
03102313100100
03102313100200
03102313100300
03102313100400
03102314000200
03102314000300
03102314000400
03102314000501
03102314000502
03102314000503
03102314000700
03102314000801
03102314000802
03102314000803
03102314000804
03102314001000
03102315000100
03102315080100
03102315080200
03102316020100
03102316030100
03102316030200
03102316030300
03102316030400
03102316030500
03102316030600
03102316030700
03102317000100
03102317000200
03102317050100
03102317050200
03102317150100
03102317150200
03102317150300
03102317260100
03102317260200
03102318010100
03102318010200
03102318110100
03102318110200
03102319013100
03102319013200
03102319050100
03102319130100
03102319130200
03102319130300
03102320150100
03102320150200
03102320150300
03102320150400
03102321000100
03102321000200
03102321000300
03102321000400
03102321000500
03102322190100
03102323100100
03102323100200
03102323140100
03102323140200
03102324000200
03102324030100
03102324180100
03102324180200
03102324180300
03102331000200
03102331000300
03102334000500
03102334009900
03102340000101
03102340000102
03102340000200
03102340000300
03102340000401
03102340000403
03102340000404
03102340000405
03102340000407
03102340000408
03102340000409
03102340000410
03102340000411
03102340000412
03102340000413
03102340000414
03102340000415
03102341000300
03102341000400
03102341000500
03102341000600
03102341000700
03102341000900
03102341001000
03102343000100
03102343000200
03102343000300
03102344000400
03102344000500
03102344000600
03102344030200
03102347000100
03102347000200
03102348000200
03102348000300
03102348000400
03102351000200
03102352000100
03102352000200
03102352000300
03102352000400
03102353000100
03102353000200
03102354000100
03102354000300
03102354000400
03102355000100
03102356000100
03102356000200
03102356000300
03102356000400
03102357000200
03102357000300
03102357000400
03102358000100
03102358000200
03102358000301
03102358000302
03102359000100
03102359000251
03102359000252
03102360000300
03102360000400
03102361000100
03102361000201
03102361000202
03102361000300
03102362000100
03102362000200
03102363000200
03102363000300
03102364000100
03102364000200
03102365000100
03102365000200
03102366000100
03102366000200
03102368000100
03102368000200
03102368000300
03102368000400
03102369000200
03102369000300
03102369000400
03102370000200
03102370000300
03102375000200
03102375000300
03102375000400
03102376000200
03102376000300
03102376000400
03102376000500
03102380000100
03102380000200
03102380000300
03102381000100
03102381000200
03102381000300
03102390000300
03102390000400
03102390000700
03102391000100
03102392000100
03102392000200
03102392000300
03102392000400
03102392000500
03102392000600
03102392000700
03102394000200
03102394000300
03102394000400
03102395000100
03102396000100
03102396000200
03102397000200
03102398000300
03102399000100
03102399000200
03102399009800
03102400009900
03102401000100
03102401902100
03102401902200
03102401902300
03102401902400
03102401902600
03102401902700
03102403000100
03102403000200
03102404000100
03102404000200
03102404000300
03102404000401
03102404000402
03102404040100
03102404040200
03102404040300
03102404040400
03102404040500
03102404040600
03102404040700
03102404040800
03102404040900
03102404041000
03102404041100
03102404041200
03102404041300
03102404041400
03102404041500
03102404041600
03102404041700
03102405000100
03102405000200
03102406000100
03102406000200
03102406000300
03102406000400
03102406090100
03102406090200
03102406190100
03102406190200
03102406420200
03102406420300
03102406420400
03102408000100
03102408000200
03102408000300
03102408000400
03102408010100
03102408010200
03102408010300
03102408010400
03102409000100
03102409000200
03102409000300
03102409000400
03102409000500
03102409000600
03102409000700
03102409000800
03102409000900
03102410000100
03102410000200
03102410010100
03102410010200
03102411000100
03102411000400
03102411000600
03102411000801
03102411000802
03102411000803
03102411000804
03102411000805
03102411000806
03102411000807
03102411000808
03102411000809
03102411000810
03102411000900
03102411001200
03102411010100
03102411010200
03102411010300
03102412000100
03102412000200
03102412000300
03102412000400
03102412000500
03102412020100
03102412020200
03102413020100
03102413020200
03102413020300
03102413030100
03102413160200
03102414000100
03102414000200
03102414000300
03102414000900
03102414010300
03102414020100
03102414020200
03102414020400
03102414020500
03102414050100
03102414050110
03102414050200
03102414050210
03102414050300
03102414050310
03102414050400
03102414050410
03102414750200
03102414750300
03102414750400
03102414750500
03102415000100
03102415000200
03102415010101
03102415010200
03102415010303
03102415011000
03102415012000
03102415060100
03102415060200
03102415060300
03102416000100
03102416000200
03102416000300
03102416010200
03102416010300
03102416010400
03102416020100
03102416020200
03102416020300
03102416040100
03102416040200
03102416150200
03102416150300
03102417000100
03102417000200
03102417000400
03102417002100
03102417002200
03102417002300
03102417002400
03102417002500
03102417002600
03102417002700
03102417002800
03102417002900
03102417003100
03102417003300
03102417005100
03102417005200
03102417005300
03102417010100
03102417010200
03102417020100
03102417020200
03102417021000
03102417060100
03102417060200
03102417060300
03102417170200
03102417180100
03102417180200
03102418000200
03102418010100
03102418010200
03102418011100
03102418020100
03102418020200
03102418030100
03102418040100
03102418040200
03102418040300
03102418040400
03102418060100
03102418060200
03102418080100
03102418090100
03102418100100
03102418101000
03102418102000
03102418110100
03102418120100
03102418130100
03102419000100
03102419000201
03102419000202
03102419000203
03102419000204
03102419002100
03102419002200
03102419010100
03102419020100
03102419060200
03102419150100
03102419150200
03102419150300
03102420000100
03102420003100
03102420003200
03102420030100
03102420030200
03102420100200
03102420160100
03102420160200
03102420160300
03102421000200
03102421000300
03102421000401
03102421000402
03102421010100
03102421010200
03102421020100
03102421020200
03102421170100
03102421170300
03102422000200
03102422000300
03102422000400
03102422000700
03102422000800
03102422001100
03102422001200
03102422010100
03102422010200
03102423000150
03102423000151
03102423000250
03102423000251
03102423000300
03102423000351
03102423000353
03102423000354
03102423000355
03102423000452
03102423000453
03102423000500
03102423030100
03102423030200
03102424000200
03102424000300
03102424004100
03102424004300
03102424010100
03102424010200
03102424140100
03102424140200
03102424140300
03102424140400
03102425010100
03102425010200
03102426000100
03102426000200
03102426000300
03102427000101
03102427000200
03102427000300
03102427000400
03102427000500
03102428000200
03102428000300
03102429000300
03102429000400
03102430000100
03102430000200
03102431000300
03102432000401
03102432000402
03102432000403
03102432000600
03102432000700
03102432000801
03102432000802
03102432000803
03102432000841
03102432000842
03102432001000
03102432001100
03102432009900
03102433000100
03102433000200
03102433000300
03102434000100
03102434000200
03102434000353
03102434000354
03102434000400
03102434000500
03102434000600
03102434000700
03102434001100
03102435000100
03102435000301
03102435000400
03102436000100
03102436000200
03102437000100
03102437000200
03102438000100
03102438000452
03102439000100
03102439000200
03102440000100
03102440000200
03102441000100
03102441000300
03102441000400
03102441000500
03102441000600
03102441000700
03102441000800
03102441000900
03102441001000
03102441001100
03102441001200
03102441001300
03102441001400
03102441001600
03102441020800
03102442000100
03102442000200
03102442000400
03102442000500
03102442000700
03102443000300
03102443000400
03102443000500
03102443000600
03102443000700
03102443000800
03102443000900
03102443001000
03102443001200
03102443001400
03102443001500
03102443001700
03102443001800
03102443002200
03102443002400
03102443009900
03102444000200
03102444000300
03102444000500
03102444000600
03102444000700
03102444001000
03102444001201
03102444001202
03102444001400
03102444001500
03102444001700
03102444005100
03102446000100
03102446000200
03102446000300
03102446000400
03102446000500
03102446000600
03102446000700
03102446000800
03102446000900
03102446001000
03102446001100
03102446001200
03102446001300
03102446001400
03102446001500
03102446001600
03102446001700
03102446001800
03102446001900
03102446002000
03102446002100
03102446002200
03102446002300
03102446002400
03102446002500
03102446002602
03102447000100
03102447000200
03102447000300
03102447000400
03102448000100
03102448000200
03102448000300
03102448000400
03102448000600
03102448000700
03102448000800
03102448000900
03102448001000
03102448001100
03102448001200
03102448001300
03102448001400
03102448001500
03102448001600
03102448001700
03102448001800
03102448001900
03102448002000
03102448002100
03102448002200
03102449000100
03102449000200
03102449000300
03102449000400
03102449000500
03102449000600
03102449000700
03102449000800
03102450000100
03102450000400
03102450000500
03102450000600
03102450000700
03102451000100
03102451000500
03102451000700
03102451000800
03102451000900
03102451001000
03102452000151
03102452000152
03102452000153
03102452000200
03102455000100
03102455000200
03102455000300
03102456000100
03102456000200
03102457000100
03102457000200
03102459000100
03102459000200
03102459000300
03102460000100
03102460000200
03102460000300
03102461000100
03102461000200
03102461000300
03102461000400
03102462000100
03102464000100
03102464000200
03102464000300
03102464000400
03102465000100
03102465000200
03102465000300
03102465000400
03102466000100
03102466900100
03102466900200
03102467000100
03102468000200
03102468000300
03102468000400
03102468000500
03102468000600
03102468000700
03102468000800
03102468000900
03102468001000
03102468001100
03102468001200
03102468001300
03102468001400
03102468001500
03102468001600
03102468001700
03102468001800
03102468001900
03102468002000
03102468002100
03102468002200
03102468002300
03102468002400
03102468002500
03102468002600
03102468002700
03102468002800
03102468002900
03102468003000
03102468003100
03102468003200
03102468003300
03102468003400
03102468003500
03102468003600
03102468003700
03102468003800
03102468004000
03102468004200
03102468004300
03102468004400
03102468004500
03102468004600
03102468004700
03102468004800
03102468004900
03102468005000
03102469000100
03102469000200
03102469000300
03102469000400
03102470000100
03102470000200
03102470000400
03102471000100
03102471000200
03102472000100
03102472000200
03102473000200
03102473000300
03102473000400
03102473000500
03102473000600
03102473000700
03102473000900
03102473001100
03102473001200
03102473001800
03102473001900
03102473002300
03102474000100
03102475000200
03102475000400
03102475010200
03102475020600
03102475020800
03102475030300
03102475030400
03102475040100
03102475040200
03102475040400
03102475040500
03102475040600
03102475040800
03102475050100
03102475050200
03102475050300
03102475060200
03102475060300
03102475070100
03102475070400
03102475070500
03102475070700
03102476000100
03102476000200
03102476000300
03102476000400
03102476010200
03102476010300
03102476010400
03102476010500
03102476010600
03102476010800
03102476010900
03102476020100
03102476020200
03102476020400
03102476020600
03102476020700
03102477000300
03102478000100
03102478000200
03102478000400
03102478000500
03102479000100
03102479000200
03102479000300
03102479000500
03102479000600
03102480000100
03102480000300
03102480000400
03102480010100
03102480020100
03102480020200
03102481000200
03102481010100
03102481020100
03102481020200
03102481020300
03102481020400
03102481020500
03102481020600
03102481030100
03102481030200
03102481030500
03102481030600
03102481030700
03102481030800
03102481031000
03102481031200
03102481040100
03102481040200
03102481040401
03102481040403
03102481040404
03102481040405
03102482000100
03102482000200
03102482000300
03102482000400
03102482000500
03102482000600
03102483000100
03102483000402
03102483000403
03102483000404
03102483000700
03102483001000
03102483001200
03102483001400
03102484000100
03102484000200
03102485000100
03102485000200
03102486000100
03102486000200
03102486000300
03102486000400
03102486000500
03102486000600
03102486000700
03102486000800
03102487000100
03102487000200
03102487000300
03102488000100
03102488000200
03102490000200
03102490000500
03102490000600
03102490000800
03102491000200
03102491000300
03102491000400
03102492000100
03102492000200
03102492000300
03102492000500
03102492000600
03102493000100
03102493000200
03102493000300
03102493000400
03102493010302
03102493010400
03102493010800
03102494000100
03102494000200
03102494000300
03102494000400
03102495000101
03102495000102
03102495000200
03102496000100
03102496000200
03102496000302
03102497000100
03102498000100
03102498000200
03102499000100
03102499000200
03102500002500
03102500009900
03102511000100
03102511000200
03102511000300
03102511000500
03102511000600
03102511002500
03102511003000
03102512000400
03102512000500
03102514000100
03102521000000
03102551000100
03102551000200
03102551000300
03110100000100
03110100000200
03110100000300
03110100000400
03110100000500
03110200000100
03110200000200
03110200000300
03110200000400
03110200000500
03110200000600
03110200000700
03110200000800
03110200000900
03110300000100
03110300000200
03110300000600
03110300000700
03110300000800
03110300001000
03110300001100
03110300001200
03110300001400
03110300001700
03110300001800
03110300001900
03110300002000
03110300002100
03110300002300
03110300002500
03110300002600
03110300009900
03110308300100
03110308300200
03110308300300
03110311020100
03110311020200
03110311020300
03110351000100
03110351000200
03110357000100
03110357000200
03110400000100
03110400000300
03110400000400
03110400000500
03110400000600
03110400000700
03110400000800
03110400001200
03110400001300
03110400001400
03110400001500
03110400001600
03110400002000
03110400009900
03110407100100
03110407100200
03110414060100
03110416170100
03110416170200
03110450000100
03110450000200
03110451000200
03110452000100
03110452000200
03110453000200
03110454000100
03110454000200
03110479290100
03110479290200
03110479290300
03110479290400
03110500000100
03110500000200
03110500000300
03110500000400
03110500000500
03110500000600
03110500000700
03110500000800
03110500000900
03110500001000
03110500001100
03110500001200
03110500001300
03110500001400
03110500001600
03110500001700
03110500001800
03110500001900
03110500002000
03110500002100
03110551000100
03110551000200
03110551000300
03110551000400
03110552000200
03110552000300
03110553000200
03110553000300
03110558000300
03110560000300
03110560000400
03110600000100
03110600000200
03110600000400
03110600000500
03110600000600
03110600000700
03110600000800
03110600000900
03110600001100
03110608080100
03110608080200
03110609020100
03110609020200
03110650000100
03110650000200
03110650000300
03110650000500
03110650000600
03110651000100
03110651000400
03110651000500
03110652000100
03110653000100
03110653000200
03110654000100
03110654000200
03110654000300
03110655000200
03110655000300
03110655000400
03110658000100
03110658000200
03110658000300
03110658000400
03110659000300
03110659000400
03110660000100
03110660000200
03110661000100
03110661000200
03110661000300
03110661000400
03110700000100
03110700000200
03110700000300
03110700000400
03110700000500
03110700000600
03110700000700
03110700000800
03110700000900
03110700001000
03110700001200
03110700001300
03110700001500
03110700001600
03110700001700
03110700001900
03110700002000
03110700002400
03110700002500
03110700002600
03110700002700
03110700002800
03110700002900
03110700003000
03110700003100
03110700003200
03110700003300
03110700003400
03110700003500
03110700003600
03110700003700
03110700004000
03110700004100
03110700004200
03110713060100
03110713060200
03110713060300
03110751000100
03110751000200
03110753000100
03110753000200
03110753000300
03110753000400
03110754000100
03110754000200
03110755000100
03110755000200
03110756000100
03110756000200
03110757000200
03110757000400
03110757000500
03110757000600
03110758000100
03110758000300
03110758000400
03110800000010
03110800000100
03110800000300
03110800000400
03110800000600
03110800000700
03110800000701
03110800000800
03110800000900
03110800001000
03110800001100
03110800001200
03110800001300
03110800001400
03110800001500
03110800001600
03110800002100
03110800002300
03110800002400
03110800002500
03110800002700
03110800002800
03110807490100
03110807490200
03110851000100
03110851000200
03110851000300
03110851000400
03110852000100
03110852000200
03110852000300
03110853000100
03110854000100
03110854000200
03110855000100
03110855000200
03110856000200
03110857000100
03110857000200
03110857000300
03110858000100
03110858000200
03110859000100
03110859000200
03110860000100
03110860000200
03110900000100
03110900000200
03110900000400
03110900000500
03110900000501
03110900000600
03110900000700
03110900000800
03110900000900
03110900001000
03110900001100
03110900001300
03110900001500
03110900001800
03110900001900
03110900002000
03110900002100
03110900002200
03110900009900
03110905290210
03110905290220
03110916110100
03110916110200
03110919030100
03110924050100
03110924050200
03110950000100
03110950000200
03111000000000
03111000000100
03111000000300
03111000000500
03111000000600
03111000000700
03111000000800
03111000000900
03111000001000
03111000001100
03111000001200
03111000001300
03111000001400
03111000001500
03111050000100
03111050000200
03111100000100
03111100000200
03111100000300
03111100000400
03111100000700
03111100000900
03111100001000
03111100001100
03111100001200
03111100001400
03111100001500
03111100001600
03111100001700
03111100001800
03111123090200
03111151000100
03111200000100
03111200000200
03111200000300
03111200000400
03111200000500
03111200000600
03111200000700
03111200000800
03111300000100
03111300000200
03111300000300
03111300000400
03111300000500
03111400000100
03111400000200
03111400000300
03111400000400
03111400000500
03111400000600
03111400000700
03111400000800
03111400000900
03111400001000
03111400001100
03111400001200
03111400001300
03111400001400
03111400001500
03111400001600
03111400001700
03111400001800
03111400001801
03111400001900
03111400002000
03111400002100
03111400002200
03111400002300
03111500000100
03111500000200
03111500000300
03111500000400
03111500000500
03111500000501
03111500000600
03111500000700
03111500000800
03111500000900
03111500001000
03111500001001
03111500001100
03111500001200
03111500001300
03111500001400
03111500001500
03111500001600
03111500001700
03111551000100
03111551000200
03111551000300
03111551000400
03111600000300
03111600000400
03111600000500
03111600000800
03111600001000
03111600001100
03111600001200
03111700000100
03111700000200
03111700000300
03111700000400
03111700000500
03111700000600
03111700000800
03111700001200
03111700001300
03111711200100
03111711200200
03111800000101
03111800000201
03111800000400
03111800000500
03111800000600
03111800000800
03111800000900
03111800001000
03111800001400
03111800001500
03111800001600
03111800009900
03111805060100
03111805060200
03111805060300
03111805060400
03111807610100
03111807610200
03111815060100
03111820050100
03111820050200
03111821140100
03111821140200
03111821320100
03111821320200
03111831000300
03111831000400
03111831000500
03111831000600
03111831000800
03111831000900
03111831001000
03111832000100
03111832000200
03111832000300
03111833000100
03111833000200
03111833000400
03111833000500
03111833000501
03111833000600
03111833000700
03111833000800
03111833000900
03111834000100
03111834000200
03111834000300
03111835000100
03111835000200
03111836000100
03111836000200
03111837000100
03111837000200
03111851000100
03111852000200
03111852000300
03111853000100
03111854000100
03111854000200
03111854000300
03111854000400
03111855000100
03111855000200
03111855000300
03111855000400
03111856000100
03111857000100
03111857000200
03111858000100
03111858000300
03111858000400
03111900000100
03111900000200
03111900000300
03111900000500
03111900009800
03111900009900
03111904090100
03111904090200
03111906040100
03111906040200
03111906040300
03111906040400
03111906040500
03111906040600
03111906040700
03111906040800
03111906040900
03111906041000
03111906041200
03111906041300
03111906041400
03111906041500
03111906041600
03111906041700
03111906041800
03111906041900
03111906042000
03111906042100
03111906042200
03111906042300
03111906042400
03111906042500
03111906042600
03111906042700
03111906042800
03111906042900
03111906043000
03111906043100
03111906100100
03111906100200
03111907030100
03111907030200
03111908020800
03111908020900
03111908480100
03111908480200
03111908480300
03111909010100
03111909010200
03111909100100
03111909100200
03111910000150
03111910000300
03111910030100
03111910030200
03111911020100
03111911020200
03111911020700
03111911020800
03111913010100
03111913010101
03111913010200
03111913010201
03111914000100
03111914030200
03111914060100
03111914060200
03111914070100
03111914070200
03111914080100
03111914080200
03111915030200
03111915030300
03111915040100
03111915040200
03111916030100
03111916030200
03111916050100
03111916050200
03111917010100
03111917010200
03111917010300
03111918050100
03111918050200
03111919010100
03111919010200
03111919010300
03111919030100
03111919030200
03111920000100
03111920000200
03111920010100
03111920010200
03111920020100
03111920020200
03111920180100
03111920180200
03111920180300
03111920180400
03111921000102
03111921000200
03111921020100
03111921020200
03111921020300
03111922000200
03111922000400
03111922000500
03111922000700
03111922020100
03111922020200
03111922020300
03111923000100
03111923000200
03111923000300
03111923000900
03111923001000
03111923001100
03111923001200
03111923001300
03111923001500
03111923001600
03111923001700
03111923001800
03111923001900
03111923002000
03111923002100
03111923002200
03111923002300
03111923002500
03111923002700
03111923002800
03111923003100
03111923003300
03111923003401
03111923003402
03111923010100
03111924000100
03111924000300
03111924000400
03111924000500
03111924000600
03111924000800
03111924000900
03111924001000
03111924001100
03111924001402
03111924004100
03111924004200
03111925000101
03111925000102
03111931000151
03111931000152
03111931000153
03111931000200
03111931000300
03111931000400
03111931000500
03111931000600
03111931000700
03111931000800
03111931000900
03111931001000
03111931001100
03111931001200
03111931001500
03111932000200
03111932000300
03111932000301
03111932000400
03111932000500
03111932000600
03111933000100
03111933000200
03111933000300
03111933000400
03111933000401
03111933000600
03111933000700
03111933000800
03111934000200
03111934000300
03111934000400
03111934000600
03111934000700
03111934000800
03111934000900
03111934001000
03111934001200
03111934001300
03111934001400
03111934001500
03111934001651
03111934001652
03111934001653
03111934001654
03111934001700
03111934001802
03111934001900
03111934002000
03111934002300
03111934002400
03111934002500
03111934002600
03111934002700
03111934002800
03111934002900
03111934003000
03111934003100
03111934003200
03111934003300
03111934003400
03111934003500
03111934003600
03111934003900
03111934004100
03111934004200
03111934004300
03111934004500
03111934005000
03111934005200
03111935000100
03111935000200
03111943000200
03111943000400
03111943000500
03111943000600
03111943000700
03111943000900
03111943001000
03111943001100
03111943001200
03111945000100
03111945000200
03111945000300
03111948000200
03111948000300
03111948000400
03111949000100
03111949000200
03111950000100
03111950000200
03111951000200
03111951000300
03111951000400
03111951000500
03111951000600
03111951000700
03111951000800
03111951000900
03111951010100
03111951010200
03111951010400
03111951010500
03111951010700
03111951020401
03111951020402
03111951020403
03111951020600
03111951020700
03111951020900
03111951021100
03111951030100
03111951030200
03111951030300
03111951030600
03111951030700
03111951040100
03111951040200
03111951040300
03111951040400
03111951040500
03111951040600
03111951040700
03111951040800
03111951040900
03111951041000
03111951050100
03111951050300
03111951050400
03111951050700
03111952010100
03111952010300
03111952010400
03111952010600
03111952010700
03111952010900
03111952011100
03111952011300
03111952011400
03111952011600
03111952011700
03111952011800
03111952012000
03111952012100
03111952012200
03111952020300
03111952020500
03111952020700
03111952020900
03111952021000
03111952021200
03111952021300
03111952021400
03111953010200
03111953010300
03111953010400
03111953010500
03111953010600
03111953010700
03111953010800
03111953010900
03111953011000
03111953011100
03111953011300
03111953011400
03111953011500
03111953011601
03111953011602
03111954010100
03111954010200
03111954010300
03111954010400
03111954010500
03111954010600
03111954010800
03111954010900
03111954011000
03111954011100
03111954011200
03111954011300
03111954011400
03111954011500
03111954020100
03111954020200
03111954020400
03111954020500
03111954020600
03111955010100
03111955010300
03111955010401
03111956000100
03111956000200
03111956000300
03111956000400
03111957000100
03111957000200
03111957000300
03111957000400
03111958000100
03111958000200
03111959000100
03111959000200
03111959000300
03111959000400
03111960000100
03111960000200
03111960000301
03111960000302
03111961010100
03111961010200
03111961020100
03111961020300
03111961020400
03111961020500
03111961030100
03111961030200
03111961030300
03111961030400
03111961030500
03111961040100
03111961040200
03111961040300
03111961040400
03111961040500
03111961050100
03111961050200
03111961050300
03111961050400
03111961060100
03111961060200
03111961060300
03111961060400
03111962010100
03111962010200
03111962010300
03111962010400
03111962010600
03111962020100
03111962020300
03111962020401
03111962020601
03111962020602
03111962020603
03111962020604
03111962030100
03111962030300
03111962030500
03111962030600
03111962040100
03111962040200
03111962040300
03111962040400
03111962040500
03111962040600
03111962040700
03111962050200
03111962050300
03111962060100
03111962060200
03111962060300
03111962060400
03111962060500
03111962070300
03111962070600
03111962080100
03111962080200
03111962080300
03111963010100
03111963010200
03111963010300
03111963010400
03111963010500
03111963010600
03111963010700
03111963010900
03111963011200
03111963020100
03111963020200
03111963020300
03111963020400
03111963020500
03111963030101
03111963030102
03111963030300
03111963030500
03111963030600
03111963040100
03111963040200
03111963040400
03111963040500
03111963040600
03111964010100
03111964010200
03111964010300
03111964010400
03111964010500
03111964010600
03111964010900
03111964011000
03111964020100
03111964020300
03111964020900
03111964021000
03111964021100
03111965010100
03111965010200
03111965010300
03111965010400
03111965010500
03111965010600
03111965010700
03111965020100
03111965020400
03111965020600
03111965020700
03111965020800
03111965021000
03111966010100
03111966010300
03111966010500
03111966010600
03111966010700
03111966010800
03111966011000
03111966011100
03111966011200
03111967010100
03111967010300
03111967010400
03111967020100
03111967020300
03111968010100
03111968010400
03111968010600
03111968010700
03111968020100
03111968020200
03111968020300
03111968020500
03111968020700
03111968030100
03111968030200
03111968030300
03111968030400
03111968030500
03111968030600
03111968030700
03111968030800
03111969000500
03111969000600
03111969000700
03111970000100
03111970000200
03111970000300
03111971010100
03111971010200
03111971010700
03111971010800
03111971010900
03111971011100
03111971011200
03111971011300
03111971011500
03111971011700
03111971012200
03111972010100
03111972010200
03111972010300
03111972010400
03111972010500
03111972010600
03111972010700
03111972010800
03111972010900
03111972011000
03111972011100
03111972011200
03111972011300
03111972020100
03111972020200
03111972020300
03111972020400
03111972020500
03111972020600
03111972020700
03111972020800
03111972020900
03111972021000
03111972021100
03111972021200
03111972021300
03111972021400
03111972030100
03111972030300
03111972030600
03111972030700
03111972030800
03111972030900
03111972031000
03111972031100
03111972031200
03111972040100
03111972040200
03111972040400
03111972040500
03111972040700
03111972040800
03111972041000
03111972041102
03111972050100
03111972050200
03111972050400
03111972050600
03111972050700
03111972050800
03111972050900
03111972051100
03111972060100
03111972060300
03111972060500
03111972060600
03111972060700
03111972061000
03111972061100
03111972061200
03111972061300
03111972061400
03111972070200
03111972070300
03111972070400
03111972070500
03111972070700
03111972070800
03111972070900
03111972071000
03111972071100
03111972080200
03111972080300
03111972080400
03111972080500
03111972080600
03111972080700
03111972080800
03111972090100
03111972090200
03111972090600
03111972090800
03111973000200
03111973010100
03111973010300
03111973010500
03111973010600
03111973011000
03111973011200
03111973011600
03111973020100
03111973020200
03111974000100
03111974000200
03111974000300
03111975000100
03111975000200
03111976010100
03111976010300
03111976010500
03111976011000
03111976020100
03111976020200
03111976030101
03111976030102
03111976030200
03111976030300
03111976030400
03111976040100
03111976040700
03111976040800
03111976040900
03111976041000
03111976041100
03111976041200
03111976041300
03111976041400
03111976041500
03111976041600
03111976041700
03111976041800
03111976041900
03111976042000
03111976042100
03111976042300
03111976042400
03111976042500
03111976050150
03111976050302
03111976050400
03111976050600
03111976050800
03111976051000
03111976051100
03111976051300
03111976051400
03111976051500
03111976051700
03111976051800
03111976051900
03111976052000
03111976052100
03111977000200
03111977000300
03111977000400
03111978000100
03111978000200
03111978000300
03111980000201
03111980000202
03111980000203
03111980000204
03111981000100
03111981000200
03111981000300
03111981000400
03111982000100
03111982000200
03111983000100
03111983000200
03111984000100
03111985000100
03111986000100
03111986000200
03111987000100
03111987000200
03111988000200
03111989000100
03111989000200
03111990000100
03111990000201
03111990000202
03111991000100
03111991000200
03111992000100
03111992000200
03111993000100
03111993000200
03111994000100
03111994000200
03111995000200
03111996000200
03111996000300
03111997000201
03111997000202
03111997000203
03111997000204
03111998000100
03111998000200
03111999000100
03111999000200
03112000000100
03112000000200
03112100000200
03112100000600
03112100000700
03112100000800
03112100000900
03112100001000
03112100001600
03112100001700
03112100001800
03112100002100
03112100002200
03112100002300
03112100002400
03112100002500
03112100002600
03112100002700
03112100002800
03112100009900
03112107510100
03112107510200
03112107510300
03112119120100
03112119120300
03112151000100
03112151000200
03112151000300
03112151000400
03112151000500
03112151000600
03112151000700
03112151000800
03112152000100
03112152000200
03112153000100
03112153000200
03112153000300
03112153000400
03112154000100
03112154000200
03112154000300
03112154000400
03112155000100
03112155000200
03112155000300
03112155000400
03112156000100
03112156000200
03112156000300
03112156000400
03112157000100
03112157000200
03112157000300
03112157000400
03112158000100
03112158000400
03112159000100
03112159000200
03112159000300
03112159000400
03112160000100
03112160000200
03112160000300
03112160000400
03112161000100
03112161000200
03112161000300
03112161000400
03112162000200
03112162000300
03112162000400
03112163000100
03112163000200
03112163000300
03112164000100
03112164000200
03112164000300
03112164000400
03112165000100
03112165000200
03112200000100
03112200000200
03112200000300
03112200009900
03112300000100
03112300000200
03112300000300
03112300000400
03112300000500
03112300000600
03112300000700
03112300000800
03112300000900
03112300001000
03112300001200
03112350000100
03112350000200
03112350000300
03112350000400
03112400000100
03112400000200
03112500000100
03112500000101
03112500000200
03112500000400
03112600000100
03112600000200
03112600000300
03112600000400
03112600000500
03112600000600
03112600000700
03112600000800
03112600000900
03112600001000
03112600001100
03112600001200
03112600001300
03112600001400
03112600001500
03112600001600
03112600001700
03112600001800
03112600001900
03112700000100
03112700000500
03112700000600
03112700000700
03112700000800
03112700000900
03112700001000
03112700001100
03112700001200
03112700001300
03112700001400
03112700001500
03112700001600
03112700001700
03112700001800
03112700001900
03112700002000
03112700002100
03112751000100
03112751000200
03112752000100
03112752000300
03112752000400
03112753000100
03112753000200
03112754000100
03112754000200
03112754000300
03112754000400
03112755000100
03112755000200
03112755000300
03112755000400
03112756000100
03112756000200
03112756000300
03112757000100
03112757000200
03112758000100
03112758000200
03112758000300
03112758000400
03112800000100
03112800000200
03112800000300
03112800000400
03112800000500
03112800000600
03112800000700
03112800000800
03112800000900
03112800001000
03112800001100
03112800001200
03112800001300
03112800001400
03112800001500
03112800001600
03112800001800
03112800001900
03112800002000
03112800002100
03112800002200
03112800002300
03112800002400
03112800002500
03112800002600
03112800002800
03112800002900
03112800003000
03112800003100
03112800003200
03112800009900
03112851000100
03112851000200
03112851000300
03112851000400
03112852000100
03112852000200
03112852000300
03112853000100
03112853000200
03112853000300
03112853000400
03112854000100
03112854000200
03112854000400
03112855000100
03112855000200
03112855000300
03112855000400
03112900000100
03112900000200
03112900000201
03112900000300
03112900000400
03112900000500
03112900000600
03112900000700
03112900000900
03112900001000
03112900001100
03112910010100
03112917010100
03112923000200
03112923000400
03112923000500
03112923000700
03112923000900
03112923000901
03112923001500
03112923002000
03112924010100
03112924010200
03112924010300
03112931000200
03112931000300
03112931000400
03112931000500
03112931000700
03112931000800
03112931000900
03112932000100
03112932000200
03112932000400
03112932000500
03112932000600
03112932000700
03112932000800
03112932000900
03112933000100
03112933000200
03112933000300
03112933000400
03112934000100
03112934000201
03112934000202
03112934000203
03112934000400
03112934000600
03112934000700
03112934000800
03112934000900
03112952000100
03112952000200
03112958010100
03112958010200
03112958010400
03112958010500
03112958010600
03112958010700
03112958010900
03112958011000
03112958020100
03112958020300
03112958020900
03112958021000
03112958060100
03112958060200
03112958060300
03112958060400
03112958060500
03112958060800
03112958060900
03112958061000
03112958061100
03112958070100
03112958070300
03112958070400
03112958070600
03112958070900
03112959010100
03112959010300
03112959010400
03112959010800
03112959010900
03112959011000
03112959020100
03112959020300
03112959020400
03112959020500
03112959020600
03112959020700
03112959020800
03112959020900
03112959021000
03112959030200
03112959030300
03112959030400
03112959030500
03112959030600
03112959030700
03112959030800
03112959030900
03112959031000
03112959040100
03112959040200
03112959040300
03112959040400
03112959040800
03112959040900
03112959050000
03112959060100
03112959060200
03112959060300
03112959060500
03112959060600
03112959060700
03112959060800
03112959060900
03112959061000
03112959061100
03112959070100
03112959070200
03112959070300
03112959070400
03112959070500
03112959070600
03112959070900
03112959071000
03112959080100
03112959080200
03112959080300
03112959080400
03112959080500
03112959080800
03112959080900
03112959090100
03112959090200
03112959090600
03112959090800
03112959090900
03112959091100
03112959091200
03112961000100
03112961000200
03112962010100
03112962010300
03112962010400
03112962010500
03112962010600
03112962010800
03112962010900
03112962020100
03112962020200
03112962020500
03112962020700
03112962020800
03112962020900
03112962021000
03112962021200
03112962021300
03112962021500
03112963010100
03112963010200
03112963010300
03112963010400
03112963010500
03112963010600
03112963010800
03112963011000
03112963020100
03112963020200
03112963020600
03112963020900
03112963021000
03112963021100
03112963030300
03112963030500
03112963030600
03112963030800
03112963030900
03112963031100
03112963031200
03112964000100
03112975000100
03112975000200
03112975000300
03112975000400
03112982000200
03113000000100
03113000000200
03113000000300
03113000000400
03113000000500
03113000000600
03113000001000
03113000001100
03113000001200
03113006060100
03113006060200
03113008010100
03113008010200
03113009030300
03113009040100
03113010010100
03113011000100
03113011000200
03113011000400
03113011000500
03113011000600
03113011000900
03113011001101
03113011001102
03113011001103
03113011001104
03113011001105
03113011001106
03113011001107
03113011001108
03113011001109
03113011001110
03113011001111
03113011001112
03113011001113
03113011001114
03113011001116
03113011001117
03113011001118
03113011001119
03113011001120
03113011001121
03113011001122
03113011001123
03113011001124
03113011001125
03113011001126
03113011001127
03113011001128
03113011001129
03113011001200
03113011001400
03113012000100
03113012000700
03113012000801
03113012000811
03113012000812
03113012000900
03113012001000
03113012001100
03113012001200
03113012001300
03113012001400
03113012001500
03113012002102
03113012002300
03113012002500
03113012002800
03113012003000
03113013000200
03113013000300
03113013000500
03113013000700
03113014000200
03113014000300
03113014000401
03113014000402
03113014000403
03113014000404
03113014000600
03113014000700
03113014000800
03113014000900
03113014005001
03113014005002
03113014020100
03113014020200
03113015000100
03113015000200
03113015000300
03113015000401
03113015000402
03113017002100
03113017002200
03113017010100
03113017010200
03113017010300
03113017010400
03113017010500
03113017010600
03113017010700
03113017010800
03113017010900
03113017011000
03113017020100
03113017020200
03113017020300
03113017040100
03113017040200
03113018090100
03113018090200
03113021000200
03113021000500
03113021001000
03113021001100
03113021001500
03113021002100
03113021002200
03113021010100
03113021010101
03113021010200
03113021010201
03113021020100
03113021030200
03113022000200
03113022000300
03113022000500
03113022000600
03113022000800
03113022000900
03113022001000
03113022001100
03113022001200
03113022001300
03113022010100
03113022010200
03113023000100
03113023000101
03113023000102
03113023000103
03113023000104
03113023000105
03113023000106
03113023000107
03113023000108
03113023000109
03113023000110
03113023000111
03113023000112
03113023000200
03113023002100
03113023002200
03113023010100
03113023010200
03113024000100
03113024000200
03113024000300
03113024020100
03113024020200
03113025000300
03113025000400
03113026000100
03113026000200
03113026000300
03113026000400
03113041000200
03113041000201
03113041000300
03113041000400
03113041000500
03113041000600
03113051000100
03113052000100
03113052000200
03113052000300
03113053010100
03113053010200
03113053020100
03113053030100
03113053030200
03113053030500
03113054000100
03113054000500
03113054000600
03113054000700
03113054000800
03113054000900
03113055000100
03113055000200
03113055000300
03113055010200
03113055010700
03113055010900
03113055011101
03113055011102
03113055011131
03113055011132
03113055011133
03113055020100
03113055020200
03113055020300
03113055030100
03113055030200
03113055030300
03113055030400
03113055030500
03113055030600
03113055040100
03113055040200
03113055040400
03113055040500
03113055040600
03113055040700
03113055040800
03113055040900
03113055041000
03113055050100
03113055050300
03113055050500
03113055050700
03113055050800
03113055050900
03113055051000
03113056010100
03113056010300
03113056010400
03113056010600
03113057010100
03113057020100
03113057020200
03113057020400
03113057020600
03113057020700
03113057020900
03113057030100
03113057030200
03113057030300
03113057030500
03113057030600
03113057030800
03113057030900
03113057031000
03113058020400
03113058020500
03113058020600
03113058020700
03113058030100
03113058030200
03113058030300
03113058030400
03113058030600
03113058030700
03113058030800
03113058030900
03113058031000
03113058031100
03113058031200
03113058040100
03113058040300
03113058040400
03113058040500
03113058040600
03113058040700
03113058040800
03113058040900
03113058050100
03113058050200
03113058050300
03113058050400
03113058050500
03113058050600
03113058050700
03113058050800
03113058050900
03113058051000
03113058080100
03113058080200
03113058080300
03113058080400
03113058080700
03113058080800
03113058080900
03113058081000
03113058090100
03113058090300
03113058090400
03113058090600
03113058090700
03113058090800
03113058090900
03113058100100
03113058100300
03113058100500
03113058110100
03113058110300
03113058110400
03113058110500
03113058120100
03113058120400
03113059000100
03113059000200
03113060010100
03113060010200
03113060010300
03113060010500
03113060010600
03113060010700
03113060010800
03113060010900
03113060011000
03113060020100
03113060020200
03113060020300
03113060020500
03113060020600
03113060030100
03113060030400
03113060030600
03113060031000
03113061010100
03113061010700
03113062000100
03113062000200
03113071000100
03113071000200
03113075000100
03113075000200
03113077010100
03113077020100
03113077020200
03113077030100
03113077030200
03113077030300
03113077030500
03113077030700
03113077030701
03113077031100
03113077031200
03113077031300
03113077031400
03113077031500
03113077031600
03113077031700
03113077031800
03113077040100
03113077040500
03113077040600
03113077040704
03113077050100
03113077050200
03113078000100
03113078000200
03113078000300
03113078000400
03113080000100
03113080000200
03113080000300
03113081000100
03113082000100
03113084000100
03113084000200
03113085000201
03113085000202
03113086000100
03113086000200
03113086000351
03113086000352
03113087000100
03113087000200
03113098000100
03113098000200
03113098000400
03113099000100
03113100000100
03113100000200
03113200000100
03113200000200
03113200000300
03113200000400
03113200000500
03113200000600
03113200000700
03113200000800
03113200000900
03113200001000
03113200001100
03113200001200
03113210070100
03113251000100
03113300000100
03113300000200
03113300000300
03113300000400
03113300000500
03113300000700
03113300000800
03113300000801
03113300000900
03113300001000
03113300001100
03113300001200
03113300001300
03113300001400
03113300001500
03113310070200
03113310070300
03113400000100
03113400000200
03113400000201
03113400000300
03113400000400
03113400000600
03113400000700
03113400000800
03113400000900
03113400001000
03113400001100
03113400001200
03113400001300
03113400001400
03113400001500
03113400001600
03113424240200
03113424240300
03113451000100
03113451000200
03113451000300
03113451000400
03113452000100
03113452000300
03113452000400
03113453000100
03113453000200
03113453000300
03113453000400
03113454000100
03113454000200
03113454000300
03113454000400
03113454000500
03113455000100
03113455000200
03113455000400
03113456000100
03113457000100
03113457000200
03113457000300
03113457000400
03113458000100
03113458000200
03113458000300
03113458000400
03113459000100
03113500000100
03113500000200
03113500000300
03113500000301
03113500000500
03113500000600
03113500000700
03113500000800
03113500000900
03113551000100
03113551000200
03113551000300
03113551000400
03113600000100
03113600000200
03113600000300
03113600000400
03113600000500
03113600000600
03113600000700
03120100000100
03120100000200
03120100000300
03120100000400
03120100000600
03120100000700
03120100000800
03120100000900
03120100001000
03120100001100
03120100001200
03120100001300
03120200000200
03120200000300
03120200000400
03120200000500
03120200000600
03120200000700
03120200001000
03120208210100
03120208210200
03120214070100
03120214070200
03120251000100
03120251000200
03120251000300
03120252000100
03120254000100
03120254000200
03120254000300
03120300000100
03120300000200
03120300000400
03120300000700
03120300000900
03120300001000
03120300001300
03120300001400
03120300001500
03120300001600
03120300001800
03120300001900
03120300002100
03120300002400
03120300002500
03120300002600
03120300002800
03120316140100
03120316140200
03120316140300
03120321030200
03120323060100
03120323060200
03120323060300
03120323060400
03120323070100
03120323070200
03120323070300
03120323070400
03120324100100
03120351000100
03120351000200
03120351000300
03120351000400
03120352000100
03120352000200
03120352000300
03120352000400
03120352000500
03120352000600
03120352000700
03120352000800
03120352000900
03120352001200
03120353000100
03120353000200
03120353000300
03120353000400
03120353000500
03120353000600
03120353000700
03120353000800
03120353000900
03120353001000
03120353001100
03120353001300
03120353001400
03120353001500
03120353001600
03120353001800
03120353002200
03120353003600
03120353003700
03120353003800
03120353003900
03120353004000
03120353004200
03120353004300
03120353004400
03120353005000
03120353005100
03120354000200
03120354000500
03120354001300
03120354001400
03120354001800
03120354001900
03120355000100
03120356000400
03120361000100
03120361000200
03120400000100
03120400000200
03120400000300
03120400000400
03120400000700
03120400001300
03120400009900
03120407580100
03120407580200
03120407580300
03120413140200
03120420160200
03120452000100
03120452000200
03120500000100
03120500000203
03120500000400
03120500000500
03120500000501
03120500000600
03120500000800
03120500001000
03120500009900
03120509180100
03120509180200
03120509180400
03120509250100
03120509250200
03120509250300
03120509250400
03120511120100
03120511120300
03120511120400
03120513140100
03120518080100
03120518080200
03120518080300
03120519050100
03120519050200
03120519050300
03120519050400
03120522010100
03120522010200
03120600000200
03120600000300
03120609070100
03120613150100
03120613150200
03120622160100
03120622160200
03120650000300
03120650000400
03120700000100
03120700000200
03120700000300
03120700000400
03120800000100
03120800000200
03120900000100
03120900000200
03120900000300
03120900000400
03120900000500
03120900000600
03120900000700
03120900000800
03120951000100
03120951000200
03120951000300
03120951000400
03120952020100
03120952020200
03120952020300
03120952030100
03120952030200
03120952030300
03120952030400
03121000000200
03121000000400
03121000000500
03121000000600
03121000000700
03121000000800
03121000000900
03121000001000
03121000001100
03121000001300
03121000001600
03121000001700
03121000001900
03121024100200
03121051000200
03121051000300
03121051000400
03121053002300
03121053002400
03121053002501
03121053002600
03121053002700
03121053002800
03121053002900
03121053003000
03121053003100
03121053003200
03121053003300
03121053003400
03121053003500
03121053004500
03121053004600
03121053004700
03121053004800
03121053004900
03121054000600
03121054000700
03121054000800
03121054000900
03121054001000
03121054001100
03121054001200
03121054001600
03121054001700
03121055000100
03121055000200
03121055000400
03121056000100
03121056000200
03121056000300
03121057000300
03121057000400
03121100000100
03121125050100
03121125050200
03121125050300
03121151000200
03121151000300
03121151000400
03121151000500
03121151000600
03121151000700
03121151000800
03121151000900
03121151001000
03121151001100
03121151001200
03121151001300
03121151001400
03121151001500
03121151001600
03121151001700
03121151001800
03121151001900
03121151002000
03121151002100
03121151002300
03121151002400
03121152000100
03121152000200
03121152000300
03121152000400
03121152000500
03121152000700
03121152000800
03121152000900
03121152001000
03121152001100
03121152001200
03121152002300
03121152002500
03121152002600
03121152002700
03121152002800
03121152002900
03121152003000
03121152003200
03121152003300
03121153000100
03121200000100
03121200000200
03121200000300
03121200000400
03121200000500
03121200000600
03121200000700
03121200000800
03121200000900
03121200001000
03121200001100
03121200001200
03121300000100
03121300000300
03121300000400
03121300000500
03121300000600
03121300000700
03121300000800
03121300001000
03121300001100
03121300001200
03121300001300
03121300001600
03121300001800
03121319080100
03121319080200
03121319080300
03121400000100
03121400000200
03121400000300
03121400000400
03121400000500
03121400000600
03121400000700
03121500000100
03121500000200
03121500000300
03121500000400
03121500000500
03121500000600
03121500000700
03121500000800
03121500000900
03121500001000
03121500001100
03121500001200
03121551000100
03121551000300
03121600000100
03121600000200
03121700000000
03121800000000
03121900000100
03121900000200
03121900000300
03121900000400
03121900000500
03122000000100
03122000000200
03122000000300
03122100000100
03122100000200
03122100000500
03122100000700
03122100000800
03122100000900
03122100001100
03122100001200
03122100001300
03122100001400
03122100001500
03122100001700
03122100001800
03122100001900
03122100002000
03122151000100
03122151000200
03122151000300
03122151000400
03122152000100
03122152000200
03122153000100
03122153000200
03122154000100
03122155000100
03122155000200
03122200000100
03122200000200
03122200000300
03122300000100
03122300000200
03122351000100
03122351000200
03122351000300
03122351000400
03122352000100
03122352000200
03122352000300
03122352000400
03122400000100
03122400000200
03122400000300
03122400000400
03122400000500
03122400000600
03122500000100
03122500000200
03122500000300
03122500000400
03122500000500
03122500000600
03122500000700
03122500000800
03122500000900
03122500001000
03122500001100
03122600000100
03122600000200
03122600000300
03122600000400
03122600000500
03122600000600
03122700000100
03122700000200
03122700000300
03122700000400
03122700000500
03122700000600
03122700000700
03122700000900
03122700001000
03122700001800
03122700001900
03122700002000
03122700002100
03122700002200
03122700009900
03122733001000
03122733001100
03122733001200
03122733001300
03122733001400
03122733001500
03122733001600
03122800000100
03122800000300
03122800000500
03122800000600
03122800000900
03122800001000
03122800001100
03122800001200
03122800001300
03122800001400
03122800001500
03122800001600
03122800001700
03122800001900
03122800002100
03122800002200
03122800002300
03122800002600
03122800002700
03122800002800
03122800002900
03122800003000
03122807680100
03122810040200
03122810040300
03122851000300
03122851000400
03122852000100
03122852000200
03122852000300
03122852000400
03122853000100
03122853000200
03122853000300
03122853000400
03122854000200
03122855000100
03122855000200
03122900000100
03122900000200
03122900000300
03122900000400
03122900000500
03122900000600
03122900000800
03122900000900
03122900001100
03122900001200
03122900001300
03122900001500
03122900001600
03122900001700
03122900001800
03122900001900
03122900002000
03122900002100
03122900002200
03122900002300
03122900002400
03122900002500
03122907680100
03122907680200
03122951000100
03122951000200
03122951000300
03122951000400
03123000000100
03123000000200
03123000000300
03123000000400
03123000000500
03123000000600
03123000000700
03123000000800
03123000000900
03123000001000
03123000001100
03123100000100
03123100000200
03123100000300
03123100000400
03123100000500
03123100000600
03123200000100
03123200000200
03123200000300
03123200000400
03123200000500
03123200000600
03123200000700
03123200000800
03123200000900
03123200001000
03123200001100
03123300000100
03123300000200
03123300000300
03123300000400
03123300000500
03123300000700
03123300000800
03123300000900
03123300001000
03123300001100
03123351000100
03123351000200
03123351000300
03123351000400
03123353000500
03123353000600
03123353000800
03123353000900
03123400000100
03123400000200
03123400000300
03123400000500
03123400000700
03123400100000
03123400200000
03123414020200
03123415190100
03123415190300
03123416080100
03123416080200
03123420030100
03123420030200
03123421000100
03123421160100
03123421160200
03123422000100
03123422000200
03123422000300
03123424000100
03123424000200
03123434000100
03123434000200
03123435000100
03123435000200
03123441000100
03123444000100
03123444000200
03123444000300
03123444000500
03123451000100
03123451000200
03123451000300
03123452000100
03123453000100
03123453000200
03123453000300
03123453000400
03123453000500
03123453000600
03123453000700
03123453000800
03123453000900
03123453001000
03123454010100
03123454010200
03123454010300
03123454010400
03123454010500
03123454010600
03123454010700
03123454010800
03123454020700
03123454020800
03123454021100
03123454021200
03123454021300
03123454040100
03123454040200
03123454040300
03123455000100
03123455000200
03123455000300
03123455000400
03123458010100
03123458010200
03123458010400
03123458010500
03123458010600
03123458010700
03123458010800
03123458020200
03123458030400
03123458040100
03123458050300
03123458050500
03123458540100
03123458540700
03123458540800
03123458550100
03123458550200
03123458550500
03123458550700
03123458550800
03123458550900
03123458551500
03123458551800
03123458552000
03123458552200
03123458552300
03123458552600
03123458552700
03123458560100
03123458560200
03123458560300
03123458560500
03123458560600
03123458560900
03123458561000
03123458561100
03123458570100
03123458570600
03123459000200
03123460000100
03123460000200
03123460000300
03123461000100
03123461000300
03123461000400
03123462000100
03123462000200
03123462000400
03123463000100
03123463000200
03123463000300
03123464000100
03123464000300
03123465000100
03123465000200
03123465000300
03123465000400
03123500000100
03123500000200
03123500000700
03123500000900
03123500001100
03123500001200
03123500001300
03123500001500
03123500001600
03123500001700
03123500001800
03123500001900
03123500002000
03123500002100
03123500002200
03123517010100
03123523000600
03123552000200
03123552000300
03123552000400
03123553000100
03123600000100
03130100000100
03130100000200
03130100000300
03130100000400
03130100000500
03130100000600
03130100000700
03130100000800
03130100000900
03130100001000
03130100001100
03130100001200
03130200000100
03130200000200
03130200000300
03130200000400
03130200000500
03130300000100
03130300000200
03130300000300
03130300000400
03130300000500
03130300000600
03130300000700
03130300000800
03130300000900
03130300001000
03130300001100
03130300001200
03130300001300
03130300001400
03130300001500
03130300001600
03130300001700
03130300001800
03130300001900
03130300002100
03130300002200
03130300002700
03130300002800
03130300002900
03130300003000
03130400000100
03130400000400
03130400000500
03130400000600
03130400000700
03130400000800
03130400001000
03130400001100
03130400001200
03130500000100
03130500000200
03130500000400
03130500000500
03130500000600
03130500000700
03130500000800
03130500000900
03130500001000
03130500001100
03130500001200
03130500001500
03130500001600
03130500001700
03130500001800
03130517070100
03130517070200
03130550000100
03130600000100
03130600000200
03130600000201
03130600000300
03130600000400
03130600000500
03130700000100
03130700000101
03130700000200
03130800000100
03130800000101
03130800000200
03130800000400
03130800000500
03130800000501
03130800000800
03130800000900
03130800001000
03130800001100
03130800001200
03130800001300
03130800001500
03130800001600
03130800001700
03130800001900
03130851000100
03130851000200
03130851000300
03130851000400
03130900000100
03130900000200
03130900000400
03131000000100
03131000000200
03131000002800
03131100000100
03131100000200
03131100000300
03131100000400
03131100000600
03131100000800
03131100001100
03131100001200
03131100001400
03131100001500
03131100001700
03131100001800
03131100001900
03131100002100
03131100002200
03131100002400
03131100002600
03131100002700
03131100009700
03131100009800
03131100009900
03131106560100
03131106560200
03131106560300
03131106560400
03131108030100
03131108030200
03131108030300
03131108030400
03131108040100
03131120040100
03131120040200
03131120040300
03131122160100
03131122160200
03131124350100
03131124350200
03131124350300
03131200000100
03131200000200
03131200000300
03131200000400
03131200000600
03131200000700
03131200000800
03131200000900
03131200001000
03131200001100
03131200001300
03131200001500
03131200001600
03131200001700
03131200001800
03131200002000
03131200002100
03131200002300
03131200002400
03131200002600
03131200002700
03131200002800
03131200009900
03131217130100
03131217130200
03131218050100
03131218050200
03131218050300
03131251000300
03131251000400
03131252000100
03131252000200
03131252000300
03131252000400
03131300000300
03131300000400
03131300000500
03131300000600
03131300000700
03131300000800
03131300000900
03131300001000
03131300001100
03131300001200
03131300001300
03131300001400
03131300001500
03131300001600
03131300001700
03131300001800
03131300001900
03131300002000
03131300002100
03131300002200
03131300002300
03131300002400
03131300002500
03131300009800
03131300009900
03131319210100
03131319210200
03131322020200
03131322050100
03131322050200
03131322050300
03131322050400
03131400000100
03131400000200
03131400000300
03131400000400
03131400000500
03131400000600
03131400000700
03131400000800
03131400000900
03131400001000
03131400001200
03131400001300
03131400001500
03131400001600
03131400001700
03131400001800
03131500000100
03131500000200
03131600000100
03131600000200
03131700000100
03131700000300
03131700000400
03131700000500
03131700000600
03131800000100
03131800000200
03131800000300
03131800000700
03131800000800
03131800000900
03131800001200
03131808220200
03131808220300
03131821240100
03131821240200
03131821240300
03131821240400
03131823070100
03131823070200
03131823070300
03131851000100
03131851000200
03131900000100
03131900000300
03131900000400
03131900000500
03131900000600
03131900000800
03131900000900
03131900001000
03131900001100
03131900001200
03131900001400
03131900001500
03131900001600
03131900001700
03131900001800
03131900002500
03131921020100
03131921020200
03131950000100
03132000000100
03132000000200
03132000000300
03132000000400
03132000000500
03132000000600
03132000000700
03132000000800
03132000000900
03132000001000
03132000001100
03132000001200
03132000001300
03132000001400
03132000001500
03132000001600
03132000001700
03132000001800
03132000001900
03132000002000
03132000002200
03132100000100
03132100000200
03132100000300
03132100000400
03132100000500
03132100000600
03132100000700
03132100000800
03132100000900
03132100001000
03132100001001
03132100001100
03132100001300
03132100001400
03132100001700
03132100001800
03132200000100
03132200000200
03132200000600
03132200000700
03132200000800
03132212030100
03132212030200
03132253000100
03132253000200
03132300000200
03132300000300
03132300000400
03132300000600
03132300000700
03132300000800
03132300001000
03132300001100
03132300001200
03132300001400
03132300001500
03132300001600
03132300001700
03132300001800
03132300001900
03132300002000
03132300002100
03132300002300
03132400000200
03132400000300
03132400000400
03132400000500
03132400000600
03132400000800
03132400000900
03132400001000
03132400001400
03132400001600
03132400001700
03132400001800
03132400001900
03132400002000
03132451000100
03132451000200
03132451000300
03132451000400
03132452000100
03132452000200
03132453000300
03132454000100
03132454000200
03132454000300
03132454000400
03132500000200
03132500000300
03132500000400
03132500000500
03132500000600
03132500000700
03132500000800
03132500000900
03132500001000
03132500001100
03132500001200
03132500001300
03132500001400
03132500001500
03132500001600
03132500001700
03132500001800
03132500001900
03132500002000
03132500002100
03132500002200
03132500002300
03132551000100
03132551000200
03132551000300
03132551000400
03132552000100
03132552000200
03132552000300
03132552000400
03132600000100
03132600000200
03132600000300
03132600000500
03132600000600
03132600000700
03132600000800
03132600000900
03132700000100
03132700000500
03132700001100
03132700001200
03132700001300
03132700001600
03132700001700
03132700001900
03132700002000
03132700002100
03132700002200
03132700002600
03132700002700
03132700002800
03132700002900
03132700003000
03132700003100
03132700003200
03132700009900
03132717140100
03132717140200
03132751000100
03132751000200
03132751000300
03132752000100
03132752000200
03132752000300
03132752000400
03132753000100
03132753000200
03132753000300
03132754000100
03132754000200
03132754000300
03132754000400
03132800000400
03132800000700
03132800000800
03132800000801
03132800000900
03132800001500
03132800001600
03132800001800
03132800001900
03132800002000
03132800002100
03132800002300
03132800002400
03132800002700
03132800002800
03132800009800
03132800009900
03132809320100
03132809320200
03132809320300
03132809320400
03132814090100
03132814090200
03132819030100
03132819030200
03132819030300
03132819030400
03132820060100
03132820060200
03132820060300
03132820140100
03132820140200
03132851000200
03132852000100
03132853000100
03132853000200
03132853000300
03132855000100
03132856000100
03132856000200
03132856000300
03132856000400
03132857000100
03132857000200
03132857000300
03132857000400
03132858000100
03132858000200
03132859000100
03132859000200
03132860000100
03132862000100
03132862000200
03132862000300
03132863000100
03132863000200
03132863000300
03132900000100
03132900000200
03132900000300
03132900000600
03132951000100
03132951000200
03132951000300
03132952000100
03132952000200
03132952000300
03133000000100
03133000000200
03133000000300
03133000000400
03133000000500
03133100000100
03133100000200
03133100000300
03133100000400
03133100000500
03133100000600
03133100000700
03133100000900
03133100001000
03133100001100
03133100001300
03133100001400
03133100001500
03133100001600
03133100001700
03133100001900
03133100002000
03133100002100
03133100002300
03133111060100
03133111060200
03133117240100
03133117240200
03133151000100
03133151000200
03133152000100
03133152000200
03133152000300
03133153000100
03133154000100
03133154000200
03133155000100
03133155000200
03133156000100
03133156000200
03133157000100
03133157000200
03133200000100
03133200000200
03133200000300
03133200009900
03133300000100
03133300000200
03133300000300
03133400000100
03133400000200
03133500000100
03133500000300
03133500000400
03133500000500
03133500000700
03133600000100
03133600000101
03133600000200
03133600000300
03133600000400
03140100000100
03140100000200
03140100000300
03140200000100
03140200000200
03140200000300
03140200000400
03140200000500
03140200000600
03140200000700
03140200000800
03140200000900
03140200001000
03140300000100
03140300000200
03140300000500
03140300000600
03140300000700
03140300000800
03140300000900
03140300001000
03140300001100
03140300001200
03140300001300
03140400000100
03140400000200
03140400000300
03140400000400
03140400000500
03140400000501
03140400000600
03140400000700
03140400000800
03140400000900
03140400001000
03140400001100
03140400001200
03140400001300
03140400001400
03140400001500
03140400001600
03140400001700
03140500000100
03140500000200
03140500000300
03140500000400
03140500000500
03140600000100
03140600000200
03140600000300
03140600000400
03140600000700
03140600009900
03140700000100
03140700000201
03140700000300
03140700000400
03140700000500
03140700000600
03140700000700
03140700000800
03140700000900
03140700001100
03140700001300
03140700001400
03140700001500
03140700009900
03140750000100
03140750000200
03140750000300
03140800000100
03140800000200
03140800000300
03140800000500
03140900000100
03140900000200
03140900000300
03140900000400
03140900000500
03140900000600
03140900000700
03141000000100
03141000000200
03141000000300
03141100000100
03141100000200
03141100000300
03141100000400
03141100000500
03141100000600
03141100000700
03141100000800
03141100000900
03141100001100
03141100001200
03141200000100
03141200000200
03141200000300
03141200000400
03141200000500
03141300000100
03141300000200
03141300000300
03141300000400
03141300000500
03141400000100
03141400000200
03141400000300
03141400000400
03141400000500
03141500000100
03141500000200
03141500000300
03141600000100
03141600000200
03141600000300
03141700000100
03141700000300
03141700000400
03141700000500
03141700000600
03141700000700
03141700000800
03141700000900
03141700000901
03141700001000
03141800000100
03141800000200
03141800000300
03141800000400
03141800000500
03141800000600
03141800000700
03141800000800
03141800000900
03141800001000
03141800001100
03141800001200
03141800001300
03141800001500
03141800001600
03141800001700
03141800001800
03141800009900
03141900000100
03141900000200
03141900000300
03141900000400
03141900000600
03141900000700
03141900000800
03141900000900
03141900001100
03141900001200
03141900001300
03141900001600
03141900001700
03141900001800
03141900001900
03141900002000
03141900002100
03141900002200
03141900002300
03141900002400
03141900002500
03141950000100
03141950000200
03141953000100
03141953000200
03141953000300
03142000000100
03142000000200
03142000000400
03142000000600
03142000000700
03142000000800
03142000001000
03142051000200
03142100000100
03142100000200
03142100000300
03142200000100
03142200000200
03142200000300
03142206270000
03142206270100
03142219080100
03142219080200
03142300000100
03142300000200
03142300000300
03142300000400
03142300000500
03142300000600
03142300000700
03142300000800
03142300000900
03142300001000
03142300001100
03142300001200
03142300001300
03142300001400
03142300001500
03142300001600
03142300001700
03142300001800
03142400000100
03142400000200
03142400000300
03142400000400
03142400000500
03142400000600
03142500000100
03142500000200
03142500000300
03142500000400
03142500000500
03142500000600
03142500000700
03142500000800
03142600000100
03142600000200
03142600000300
03142600000400
03142600000401
03142700000100
03142700000200
03142700000300
03142700000400
03142700000500
03142700000600
03142700000700
03142800000100
03142800000200
03142800000300
03142800000400
03142800000500
03142800000600
03142800000700
03142900000100
03142900000300
03142900000500
03142900000600
03142900000700
03142900000800
03142900000900
03142908070100
03142908070200
03142951000100
03142951000200
03142952000100
03143000000100
03143000000200
03143000000300
03143000000500
03143000000600
03143000000700
03143000000800
03143000000900
03143000001000
03143000001100
03143000001200
03143000001300
03143000001400
03143000001500
03143000001600
03143000001700
03143100000100
03143100000200
03143100000300
03143200000100
03143200000200
03143300000000
03143400000100
03143400000200
03143400000300
03143400000400
03143500000100
03143500000200
03143500000300
03143500009900
03143600000000
03150100000100
03150100000200
03150100000300
03150200000100
03150200000200
03150200000300
03150200000500
03150210240100
03150210240200
03150210240300
03150210240400
03150250000100
03150250000200
03150250000300
03150250000400
03150300000100
03150300000200
03150300000300
03150300000500
03150300000600
03150300000700
03150300000800
03150301000100
03150301000200
03150307260200
03150307260300
03150400000200
03150400000400
03150400009900
03150425120100
03150425120200
03150500000100
03150500000200
03150500000300
03150500000400
03150500000500
03150500000600
03150600000100
03150600000200
03150600000400
03150600000500
03150600000600
03150700000100
03150700000200
03150700000300
03150700000400
03150700000500
03150700000600
03150700000700
03150800000100
03150800000400
03150851000100
03150851000200
03150851000300
03150852000100
03150852000200
03150852000300
03150853000100
03150853000200
03150853000300
03150853000400
03150900000200
03150900000300
03150900000400
03150900000600
03150900000700
03150900000900
03150900001000
03150906550100
03150906550200
03150906550300
03150906550400
03150950000100
03150950000200
03150950000300
03150950000400
03150951000100
03150951000200
03150951000300
03150951000400
03151000000200
03151000000300
03151000000400
03151000000500
03151000000600
03151000000800
03151000009900
03151021130100
03151021130200
03151021130300
03151021130400
03151100000100
03151100000300
03151100000400
03151100000500
03151100000700
03151109310100
03151109310200
03151109310300
03151151010100
03151151010200
03151151011100
03151151011400
03151151011700
03151151012400
03151151020100
03151151020500
03151151020800
03151151020900
03151151021100
03151151022200
03151151030100
03151151030200
03151151030300
03151151030900
03151151031700
03151151040100
03151151040400
03151151050100
03151151050400
03151151050500
03151151050900
03151151060100
03151151060500
03151151070100
03151151070500
03151151080200
03151151110100
03151151110400
03151151110800
03151151110900
03151151111000
03151151111100
03151151111300
03151151160800
03151200000100
03151200000200
03151200000300
03151200000400
03151200000500
03151200000600
03151200000800
03151300000100
03151300000200
03151300000300
03151300000400
03151300000500
03151300000600
03151300000700
03151300000800
03151400000100
03151400000200
03151400000300
03151400000400
03151400000500
03151400000700
03151400000900
03151400009900
03151422000100
03151422000200
03151422000300
03151422000400
03151422000500
03151422000600
03151422000700
03151450000100
03151450000200
03151451010100
03151451010500
03151451010700
03151451011400
03151451020100
03151451030100
03151451030900
03151451040100
03151451040300
03151451040700
03151451040800
03151451040900
03151500000100
03151500000200
03151500000300
03151500000301
03151500000500
03151500000700
03151511000100
03151511000200
03151511000300
03151511000400
03151550000100
03151550000200
03151551010100
03151551010800
03151551020100
03151551020200
03151551030100
03151551031300
03151551040100
03151600000100
03151600000200
03151600000300
03151700000100
03151700000200
03151700000300
03151700000400
03151708180100
03151708180200
03151800000100
03151800000200
03151800000300
03151800000400
03151800000500
03151800000600
03151900000100
03151900000200
03151900000300
03151900000400
03151910200400
03151910200500
03151910200600
03151910200700
03152000000100
03152000000300
03152000000400
03152000000500
03152050000100
03152050000200
03152050000300
03152050000400
03152051000100
03152051000300
03152100000100
03152100000200
03152100000300
03152200000100
03152200000200
03152200000300
03152200000400
03152300000100
03152300000200
03152300000201
03152300000300
03152300000400
03152300000500
03152300000600
03152400000100
03152400000200
03152400000300
03152400000400
03152400000500
03152400000800
03152400000900
03152400009900
03152451000100
03152500000100
03152500000200
03152500000300
03152500000500
03152600000100
03152600000200
03152600000300
03152600000400
03152600000500
03152600000600
03152600009900
03152616070100
03152616070200
03152700000100
03152700000200
03152700000300
03152700000400
03152700000500
03152800000100
03152800000200
03152800000300
03152800000400
03152800000500
03152800000600
03152800000700
03152800000800
03152900000100
03152900000200
03153000000100
03153000000200
03153000000300
03153000000400
03153000000500
03153100000100
03153100000200
03153100000300
03153200000100
03153200000200
03153300000100
03153300000200
03153300000300
03153300000400
03153400000100
03153400000200
03153400000201
03153400000300
03153400000400
03153400000500
03153400000600
03153500000100
03153500000101
03153500000200
03153500000300
03153600000100
03153600000200
03153600000300
03160100000100
03160100000200
03160100000300
03160100000400
03160100000500
03160100000600
03160100000700
03160100000800
03160200000100
03160200000101
03160200000200
03160200000300
03160200000400
03160250000100
03160250000200
03160300000100
03160300000101
03160300000200
03160300000300
03160300000400
03160300000600
03160300000700
03160300000800
03160300000900
03160300001000
03160300001100
03160300009900
03160307030100
03160307030200
03160307030300
03160307030400
03160350000300
03160350000400
03160400000100
03160400000200
03160400000300
03160400000600
03160400000700
03160400000800
03160400001000
03160400001100
03160400001200
03160400001300
03160424130100
03160424130200
03160424130300
03160424130400
03160500000300
03160500000500
03160500000600
03160500000700
03160500000800
03160506470000
03160506470100
03160506470200
03160506470300
03160506470400
03160517080100
03160517080200
03160551000100
03160553000100
03160553000200
03160555000100
03160555000200
03160555000300
03160555000400
03160600000100
03160600000200
03160600000300
03160700000100
03160700000200
03160700000300
03160700000400
03160700000500
03160800000100
03160800000101
03160800000200
03160800000300
03160800000400
03160800000500
03160800000600
03160900000100
03160900000200
03160900000300
03160900000400
03160900000500
03160900000700
03160900000800
03161000000100
03161000000200
03161100000200
03161100000300
03161161004100
03161161004200
03161161004300
03161161004400
03161161004500
03161161004600
03161200000100
03161200000200
03161200000300
03161261000100
03161261000200
03161261000300
03161261000400
03161261000500
03161261000600
03161261000700
03161261000800
03161261000900
03161261001000
03161261001100
03161261001200
03161261001300
03161261001400
03161261001500
03161261001600
03161261001700
03161261001800
03161261001900
03161261002000
03161261002100
03161261002200
03161261002300
03161261002400
03161300000100
03161300000200
03161300000300
03161361002500
03161361002600
03161361002700
03161361002800
03161361002900
03161361003000
03161361003100
03161361003200
03161361003300
03161361003400
03161361003500
03161361003600
03161361003700
03161361003800
03161361003900
03161361004000
03161400000100
03161400000200
03161500000000
03161600000100
03161600000200
03161700000100
03161700000200
03161700000300
03161700000400
03161700000600
03161700000700
03161700000800
03161707240100
03161707240200
03161707240300
03161707240400
03161707500100
03161707500200
03161707500300
03161707500400
03161800000100
03161800000200
03161800000300
03161800000400
03161800000500
03161851000100
03161852000100
03161852000300
03161900000200
03161900000300
03161900000400
03161900000500
03161900000600
03161900000700
03161900000800
03161900000900
03161900001000
03161900001100
03161900001200
03161900001300
03161900001400
03161900001500
03161900001600
03161900001700
03161900009900
03161951000300
03161951000400
03162000000000
03162000000001
03162100000200
03162100000300
03162100000400
03162100000500
03162100000600
03162200000100
03162200000200
03162200000300
03162200000400
03162300000100
03162300000200
03162400000100
03162400000200
03162500000100
03162500000200
03162500000300
03162500000400
03162500000500
03162500009900
03162600000100
03162600000200
03162600000300
03162600000400
03162700000100
03162700000300
03162800000100
03162800000200
03162800000300
03162900000100
03162900000200
03162900000300
03162900000400
03163000000100
03163000000200
03163000000300
03163000000400
03163000000600
03163000000700
03163000009900
03163100000100
03163100000200
03163100000300
03163100000400
03163100000500
03163100000600
03163200000100
03163200000200
03163200000300
03163300000200
03163300000400
03163300000500
03163309160100
03163309160200
03163320000200
03163320000300
03163330000200
03163333000100
03163341000100
03163351010100
03163351100200
03163351111100
03163351140000
03163351180000
03163351240000
03163400000100
03163400000200
03163400000300
03163400000400
03163500000000
03163500000100
03163600000100
03163600000200
03163600000300
03163600000400
03170100000100
03170100000300
03170100000400
03170109190100
03170109190200
03170109190300
03170109190400
03170200000100
03170200000200
03170200000300
03170200000400
03170200000500
03170300000100
03170300000200
03170300000400
03170300000500
03170300000600
03170300009900
03170400000100
03170400000200
03170400000300
03170400000400
03170400000500
03170500000100
03170500000200
03170500000300
03170600000100
03170600000200
03170600000300
03170700000100
03170700000200
03170800000100
03170800000200
03170800000300
03170900000100
03170900000200
03171000000100
03171000000200
03171100000100
03171100000200
03171100000300
03171100000400
03171100000500
03171100000600
03171200000100
03171200000200
03171200000300
03171200000400
03171200000500
03171300000100
03171300000200
03171400000100
03171400000200
03171400000300
03171400000400
03171500000100
03171500000200
03171500000400
03171500000500
03171600000100
03171600000200
03171600000300
03171600000400
03171600000500
03171600009900
03171700000000
03171800000000
03171900000200
03171900000300
03171900000400
03171913110100
03172000000100
03172000000200
03172000000300
03172000000400
03172000000500
03172000000600
03172000009900
03172001010100
03172001010200
03172001010300
03172100000100
03172100000200
03172100000300
03172100000400
03172100000500
03172100000600
03172100009900
03172200000100
03172200000200
03172800000200
03172900000100
03172900000200
03172900000300
03173000000200
03173000000300
03173000000400
03173000000500
03173000000600
03173000000700
03173000001000
03173000001100
03173000001300
03173000001400
03173013110200
03173051010000
03173051020000
03173051022200
03173051030000
03173051030100
03173051030300
03173051040000
03173051040500
03173051041400
03173051050000
03173051050700
03173051060000
03173051070000
03173051080000
03173051090000
03173051100100
03173051100200
03173052000200
03173052000400
03173052010900
03173052020100
03173052020200
03173052030000
03173052030100
03173052040000
03173052050100
03173052060000
03173052070000
03173052080000
03173052090000
03173052100000
03173052200000
03173052300000
03173053010100
03173053020100
03173053030100
03173053040100
03173053050100
03173053060000
03173053070100
03173054010100
03173054020100
03173054030100
03173054040100
03173054050100
03173054060100
03173054061000
03173054070100
03173054070600
03173054080100
03173054090100
03173054090800
03173055010100
03173055020100
03173055030100
03173055040100
03173055050100
03180100000100
03180100000300
03180200000100
03180200000300
03180200000400
03180300000000
03180400000100
03180400000300
03180450000100
03180450000200
03180451000100
03180451000200
03180451000300
03180451000400
03180500000100
03180500000300
03180600000100
03180600000200
03180600000300
03180700000100
03180700000200
03180700000300
03180700000400
03180700000500
03180800000100
03180800000300
03180900000100
03180900000200
03181000000000
03181100000100
03181151000300
03181151001500
03181151001600
03181221050100
03181221050200
03181300000100
03181351000100
03181351000200
03181351000600
03181351001800
03181400000100
03181400000200
03181400000300
03181451000100
03181500000100
03181500000200
03181500000300
03181500000400
03181600000200
03181600000300
03181600000400
03181600000500
03181600000800
03181600000900
03181616060100
03181700000100
03181700000200
03181700000300
03181700000400
03181800000000
03182200000100
03182200009900
03182300000100
03182300000200
03182300000300
03182400000100
03182400000200
03182400000300
03182400000400
03182500000100
03182500000200
03182500000300
03182500000400
03182500000500
03182500000600
03182600000100
03182600000200
03182600000300
03183600000000
03183600000100
03183600000200
03183600000300
03190100000100
03190100000200
03190100000300
03190200000100
03190200000200
03190300000100
03190300000200
03190400000100
03190400000200
03190500000100
03190500000200
03190600000100
03190600000200
03190600000300
03190700000100
03190700000300
03190700000400
03190751000100
03190751000200
03190751000300
03190751000400
03190800000100
03190800000200
03190800000300
03190800000400
03190800000500
03190900000100
03190900000200
03190900000300
03190900000400
03190900000500
03190900000600
03191000000100
03191000000200
03191100000100
03191100000200
03191100009800
03191100009900
03191151000100
03191151000200
03191152000100
03191152000200
03191152000201
03191152000300
03191152000400
03191152000600
03191200000100
03191200000200
03191200000300
03191200000400
03191200009900
03191251000100
03191300000100
03191300009900
03191351000100
03191351000200
03191400000100
03191400000200
03191400000300
03191400009900
03191500000100
03191500000200
03191500000300
03191500000400
03191600000000
03191700000100
03191700000200
03191700000300
03191700000400
03191700000600
03191700000700
03191751000100
03191751000200
03191751000300
03191751000400
03191751000500
03191751000600
03191800000100
03191800000200
03191851000100
03191851000200
03191851000300
03191851000400
03191851000500
03191851002500
03191851005000
03191900000100
03191919110100
03191919110200
03191951000100
03192000000100
03192000000200
03192000000300
03192000000400
03192051000100
03192100000100
03192100000200
03192100000300
03192100000400
03192200000100
03192200000200
03192200000300
03192300000100
03192300000200
03192300000300
03192351000100
03192351000200
03192351000300
03192351000400
03192351000500
03192351000600
03192351000700
03192352000100
03192400000100
03192400000200
03192400000300
03192400009900
03192500000100
03192500000200
03192500000300
03192500000400
03192600000100
03192600000200
03192600000300
03192600000400
03192700000100
03192700000200
03192800000100
03192800000200
03192900000100
03192900000200
03192900000300
03193000000100
03193000000200
03193000000300
03193100000100
03193100000200
03193100000300
03193100000400
03193200000100
03193200000200
03193300000100
03193300000200
03193300000300
03193400000100
03193400000200
03193500000100
03193500000200
03200100000000
03200200000000
03200300000100
03200300000200
03200400000100
03200400000101
03200400000200
03200500000100
03200500000200
03200600000100
03200600000200
03200700000100
03200700000200
03200700000300
03200800000000
03200900000100
03200900000200
03201000000000
03201000000100
03201100000000
03201200000100
03201200000200
03201200000300
03201200000400
03201200000500
03201200000600
03201300000000
03201300000200
03201400000000
03201500000000
03201600000000
03201700000000
03201700009900
03201800000000
03201800009900
03201900000000
03201900000100
03202000000100
03202000000200
03202000000300
03202000009900
03202050000100
03202050000200
03202050000300
03202050000400
03202100000100
03202100000200
03202100000300
03202100000500
03202100000600
03202100000700
03202200000100
03202200000200
03202200000300
03202200000400
03202200000500
03202200000600
03202300000100
03202300000200
03202300000300
03202300000400
03202400000100
03202400000200
03202400000300
03202400000400
03202400000500
03202700000200
03202800000100
03202800000200
03202800000300
03202800000400
03202800000500
03202900000200
03202900000300
03202900000500
03202900000600
03202900000700
03203000000100
03203000000200
03203000000300
03203000000400
03210200000100
03210200000200
03210300000100
03210300000200
03210300000300
03210400000100
03210400000200
03210500000000
03210600000100
03210600000200
03210600000300
03210700000000
03210800000100
03210800000200
03210900000100
03210900000200
03210900000300
03210900000400
03210900000500
03210900000600
03210900000700
03210900000800
03210900009900
03210933000500
03210951010100
03210951010200
03210951010300
03210951010400
03210951010600
03210951020100
03210951020200
03210951020300
03210951020400
03210951030100
03210951030200
03210951040100
03210951050100
03210951050200
03210951050400
03210951060100
03210951060300
03210951060400
03210951070100
03210951070300
03210951070400
03210951070600
03210951080100
03210951080200
03211000000000
03211600000200
03211700000100
03211700000200
03211700000400
03211700000500
03211700000600
03211700000700
03211700000800
03211713073600
03211713074800
03211713074900
03211751010100
03211751010200
03211751010300
03211751010400
03211751020100
03211751020200
03211751020300
03211751020400
03211751030100
03211751030200
03211751030300
03211751030400
03211751060100
03211751060200
03211751060300
03211751070100
03211751070200
03211751070300
03211751070400
03211751080100
03211751080200
03211751080300
03211751130200
03211751140000
03211751150200
03211751160100
03211751160200
03211752000100
03211752000200
03211752000300
03211752000400
03211752000500
03211752000600
03211752000700
03211752000800
03211752000900
03211752001000
03211752001100
03211752001200
03211752001300
03211752001400
03211752001500
03211752001600
03211752001700
03211752001800
03211752001900
03211752002000
03211752002100
03211752002300
03211752002400
03211752002500
03211752002600
03211752002700
03211752002800
03211752002900
03211752003000
03211752003100
03211752003200
03211752003300
03211752003400
03211752003500
03211752003800
03211752003900
03211752004000
03211752004100
03211752004200
03211752004300
03211752004400
03211752004500
03211752004600
03211752004700
03211752005000
03211752005100
03211752005200
03211752005300
03211752005400
03211752005500
03211752005600
03211752005700
03211752005800
03211752005900
03211752006000
03211752110100
03211752110200
03211752110300
03211752110400
03211752110500
03211752110600
03211752120100
03211752120200
03211752120300
03211752130100
03211752130200
03211752130300
03211752130400
03211752130600
03211752150100
03211752150200
03211800000100
03211800000200
03211800000300
03211800000400
03211800000500
03211800000600
03211900000100
03211900000200
03211900000300
03212000000100
03212000000200
04100100000100
04100100000200
04100100000300
04100100000500
04100100000600
04100151000100
04100151000200
04100162000300
04100162000400
04100163000300
04100163000400
04100200000100
04100200000200
04100200000700
04100200000800
04100200000900
04100200001000
04100200001200
04100200001300
04100200001600
04100200001700
04100200001800
04100200001900
04100200002100
04100200002300
04100200002500
04100206850100
04100207190200
04100207430100
04100207430200
04100207430300
04100209050100
04100209050200
04100210170100
04100210170200
04100210170300
04100212130100
04100212130200
04100212130300
04100216240100
04100216240200
04100216240300
04100216240400
04100219020100
04100219020300
04100219020400
04100219060100
04100219060200
04100219090200
04100219150100
04100219150200
04100219150300
04100219170200
04100221170100
04100221170200
04100251000100
04100252000200
04100252000300
04100252000400
04100253000100
04100253000200
04100253000300
04100253000400
04100254000300
04100254000400
04100255000200
04100256000300
04100258000100
04100259000300
04100260000100
04100260000200
04100260000300
04100260000400
04100262000100
04100262000200
04100263000100
04100263000200
04100300000000
04100400000000
04100500000000
04100600000000
04100600000200
04100700000000
04100700000200
04100800000000
04100900000000
04101000000000
04101100000200
04101100000300
04101100000400
04101100000800
04101100001000
04101100001100
04101100001200
04101100001300
04101100001400
04101100009900
04101107190300
04101108310100
04101108310200
04101111000100
04101111000200
04101111000300
04101111000500
04101111000600
04101111000700
04101111000800
04101111000900
04101111001000
04101111110100
04101111110200
04101114000100
04101114000200
04101114000300
04101114000400
04101114000500
04101114000600
04101114000700
04101114000800
04101114000900
04101114001000
04101114001100
04101114001200
04101114001400
04101114001500
04101114001600
04101114001700
04101114001800
04101114001900
04101114002100
04101114002200
04101114002300
04101114002400
04101114002500
04101114002800
04101114002900
04101114003100
04101115100100
04101115100200
04101117010100
04101117010200
04101117010300
04101120010100
04101120010200
04101128000100
04101128000200
04101128000300
04101128000400
04101141000100
04101141000200
04101141000500
04101141000600
04101141000700
04101141000800
04101152000100
04101152000200
04101154000200
04101155000100
04101155000200
04101155000300
04101155000500
04101155000600
04101156000200
04101157000100
04101157000200
04101157000300
04101157000400
04101157000500
04101158000100
04101158000200
04101158000300
04101159000200
04101159000300
04101159000500
04101159000600
04101160000100
04101160000200
04101161000200
04101161000300
04101161000400
04101161000500
04101162000100
04101162000300
04101200000100
04101200000200
04101200000500
04101200000600
04101200000800
04101200000900
04101200001100
04101200001200
04101200001300
04101200001400
04101200001500
04101200001600
04101200001700
04101200002000
04101200002100
04101200002101
04101200002200
04101200002300
04101200002301
04101200009900
04101210260100
04101210260200
04101210260300
04101224160100
04101224160200
04101224280100
04101224280200
04101250000100
04101250000200
04101250000300
04101251000100
04101251000200
04101252000100
04101252000200
04101262000200
04101280000100
04101300000100
04101300000200
04101300000300
04101300000400
04101300000500
04101300000700
04101300000800
04101300000900
04101300001000
04101300001100
04101300001200
04101300001300
04101300001700
04101300001800
04101300001900
04101300002300
04101300002400
04101300002500
04101300002600
04101300002700
04101300002800
04101300002900
04101300003100
04101300003200
04101300003300
04101300009900
04101307170200
04101307170300
04101316120100
04101316120200
04101323160100
04101323160200
04101323160300
04101325020100
04101325020200
04101351000100
04101351000200
04101352000100
04101352000200
04101352000300
04101354000100
04101354000200
04101355000200
04101356000100
04101356000200
04101357000300
04101358000200
04101358000300
04101358000400
04101359000100
04101359000200
04101359000300
04101400000100
04101400000200
04101500000000
04101600000000
04101600000100
04101700000000
04101800000000
04101900000000
04102000000000
04102100000000
04102200000000
04102300000000
04102300000200
04102300000300
04102300000400
04102300000401
04102300000500
04102300000501
04102300000600
04102300000700
04102300000800
04102300001000
04102300001100
04102300001300
04102300001400
04102300001500
04102318120100
04102400000300
04102400000400
04102400000700
04102400000800
04102400000900
04102400001100
04102400001200
04102400001300
04102400001600
04102400001700
04102400001800
04102400001900
04102400002000
04102400009800
04102400009900
04102423160400
04102450000100
04102450000300
04102450000400
04102500000100
04102500000200
04102500000300
04102500000400
04102500000800
04102500000900
04102500001000
04102500001100
04102500001300
04102500001301
04102500001400
04102500001401
04102500001500
04102500001600
04102500001800
04102500001900
04102500002000
04102500002300
04102500002400
04102500002500
04102500002600
04102500002700
04102500002900
04102500003000
04102500003100
04102500009800
04102500009900
04102509280100
04102509280200
04102515210100
04102515210200
04102521190100
04102523110100
04102523110200
04102524110100
04102524110200
04102544000100
04102551000300
04102551000400
04102552010200
04102552010300
04102552010500
04102552010700
04102552010800
04102552020100
04102552020300
04102552020400
04102552020500
04102552020700
04102552020800
04102552020900
04102552021100
04102552021200
04102553000100
04102554000100
04102554000200
04102555000100
04102555000200
04102565000100
04102565000200
04102600000100
04102600000200
04102600000400
04102600000500
04102600000600
04102600000701
04102600000800
04102600000900
04102600001000
04102600001200
04102600001300
04102600001400
04102600001402
04102600001700
04102600001800
04102600002000
04102600002100
04102600002200
04102600002300
04102610030200
04102610030300
04102618120200
04102650000100
04102651000100
04102651000200
04102700000100
04102700000200
04102800000100
04102800000200
04102800000400
04102900000000
04103000000000
04103100000000
04103200000000
04103300000100
04103300000200
04103300000300
04103300000400
04103400000100
04103400000300
04103400000400
04103400000500
04103400000600
04103400000700
04103400000800
04103400000900
04103400001000
04103500000100
04103500000200
04103500000300
04103500000400
04103500000500
04103500000600
04103500000700
04103500000701
04103500001000
04103500001100
04103500001200
04103500001400
04103500001500
04103500001600
04103500001800
04103500001900
04103500002000
04103500002200
04103500009100
04103500009200
04103500009300
04103500009400
04103500009800
04103500009900
04103519170100
04103519170200
04103519170300
04103519170400
04103574783100
04103574783200
04103600000100
04103600000400
04103600000500
04103600000700
04103600000900
04103600001000
04103600001600
04103600001700
04103600001800
04103600002100
04103600002200
04103600002300
04103600002500
04103600002600
04103600002700
04103600002800
04103600002900
04103600003000
04103600003100
04103602070100
04103606630100
04103606630200
04103606630300
04103606630400
04103606700100
04103606700200
04103607230100
04103609030100
04103609030200
04103609030300
04103609030400
04103609130100
04103609130200
04103611000300
04103613010100
04103613010200
04103613010400
04103614110200
04103614110300
04103618020100
04103618020200
04103618020300
04103618020400
04103618020500
04103618020600
04103618020700
04103618020800
04103618020900
04103618021000
04103618021200
04103618021400
04103618021500
04103618021600
04103618021700
04103618021800
04103618021900
04103618022000
04103618022200
04103618022300
04103618022400
04103618022500
04103618022600
04103618022800
04103618022900
04103618023000
04103618023100
04103618023200
04103618023300
04103618023400
04103618023500
04103618050200
04103618060100
04103618060200
04103618150100
04103618150200
04103619040100
04103620190100
04103620190200
04103620190300
04103620190400
04103622060100
04103622060200
04103622060300
04103622060400
04103622100100
04103624000400
04103624000500
04103624000600
04103624000800
04103624130100
04103624130200
04103624230200
04103624320100
04103631000200
04103631000500
04103631000600
04103631000700
04103633000200
04103633000300
04103633000400
04103633000500
04103633000600
04103633000900
04103642000100
04103642000300
04103642000500
04103642000600
04103642000800
04103642000900
04103651000100
04103651000200
04103652000100
04103652000200
04103653000200
04103653000302
04103654000300
04103655000100
04103655000200
04103655000300
04103655000400
04103656000300
04103656000400
04103656000500
04103656000600
04103657000100
04103658000101
04103658000102
04103658000300
04103658000400
04103659000100
04103659000200
04103660000100
04103660000200
04103661000100
04103661000200
04103662000100
04103662000200
04103662000300
04103663000101
04103663000102
04103663000300
04103664000100
04103664000200
04103664000300
04103664000400
04103665000100
04103665000200
04103665000400
04103666000300
04103667000100
04103667000200
04103667000300
04103675000100
04103675000300
04103676000100
04103676000200
04110100000100
04110100000200
04110200000200
04110200000300
04110300000100
04110300000200
04110300000300
04110300000400
04110300000600
04110400000100
04110400000200
04110400000400
04110400000500
04110400000700
04110400000800
04110500000200
04110500000300
04110500000400
04110500000500
04110500000600
04110500000800
04110500000900
04110600000100
04110600000200
04110700000100
04110700000200
04110700000300
04110700000400
04110700000600
04110700000700
04110700000701
04110700000900
04110800000200
04110800000400
04110800000500
04110800000600
04110900000100
04110900000300
04110922190100
04110922190200
04111000000100
04111000000200
04111000000300
04111000000400
04111000000500
04111000000600
04111000000700
04111100000200
04111100000500
04111100000600
04111100000700
04111100000900
04111150000100
04111150000200
04111150000300
04111150000400
04111200000100
04111200000200
04111200000300
04111200000400
04111200000500
04111200000600
04111300000100
04111300000300
04111300000400
04111300000500
04111300000600
04111300000700
04111300009900
04111320120100
04111320120200
04111400000100
04111400000200
04111400000300
04111400000400
04111400000500
04111400000600
04111400000700
04111500000100
04111500000200
04111500000300
04111500000400
04111500000500
04111500000501
04111600000100
04111600000200
04111600000300
04111600000500
04111600000600
04111600000700
04111600000800
04111600000900
04111600009900
04111700000100
04111700000300
04111700000600
04111700000700
04111700000800
04111700000900
04111700001000
04111700001800
04111700002400
04111700002500
04111700002600
04111700002700
04111700002800
04111700002900
04111700003000
04111700003100
04111709240100
04111709240200
04111709240300
04111713030100
04111713030200
04111713030300
04111720080100
04111720080200
04111720080300
04111720080400
04111721060100
04111721060200
04111721150200
04111721150400
04111800000200
04111800000400
04111800000500
04111800000700
04111800001000
04111810160100
04111810160200
04111817230100
04111817230200
04111817230300
04111825030100
04111825030200
04111850000100
04111850000200
04111850000300
04111851000100
04111851000300
04111851000400
04111900000100
04111900000200
04111900000300
04111900000500
04111900000700
04111900000800
04111900000900
04111900001000
04111900001100
04111900001300
04111900001400
04111900001500
04111900001600
04111900001700
04111900001800
04111900001900
04111900002100
04111916090100
04111950000200
04111974000100
04112000000200
04112000000500
04112000000600
04112000000701
04112000000800
04112000001100
04112000009900
04112012020100
04112012020200
04112021070100
04112021070200
04112021150100
04112021150300
04112023050100
04112023050200
04112050000100
04112100000100
04112100000200
04112100000300
04112100000400
04112100000500
04112100000600
04112100000700
04112100001000
04112100009900
04112200000100
04112200000200
04112200000300
04112300000100
04112300000200
04112300000300
04112300000400
04112300000500
04112300000600
04112300000700
04112300000800
04112300000900
04112300009900
04112351000200
04112352000100
04112352000200
04112400000100
04112400000200
04112400000300
04112400000400
04112400000500
04112400000600
04112400000700
04112400000800
04112400000900
04112400001000
04112400001100
04112400001200
04112400001300
04112400001400
04112400001500
04112410789040
04112410789050
04112500000100
04112500000200
04112500000300
04112500000400
04112500000500
04112500000600
04112500000700
04112500000800
04112500000900
04112500001000
04112500001100
04112500001200
04112500001300
04112500001400
04112500001500
04112500001700
04112500001800
04112600000100
04112600000200
04112600000300
04112600000500
04112600000600
04112600000700
04112600000800
04112600000900
04112600001000
04112600001100
04112600001101
04112600001200
04112600001300
04112600001400
04112600001500
04112600001600
04112600001700
04112600001800
04112600009900
04112607010100
04112607010200
04112607010300
04112607010400
04112607010500
04112700000100
04112700000200
04112700000300
04112700000400
04112700000500
04112700000600
04112700000700
04112700000800
04112700000900
04112700001000
04112700001300
04112700001301
04112700001400
04112700001500
04112700001700
04112700001800
04112700002000
04112700002300
04112700002400
04112707210100
04112707210200
04112707210300
04112751000200
04112751000300
04112751000400
04112752000100
04112752000200
04112752000300
04112753000200
04112755000100
04112755000200
04112756000100
04112756000200
04112800000100
04112800000200
04112800000300
04112800000400
04112800000500
04112800000600
04112900000100
04112900000200
04112900000300
04112961000200
04112961000300
04112974000200
04113000000100
04113000000200
04113000000300
04113000000400
04113000000500
04113000000900
04113000001300
04113000001400
04113000001500
04113000001600
04113000001700
04113000001900
04113000002000
04113000002100
04113000002200
04113000002400
04113000002500
04113000009800
04113000009900
04113009090100
04113011160100
04113017040100
04113019270100
04113033000100
04113033000200
04113033000300
04113033000500
04113033000600
04113033000700
04113033000900
04113051000200
04113052000100
04113052000200
04113052000300
04113074000200
04113075000200
04113100000100
04113100000500
04113100000700
04113100000900
04113100001000
04113100001100
04113100001200
04113100001300
04113100001400
04113100001500
04113100001600
04113100001800
04113100001900
04113100002300
04113100009900
04113102070200
04113102070300
04113102070400
04113102070500
04113102070600
04113102070700
04113102070800
04113102070900
04113102071000
04113102071100
04113102071200
04113102071300
04113102071400
04113102071500
04113102071600
04113105050200
04113105050300
04113105050400
04113105050500
04113106450100
04113106450200
04113106450300
04113106450400
04113106580100
04113106580200
04113106580300
04113107020100
04113109050200
04113109200100
04113109200200
04113109200400
04113114020100
04113114020200
04113114020300
04113117100300
04113117220200
04113117220300
04113118030100
04113118030200
04113118100100
04113119260100
04113119260200
04113119260300
04113120130200
04113121010100
04113121010200
04113122090100
04113122090200
04113122180100
04113122180200
04113123110200
04113124200100
04113124200200
04113124210100
04113124210200
04113124220200
04113124360100
04113124360200
04113124360300
04113151000300
04113151000400
04113155000200
04113156000100
04113156000200
04113158000200
04113158000300
04113159000100
04113159000200
04113168000400
04113200000100
04113200000200
04113200000300
04113200000301
04113200000400
04113200000500
04113200000600
04113200000700
04113200000800
04113200000900
04113200001000
04113200001100
04113200001200
04113200001300
04113300000100
04113300000200
04113300000300
04113300000400
04113300000600
04113300000700
04113300000800
04113300000900
04113300001000
04113300001100
04113300001200
04113300001300
04113300001400
04113300001500
04113300001600
04113300001700
04113300001800
04113351000100
04113351000200
04113400000300
04113400000500
04113400000600
04113400000700
04113400000800
04113400000900
04113400001000
04113400001400
04113400001500
04113400001600
04113400001700
04113400001701
04113400001800
04113400002000
04113400002200
04113400002400
04113400002500
04113400002600
04113400002700
04113400002800
04113400009900
04113409300100
04113409300200
04113409300300
04113413000100
04113416020100
04113416020200
04113424240100
04113451000100
04113451000200
04113451000300
04113451000400
04113452000100
04113452000200
04113452000300
04113453000100
04113453000200
04113453000300
04113453000400
04113454000100
04113454000200
04113455000100
04113455000200
04113456000100
04113456000200
04113456000300
04113500000100
04113500000300
04113500000600
04113500000700
04113500000800
04113500001000
04113500001100
04113500001200
04113500001300
04113500001600
04113500001700
04113500001900
04113500002000
04113500002100
04113500009900
04113519290100
04113519290200
04113551000100
04113551000200
04113552000100
04113552000200
04113553000100
04113553000200
04113554000100
04113554000200
04113555000100
04113555000200
04113555000300
04113555000400
04113600000100
04113600000200
04113600000300
04113600000400
04113600000600
04113600000700
04113600000800
04113600000900
04113600001000
04113600001100
04113600001200
04120100000100
04120100000200
04120200000100
04120200000200
04120200000201
04120200000300
04120200000500
04120200000600
04120200000700
04120200009900
04120300000100
04120300000400
04120300000500
04120300009900
04120400000100
04120400000200
04120400000300
04120400000400
04120400000500
04120400000600
04120400000700
04120400000800
04120500000200
04120500000400
04120600000100
04120600000300
04120600000400
04120600000500
04120600000600
04120700000100
04120700000200
04120700000300
04120700000400
04120800000100
04120800000200
04120900000100
04120900000200
04120900000300
04120954000100
04120954000200
04120954000300
04120954000400
04120954000500
04120954000600
04120954000700
04120954000800
04120954000900
04120954001000
04120954001200
04120954001300
04120954001400
04120954001500
04120954001600
04120954001700
04120954001800
04120954001900
04120954002200
04120954002300
04120954002400
04120954002600
04121000000100
04121000000200
04121052000100
04121052000200
04121052000300
04121052000400
04121052000500
04121052000600
04121052000700
04121052000800
04121052000900
04121052001000
04121052001100
04121052001200
04121052001300
04121052001400
04121052001500
04121052001600
04121052001700
04121052001800
04121052001900
04121052002000
04121052002100
04121052002200
04121052002300
04121052002400
04121052002500
04121052002600
04121052003200
04121052003300
04121052003400
04121052003500
04121052003600
04121052003700
04121052003800
04121052004000
04121052004100
04121052007100
04121100000100
04121100000200
04121100000300
04121100000400
04121151000100
04121151000200
04121151000300
04121151000500
04121151000600
04121151000700
04121151000800
04121151000900
04121151001000
04121151001100
04121151001200
04121151001300
04121151001400
04121151001500
04121151001600
04121151001700
04121151001800
04121151001900
04121151002100
04121151002200
04121151002300
04121151002400
04121151002500
04121151002600
04121151002700
04121151002800
04121151002900
04121151003000
04121151003100
04121151003200
04121151003300
04121151003400
04121151003500
04121151003600
04121151003700
04121151003800
04121151003900
04121151004000
04121151004100
04121151004200
04121151004300
04121151004400
04121151004500
04121151004600
04121151004700
04121151004800
04121151004900
04121200000100
04121200000200
04121200000300
04121200000400
04121200000500
04121300000100
04121300000200
04121300000300
04121300000400
04121300000500
04121300000600
04121300000700
04121351000100
04121351000200
04121400000100
04121400000300
04121400000400
04121400000600
04121400000700
04121400000800
04121407110200
04121407110300
04121417250100
04121417250200
04121500000100
04121500000300
04121500000400
04121552002700
04121552002800
04121552002900
04121552003000
04121552003100
04121552004200
04121552004300
04121552004400
04121552004500
04121552004600
04121552004700
04121552004800
04121552004900
04121552005000
04121552005100
04121552005200
04121552005300
04121552005400
04121552005500
04121552005700
04121552005800
04121552005900
04121552006000
04121552006100
04121552006200
04121552006300
04121552006400
04121552006500
04121552006600
04121552006800
04121552006900
04121552007000
04121553000100
04121553000300
04121553000400
04121553000500
04121553000600
04121553000700
04121553000800
04121553000900
04121553001100
04121553001200
04121553001300
04121553001400
04121553001500
04121553001600
04121553001700
04121553001800
04121553001900
04121553002000
04121553002100
04121600000000
04121700000100
04121700000200
04121700000300
04121700000400
04121700000500
04121800000100
04121800000200
04121800000300
04121800000400
04121800000500
04121800000600
04121800000700
04121800000800
04121900000100
04121900000200
04121900000300
04121900000400
04121900000500
04121900000501
04121900000600
04121900000700
04121900000800
04121900000900
04121900001000
04121900001100
04121900001200
04121900001300
04121900001400
04121900001500
04121900001600
04121900001700
04121900001800
04121900001900
04121900002000
04121900002100
04121900002200
04122000000100
04122000000200
04122000000300
04122000000400
04122000000500
04122000000600
04122100000100
04122100000200
04122100000300
04122100001800
04122200000100
04122200000200
04122200000300
04122200000400
04122200000500
04122200000600
04122200000700
04122200000701
04122200000800
04122200001200
04122200009900
04122208440100
04122208440200
04122216190100
04122216190200
04122216190300
04122250000100
04122250000200
04122250000300
04122250000400
04122300000100
04122300000200
04122300000300
04122300000301
04122300000400
04122300000500
04122300000600
04122300000700
04122300000800
04122351000100
04122351000200
04122351000300
04122351000400
04122400000100
04122400000200
04122400000300
04122400000400
04122400000500
04122400000600
04122400000700
04122400000800
04122400000900
04122400001000
04122451000100
04122451000200
04122451000300
04122452000100
04122452000300
04122453000100
04122453000200
04122453000300
04122500000100
04122500000200
04122500000400
04122500000500
04122500000600
04122500000700
04122500000900
04122500001000
04122500001100
04122507080100
04122507080200
04122507080300
04122507080400
04122507080500
04122507080600
04122600000200
04122600000300
04122600000400
04122600000500
04122600000600
04122600000700
04122600000800
04122600000900
04122600001000
04122600001100
04122600001200
04122600001600
04122621000100
04122621000200
04122651000100
04122651002000
04122651002100
04122651002200
04122652000100
04122652000200
04122652000300
04122653000100
04122653000200
04122653000300
04122653000400
04122654000100
04122654000200
04122654000300
04122654000400
04122700000100
04122700000200
04122700000300
04122700000600
04122700000700
04122700000800
04122700000900
04122700001000
04122706590100
04122706590200
04122706590300
04122706590400
04122706600100
04122706600200
04122706600300
04122706600400
04122751000100
04122751000200
04122751000300
04122751000400
04122751000500
04122751000600
04122751000700
04122751000800
04122751000900
04122751001000
04122751001100
04122800000100
04122900000100
04122900000200
04122900000400
04122900000500
04123000000100
04123000000200
04123000000300
04123000000400
04123000000500
04123000000600
04123000000700
04123100000100
04123100000200
04123100000300
04123100000400
04123200000100
04123200000200
04123200000300
04123200000500
04123209110100
04123209110200
04123300000100
04123300000200
04123300000300
04123400000100
04123400000200
04123400000300
04123500000100
04123500000200
04123500000300
04123500000400
04123500000500
04123600000100
04123600000200
04130100000100
04130100000200
04130100000400
04130100000900
04130100001000
04130100001200
04130100001300
04130100001400
04130100001500
04130100001600
04130100002100
04130100002300
04130100002500
04130100009900
04130151000100
04130151000200
04130151000300
04130151000400
04130152000100
04130152000200
04130152000300
04130152000400
04130153000100
04130153000200
04130153000300
04130153000400
04130154000100
04130154000200
04130154000300
04130154000400
04130200000100
04130200000200
04130200000300
04130200000400
04130200000500
04130200000700
04130200000800
04130200000900
04130200001000
04130200001100
04130200001200
04130200001300
04130200001400
04130200001500
04130207760100
04130207760200
04130207760300
04130207760400
04130250000100
04130250000200
04130250000300
04130300000100
04130300000200
04130300000300
04130300000400
04130300000500
04130400000100
04130400000200
04130400000300
04130400000400
04130400000500
04130400000600
04130500000100
04130500000200
04130500000300
04130600000100
04130600000200
04130600000300
04130600000400
04130700000100
04130800000100
04130800000200
04130800000300
04130900000200
04130900000400
04130900000500
04130900000600
04130900000700
04130900000800
04130900000900
04130900001000
04130900001100
04131000000100
04131100000100
04131100000200
04131200000100
04131200000200
04131200000400
04131200000700
04131200000800
04131200000900
04131200001000
04131200001100
04131200001200
04131200001300
04131200001400
04131200001500
04131200001600
04131200001800
04131207710100
04131208460200
04131250000100
04131250000200
04131250000300
04131250000400
04131300000100
04131300000200
04131400000100
04131400000200
04131500000100
04131500000200
04131500000300
04131500000400
04131500000500
04131600000100
04131700000100
04131800000100
04131900000100
04131900000200
04132000000100
04132000000200
04132000000400
04132000000500
04132000000600
04132000000800
04132100000100
04132100000200
04132100000300
04132200000100
04132200000200
04132200000300
04132200000400
04132200000500
04132200000600
04132200000700
04132200000800
04132200000900
04132200001500
04132200001600
04132200001700
04132200001701
04132200001800
04132200001900
04132200002500
04132200002600
04132200002700
04132234000100
04132234000200
04132241000101
04132241009800
04132241009900
04132250001600
04132250080100
04132250080200
04132250080300
04132250080400
04132250080500
04132250080600
04132250080700
04132250080800
04132250080900
04132250090100
04132250090200
04132250090300
04132250090400
04132250090500
04132250090600
04132250090700
04132250090800
04132250090900
04132250091000
04132250091100
04132250091200
04132250091300
04132250091400
04132250091500
04132250091600
04132250091700
04132250091800
04132250091900
04132250092000
04132250092100
04132250092200
04132250092300
04132250100100
04132250100200
04132250100300
04132250100400
04132250100500
04132250100600
04132250100700
04132250100900
04132250101000
04132250101100
04132250101200
04132250101300
04132250101400
04132250101500
04132250101700
04132250101800
04132250101900
04132250102100
04132250102200
04132250102300
04132250102400
04132250110100
04132250110200
04132250110300
04132250110600
04132250120100
04132250140100
04132250140400
04132250140700
04132250140800
04132250140900
04132250150500
04132250150600
04132250150700
04132250160100
04132250160600
04132251010100
04132251010300
04132251010400
04132251020100
04132251020200
04132260000100
04132260000200
04132260000300
04132260000400
04132260000900
04132300000100
04132300000200
04132300000400
04132300000500
04132300000501
04132300000700
04132300000800
04132300000900
04132300001000
04132300001100
04132300001200
04132300001400
04132300001500
04132300001600
04132300005000
04132313000100
04132313000200
04132313000300
04132313000400
04132313000500
04132313000600
04132313000700
04132323080100
04132323080200
04132323120100
04132323120200
04132332000100
04132350010100
04132350010300
04132350010400
04132350010600
04132350010800
04132350010900
04132350011100
04132350011300
04132350011400
04132350011500
04132350011600
04132350020100
04132350020200
04132350020300
04132350020400
04132350021000
04132350021100
04132350021300
04132350021400
04132350021500
04132350021600
04132350021700
04132350021800
04132350021900
04132350022200
04132350022300
04132350022400
04132350022500
04132350022700
04132350022800
04132350022900
04132350023000
04132350023100
04132350023200
04132350030100
04132350030200
04132350030400
04132350030500
04132350030600
04132350030700
04132350030800
04132350030900
04132350031000
04132350031100
04132350031200
04132350040100
04132350040200
04132350040900
04132350041000
04132350041100
04132350041200
04132350041300
04132350041400
04132350041500
04132350041700
04132350041800
04132350041900
04132350042000
04132350042100
04132350042300
04132350060400
04132350061000
04132350061100
04132350061200
04132350061400
04132350061500
04132350061600
04132350061700
04132350070100
04132350070200
04132350070300
04132350070400
04132350070500
04132350070600
04132350070700
04132350070800
04132350070900
04132350071000
04132350071500
04132350120200
04132350120300
04132350120500
04132350120600
04132350120700
04132350120800
04132350120900
04132350121000
04132350121100
04132350121200
04132350121300
04132350121400
04132350121500
04132350130100
04132350130200
04132350130400
04132350130500
04132350130600
04132350130900
04132350131000
04132350131100
04132350131200
04132350131300
04132350131500
04132350170100
04132350170200
04132350170300
04132350170400
04132350170500
04132350170600
04132350170700
04132352000100
04132352000200
04132400000100
04132400000300
04132400000600
04132400000700
04132400000800
04132400000900
04132400001000
04132400001100
04132400001300
04132500000100
04132500000200
04132500000300
04132500000400
04132500000500
04132500000600
04132500000700
04132600000100
04132600000200
04132600000300
04132600000400
04132600000500
04132600000600
04132600000700
04132700000100
04132700000200
04132700000300
04132700000400
04132700000500
04132700000502
04132700000600
04132700000700
04132708490100
04132708490200
04132708490300
04132800000100
04132800000101
04132800000200
04132800000600
04132800000700
04132800000800
04132800000900
04132800000901
04132800001000
04132800009900
04132813000100
04132813000200
04132814000100
04132814000200
04132814000300
04132814000400
04132814000500
04132814000600
04132814000700
04132814000800
04132814000900
04132814001000
04132814001100
04132814001300
04132815170100
04132815170200
04132841000100
04132841000200
04132841000300
04132841000400
04132841000500
04132841000600
04132841000700
04132842000100
04132842000200
04132842000300
04132842000500
04132842000600
04132851000100
04132851000200
04132851000300
04132900000100
04132900000200
04132900000300
04132900000400
04132900000500
04132900000600
04132900000700
04132900009900
04132918030100
04132918050100
04132918200100
04132918200200
04132918200300
04132918200400
04132918220100
04132918220200
04132918220300
04132918220400
04132919300100
04132919300200
04132919300300
04132919300400
04133000000100
04133000000200
04133000000300
04133000000400
04133000000500
04133000000600
04133100000100
04133100000200
04133100000300
04133100000400
04133100000500
04133200000100
04133200000200
04133200000300
04133200000400
04133200000500
04133200000600
04133200000601
04133200000700
04133200000800
04133200000900
04133200001000
04133200001100
04133200001200
04133200009900
04133211000200
04133211000400
04133211000600
04133211000700
04133211000800
04133211000900
04133211001000
04133211009900
04133213020200
04133213020300
04133251000100
04133251000200
04133251000300
04133251000400
04133251000500
04133251000600
04133251000700
04133251000800
04133251000900
04133251001000
04133251001100
04133251001200
04133251001300
04133251001400
04133251001500
04133251001600
04133252000100
04133252000400
04133300000100
04133300000200
04133300000400
04133300000500
04133300000600
04133300000700
04133300000800
04133400000200
04133400000300
04133400000400
04133500000100
04133500000200
04133600000100
04140100000100
04140100000200
04140100000300
04140100000400
04140100000500
04140100000800
04140100001000
04140100001300
04140100001400
04140100001500
04140100001600
04140100001800
04140107270100
04140107270200
04140107270300
04140107270400
04140109220100
04140109220200
04140109220300
04140151000100
04140151000200
04140151000300
04140151000400
04140152000100
04140152000200
04140152000300
04140153000100
04140153000200
04140154000100
04140155000100
04140155000200
04140155000300
04140155000400
04140156000100
04140156000200
04140157000100
04140157000200
04140157000300
04140157000400
04140158000200
04140200000100
04140200000200
04140200000300
04140200000500
04140200000600
04140200000700
04140200000800
04140200000900
04140300000100
04140300000200
04140300000300
04140300000400
04140300000500
04140300000600
04140300000700
04140300000800
04140300000900
04140400000100
04140400000200
04140400000300
04140400000400
04140400000500
04140400000600
04140400000700
04140400000800
04140400000900
04140400001000
04140400001100
04140500000100
04140500000200
04140500000300
04140500000400
04140500000500
04140500000600
04140600000100
04140600000200
04140600000300
04140600000400
04140600000500
04140600000600
04140700000100
04140700000200
04140700000300
04140700000400
04140700000500
04140700000600
04140700000700
04140700000800
04140700000900
04140700001000
04140700001100
04140700001200
04140700001400
04140700001500
04140700009900
04140714000100
04140714000200
04140714000300
04140714000400
04140718020300
04140719100100
04140719100200
04140800000100
04140800000200
04140800000300
04140900000100
04140900000200
04140900000300
04140900000301
04140900000400
04140900000500
04140900000600
04140900000700
04140900000800
04140900000801
04140900000900
04140900000901
04140900001000
04140900001200
04140900001300
04140900001400
04140900001500
04140900001600
04140900001700
04140900001800
04140900001900
04141000000100
04141000000300
04141000000400
04141000000500
04141000000600
04141000000700
04141000000800
04141000000900
04141000001000
04141000001100
04141000001200
04141000001300
04141000001301
04141000001400
04141000001500
04141000001600
04141000001700
04141000001800
04141000001900
04141100000100
04141100000200
04141100000300
04141100000400
04141100000500
04141100000600
04141100000700
04141100000800
04141100000900
04141100001000
04141100001100
04141100001200
04141100001300
04141100001400
04141100001500
04141100001600
04141100001700
04141100001800
04141100001900
04141100002100
04141100002200
04141100002300
04141100002500
04141150000100
04141150000200
04141150000300
04141150000400
04141200000200
04141200000201
04141200000300
04141200000400
04141200000500
04141200000600
04141200000700
04141200000800
04141200000900
04141200001000
04141200001100
04141200001200
04141200001300
04141200001400
04141200001500
04141200001600
04141200001700
04141200001800
04141251000100
04141251000300
04141251000400
04141252000100
04141253000100
04141253000200
04141253000300
04141254000100
04141254000300
04141254000400
04141255000100
04141255000200
04141255000300
04141255000400
04141256000100
04141256000200
04141257000200
04141257000300
04141258000100
04141258000200
04141300000100
04141300000200
04141300000300
04141300000400
04141300000500
04141300000600
04141400000100
04141400000200
04141400000300
04141400000400
04141400000500
04141400000600
04141400000700
04141400000800
04141500000100
04141500000200
04141500000300
04141500000400
04141500000500
04141500000600
04141500000700
04141600000000
04141700000100
04141700000200
04141700000300
04141700000401
04141700000500
04141700000600
04141700000700
04141700000800
04141700000801
04141700000900
04141700001000
04141700001100
04141700001200
04141700001300
04141700001400
04141700001500
04141700001600
04141700001700
04141750000100
04141750000200
04141750000300
04141750000400
04141800000100
04141800000200
04141800000300
04141800000401
04141800000500
04141800000501
04141800000600
04141800000800
04141800000900
04141800001000
04141800001100
04141800001200
04141800001300
04141800001400
04141800001500
04141800001600
04141815750100
04141850000100
04141850000200
04141850000300
04141850000400
04141900000100
04141900000200
04141900000300
04141900000400
04141900000500
04141900000600
04141900000700
04141900000800
04141900000900
04141900001000
04141900001200
04141900001300
04141900001400
04141900001500
04141900001600
04141900001700
04141900001800
04141900001801
04142000000100
04142000000400
04142000000500
04142000000600
04142000000700
04142000000800
04142000000900
04142000001000
04142000001100
04142000001200
04142000001300
04142000001500
04142100000100
04142100000200
04142100000300
04142100000400
04142100000500
04142100009900
04142200000100
04142200000200
04142300000100
04142300000200
04142400000100
04142400000200
04142400000300
04142500000000
04142500000100
04142500000200
04142600000100
04142600000200
04142600000500
04142600000600
04142600000700
04142600000800
04142600000900
04142600001000
04142600001100
04142600001200
04142600001300
04142600001400
04142600001500
04142600001600
04142600001700
04142600001800
04142700000100
04142700000200
04142700000300
04142700000400
04142800000100
04142800000200
04142800000300
04142800000400
04142800000500
04142800000600
04142800000700
04142800000800
04142800000900
04142800001000
04142800001100
04142800001200
04142800001300
04142800009900
04142900000100
04142900000200
04142900000300
04142900000400
04142900000500
04142900000600
04142900000700
04142900000800
04142900000900
04142900001000
04142900001100
04142900001200
04142900001300
04142900001400
04142900001700
04142900001800
04142900001900
04142900002000
04142900002100
04142900002200
04142900002300
04142900002400
04143000000100
04143000000500
04143000009900
04143019140100
04143019140200
04143050000100
04143050000200
04143050000300
04143050000400
04143051000100
04143051000200
04143051000300
04143100000000
04143100000100
04143100000200
04143100000500
04143150000100
04143150000200
04143200000100
04143200000200
04143200000300
04143200000400
04143200000500
04143200000600
04143200000700
04143200000900
04143200001000
04143200001100
04143200001200
04143200001300
04143200001400
04143200001500
04143200001600
04143200001700
04143300000200
04143300000400
04143300000500
04143300000600
04143300000700
04143300000800
04143300000900
04143300001000
04143300001100
04143300009900
04143400000100
04143400000200
04143400000300
04143400000400
04143500000100
04143500000200
04143500000300
04143500000500
04143511180100
04143511180200
04143600000000
04150100000100
04150100000200
04150100000300
04150100000400
04150100000500
04150100000600
04150200000100
04150200000200
04150200000300
04150200000400
04150200000500
04150200000600
04150300000100
04150300000200
04150300000400
04150300000500
04150400000100
04150400000200
04150400000300
04150400000500
04150400000600
04150400000700
04150400000800
04150400001200
04150400009900
04150421200200
04150421200300
04150451000100
04150451000300
04150451000400
04150452000100
04150452000200
04150452000300
04150453000100
04150453000200
04150500000100
04150500000200
04150500000300
04150500000400
04150500000500
04150500000800
04150500000900
04150500001000
04150500001100
04150500001200
04150500001300
04150500001400
04150500001500
04150500001600
04150500001700
04150500001800
04150500001900
04150500002000
04150500009800
04150500009900
04150520090100
04150520090200
04150550000100
04150600000200
04150600000300
04150600000400
04150600000600
04150600000800
04150600009900
04150606090100
04150606090200
04150606090300
04150606110100
04150606110200
04150606110300
04150606110400
04150606120100
04150606120200
04150606120300
04150606120400
04150650000100
04150651000100
04150651000200
04150700000100
04150700000200
04150700000300
04150700000400
04150700000401
04150700000500
04150700000600
04150700000601
04150700000700
04150800000200
04150800000300
04150800000400
04150800000500
04150800000600
04150800000800
04150800000900
04150900000200
04150900000300
04150900000400
04150900000500
04150900000600
04150900000700
04150900000900
04150900001100
04150900001200
04150900001300
04150900001400
04150951000100
04150951000200
04150952000100
04150952000200
04150952000300
04150953000100
04150953000200
04151000000200
04151000000400
04151000000500
04151000000600
04151000000700
04151000000800
04151000000900
04151050000100
04151050000200
04151050000300
04151050000400
04151051000100
04151051000200
04151051000300
04151052000100
04151052000200
04151052000300
04151052000400
04151053000100
04151053000200
04151053000300
04151053000400
04151100000100
04151100000500
04151100000600
04151100000700
04151100000800
04151151000100
04151151000300
04151154000100
04151154000200
04151154000300
04151154000400
04151154000500
04151154000600
04151154000700
04151200000100
04151200000200
04151200000300
04151200000400
04151200000500
04151300000100
04151300000200
04151400000100
04151400000200
04151400000300
04151400000400
04151400000500
04151400000600
04151412040200
04151451000100
04151500000100
04151500000200
04151500000300
04151500000400
04151500000500
04151500000600
04151500009900
04151524070100
04151524070200
04151600000100
04151600000200
04151600000300
04151600000400
04151600000401
04151600000600
04151600009900
04151617010100
04151617010200
04151617010300
04151700000100
04151700000200
04151700000300
04151700000400
04151800000100
04151800000200
04151800000300
04151800000400
04151800000500
04151900000100
04151900000200
04151900000300
04151900000400
04151900000500
04151900000600
04151900000700
04152000000100
04152000000200
04152000000600
04152007570100
04152007570200
04152011050100
04152011050200
04152011050300
04152011050400
04152100000100
04152100000200
04152100000400
04152100000500
04152100000600
04152100000700
04152100000800
04152100001000
04152100001200
04152100009900
04152124290100
04152124290200
04152124290300
04152150000100
04152151000100
04152151000200
04152151000300
04152151000400
04152200000100
04152200000200
04152200000300
04152207060100
04152207061100
04152207420100
04152207420200
04152207420300
04152207420400
04152207422300
04152207422400
04152222110100
04152222110101
04152222110200
04152222110201
04152222110300
04152222110301
04152250000100
04152250000101
04152251000100
04152253000100
04152253000200
04152253000300
04152254000100
04152254000200
04152300000100
04152300000200
04152300000400
04152300000500
04152300000600
04152300000800
04152400000200
04152400000300
04152400000400
04152400000800
04152418080200
04152451000100
04152451000200
04152452000100
04152452000200
04152452000300
04152453000100
04152453000200
04152500000400
04152500000500
04152500000700
04152500001000
04152500009900
04152509140100
04152509140300
04152511060200
04152511060300
04152518080100
04152521010100
04152521010200
04152550000100
04152550000300
04152550000400
04152600000100
04152600000200
04152600000500
04152600000600
04152600000700
04152600000800
04152600000900
04152600001000
04152600001100
04152600001200
04152607060300
04152607060400
04152700000400
04152700000500
04152700000600
04152700000700
04152700000800
04152700000900
04152700001000
04152700001100
04152700001200
04152700001300
04152707060200
04152750000200
04152750000400
04152751000200
04152751000300
04152752000100
04152752000200
04152752000300
04152752000400
04152753000400
04152754000300
04152754000400
04152800000000
04152800000100
04152800000200
04152800000300
04152900000000
04152900000500
04152900001000
04152900001100
04152900001200
04152900001300
04152900001500
04152900001600
04152900001800
04152900001900
04152900002200
04152900002300
04152900002400
04152900002500
04152900002600
04152900002700
04152900002800
04152908090100
04152908090200
04152908100100
04152908100200
04152950000100
04152950000200
04153000000300
04153000000400
04153000000500
04153000000600
04153000000700
04153000000800
04153000000900
04153000001000
04153000001100
04153000001200
04153000001300
04153000001400
04153000001500
04153000001600
04153000001700
04153000001800
04153000001900
04153000002000
04153000002100
04153050000200
04153050000300
04153050000400
04153100000200
04153107670100
04153107670200
04153107670400
04153109270100
04153109270200
04153109270300
04153109270400
04153110250100
04153110250200
04153110250300
04153110250400
04153150000100
04153150000200
04153150000300
04153150000400
04153200000100
04153200000200
04153200000300
04153200000400
04153200000500
04153200000600
04153200000700
04153200000800
04153200000900
04153200001000
04153200001100
04153200001200
04153200001300
04153200001500
04153200001600
04153200001700
04153200001800
04153300000101
04153300000200
04153300000300
04153307730100
04153307730200
04153307730300
04153308330100
04153308330200
04153308330300
04153308330400
04153400000000
04153500000100
04153500000101
04153500000200
04153500000300
04153507050100
04153507050200
04153507050300
04153529935000
04153600000100
04153600000200
04153600000300
04160100000700
04160100001000
04160110000100
04160110000200
04160110000300
04160110002000
04160110002100
04160110002200
04160120000300
04160120000500
04160130000900
04160133001300
04160133001400
04160134001400
04160134001500
04160143001800
04160144001900
04160151000100
04160151000200
04160151000300
04160152000100
04160152000200
04160200000100
04160200001000
04160200001100
04160200001200
04160200001300
04160200001400
04160200001500
04160200001600
04160200001700
04160200001800
04160200001900
04160220000200
04160230000900
04160232000300
04160232000500
04160233001400
04160244001300
04160251000100
04160251000200
04160265000100
04160300000500
04160300001800
04160300001900
04160310000100
04160320000200
04160320000300
04160330000400
04160340000700
04160341001000
04160342000600
04160343002000
04160344001500
04160351000100
04160351001100
04160400000400
04160400000500
04160400009900
04160410000200
04160410000500
04160411000200
04160421230300
04160421230400
04160425040100
04160425040200
04160425040300
04160430000800
04160430000900
04160430001000
04160430001100
04160450000100
04160450000300
04160450000400
04160500000400
04160500000500
04160500001000
04160500001100
04160509120100
04160509120200
04160509120300
04160509120400
04160510030100
04160511030100
04160524090200
04160533000400
04160533000500
04160533000600
04160533000700
04160533000800
04160550000100
04160550000200
04160550000300
04160551000100
04160551000200
04160551000300
04160551000400
04160552000100
04160552000200
04160552000300
04160552000400
04160553000100
04160553000200
04160553000300
04160553000400
04160554000100
04160554000200
04160600000100
04160600000200
04160600000300
04160600000400
04160600000500
04160600000600
04160600000700
04160600009900
04160615220100
04160615220200
04160700000100
04160700000200
04160700000300
04160700000400
04160700000500
04160700000600
04160800000200
04160800000300
04160800000400
04160800000500
04160800000600
04160800000800
04160800001300
04160800001400
04160800001600
04160800001700
04160800001800
04160800001900
04160800002000
04160800002100
04160800002200
04160800002300
04160800002400
04160800002500
04160800002700
04160800002800
04160800003000
04160800003100
04160800003300
04160800003400
04160800003500
04160800003600
04160800003700
04160800009900
04160807450100
04160807450200
04160809030100
04160809030200
04160809030300
04160809030400
04160810030200
04160810030300
04160816050100
04160816050200
04160816050300
04160851000100
04160851000200
04160851000400
04160852000100
04160852000200
04160852000300
04160852000400
04160854000100
04160854000200
04160855000100
04160855000200
04160855000300
04160855000400
04160855000500
04160855000600
04160855000700
04160855000800
04160855000900
04160855001000
04160855001100
04160855001200
04160855001300
04160855001500
04160855001600
04160855001700
04160855001800
04160855001900
04160855002000
04160900000100
04160900000200
04160900000300
04160900000400
04160900000500
04160900000800
04160900000900
04160900001000
04160900001300
04160900001500
04160900001700
04160900001800
04160908130100
04160908130200
04160908130300
04160908130400
04160919070100
04160919070200
04160919070300
04160920110100
04160920110200
04160920110300
04160921190100
04160921230100
04160921230200
04160921230300
04160921230400
04160950000100
04160951000300
04160951000400
04160952000100
04160952000200
04161000000200
04161000000300
04161000000700
04161000000900
04161000001000
04161000001200
04161000001400
04161000001800
04161000001900
04161000002000
04161000002100
04161000002300
04161000002600
04161000002800
04161000003000
04161000003100
04161000003200
04161009150300
04161009150400
04161023050100
04161050000100
04161050000200
04161050000300
04161050000400
04161051000100
04161051000200
04161051000300
04161053000100
04161053000200
04161053000300
04161053000400
04161064000100
04161064000200
04161064000300
04161065000200
04161066000100
04161066000200
04161068000200
04161100000400
04161100000500
04161100000600
04161100000800
04161100001000
04161100001900
04161100002200
04161100002400
04161100009900
04161109150100
04161112120100
04161112120200
04161121020100
04161121020200
04161121020300
04161121020400
04161121020500
04161121020600
04161121020700
04161121020800
04161121020900
04161121021000
04161121021100
04161121021200
04161121021300
04161121021400
04161121021500
04161121021600
04161121040100
04161121040200
04161121040300
04161151001700
04161151001800
04161152000100
04161152000200
04161152000300
04161153000100
04161153000200
04161156000100
04161156000200
04161156000300
04161156000400
04161158040200
04161158040300
04161158040400
04161159000100
04161159000200
04161160000100
04161160000200
04161161000100
04161161000200
04161161000300
04161161000400
04161162000100
04161162000200
04161162000300
04161162000400
04161163000100
04161163000200
04161163000300
04161163000400
04161164000100
04161164000200
04161164000400
04161165000100
04161165000200
04161165000400
04161166000100
04161166000200
04161166000300
04161166000400
04161200000100
04161200000300
04161200000400
04161200000500
04161200000700
04161200000900
04161200001100
04161200001200
04161200001300
04161200001400
04161206540100
04161206540200
04161206540300
04161206540400
04161258010100
04161258010101
04161258010102
04161258010200
04161258010300
04161258010400
04161258010500
04161258020100
04161258020300
04161258020301
04161258020400
04161258020401
04161258020500
04161258020600
04161258020700
04161258020800
04161258030100
04161258030200
04161258030300
04161258030500
04161258030600
04161258030700
04161258030800
04161258030900
04161258031000
04161258031100
04161258031200
04161258031300
04161258031400
04161258031500
04161258031600
04161258031700
04161258031800
04161258031900
04161258032000
04161258070400
04161300000200
04161300000300
04161300000400
04161300000500
04161300000600
04161300000700
04161300000800
04161400000100
04161400000200
04161400000300
04161400000400
04161400000500
04161400000600
04161400000700
04161400000800
04161400000900
04161400001000
04161400001900
04161500000100
04161500000200
04161500000300
04161500000500
04161500000600
04161500000700
04161500001200
04161500001300
04161500001400
04161500001900
04161500002000
04161500002100
04161500002300
04161500002500
04161500002600
04161500002700
04161506860100
04161506860200
04161506860300
04161506860400
04161551000100
04161551000200
04161551000300
04161551000400
04161552000100
04161552000200
04161552000300
04161553000100
04161553000200
04161553000300
04161553000400
04161554000100
04161554000300
04161554000400
04161555000100
04161555000200
04161555000300
04161556000100
04161556000200
04161556000300
04161556000400
04161557000100
04161557000200
04161557000300
04161557000400
04161600000100
04161600000400
04161600001000
04161601003010
04161601003020
04161604010100
04161604020100
04161604020200
04161604020300
04161604020400
04161604020500
04161604020600
04161604020800
04161604020900
04161604021000
04161604021100
04161604021200
04161604021500
04161604021600
04161604021700
04161604021800
04161604021900
04161604022000
04161604022100
04161604022200
04161607020100
04161607020300
04161610010100
04161610010200
04161610010300
04161610010400
04161610030100
04161610030200
04161612000100
04161612000200
04161613000100
04161614021100
04161618010100
04161621000200
04161623000100
04161623000300
04161623000400
04161623000500
04161623000600
04161625010100
04161625010200
04161632000300
04161633000100
04161633000200
04161633000300
04161633000500
04161633000600
04161633000700
04161633000800
04161641000100
04161641000200
04161641000400
04161642000100
04161642000400
04161643000100
04161643000200
04161643000300
04161643000600
04161643000800
04161643000900
04161643001200
04161644000100
04161644000300
04161644000500
04161645000200
04161645000300
04161650000300
04161651000100
04161652000100
04161652000200
04161652000300
04161652000400
04161653010300
04161653010400
04161653012100
04161653012200
04161653015100
04161653015200
04161653016100
04161653016200
04161653017100
04161653017200
04161653020200
04161653020300
04161653020400
04161653020500
04161653020600
04161653020700
04161653020800
04161653020900
04161653030200
04161653030400
04161653030600
04161653030700
04161653031000
04161653031200
04161653031500
04161653031700
04161653031800
04161653031900
04161653032000
04161653032100
04161653032200
04161653032300
04161653032400
04161653035100
04161653038100
04161653039100
04161653039200
04161653040200
04161653040300
04161653040400
04161653040500
04161653040600
04161653040700
04161653040800
04161654000100
04161654000200
04161654000300
04161656000100
04161656000200
04161656000300
04161656000400
04161656070500
04161656080100
04161656080800
04161656081000
04161656110100
04161656110200
04161656120100
04161657000100
04161657000200
04161657000300
04161657000400
04161657000500
04161657000600
04161657000700
04161657000800
04161658000100
04161658000200
04161658000300
04161658000400
04161658000500
04161658000600
04161658000700
04161658000800
04161658000900
04161658001000
04161658001100
04161658001200
04161658001300
04161658001400
04161658001500
04161658001600
04161658001700
04161658001800
04161658001900
04161658002000
04161658002100
04161659000100
04161659000200
04161659000300
04161659000400
04161659000700
04161659000800
04161659000901
04161659001001
04161659001300
04161659001400
04161659001500
04161659001600
04161659001700
04161659001800
04161659001900
04161659002000
04161659002100
04161659002200
04161659002300
04161659002400
04161660000100
04161660000200
04161660000300
04161700000100
04161700000200
04161700000300
04161700000600
04161713000100
04161714000300
04161714000400
04161714000500
04161714000600
04161714000700
04161714000900
04161714010200
04161714020100
04161714020200
04161719010100
04161719010200
04161719010300
04161719010400
04161721020100
04161721020200
04161721020300
04161723000100
04161723000200
04161723000300
04161723000400
04161723000500
04161723000600
04161723000700
04161723000800
04161730000300
04161730000400
04161731000200
04161731000400
04161733000100
04161741000200
04161741000300
04161741000400
04161741000500
04161742000200
04161742000500
04161742000600
04161742000700
04161742000800
04161742001000
04161742001100
04161743000201
04161743000300
04161743000400
04161743000600
04161743000700
04161743000800
04161743000900
04161743001000
04161744000100
04161744000200
04161744000300
04161744000400
04161744000500
04161744000800
04161744000900
04161751000100
04161751000200
04161752000100
04161753000100
04161753000200
04161754010100
04161754010500
04161754020100
04161754020300
04161754020500
04161754030100
04161754030200
04161754040100
04161754040200
04161754041300
04161754050100
04161754050300
04161754060100
04161754061300
04161754061600
04161754070100
04161754070200
04161754071500
04161754080100
04161754080300
04161754080500
04161754080600
04161754080800
04161754090100
04161754090700
04161754100100
04161754100500
04161754100900
04161754120100
04161754121300
04161755000200
04161755000300
04161755010100
04161755010200
04161755010300
04161755030100
04161755030200
04161755040100
04161755040200
04161755050100
04161755060100
04161755060200
04161755080100
04161755080300
04161755090100
04161755090200
04161755100100
04161755100300
04161756030100
04161756030700
04161756040200
04161756070000
04161756080100
04161756080300
04161757000100
04161757000200
04161758000100
04161758000200
04161759000100
04161759000200
04161759000300
04161759000400
04161760000100
04161760000200
04161761000100
04161761000300
04161761000400
04161780000200
04161780000300
04161780000400
04161800000300
04161800000900
04161800001000
04161800001100
04161800001200
04161800009900
04161818020100
04161818020200
04161830000500
04161830000600
04161830000900
04161840000100
04161850000100
04161850000300
04161850000400
04161850000500
04161850000600
04161850000700
04161850000800
04161850000900
04161850001000
04161850001100
04161850001200
04161900000100
04161900000200
04161900000300
04161900000800
04161900001200
04161900001300
04161907340200
04161907340300
04161919070100
04161924080100
04161924080200
04161924080300
04161940000400
04161940000500
04161950000100
04161950000200
04161951000100
04161951000200
04161951000300
04161951000400
04162000000000
04162010020900
04162010021000
04162010021500
04162010021600
04162011000100
04162011000200
04162011000400
04162011000500
04162012000200
04162012000300
04162012000400
04162012000500
04162012000600
04162014000100
04162014000200
04162014000300
04162014000400
04162014000500
04162014000600
04162014000700
04162014000800
04162014000900
04162014001000
04162014001300
04162014001400
04162014001500
04162014001600
04162014001700
04162014001800
04162014001900
04162014002000
04162014002100
04162014002200
04162014002400
04162014002500
04162014003200
04162014003300
04162014003500
04162014010100
04162014010200
04162014010300
04162014010400
04162014010500
04162019010100
04162020010100
04162020010200
04162021000200
04162021000300
04162021000400
04162021000600
04162021010100
04162021010200
04162021010300
04162021010400
04162022000100
04162022000400
04162022000500
04162022000600
04162022010100
04162022020100
04162022020200
04162022020300
04162022040100
04162022040200
04162023000100
04162023000200
04162023000400
04162023000700
04162023000800
04162023001300
04162024000100
04162024000300
04162031000200
04162031000300
04162032000100
04162032000200
04162032000300
04162032000400
04162033000100
04162033000200
04162034000100
04162034000300
04162040000500
04162041000200
04162041000300
04162041000400
04162041000500
04162041000600
04162041000700
04162044000100
04162044000200
04162044000500
04162050000100
04162050000200
04162050000900
04162050001000
04162050001100
04162050001800
04162050002000
04162051000100
04162051000200
04162052000200
04162052000300
04162053000100
04162053000200
04162053110100
04162053110400
04162053110600
04162053110700
04162053110900
04162053111000
04162053111200
04162053111400
04162053111500
04162053120100
04162053120200
04162053120300
04162053120400
04162053120500
04162053120600
04162053120700
04162053120900
04162053121100
04162053121200
04162053121500
04162053130100
04162053130500
04162053130600
04162053130700
04162053130800
04162053130900
04162053131300
04162053140100
04162053140200
04162053140300
04162053140600
04162053140700
04162053140800
04162053140900
04162053141400
04162053141500
04162053141700
04162053141800
04162053142200
04162053145500
04162053146600
04162053150900
04162053151200
04162053151300
04162053151400
04162053151500
04162053151600
04162053151700
04162053152200
04162053152300
04162053152400
04162053152500
04162053160900
04162053161300
04162053170900
04162053171000
04162053171100
04162053171200
04162053171300
04162053171500
04162054000200
04162054150900
04162054151100
04162054160900
04162054161400
04162054161600
04162054170900
04162054171100
04162054171200
04162054171300
04162054171500
04162054180100
04162054180200
04162054180300
04162054180400
04162054180600
04162054180800
04162054180900
04162054181000
04162054181100
04162054181200
04162054181300
04162054181400
04162054181500
04162054190100
04162054190400
04162054190600
04162054190700
04162054190800
04162054190900
04162054191100
04162054191200
04162054191300
04162054191400
04162054191500
04162054191600
04162054200000
04162055210300
04162055210600
04162055210700
04162055210900
04162055211100
04162055211300
04162055211400
04162055211500
04162055220100
04162055220400
04162055220600
04162055220700
04162055220800
04162055220900
04162055221000
04162055221100
04162055221300
04162055221500
04162055221600
04162055230100
04162055230400
04162055230500
04162055230600
04162055230700
04162055230800
04162055230900
04162055231000
04162055231100
04162055231200
04162055231400
04162055240100
04162055250100
04162055250200
04162055250300
04162055250500
04162055250600
04162055250700
04162055251100
04162055251200
04162055251300
04162055251400
04162055251500
04162055251800
04162055260100
04162055260300
04162055260400
04162055260700
04162055260800
04162055260900
04162055261100
04162055261200
04162055261300
04162055261500
04162055270100
04162055270500
04162055270600
04162055270800
04162055270900
04162055271000
04162055271200
04162055271400
04162055271600
04162055280100
04162055280400
04162055280600
04162055280700
04162055280900
04162055281100
04162055281300
04162055290100
04162055290200
04162055290300
04162055290400
04162055290600
04162055290800
04162055290900
04162055300100
04162055300300
04162055300400
04162055300600
04162055300800
04162055310300
04162055310400
04162055310600
04162055310900
04162055320100
04162055320300
04162055320400
04162055320500
04162055321100
04162055321200
04162055321500
04162056010100
04162056010200
04162056010500
04162056010600
04162056010900
04162056011000
04162056011100
04162056011200
04162056011300
04162056011400
04162056011500
04162056011600
04162056020300
04162056020700
04162056020800
04162056020900
04162056021100
04162056090100
04162056090400
04162056090700
04162056090800
04162056090900
04162056091400
04162056100100
04162056100300
04162056100400
04162056100500
04162056100700
04162056100900
04162056101000
04162056101100
04162056101200
04162056101500
04162057001400
04162057410100
04162057410400
04162057410900
04162057411000
04162057411100
04162057420100
04162057420300
04162057420400
04162057420500
04162057420700
04162057420800
04162057421100
04162057421200
04162057421400
04162057421500
04162057421600
04162057430100
04162057430300
04162057430500
04162057430700
04162057430900
04162057431000
04162057431200
04162057431400
04162057431500
04162057440100
04162057440300
04162057440400
04162057440500
04162057440800
04162057441400
04162057441500
04162057450100
04162057450300
04162057450500
04162057450800
04162057451200
04162057451300
04162057451400
04162057451600
04162057460100
04162057460300
04162057460400
04162057460600
04162057460700
04162057460800
04162057460900
04162057461000
04162057461100
04162057461200
04162057461300
04162057461500
04162057461600
04162057470100
04162057470300
04162057470500
04162057470800
04162057470900
04162057471100
04162057471300
04162057471400
04162057471600
04162057480100
04162057480200
04162057480300
04162057480600
04162057480700
04162057480800
04162057480900
04162057481100
04162057481200
04162057481300
04162057481500
04162057481600
04162057484400
04162057484500
04162057490100
04162057490200
04162057490300
04162057490600
04162057490700
04162057490800
04162057490900
04162057491100
04162057491200
04162057500100
04162057500200
04162057500400
04162057500500
04162057500600
04162057500800
04162057500900
04162057501000
04162057501200
04162057501300
04162057501400
04162057501600
04162057510100
04162057510300
04162057510400
04162057510500
04162057510600
04162057510800
04162057510900
04162057511100
04162057511200
04162057511300
04162057511400
04162057511600
04162057520000
04162057530000
04162057540000
04162057550000
04162057570000
04162057580100
04162057580300
04162057580500
04162057580800
04162058330100
04162058330200
04162058330300
04162058330400
04162058330500
04162058330700
04162058330900
04162058331000
04162058331300
04162058331400
04162058331500
04162058331600
04162058360100
04162058360300
04162058360400
04162058360600
04162058360800
04162058360900
04162058361000
04162058361200
04162058361300
04162058361400
04162058361600
04162058361800
04162058370100
04162058370200
04162058370400
04162058370500
04162058370800
04162058370900
04162058371000
04162058371100
04162058371200
04162058371300
04162058371500
04162058380100
04162058380200
04162058380400
04162058380500
04162058380600
04162058380800
04162058380900
04162058381200
04162058381300
04162058381400
04162058381600
04162058390100
04162058390300
04162058390400
04162058390700
04162058390900
04162058391000
04162058391100
04162058391200
04162058391300
04162058391400
04162058391500
04162058400100
04162058400200
04162058400300
04162058400400
04162058400600
04162058400700
04162058401000
04162058401100
04162058401200
04162058401300
04162058401500
04162058401600
04162059010100
04162059010400
04162059010500
04162059020000
04162059061100
04162059140100
04162059150100
04162060010100
04162060010200
04162060010300
04162060010500
04162060010600
04162060010800
04162060010900
04162060011000
04162060011200
04162060011300
04162060011500
04162060011600
04162060020100
04162060020300
04162060020500
04162060020600
04162060021400
04162060021500
04162060021600
04162060030100
04162060030200
04162060030300
04162060030400
04162060030700
04162060030900
04162060031000
04162060031100
04162060031200
04162060031300
04162060031400
04162060031600
04162060040100
04162060040300
04162060040400
04162060040600
04162060040700
04162060040800
04162060040900
04162060041200
04162060041400
04162060041600
04162060050100
04162060050200
04162060050300
04162060050800
04162060111000
04162060140000
04162060150100
04162060150900
04162060160100
04162060160200
04162060160500
04162060160900
04162060161500
04162060161600
04162060170100
04162060170300
04162060170900
04162060171000
04162060171100
04162060171200
04162060171300
04162060171400
04162060171500
04162060171600
04162060180000
04162060180100
04162060180300
04162060180800
04162060181000
04162060181500
04162060181600
04162060181700
04162060181800
04162060190000
04162061010100
04162061010400
04162061010600
04162061010700
04162061010800
04162061010900
04162061011000
04162061011200
04162061020100
04162061020200
04162061020400
04162061020700
04162061021100
04162061021200
04162061021300
04162061021500
04162061021600
04162061030100
04162061030200
04162061030300
04162061030500
04162061030700
04162061030900
04162061031100
04162061031200
04162061031300
04162061040100
04162061040200
04162061040300
04162061040400
04162061040800
04162061040900
04162061041100
04162061041300
04162061041500
04162061041600
04162061050100
04162061050200
04162061050400
04162061050500
04162061050600
04162061050700
04162061050800
04162061050900
04162061051000
04162061051100
04162061051300
04162061051400
04162061051500
04162061051600
04162061060100
04162061060400
04162061060700
04162061070800
04162061080100
04162061080200
04162061080500
04162061080600
04162061080700
04162061080800
04162061080900
04162061081000
04162061081200
04162061081500
04162061081600
04162061090100
04162061090200
04162061090300
04162061090400
04162061090500
04162061090600
04162061090900
04162061091100
04162061100200
04162061100300
04162061100600
04162061100700
04162061101100
04162061101300
04162062000100
04162062000200
04162062000300
04162062000400
04162063010100
04162063010200
04162063020100
04162063020200
04162063020300
04162063020400
04162063020500
04162063020600
04162063020800
04162063020900
04162063021000
04162063030100
04162063030200
04162063030300
04162063030400
04162100000000
04162107010200
04162107020100
04162107020300
04162107020400
04162107020500
04162110010200
04162111000100
04162111000400
04162111040100
04162111040300
04162112000200
04162112000300
04162112000400
04162112000500
04162112000600
04162112000700
04162112000800
04162112000900
04162112010700
04162112010800
04162113000100
04162113000200
04162113000300
04162113000400
04162113000500
04162113000600
04162113000800
04162114000100
04162114000200
04162114000300
04162114000301
04162114000500
04162115010100
04162115010200
04162116030100
04162116030200
04162119020100
04162120150100
04162120150200
04162121000100
04162121000200
04162121000300
04162121000500
04162121000600
04162121000700
04162121000800
04162121000900
04162121001000
04162121001100
04162121001400
04162121001600
04162121001700
04162121001900
04162121002000
04162121002100
04162121002200
04162121002300
04162121002400
04162121002500
04162121002600
04162121002700
04162121002800
04162121002900
04162122000200
04162122000300
04162122010100
04162122010200
04162123000100
04162123000200
04162123010100
04162123010200
04162123020100
04162123020200
04162124000200
04162124000300
04162124000400
04162124000500
04162124000600
04162124000800
04162124000900
04162124001000
04162124001100
04162124001200
04162124001300
04162124001400
04162124001600
04162124001700
04162124001800
04162124001900
04162124002000
04162124002100
04162124010100
04162124010200
04162124010300
04162124010400
04162124020100
04162124020200
04162125020100
04162125020200
04162125020300
04162125020400
04162131000100
04162132000100
04162132000300
04162133000100
04162133000200
04162133000600
04162134000100
04162141000100
04162141000200
04162141000300
04162141000500
04162141000700
04162141000800
04162142000200
04162142000300
04162143000500
04162144000100
04162144000200
04162150000201
04162151000100
04162151000200
04162151000300
04162151000400
04162152010100
04162152010200
04162152020100
04162152030000
04162152040100
04162152050200
04162152060100
04162152060200
04162152070100
04162152070200
04162152080100
04162152080300
04162152090100
04162152100000
04162153000100
04162153000200
04162153000300
04162153000400
04162153000500
04162153000600
04162153000700
04162153000800
04162153000900
04162153001000
04162153001100
04162154010100
04162154010400
04162154010500
04162154010600
04162154010800
04162154010900
04162154011000
04162154011200
04162154011400
04162154011600
04162154020100
04162154020200
04162154020300
04162154020400
04162154020700
04162154020800
04162154020900
04162154021000
04162154021200
04162154021300
04162154021500
04162154021600
04162154030100
04162154030300
04162154030400
04162154030500
04162154030600
04162154030700
04162154030800
04162154031700
04162154040100
04162154040400
04162154040500
04162154040600
04162154040700
04162154040800
04162155030900
04162155031000
04162155031100
04162155031200
04162155031300
04162155031400
04162155031600
04162155040900
04162155041100
04162155041200
04162155041400
04162155041500
04162155050100
04162155050200
04162155050300
04162155050500
04162155050700
04162155060100
04162155060200
04162155060300
04162155060400
04162155060500
04162155060600
04162155060800
04162156060200
04162156060400
04162156061400
04162156061500
04162156061600
04162156070200
04162156070300
04162156070500
04162156070700
04162156070900
04162156071000
04162156071100
04162156071200
04162156071400
04162156090100
04162156090300
04162156090400
04162156090500
04162156090700
04162157010100
04162157010200
04162157010300
04162157010400
04162157010500
04162157020100
04162157020200
04162157020300
04162157020400
04162157020500
04162157030100
04162157030200
04162157030300
04162157040100
04162157040200
04162157040300
04162157050100
04162157050200
04162157050300
04162157050400
04162157060100
04162157060200
04162157060300
04162157060400
04162157060500
04162157060600
04162157060700
04162157060800
04162157070100
04162157070200
04162157070300
04162157070400
04162157070500
04162157070600
04162157080100
04162157080200
04162157080400
04162157080500
04162157080600
04162157090100
04162157090200
04162157100200
04162158010100
04162158010300
04162158010400
04162158010500
04162158010600
04162158010700
04162158010900
04162158011000
04162158011200
04162158011300
04162158011500
04162158020000
04162158030100
04162158030200
04162158030300
04162158030400
04162158030500
04162158030600
04162158030900
04162158031000
04162158031100
04162158031300
04162158031400
04162158031500
04162158031600
04162158040100
04162158040500
04162158040600
04162158040700
04162158040800
04162158040900
04162158050100
04162158060100
04162158060400
04162158060500
04162158060600
04162158060700
04162158060800
04162158061100
04162158070100
04162158070200
04162158070400
04162158070500
04162158070600
04162158070700
04162158070800
04162158070900
04162158071000
04162158071200
04162158080100
04162158080500
04162158080600
04162158080700
04162158080900
04162158090100
04162158090300
04162158090500
04162158090700
04162158090900
04162158091000
04162158091100
04162158091200
04162158100100
04162159010100
04162159010900
04162159011100
04162159011200
04162159011300
04162159011500
04162159020100
04162159020200
04162159020600
04162159020700
04162159020800
04162159020900
04162159021000
04162159021200
04162159021500
04162160000100
04162160000200
04162161010100
04162161010500
04162161010700
04162161010800
04162161010900
04162161011000
04162161011100
04162161011200
04162161012600
04162161012700
04162161012800
04162161012900
04162161020100
04162161020300
04162161020500
04162161020600
04162161020700
04162161020800
04162161020900
04162161021100
04162161021200
04162161021500
04162161021600
04162161030100
04162161030300
04162161030500
04162161030600
04162161030700
04162161030900
04162161031100
04162161031200
04162161031400
04162161031500
04162161040100
04162161040300
04162161040500
04162161040700
04162161040900
04162161041100
04162161041200
04162161041400
04162161050100
04162161050300
04162161050400
04162161060100
04162161060300
04162161070100
04162161070200
04162161070400
04162161070500
04162161070600
04162161070900
04162161071000
04162161071100
04162161071200
04162161071500
04162161071600
04162161080100
04162161080300
04162161080500
04162161080600
04162161081200
04162161081300
04162161081500
04162161081600
04162161090100
04162161090300
04162161090400
04162161090600
04162161090700
04162161090800
04162161090900
04162161091100
04162161091200
04162161091300
04162161091400
04162161091500
04162161091600
04162161100100
04162161100200
04162161100300
04162161100400
04162161100500
04162161100600
04162161100700
04162161100800
04162161100900
04162161101000
04162161101100
04162161101200
04162161101400
04162161101500
04162161101600
04162161110100
04162161110500
04162161110600
04162161110800
04162161110900
04162161111000
04162161111100
04162161111200
04162161111400
04162161111500
04162161111600
04162162000100
04162162000200
04162163010100
04162163010200
04162163010300
04162163010400
04162163010500
04162163010700
04162163010800
04162163020100
04162163020200
04162163020400
04162164010100
04162164010200
04162164010300
04162164010400
04162164010500
04162164010600
04162164010700
04162164010800
04162164010900
04162164011000
04162164011100
04162164011200
04162164011300
04162164020100
04162164020200
04162164020300
04162164020400
04162164020500
04162164020600
04162164020700
04162164020800
04162164020900
04162164021000
04162164021100
04162164021200
04162164021300
04162164021400
04162164040100
04162164040200
04162164040300
04162164040400
04162164040500
04162164040600
04162164040700
04162164040800
04162164040900
04162164041000
04162164041100
04162164041200
04162164041400
04162164041500
04162164041600
04162165010100
04162165010300
04162165010500
04162165010800
04162165010900
04162165011000
04162165011100
04162165011300
04162165011400
04162165020100
04162165020300
04162165020400
04162165020700
04162165020900
04162165021100
04162165021200
04162165021300
04162165021400
04162165021500
04162165021600
04162165030100
04162165030500
04162165030800
04162165030900
04162165031100
04162165031300
04162165031500
04162165040000
04162165060600
04162165060800
04162165061400
04162165061500
04162165070100
04162165070800
04162165070900
04162165080100
04162165080300
04162165080400
04162165080600
04162165080700
04162165081300
04162165090100
04162165090700
04162165091000
04162165091500
04162165100100
04162165100200
04162165100500
04162165100600
04162165100800
04162165100900
04162165110100
04162165110200
04162165110300
04162165110800
04162165111100
04162165111300
04162165120100
04162165130000
04162165140000
04162165691300
04162166000100
04162166010100
04162166010200
04162166010300
04162166010400
04162166010500
04162166010600
04162166010700
04162166010800
04162166010900
04162166011000
04162166011300
04162166011400
04162166011900
04162166012100
04162166014100
04162166015100
04162166020100
04162166020200
04162166020300
04162166020400
04162166020500
04162166020600
04162166020700
04162166020800
04162166020900
04162166021000
04162166021100
04162166021200
04162166021300
04162166021400
04162166021600
04162166021700
04162166030100
04162166030200
04162166030300
04162166030400
04162166030500
04162166030600
04162166030700
04162166030800
04162166030900
04162166031000
04162166031100
04162166031200
04162166031300
04162166031400
04162166031500
04162166031600
04162166031700
04162166031800
04162166031900
04162166032300
04162167000100
04162167000200
04162167000300
04162167000400
04162167000500
04162167000600
04162167000700
04162167000800
04162168000100
04162169000100
04162169000200
04162169000300
04162169000400
04162170000100
04162170000200
04162170000300
04162170000400
04162170000500
04162170000600
04162170000700
04162170000800
04162170000900
04162170001000
04162170001100
04162170001200
04162170001300
04162170001400
04162170001500
04162170001600
04162170001700
04162170001900
04162170002000
04162170002100
04162170002300
04162170002400
04162171000100
04162171000200
04162171000300
04162171000400
04162172000100
04162172000200
04162173000100
04162173000200
04162173000300
04162173000400
04162173000500
04162173000600
04162173000700
04162173000800
04162173000900
04162173001000
04162174000100
04162174000200
04162174000300
04162175000200
04162175000300
04162175000400
04162176000100
04162176000200
04162176000300
04162177000100
04162177000200
04162177000300
04162177000400
04162177000500
04162177000600
04162177000700
04162177000800
04162177000900
04162177001000
04162177001100
04162177001200
04162177001300
04162177001400
04162177001500
04162177001600
04162177001700
04162177001800
04162177001900
04162177002000
04162177002100
04162177002200
04162177002300
04162177002400
04162177002500
04162177002600
04162177002700
04162177002800
04162177002900
04162177003000
04162177003100
04162177003200
04162177003300
04162177003400
04162177003500
04162177003600
04162177003700
04162177003800
04162177003900
04162177004000
04162177004100
04162177004200
04162177004300
04162177004400
04162177004500
04162177004600
04162177004700
04162177004800
04162177004900
04162177005000
04162178000100
04162178000200
04162178000300
04162178000400
04162180000100
04162180000300
04162181000200
04162181000300
04162183000100
04162183000200
04162183000300
04162200009900
04162208450100
04162208450200
04162208450300
04162230000500
04162232000200
04162232000300
04162232000400
04162233000600
04162233000700
04162240000800
04162244000900
04162253000100
04162253000400
04162253000500
04162253000600
04162253000700
04162253000800
04162253000900
04162253001000
04162254000100
04162254000200
04162255000100
04162255000200
04162255000400
04162256000100
04162256000200
04162256000300
04162256000400
04162261000100
04162261000200
04162261000400
04162261000500
04162261000600
04162261000700
04162261000800
04162261000900
04162261001000
04162261001100
04162261001200
04162261001500
04162261001600
04162261001700
04162261001800
04162261001900
04162261002000
04162261002100
04162261002200
04162261002300
04162262000100
04162262000200
04162262000300
04162300000100
04162300000500
04162300009900
04162321250200
04162322000200
04162330000300
04162400000000
04162400000100
04162400000200
04162500000100
04162500000200
04162600000100
04162600000300
04162621000200
04162630000400
04162700000100
04162700000200
04162700000300
04162800000000
04162800000600
04162802020100
04162802020200
04162802020300
04162802020400
04162802020500
04162810150100
04162810150400
04162811000100
04162813090600
04162813090700
04162816010100
04162816010200
04162816010300
04162816020100
04162816020200
04162817010100
04162817010400
04162820000700
04162820030100
04162820030200
04162821000200
04162821000300
04162822000100
04162822000200
04162822000300
04162822000400
04162822000500
04162822000600
04162822000800
04162822000900
04162822001000
04162822001100
04162822001200
04162822001300
04162822001400
04162822001600
04162822001800
04162822001900
04162823010100
04162823010200
04162823010300
04162823010400
04162824030100
04162824030200
04162824030300
04162824030400
04162830000800
04162830000900
04162830001000
04162851000200
04162852000100
04162853000100
04162853000200
04162853000300
04162853000600
04162855000100
04162855000200
04162855000300
04162855000400
04162855000500
04162855000600
04162855000700
04162856000100
04162856000200
04162860000100
04162860000200
04162860000300
04162860000500
04162860000600
04162860000700
04162860000800
04162860000900
04162860001000
04162860001100
04162860001200
04162860001300
04162860001400
04162860001500
04162860001600
04162860001700
04162860001900
04162860002200
04162860002300
04162860002500
04162860002600
04162860002700
04162860002800
04162860002900
04162860003000
04162860003200
04162860003400
04162860003500
04162860003600
04162860003800
04162860003900
04162860004000
04162860004100
04162860004200
04162860004300
04162860004500
04162860004600
04162860004700
04162860004800
04162860004900
04162860005000
04162860005100
04162860005200
04162860005300
04162862000100
04162862000200
04162862000300
04162863000100
04162863000200
04162891100100
04162891100200
04162891100300
04162891100400
04162891100500
04162891100600
04162891100700
04162891100800
04162891100900
04162891101000
04162891101200
04162891101400
04162891101500
04162891101600
04162891101700
04162891101800
04162900000100
04162900000300
04162900000400
04162900009900
04162923140100
04162923140200
04162923140300
04162923140400
04162950000100
04162950000200
04162950000300
04162950000400
04162950000500
04162950000600
04162950000700
04162950000800
04162950001200
04162950001300
04162950001400
04162950001500
04162950001600
04163000000100
04163000000500
04163000000800
04163000009800
04163000009900
04163006810100
04163006810200
04163006810300
04163006810400
04163007150100
04163007150200
04163007150300
04163007150400
04163008270100
04163008270200
04163008270300
04163008270400
04163008280100
04163008280200
04163010010100
04163010010200
04163018090300
04163018090400
04163021000200
04163022000300
04163022000400
04163051000100
04163051000200
04163051000300
04163051000400
04163052000100
04163052000200
04163052000300
04163053000200
04163054000100
04163054000200
04163054000300
04163054000400
04163055000100
04163055000200
04163055000300
04163056000200
04163056000300
04163056000400
04163100000500
04163100000700
04163100009900
04163110000100
04163130000600
04163130000700
04163150000100
04163150000200
04163150000300
04163150000400
04163151000100
04163151000200
04163151000300
04163151000400
04163200009900
04163207040100
04163207040200
04163207040300
04163207040400
04163207750400
04163208230100
04163208230400
04163211000100
04163216100200
04163216100300
04163218010100
04163218010200
04163218010300
04163218010400
04163219220100
04163219220200
04163219220300
04163220000300
04163221100100
04163221100200
04163221100300
04163221280100
04163221280300
04163222280100
04163222280200
04163244000600
04163251000100
04163251000200
04163252000100
04163252000200
04163254000300
04163255000100
04163255000300
04163255000400
04163256000100
04163256000200
04163256000300
04163256000400
04163257000100
04163257000200
04163257000300
04163257000400
04163258000100
04163258000200
04163259000200
04163260000100
04163260000200
04163260000300
04163260000400
04163261000100
04163261000200
04163262000100
04163262000200
04163263000100
04163263000200
04163263000300
04163264000100
04163264000200
04163264000300
04163264000400
04163265000100
04163265000200
04163265000300
04163265000400
04163282070300
04163282070400
04163300000100
04163300000400
04163300000500
04163320000200
04163330000300
04163400000100
04163400000200
04163400000300
04163400000500
04163400000600
04163400000700
04163400000800
04163434000500
04163440000400
04163440000600
04163500000100
04163500000400
04163530000200
04163533000300
04163544000500
04163600000100
04163600000300
04163641000500
04163641000600
04163641000700
04163644000800
04163644000900
04163644001000
04163644001001
04163650000100
04163650000200
04170100000100
04170100000200
04170100000300
04170100000400
04170100000500
04170100000600
04170100000700
04170100000800
04170100000900
04170200000000
04170300000100
04170300000200
04170300000400
04170300000500
04170300000600
04170300000800
04170300001300
04170300001400
04170300001500
04170300001800
04170300001900
04170300002000
04170318170100
04170318170200
04170321180100
04170321180200
04170321180300
04170351000100
04170351000200
04170351000300
04170351000400
04170352000300
04170352000400
04170352000500
04170352000700
04170352000800
04170352000900
04170352001000
04170352001100
04170352001200
04170352001500
04170369002400
04170369002500
04170369002600
04170369002700
04170369002800
04170369002900
04170369003000
04170400000200
04170400000300
04170400000400
04170400000800
04170400001200
04170400001300
04170400001400
04170400001500
04170400001600
04170400001700
04170400001800
04170400001900
04170400002000
04170400002100
04170400002200
04170400002300
04170400002400
04170400002500
04170400002600
04170400002700
04170400002800
04170451000100
04170451000200
04170451000300
04170453000100
04170453000200
04170453000300
04170453000400
04170469001600
04170469001800
04170469001900
04170469002000
04170469002100
04170469002200
04170469002300
04170500000500
04170500001000
04170500001300
04170500001400
04170500001500
04170500001600
04170500002500
04170500002600
04170500002700
04170500002800
04170500002900
04170500003000
04170500003100
04170500003200
04170500003300
04170500003400
04170500003500
04170500003600
04170500003700
04170500003800
04170500004200
04170500004300
04170500004400
04170500004500
04170500004600
04170500004700
04170551000100
04170551000200
04170551000300
04170551000400
04170552000100
04170552000200
04170552000300
04170552000400
04170553000100
04170553000300
04170554000100
04170554000200
04170554000300
04170554000400
04170556000100
04170556000200
04170556000400
04170600000100
04170600000300
04170600000500
04170600000600
04170600000700
04170600000900
04170600001000
04170600001100
04170600001200
04170600001300
04170600001400
04170600001600
04170600001700
04170600001800
04170600001900
04170600002000
04170600002200
04170610100100
04170610100200
04170610100300
04170610100400
04170611090100
04170623030100
04170651000100
04170651000200
04170651000400
04170652000100
04170652000200
04170652000300
04170652000400
04170653000100
04170653000200
04170653000300
04170653000400
04170654000100
04170654000200
04170654000300
04170655000100
04170655000200
04170656000200
04170657000100
04170657000200
04170658000100
04170658000200
04170658000500
04170658000600
04170700000300
04170700000400
04170700000500
04170700000700
04170700000800
04170700000900
04170700001400
04170700001500
04170700001600
04170700001700
04170711090400
04170800000100
04170800000200
04170800000300
04170800000400
04170800000500
04170800000600
04170800000700
04170800000800
04170800000900
04170800001000
04170800001100
04170800001200
04170800001400
04170800001500
04170800001600
04170800001700
04170800001800
04170800001801
04170800002000
04170800002100
04170800002200
04170800002201
04170853000100
04170854000100
04170855000100
04170855000200
04170900000100
04170900000400
04170900000600
04170900001200
04170900001600
04170900001700
04170900001800
04170900001900
04170900002000
04170900002100
04170900002200
04170900002300
04170900002400
04170900002500
04170900002800
04170900002900
04170900003000
04170900003200
04170900003300
04170900003400
04170951000100
04170952000200
04170952000300
04170953000100
04170953000200
04170953000300
04170953000400
04170954000100
04170955000100
04171000000100
04171000000200
04171000000300
04171000000400
04171000000700
04171000000800
04171000000900
04171000001000
04171000001100
04171000001200
04171000001400
04171000001500
04171000001600
04171000001700
04171000001800
04171000009900
04171021030100
04171021030200
04171021030300
04171050000100
04171050000200
04171050000300
04171100000100
04171100000400
04171100000500
04171100001100
04171151000100
04171151000200
04171151000300
04171151000400
04171151000500
04171152000100
04171152000200
04171153000200
04171200000100
04171200000101
04171200000400
04171200000500
04171200000600
04171210040100
04171210040200
04171210040300
04171210040400
04171300000100
04171300000200
04171400000100
04171400000200
04171451000600
04171451000700
04171451000800
04171451000900
04171500000100
04171500000200
04171500000300
04171500000400
04171500000500
04171500000600
04171500000700
04171500000800
04171500000900
04171500001000
04171500001100
04171500001200
04171500001300
04171500001400
04171500001500
04171520040100
04171550000100
04171600000100
04171600000200
04171600000300
04171650000100
04171650000200
04171650000300
04171651000200
04171652000100
04171652000200
04171700000100
04171700000200
04171700000300
04171700000400
04171700000500
04171700000600
04171700000700
04171700000800
04171700000900
04171700001000
04171700001100
04171800000300
04171800000500
04171800000600
04171800000700
04171800000900
04171800001000
04171800009900
04171801310100
04171801310200
04171801310300
04171801310400
04171807660100
04171807660200
04171813000100
04171813000200
04171900000100
04171900000200
04172000000100
04172000000200
04172000000300
04172000000400
04172100000100
04172100009900
04172109210200
04172109210300
04172109210400
04172110210100
04172110210200
04172110210300
04172110210400
04172113020100
04172113020200
04172113020300
04172113020400
04172114010100
04172114010200
04172114010300
04172114010400
04172200000600
04172200009900
04172206430100
04172206430200
04172206430300
04172206430400
04172206800100
04172206800200
04172206800300
04172206800400
04172212050100
04172212050200
04172212050300
04172212050400
04172212090100
04172212090200
04172212090300
04172212090400
04172213090100
04172213090200
04172213090300
04172213090400
04172214140100
04172214140200
04172214140300
04172214140400
04172215050100
04172215050200
04172215050300
04172251000100
04172251000200
04172251000400
04172300000200
04172300000500
04172314080100
04172314080200
04172314080400
04172361000100
04172361000200
04172361000300
04172361000400
04172361001300
04172361001400
04172361001500
04172361001700
04172361001800
04172361002500
04172361002600
04172361002700
04172361002800
04172361003500
04172361003600
04172400000100
04172400000200
04172400000300
04172400000400
04172461000500
04172461000600
04172461000700
04172461000800
04172461000900
04172461001000
04172461001100
04172461001200
04172461001900
04172461002000
04172461002100
04172461002200
04172461002300
04172461002400
04172461002900
04172461003000
04172461003100
04172461003200
04172461003300
04172461003400
04172500000100
04172500000200
04172500000300
04172500000400
04172500000500
04172500000600
04172500000700
04172500000900
04172500001000
04172500001100
04172500001200
04172500001300
04172500001400
04172500001500
04172500001600
04172500001700
04172500001800
04172500001900
04172500002000
04172500002100
04172500002200
04172500002400
04172550000100
04172600000200
04172600000300
04172600000400
04172600000500
04172600000600
04172600000700
04172600000800
04172600000900
04172600001000
04172600001100
04172600001200
04172661003700
04172661003800
04172661003900
04172661004000
04172700000100
04172700000300
04172700000400
04172750000100
04172750000200
04172800000100
04172800000200
04172800000300
04172800000400
04172900000100
04172900000200
04172900000300
04172900000400
04172900000500
04173000000100
04173000000200
04173000000300
04173000000400
04173000000500
04173100000100
04173100000300
04173100009900
04173110140100
04173110140200
04173116040200
04173200000100
04173200000200
04173200000300
04173200000400
04173200000401
04173200000500
04173200000600
04173300000100
04173300000200
04173300000400
04173400000100
04173400000200
04173400000300
04173400000400
04173400000500
04173500000200
04173500000300
04173500000400
04173507200100
04173507200200
04173507200300
04173507200400
04173507530100
04173507530200
04173507530300
04173507530400
04173600000000
04180100000100
04180100000200
04180100000300
04180100000400
04180200000100
04180200000200
04180300000100
04180300000200
04180300000300
04180300000400
04180400000100
04180400000101
04180400000200
04180400000300
04180400000400
04180400000500
04180400000600
04180400000700
04180500000100
04180500000200
04180500000300
04180500000400
04180500000500
04180500000600
04180500000700
04180500000800
04180500000900
04180500001000
04180500001100
04180500001200
04180500001300
04180500001400
04180500001500
04180500001800
04180500001900
04180500002000
04180500002100
04180500002200
04180500002300
04180500002400
04180600000100
04180600000300
04180600000400
04180600000500
04180600000700
04180600000900
04180600001100
04180600001200
04180600001400
04180600001500
04180600001600
04180607290200
04180625110100
04180625110200
04180657010000
04180657020000
04180657030000
04180657040000
04180657050000
04180657060000
04180657070000
04180658000100
04180658000200
04180700000100
04180700000200
04180700000300
04180700000400
04180700000500
04180700000600
04180700000700
04180700000800
04180700000900
04180700001000
04180700001100
04180700001200
04180700001300
04180700001400
04180700001500
04180700001600
04180700001700
04180700001800
04180700001900
04180700002000
04180800000200
04180800000300
04180800000400
04180800000500
04180800000600
04180800000700
04180800000800
04180800000900
04180800001000
04180800001100
04180800001200
04180800001300
04180800001400
04180800001500
04180800001600
04180900000200
04180900000300
04180900000400
04180900000500
04180900000600
04181000000100
04181000000200
04181000000300
04181000000400
04181000000500
04181000000600
04181000000700
04181000000800
04181100000100
04181100000200
04181100000300
04181100000400
04181100000500
04181100000600
04181100000700
04181100000800
04181100000900
04181200000100
04181200000200
04181200000300
04181300000100
04181300000200
04181400000100
04181400000200
04181400000300
04181400000500
04181400000600
04181400000800
04181400000900
04181500000000
04181500000100
04181500000200
04181500009900
04181600000100
04181600000200
04181600009900
04181700000100
04181700000200
04181700000300
04181700000400
04181700000500
04181700000600
04181700000800
04181800000100
04181800000200
04181800000300
04181800000400
04181800000500
04181800000600
04181800000700
04181800000800
04181800000900
04181800001000
04181800001100
04181800001200
04181800001300
04181800009800
04181800009900
04181824120100
04181824120200
04181824120300
04181824120400
04181900000100
04181900000200
04181900000300
04182000000100
04182000000200
04182000000300
04182100000100
04182100000200
04182200000000
04182200000100
04182300000100
04182300000200
04182300000300
04182400000000
04182500000000
04182500000100
04182600000100
04182600000200
04182700000100
04182700000200
04182700000300
04182800000000
04182900000100
04182900000200
04182900000300
04182900000400
04182900000500
04182900000600
04182900000700
04182900000800
04182900000900
04183000000100
04183000000200
04183000000300
04183000000400
04183000000500
04183000000600
04183000000700
04183000000800
04183000000900
04183000001000
04183000001100
04183000001200
04183000001500
04183000001600
04183000001700
04183000001800
04183100000100
04183100000300
04183119120100
04183119120200
04183150000200
04183150000300
04183150000400
04183151000100
04183151000200
04183200000100
04183200000200
04183200000300
04183200000400
04183300000100
04183300000200
04183300000400
04183400000100
04183400000200
04183400000300
04183400000400
04183400000500
04183500000100
04183500000200
04183500000201
04183500000300
04183600000100
04183600000200
04190100000000
04190200000100
04190200000200
04190300000100
04190300000200
04190400000000
04190500000000
04190600000100
04190700000100
04190700000200
04190700000300
04190800000100
04190800000200
04190800000300
04190900000100
04190900000200
04190900000300
04191000000000
04191100000000
04191200000100
04191200000200
04191300000100
04191300000200
04191300000300
04191400000100
04191400000200
04191400000300
04191500000100
04191500000200
04191600000000
04191700000100
04191700000200
04191800000100
04191800000200
04191900000000
04192000000000
04192100000100
04192100000200
04192200000100
04192200000200
04192200000300
04192200000400
04192200000500
04192300000100
04192300000200
04192400000100
04192400000200
04192500000100
04192500000200
04192600000000
04192700000000
04192800000100
04192800000200
04192800000300
04192900000000
04192900000100
04193000000100
04193000000200
04193100000100
04193100000200
04193200000100
04193200000200
04193200000300
04193200000400
04193200000500
04193300000100
04193300000200
04193400000000
04193500000000
04193600000000
04200100000100
04200100000200
04200100000300
04200100000400
04200100000500
04200200000100
04200200000200
04200200000300
04200300000100
04200300000200
04200300000300
04200400000100
04200400000200
04200400000300
04200400000400
04200500000100
04200500000200
04200500000300
04200500000400
04200500000500
04200500000600
04200500000700
04200600000100
04200600000200
04200600000300
04200600000400
04200700000100
04200700000200
04200700000300
04200800000100
04200800000200
04200800000300
04200900000100
04200900000200
04200900000300
04201000000100
04201000000200
04201100000100
04201100000200
04201100000300
04201200000000
04201300000000
04201300000100
04201400000100
04201400000200
04201500000100
04201500000200
04201600000000
04201700000100
04201700000200
04201800000000
04201900000000
04201900000100
04202000000000
04202100000000
04202200000100
04202200000200
04202300000000
04202400000100
04202400000200
04202500000000
04202600000100
04202600000200
04202700000100
04202700000200
04202800000000
04202900000000
04203000000100
04203000000200
04203000000300
04203100000000
04203200000000
04203300000100
04203300000200
04203400000100
04203400000200
04203500000000
04203600000000
04210100000000
04210200000100
04210200000200
04210200000300
04210300000100
04210300000200
04210300000300
04210300000400
04210400000100
04210400000200
04210400000300
04210500000000
04210600000100
04210600000200
04210700000000
04210700000100
04210800000000
04210900000000
04211000000100
04211000000200
04211000000300
04211100000100
04211100000200
04211200000000
04211300000000
04211400000100
04211400000200
04211500000100
04211500000200
04211600000000
04211700000100
04211700000200
04211700000300
04211800000100
04211800000200
04211800000300
04211800000400
04211900000100
04211900000200
04211900000300
04212000000100
04212000000200
04212000000300
04212000000400
04212100000100
04212100000200
04212200000100
04212200000200
04212200000300
04212300000000
04212400000100
04212400000200
04212500000000
04212600000100
04212600000200
04212700000100
04212700000200
04212700000300
04212800000100
04212800000200
04212800000300
04212800000400
04212900000000
04213000000000
04213100000000
04213200000000
04213300000100
04213300000200
04213300000300
04213300000500
04213400000100
04213400000300
04213500000100
04213500000200
04213500000300
04213600000000
04220100000000
04220200000000
04220300000100
04220300000200
04220300000300
04220300000400
04220400000000
04220500000100
04220500000200
04220600000100
04220600000200
04220600000300
04220700000000
04220800000000
04220900000000
04221000000000
04221000000100
04221100000100
04221100000200
04221200000100
04221200000200
04221200000300
04221300000100
04221300000200
04221400000100
04221400000200
04221500000100
04221500000200
04221600000000
04221700000000
04221800000100
04221800000200
04221900000000
04222000000100
04222000000200
04222100000000
04222200000100
04222200000200
04222300000100
04222300000200
04222300000300
04222400000100
04222400000200
04222700000100
04222700000200
04222700000300
04222800000100
04222800000200
04222900000100
04222900000200
04222900000300
04223000000000
04223100000100
04223100000200
04223100000300
04223200000100
04223200000200
04223300000100
04223300000200
04230100000100
04230100000200
04230100000300
04230100000400
04230100000500
04230100000700
04230100000800
04230200000100
04230200000200
04230200000300
04230200000400
04230200000500
04230200000600
04230300000100
04230300000200
04230300000300
04230300000400
04230300000500
04230300000600
04230300000700
04230300000800
04230400000100
04230400000200
04230500000000
04230600000100
04230600000200
04230700000100
04230700000200
04230800000000
04230900000100
04230900000200
04231000000100
04231000000200
04231000000300
04231000000400
04231000000500
04231000000600
04231000000700
04231100000100
04231100000200
04231200000100
04231200000200
04231400000200
04231500000200
04231550000100
04231600000100
04231600000200
04231700000100
04231700000200
04231700000300
04231700000400
04231800000100
04231800000200
04231800000300
05100100000100
05100100000200
05100100000300
05100100000400
05100100000500
05100100000600
05100100000800
05100100000900
05100100001200
05100100001600
05100100001700
05100100001900
05100100002000
05100100002100
05100100002200
05100100002300
05100100009900
05100150000100
05100150000200
05100150000300
05100150000400
05100200000000
05100300000000
05100400000000
05100500000100
05100500000200
05100500000300
05100551000100
05100551000200
05100551000300
05100551000400
05100551000500
05100551000600
05100551000800
05100600000000
05100600000100
05100600000200
05100600000300
05100600000400
05100600000500
05100700000000
05100800000100
05100800000200
05100800000300
05100900000000
05100900000100
05101000000000
05101100000000
05101200000300
05101200000400
05101200000500
05101200000600
05101200000700
05101200000900
05101200001000
05101200001100
05101200001200
05101200001300
05101200001400
05101200001600
05101200001700
05101200001800
05101200001900
05101200002000
05101200002100
05101200002200
05101200002400
05101200009900
05101251000200
05101251001400
05101252000100
05101252000200
05101252000300
05101252000400
05101300000100
05101300000200
05101300000201
05101300000300
05101300000500
05101300000600
05101300000700
05101300000800
05101300000900
05101300001000
05101300001100
05101300009900
05101400000100
05101400000200
05101500000100
05101500000200
05101500000300
05101600000000
05101700000000
05101800000000
05101900000000
05102000000000
05102100000000
05102200000000
05102300000100
05102300000200
05102300000300
05102300000400
05102400000200
05102400000600
05102500000100
05102500000200
05102500000300
05102600000200
05102600000300
05102600000500
05102600000600
05102614130100
05102700000100
05102800000000
05102900000000
05103000000000
05103100000000
05103200000000
05103300000000
05103400000000
05103500000100
05103500000300
05103500000400
05103500000401
05103500000500
05103500000600
05103500000700
05103500000800
05103500001100
05103500001200
05103506850200
05103514130200
05103514130300
05103551000200
05103600000100
05103600000200
05110100000200
05110100009900
05110117080100
05110200000100
05110200000200
05110200000300
05110200000400
05110200000500
05110300000100
05110300000200
05110300000300
05110300000400
05110400000100
05110400000200
05110400000300
05110500000100
05110500000200
05110500000600
05110500000700
05110500000800
05110551000100
05110551000200
05110551000300
05110551000400
05110600000100
05110600000200
05110600000300
05110600000400
05110600000500
05110600000700
05110600000800
05110600000900
05110600001000
05110600001100
05110600001200
05110600001300
05110600001400
05110600001500
05110600001600
05110600001700
05110600001900
05110600002000
05110600002100
05110600002200
05110600002300
05110600002400
05110600002500
05110600002600
05110600002700
05110600002800
05110600002900
05110651000100
05110651000200
05110700000100
05110700000200
05110700000300
05110700000400
05110700000500
05110700000600
05110700000700
05110700000800
05110700000900
05110700001000
05110700001100
05110700001400
05110700001500
05110800000100
05110800000200
05110800000300
05110800000400
05110900000100
05110900000200
05110900000300
05111000000000
05111100000100
05111100000200
05111200000100
05111200000300
05111200000400
05111217080200
05111300000100
05111300000200
05111300000300
05111300000500
05111300000600
05111300000700
05111400000100
05111400000200
05111400000300
05111500000100
05111500000200
05111500000300
05111600000000
05111700000100
05111700000200
05111700000300
05111700000400
05111800000100
05111800000200
05111800000300
05111800000400
05111800000500
05111900000100
05111900000200
05112000000100
05112000000200
05112000000300
05112000000400
05112000000500
05112100000100
05112100000200
05112100000300
05112200000000
05112200000100
05112300000100
05112300000200
05112300000300
05112400000100
05112400000200
05112400000300
05112500000100
05112500000101
05112500000300
05112600000100
05112600000101
05112600000200
05112600000400
05112600000600
05112623020100
05112623020200
05112623020300
05112623020400
05112700000100
05112700000200
05112700000300
05112800000100
05112800000200
05112900000100
05112900000200
05112900000300
05112900000400
05113000000100
05113000000200
05113100000100
05113100000200
05113100000300
05113200000100
05113200000102
05113200000200
05113300000100
05113300000200
05113300000300
05113300000400
05113300000500
05113300000600
05113400000100
05113400000200
05113400000300
05113400000500
05113400000600
05113400000700
05113400000800
05113400000900
05113400001000
05113400001100
05113500000100
05113500000200
05113500000300
05113500000400
05113500000500
05113500000600
05113600000100
05113600000300
05113600000400
05113600000500
05113600000600
05120100000000
05120100000100
05120200000100
05120200009900
05120300000100
05120300000200
05120300000300
05120400000100
05120400000200
05120400000201
05120400000300
05120400000400
05120400000600
05120400000700
05120500000100
05120500000200
05120500000300
05120600000100
05120600000200
05120700000100
05120700000200
05120700000300
05120700000400
05120800000200
05120900000100
05121000000200
05121100000000
05121200000000
05121300000000
05121400000000
05121500000100
05121600000000
05121700000200
05121700000300
05121800000100
05121800000300
05121800000400
05121800000500
05121800000700
05121850000100
05121850000200
05121900000000
05122000000100
05122000000101
05122000000200
05122000000300
05122000000400
05122100000100
05122100000200
05122100000201
05122100000300
05122100000301
05122100000400
05122100000401
05122100000500
05122200000000
05122300000000
05122400000000
05122500000000
05122600000000
05122700000000
05122700000200
05122800000100
05122800000200
05122800000300
05122800000400
05122800000500
05122900000100
05122900000200
05122900000300
05122900000400
05122900000500
05122900000600
05122900000700
05123000000100
05123000000200
05123100000100
05123200000100
05123200000200
05123300000100
05123300000200
05123300000300
05123400000100
05123400000200
05123400000300
05123500000100
05123500000400
05123500000500
05123600000000
05130100000100
05130100000200
05130100000300
05130200000100
05130200000200
05130200000300
05130300000100
05130300000200
05130400000100
05130400000200
05130500000000
05130600000000
05130700000100
05130700000200
05130800000000
05130900000000
05131000000000
05131100000100
05131100000200
05131100000300
05131100000400
05131100000500
05131200000100
05131200000101
05131200000200
05131200000300
05131200000400
05131200000500
05131200000600
05131200000700
05131300000100
05131300000200
05131300000300
05131300000400
05131300000500
05131300000600
05131400000000
05131500000100
05131500000200
05131600000000
05131700000000
05131800000100
05131800000200
05131900000000
05132000000000
05132100000000
05132200000000
05132300000000
05132400000100
05132400000200
05132400000300
05132500000100
05132500000200
05132500000300
05132500000400
05132600000100
05132600000200
05132600000300
05132600000400
05132600000500
05132600000600
05132600000700
05132600000800
05132700000000
05132800000000
05132900000100
05132900000200
05132900000300
05133000000100
05133000000200
05133100000100
05133100000200
05133200000100
05133200000200
05133200000300
05133300000000
05133400000100
05133400000200
05133400000300
05133500000100
05133500000200
05133500000300
05133500000400
05133500000500
05133500000600
05133500000700
05133500000800
05133500001000
05133500001100
05133500001200
05133500001300
05133500001400
05133500001500
05133500001600
05133500001700
05133500001800
05133500001900
05133500002000
05133600000000
05140100000000
05140200000000
05140200000100
05140300000000
05140300000100
05140300000200
05140400000000
05140400000100
05140400000200
05140400000300
05140500000100
05140500000200
05140500000300
05140500000400
05140500000500
05140500000600
05140500000700
05140600000100
05140600000200
05140650000100
05140650000200
05140650000300
05140650000400
05140700000000
05140800000100
05140800000200
05140800000300
05140800000400
05140900000100
05140900000200
05140900000400
05140900000500
05140900000600
05140900000700
05140900000800
05140900000900
05140900001000
05140900001100
05140900001400
05140900001500
05140900001900
05140900002000
05140906350100
05140906350200
05140906350300
05140906350400
05140912100100
05140912100200
05140918070100
05140918070200
05141000000200
05141000000300
05141000000400
05141000000500
05141000000600
05141000000800
05141000000900
05141000001000
05141000001100
05141000001200
05141000001300
05141000001400
05141100000000
05141200000100
05141200000200
05141200000300
05141300000200
05141300000400
05141300000500
05141323170100
05141323170200
05141323170300
05141323170400
05141323190100
05141323190200
05141323190300
05141323190400
05141400000100
05141400000200
05141400000300
05141400000400
05141500000100
05141500000200
05141500000300
05141500000400
05141500000500
05141500001400
05141600000100
05141600000200
05141600000300
05141600000400
05141600000500
05141600000600
05141600000700
05141600000800
05141600000900
05141600001200
05141600001300
05141600001400
05141600001700
05141600001800
05141600001900
05141600002000
05141600002100
05141600002200
05141600002300
05141600002400
05141600002500
05141600002600
05141600002700
05141600009900
05141609080200
05141614010100
05141614010200
05141617040100
05141618120100
05141618120200
05141700000100
05141700000200
05141700000300
05141700000400
05141700000500
05141800000100
05141800000200
05141800000300
05141800000400
05141900000100
05141900000200
05141900000300
05141900000400
05141900000500
05141900000600
05141900000700
05142000000100
05142000000200
05142000000300
05142000000400
05142000000500
05142000000600
05142000000700
05142000000800
05142000000900
05142000001000
05142000001100
05142000001300
05142000001400
05142000001500
05142100000100
05142100000200
05142100000300
05142100000400
05142100000500
05142100000600
05142100000700
05142100000900
05142100001000
05142200000100
05142200000200
05142200000300
05142200000400
05142200000500
05142200000600
05142200000700
05142200000900
05142200001000
05142200001200
05142200001600
05142200001700
05142207440100
05142207440200
05142207440300
05142207440400
05142220060100
05142220060200
05142251000100
05142251000200
05142251000300
05142251000400
05142251000500
05142251000600
05142251000700
05142251000800
05142251000900
05142251001200
05142251001300
05142251001400
05142251001500
05142251001600
05142251001800
05142251001900
05142251002200
05142251002300
05142251002400
05142252000100
05142252000200
05142252000300
05142253000100
05142253000200
05142253000300
05142253000400
05142254000100
05142254000200
05142254000300
05142254000400
05142255000100
05142255000200
05142256000100
05142256000200
05142256000300
05142300000300
05142300000301
05142300001300
05142300001401
05142300001600
05142300001700
05142300001800
05142300001900
05142321270100
05142321270200
05142351002600
05142351002700
05142351002900
05142351003100
05142351003200
05142351003300
05142351003400
05142351003500
05142351003700
05142351003900
05142351004000
05142351004100
05142351004200
05142352000100
05142352000300
05142352000400
05142400000101
05142400000500
05142400000600
05142400000700
05142400000800
05142400001200
05142400001300
05142400002100
05142400002200
05142400002500
05142408080100
05142408080300
05142408080400
05142413040100
05142413110100
05142413110200
05142450000100
05142450000200
05142450000400
05142451000100
05142451000200
05142451000400
05142452000100
05142452000200
05142452000300
05142452000400
05142453000100
05142453000200
05142453000300
05142453000400
05142454000100
05142454000200
05142454000300
05142454000400
05142455000100
05142456000100
05142456000200
05142456000300
05142456000400
05142500000100
05142500000300
05142500000400
05142500003300
05142500003500
05142500003600
05142500003700
05142500003800
05142518190100
05142518190200
05142554000100
05142554000200
05142554000300
05142554000400
05142555000100
05142555000300
05142555000400
05142556000100
05142556000200
05142556000300
05142556000400
05142557000200
05142557000300
05142557000400
05142558000100
05142558000200
05142558000300
05142558000400
05142559000100
05142559000200
05142559000300
05142559000400
05142560000100
05142560000200
05142560000300
05142560000400
05142600000100
05142600000200
05142600000300
05142600000400
05142600000500
05142600000600
05142600000700
05142600000800
05142600000900
05142600001100
05142600001200
05142651000100
05142651000300
05142651000400
05142651000500
05142651000600
05142651000700
05142651000800
05142651000900
05142651001000
05142651001200
05142651001300
05142651001400
05142651001500
05142651001600
05142651001700
05142651001800
05142651001900
05142651002000
05142651002100
05142651002200
05142651002300
05142651002500
05142651004300
05142651004400
05142651004500
05142651004600
05142651004700
05142651004800
05142651004900
05142651005000
05142651005100
05142651005200
05142651005300
05142651005400
05142651005500
05142651005600
05142651005700
05142651005800
05142651005900
05142651006000
05142651006100
05142651006200
05142651006300
05142651006600
05142651006700
05142651006800
05142651006900
05142651007000
05142651007100
05142651007200
05142651007400
05142651007500
05142651007600
05142651007700
05142651007800
05142651007900
05142651008000
05142651008100
05142651008200
05142651008300
05142651008600
05142651008700
05142652000100
05142652000200
05142652000300
05142654000100
05142654000200
05142654000300
05142654000400
05142655000100
05142655000200
05142655000300
05142656000100
05142656000200
05142656000400
05142658000100
05142658000200
05142658000300
05142658000400
05142700000100
05142700000200
05142700000300
05142800000000
05142900000000
05143000000100
05143000000200
05143000000300
05143000000400
05143100000100
05143100000200
05143100000400
05143100000500
05143100000600
05143100000700
05143100000800
05143200000100
05143200000200
05143300000100
05143300000200
05143300000300
05143300000400
05143300000500
05143300000600
05143351000100
05143351000200
05143351000300
05143351000400
05143400000100
05143400000200
05143400000300
05143400000400
05143400000500
05143500000100
05143500000200
05143500000300
05143500000400
05143500000500
05143500000600
05143500000700
05143500000800
05143500000900
05143500001000
05143500001100
05143500001200
05143500001300
05143500001500
05143500001600
05143522170100
05143522170200
05143522170300
05143522170400
05143551000100
05143551000200
05143600000200
05143600000800
05143600000900
05143600001100
05143600001200
05143600009900
05143608340100
05143608340200
05143608340300
05143621150100
05143621150200
05143654000100
05143654000200
05143655000100
05143655000200
05143655000300
05143655000400
05143656000100
05143656000200
05143656000300
05143656000400
05143657000100
05143657000200
05143657000300
05143657000400
05143658000100
05143658000200
05143659000200
05143659000300
05143660000100
05143660000200
05143660000300
05143660000400
05143661000100
05143661000200
05143661000300
05143661000400
05143662000100
05143662000200
05143662000300
05143662000400
05143663000100
05143663000200
05143663000300
05143663000400
05143664000100
05143664000200
05143664000300
05143664000400
05150100000000
05150200000000
05150200000100
05150200000200
05150300000200
05150300000300
05150300000500
05150300000600
05150300000700
05150353002600
05150353002700
05150353002800
05150353002900
05150387745100
05150387745200
05150387745300
05150387745400
05150400000100
05150400000200
05150400000300
05150400000400
05150400000500
05150500000000
05150500000100
05150500000200
05150600000000
05150600000100
05150700000100
05150700000200
05150700000300
05150800000100
05150800000200
05150800000600
05150900000100
05150900000200
05150900000300
05150900000400
05150900000500
05151000000100
05151000000200
05151000000300
05151000000600
05151000000800
05151000000900
05151000001000
05151000001100
05151023013200
05151053000100
05151053000200
05151053000300
05151053000400
05151053000500
05151053000600
05151053000700
05151053000800
05151053000900
05151053001000
05151053001100
05151053001200
05151053001300
05151053001400
05151053001500
05151053001600
05151053001700
05151053001800
05151053001900
05151053002000
05151053002100
05151053002200
05151053002300
05151053002400
05151053002500
05151054000100
05151100000100
05151100000200
05151100000300
05151100000400
05151100000600
05151100009900
05151113170200
05151121120100
05151121120200
05151200000100
05151200000200
05151300000100
05151300000200
05151300000300
05151300000400
05151300000500
05151300000600
05151300000700
05151300000800
05151353000400
05151353000500
05151353000600
05151353000700
05151353000800
05151353000900
05151353001000
05151353001100
05151353001200
05151353001300
05151353001400
05151353001600
05151353001700
05151353001800
05151353001900
05151353002000
05151353002100
05151353002200
05151353002300
05151353002400
05151353002500
05151353002600
05151353002700
05151353002800
05151353002900
05151353003000
05151353003100
05151353003200
05151354003300
05151354003400
05151354005300
05151354005400
05151354005500
05151354005600
05151354005700
05151354005800
05151354005900
05151354006000
05151354006100
05151354006200
05151354006300
05151400000100
05151400000200
05151400000500
05151400000600
05151400000700
05151400000800
05151400000900
05151400001000
05151400001300
05151400001400
05151453000100
05151453000200
05151453000300
05151454003500
05151454003600
05151454003700
05151454003800
05151454003900
05151454004000
05151454004100
05151454004200
05151454004300
05151454004400
05151454004500
05151454004600
05151454004700
05151454004800
05151454004900
05151454005000
05151454005100
05151454005200
05151500000100
05151500000200
05151500000300
05151500001100
05151500001200
05151500001400
05151500001700
05151500001800
05151500001900
05151500002100
05151500002200
05151500002300
05151500002400
05151500002500
05151500002600
05151500002700
05151507560100
05151507560200
05151507560300
05151551000100
05151551000200
05151579960300
05151579960400
05151600000100
05151600000200
05151600000300
05151600000400
05151600000500
05151700000100
05151700000200
05151700000300
05151800000100
05151800000200
05151800000300
05151800000400
05151800000500
05151900000100
05151900000200
05151900000300
05151900000700
05151900000800
05151900000900
05151900001100
05151900001300
05151900001400
05151900001500
05151900001600
05151900009900
05151906830100
05151906830200
05151906830400
05151907120100
05151907120200
05151907120300
05151907120400
05151920170200
05151922070100
05151922070200
05151922070300
05151950000100
05151950000200
05151950000300
05151951000100
05151951000200
05151951000300
05151951000400
05152000000100
05152000000200
05152000000300
05152000000400
05152000000500
05152000000600
05152000000700
05152000000800
05152000001100
05152000001200
05152000001300
05152000001400
05152000001500
05152000001600
05152000001700
05152000001800
05152000002000
05152000002100
05152100000100
05152100000200
05152100000300
05152100000400
05152100000500
05152100000800
05152100000900
05152100001000
05152100001100
05152100001200
05152100001300
05152100001400
05152100001500
05152100001600
05152107350100
05152107350200
05152119020100
05152119020200
05152151000100
05152151000200
05152151000300
05152151000400
05152152000100
05152152000200
05152152000300
05152152000400
05152153000200
05152153000300
05152153000400
05152154000100
05152154000200
05152154000300
05152154000400
05152155000200
05152156000100
05152157000100
05152157000200
05152157000300
05152157000400
05152158090100
05152158090200
05152158090300
05152158090400
05152158100100
05152158100200
05152158100300
05152158100400
05152158110100
05152158110200
05152158120000
05152158130000
05152158140000
05152158150100
05152158160100
05152158160300
05152158160400
05152160000100
05152200000100
05152200000200
05152200000500
05152200000800
05152200000900
05152200001000
05152200001100
05152200001200
05152200001300
05152200001800
05152200002000
05152200002100
05152200009900
05152217190100
05152217190200
05152217190300
05152217190400
05152251000200
05152252000100
05152252000200
05152260000100
05152300000100
05152300000300
05152300000500
05152300000600
05152300000800
05152300001000
05152300001102
05152300001200
05152300001300
05152300009900
05152307460400
05152323040100
05152323040200
05152374019100
05152400000200
05152400000300
05152400000400
05152400000500
05152400000600
05152400000700
05152400001000
05152400009900
05152408000100
05152408000400
05152421180100
05152451000100
05152451000200
05152452000100
05152452000200
05152452000300
05152452000400
05152453000100
05152453000200
05152500000100
05152500000200
05152500000300
05152500000400
05152500000500
05152500000700
05152500001000
05152500009900
05152514120100
05152514120200
05152514120300
05152514120400
05152520210100
05152520210200
05152520210300
05152553000300
05152553000400
05152554000300
05152600000200
05152600000300
05152600000500
05152600000600
05152600000700
05152600000800
05152600000900
05152600001000
05152600001100
05152600001600
05152600001700
05152600001800
05152600001900
05152600009900
05152607460200
05152607460300
05152607650200
05152607650400
05152621080100
05152621080200
05152693293200
05152693293500
05152700000200
05152700000500
05152700000700
05152700000900
05152700001100
05152700001200
05152700001300
05152700001400
05152700001500
05152700001600
05152700001900
05152700002000
05152700002100
05152700002200
05152700002300
05152710020100
05152710020200
05152710020300
05152716160100
05152716160200
05152722070100
05152750000100
05152750000200
05152750000300
05152751000100
05152751000200
05152752000100
05152752000200
05152752000300
05152752000400
05152800000200
05152800000300
05152800000400
05152800000500
05152800000600
05152800000700
05152800000800
05152807700100
05152807700200
05152808160100
05152808160200
05152858010100
05152858010200
05152858010300
05152858010400
05152858020100
05152858020200
05152858020300
05152858020400
05152858030100
05152858030200
05152858030300
05152858040100
05152858050000
05152858070000
05152858170000
05152859000100
05152859000200
05152900000000
05152900000100
05152900000200
05152900000300
05153000000100
05153000000200
05153000000300
05153000000400
05153000000500
05153100000100
05153100000200
05153100000300
05153100000500
05153100000600
05153100009900
05153122260100
05153200000100
05153200000200
05153200000300
05153200000600
05153200000900
05153200000901
05153200001000
05153200001100
05153200001200
05153200001300
05153300000100
05153300000200
05153300000300
05153300000400
05153300000500
05153300000600
05153300000700
05153300000800
05153300000900
05153300001000
05153300001100
05153300001200
05153308150100
05153308150200
05153400000100
05153400000200
05153400000300
05153400000400
05153400000500
05153500000200
05153500000300
05153500000400
05153500000500
05153500000600
05153500000700
05153500000800
05153500000900
05153500001200
05153500001300
05153500001400
05153500001500
05153600000200
05153600000300
05153613070100
05153613070200
05153613070300
05153613070400
05153650000100
05153650000200
05153650000300
05153650000400
05153651000100
05153651000200
05160100000000
05160200000000
05160300000000
05160400000000
05160500000000
05160600000000
05160700000000
05160800000000
05160900000000
05161000000000
05161100000000
05161200000000
05161300000000
05161300000100
05161400000000
05161500000000
05161600000000
05161700000000
05161800000100
05161800000200
05161900000100
05161900000200
05161900000300
05161900000400
05161900000500
05161900000600
05161900000700
05162000000000
05162100000100
05162100000200
05162151001000
05162151001100
05162151001200
05162151001300
05162151001400
05162152000100
05162152000200
05162152000300
05162200000100
05162200000200
05162200000300
05162200000400
05162200000500
05162200000600
05162200000901
05162200001000
05162200001100
05162200001200
05162200001300
05162200001400
05162207220100
05162207220200
05162207220300
05162207220400
05162300000000
05162300000100
05162300000200
05162300000500
05162300000600
05162300000800
05162300000900
05162300009900
05162317160200
05162318140100
05162318140200
05162322040100
05162322080100
05162350000100
05162350000200
05162352000100
05162352000200
05162352000300
05162352000400
05162353000100
05162353000200
05162353000300
05162354000100
05162400000200
05162400000300
05162400000400
05162400000500
05162400000700
05162400000800
05162400000900
05162400001000
05162400001200
05162400001300
05162400001400
05162400001500
05162400001600
05162400001700
05162500000100
05162500000200
05162500000401
05162500000500
05162500000600
05162500000700
05162500000800
05162500001000
05162500001100
05162500001200
05162500001300
05162500001400
05162500001500
05162500001600
05162500001700
05162500001900
05162500002000
05162500002100
05162500002200
05162500002300
05162500002400
05162500002500
05162500002600
05162500002700
05162500002800
05162511020100
05162600000100
05162600000200
05162600000300
05162600000400
05162600009900
05162650000100
05162650000200
05162650000300
05162650000400
05162700000200
05162700000500
05162700000700
05162700000800
05162700001300
05162700009800
05162700009900
05162707640100
05162707640200
05162707640300
05162707690100
05162707690200
05162707690300
05162708430100
05162708430200
05162708430300
05162708430400
05162708500100
05162708500200
05162708500300
05162721140100
05162721140200
05162721140300
05162724200100
05162724200200
05162751000100
05162751000200
05162751000300
05162751000400
05162752000100
05162752000200
05162753000100
05162753000200
05162753000400
05162754000100
05162754000200
05162755000100
05162755000200
05162755000300
05162755000400
05162800000100
05162800000400
05162800009800
05162800009900
05162817120100
05162817120200
05162817120300
05162817120400
05162819310200
05162819310300
05162823100100
05162823100200
05162851000100
05162851000200
05162851000300
05162851000500
05162851000600
05162851000700
05162851000800
05162851000900
05162853000100
05162853000200
05162853000300
05162853000400
05162854000100
05162854000300
05162854000400
05162855000100
05162855000200
05162855000300
05162855000400
05162856000100
05162856000200
05162856000400
05162857000100
05162857000200
05162857000300
05162857000400
05162858000100
05162858000200
05162859000100
05162859000200
05162859000300
05162859000400
05162900000100
05162900000200
05162961001700
05162961001800
05162961001900
05162961002000
05162961002100
05162961002200
05162961002300
05162961002400
05162961002500
05162961002600
05162961002700
05162961002800
05162961002900
05162961003000
05162961003100
05162962004300
05162962004400
05162962004500
05162962004900
05162962005000
05162962005100
05162962005200
05162962005300
05162962005400
05162962005500
05162962005600
05162962005700
05162962005800
05162962005900
05162962017400
05162962017700
05162962017800
05162962017900
05162962018000
05162962018100
05162962018200
05162962018300
05162962018400
05162962018500
05162963010400
05162963010500
05162963010700
05162963010800
05162963010900
05162963011000
05162963016900
05162963017000
05162963017100
05162963017200
05162963017300
05162963018600
05162963018700
05162963018800
05162963018900
05163000000100
05163000000200
05163000000300
05163000000400
05163000000500
05163000000600
05163000000700
05163000000900
05163000001000
05163000001100
05163000001200
05163061011100
05163061011200
05163061011300
05163061015600
05163061015700
05163061016000
05163061016100
05163061016200
05163061016300
05163061016400
05163061016500
05163061016600
05163061016700
05163061016800
05163062015200
05163062015300
05163062015400
05163062015500
05163062015800
05163062015900
05163063019300
05163063019400
05163063019500
05163063019600
05163100000200
05163100000400
05163100000500
05163100000600
05163100000700
05163100000800
05163100000900
05163100001000
05163100001100
05163100001200
05163100009900
05163108290100
05163108290200
05163108380100
05163108380200
05163108380300
05163108390100
05163108390200
05163108390300
05163108390400
05163116080100
05163116080200
05163161011400
05163161011500
05163161011600
05163161011700
05163161011800
05163161011900
05163161012900
05163161013000
05163161013200
05163161013300
05163161013400
05163161013500
05163161013600
05163161013700
05163161013800
05163161013900
05163161014100
05163161014300
05163161014400
05163161014700
05163162014800
05163162014900
05163162015000
05163162015100
05163162020200
05163162020300
05163162020400
05163162020500
05163163012000
05163163012100
05163163012200
05163163012300
05163163012400
05163163012500
05163163012600
05163163012700
05163200000100
05163200000300
05163200000400
05163200000500
05163224090100
05163255000100
05163256000100
05163256000200
05163256000400
05163256000500
05163261003200
05163261003300
05163262004100
05163262004600
05163262006000
05163262006100
05163262010100
05163262010200
05163263003500
05163263003600
05163263003700
05163263003800
05163263003900
05163263004000
05163263004700
05163263004800
05163263006200
05163263006300
05163263006400
05163263006600
05163263006700
05163263006800
05163263006900
05163263007000
05163263007100
05163263007200
05163263007300
05163263007400
05163263007500
05163263007600
05163263007700
05163263007800
05163263007900
05163263008000
05163263009400
05163263009600
05163263009700
05163263009800
05163263009900
05163263010000
05163264008100
05163264008200
05163264008300
05163264008400
05163264008500
05163264008600
05163264008700
05163264008800
05163264008900
05163264009000
05163264009100
05163267001300
05163300000300
05163300000500
05163300000600
05163300000700
05163300000800
05163300000900
05163300001100
05163300001200
05163300001400
05163300001500
05163300001600
05163300001700
05163300001800
05163300001900
05163300002000
05163300002100
05163300002200
05163300009800
05163300009900
05163306460100
05163306460200
05163306460300
05163306460400
05163308170100
05163308170200
05163308170300
05163308170400
05163315090100
05163315090200
05163315090300
05163315090400
05163317210100
05163322120200
05163322150100
05163322150200
05163322150300
05163322150400
05163322150500
05163322150600
05163322210100
05163322210200
05163322210300
05163322210400
05163323180100
05163323180200
05163323180300
05163324080100
05163324080200
05163324080300
05163324080400
05163325090100
05163325090200
05163325090300
05163361000100
05163361000200
05163361000300
05163361000400
05163361000500
05163361000600
05163361000700
05163361000800
05163361000900
05163361001000
05163361001100
05163361001200
05163361001300
05163361001400
05163361001500
05163361001600
05163366000100
05163366000200
05163400000100
05163400000300
05163400000500
05163400000800
05163400000900
05163400001000
05163400001100
05163400001200
05163400001400
05163400009900
05163424140100
05163424140200
05163424140300
05163425080100
05163425080200
05163425080300
05163500000100
05163500000200
05163500000300
05163500000400
05163500000500
05163500000600
05163500000700
05163500000800
05163500000900
05163500001000
05163500001100
05163500001200
05163600000200
05163600000300
05163600000400
05163600000500
05163600000700
05163600000800
05163600001200
05163600001400
05163600001500
05163600009900
05163609090200
05163609090300
05163609090400
05163619100100
05163619100200
05163619100300
05163620070100
05163620070200
05163625100100
05163625100200
05163651000100
05163651000300
05170100000100
05170200000300
05170200000400
05170300000100
05170300000200
05170300000300
05170300000400
05170300000500
05170300000600
05170300000800
05170300000900
05170300001000
05170300001200
05170300001300
05170300001400
05170300001500
05170400000100
05170400000200
05170400000300
05170400000400
05170400000500
05170400000600
05170400000700
05170400000800
05170450000100
05170450000200
05170450000300
05170500000000
05170500000100
05170600000000
05170600000100
05170700000000
05170800000100
05170800000200
05170800000300
05170800000400
05170800000500
05170800000600
05170800000700
05170800000800
05170900000100
05170900000200
05170900000300
05170900000400
05170900000500
05170900000700
05170910280100
05170910280200
05170910280400
05170921110400
05171000000100
05171000000300
05171000000400
05171000000500
05171050000100
05171050000200
05171050000300
05171050000400
05171100000200
05171100000300
05171100000400
05171100000500
05171100000600
05171100000700
05171100000800
05171100000900
05171123030100
05171123030200
05171123030300
05171200000100
05171200000200
05171200000300
05171200000400
05171200000500
05171200000600
05171200000700
05171200000800
05171300000100
05171300000200
05171300000700
05171300000800
05171300000900
05171300001000
05171300001100
05171300001200
05171300001300
05171300001400
05171300001500
05171300001600
05171324060100
05171324060200
05171351000100
05171351000200
05171351000300
05171352000100
05171352000400
05171400000200
05171400000300
05171400000500
05171400001000
05171400001200
05171400001300
05171400001400
05171400002100
05171400002200
05171400002300
05171400002400
05171400009900
05171406030100
05171406030200
05171406030300
05171406030400
05171406030500
05171408370100
05171408370200
05171421010100
05171421010200
05171421010300
05171421010400
05171421300100
05171421300200
05171421300300
05171421300400
05171422020100
05171422020200
05171422020400
05171451000100
05171451000200
05171451000300
05171452000100
05171452000300
05171453000100
05171454000100
05171454000200
05171455000100
05171455000200
05171500000300
05171500000900
05171500001000
05171500001100
05171500001200
05171500001400
05171500001600
05171500001700
05171500001800
05171500001900
05171500004700
05171508410100
05171508410200
05171508410300
05171510270100
05171510270200
05171518180100
05171518180200
05171519180100
05171519180200
05171519180300
05171519180400
05171519240100
05171519240200
05171519240300
05171519240400
05171524070100
05171524070200
05171551000300
05171551000400
05171552000100
05171552000200
05171552000300
05171552000400
05171553000100
05171553000200
05171553000300
05171553000400
05171555000100
05171555000200
05171555000300
05171556000100
05171556000400
05171558000100
05171558000200
05171558000300
05171558000400
05171559000100
05171560000100
05171560000200
05171560000300
05171560000400
05171561000100
05171561000200
05171561000300
05171561000400
05171562000100
05171562000200
05171562000300
05171562000400
05171563000100
05171563000200
05171563000300
05171600000100
05171600000600
05171614010100
05171614010200
05171614010300
05171614010400
05171620070100
05171620070200
05171620070300
05171620070400
05171700000000
05171700000100
05171700000200
05171700000300
05171700000400
05171700000500
05171700001100
05171700001200
05171700001300
05171700001400
05171700009900
05171751000100
05171752000100
05171752000200
05171752000300
05171752000400
05171753000100
05171753000200
05171753000300
05171753000400
05171754000100
05171754000200
05171754000300
05171754000400
05171800000100
05171800000200
05171800000300
05171800000400
05171800000500
05171800000600
05171800000700
05171800000800
05171800000900
05171900000200
05171900000600
05171900000700
05171900000800
05171900000900
05171900001000
05171900001400
05171900001500
05171900001600
05171900001700
05171900001800
05171900001900
05171921110100
05171921110200
05171951000100
05171951000200
05171951000300
05171951000400
05171952000200
05171953000100
05171953000200
05172000000100
05172000000200
05172000000300
05172000000400
05172000000600
05172000000700
05172000000900
05172052000100
05172052000300
05172053000100
05172053000200
05172053000300
05172054000100
05172054000200
05172054000300
05172054000400
05172055000100
05172056000100
05172056000200
05172056000300
05172056000400
05172056000600
05172056000700
05172056000800
05172056000900
05172056001000
05172056001100
05172056001200
05172056001300
05172056001400
05172056001500
05172056001600
05172056001700
05172056001800
05172056001900
05172056002000
05172100000100
05172100000200
05172100000300
05172100000400
05172100000500
05172100000600
05172100000700
05172100000800
05172100000900
05172100001000
05172100001100
05172100001200
05172100001300
05172100001400
05172100001600
05172100001700
05172100001900
05172100002000
05172100002100
05172100002200
05172100002300
05172100002400
05172100002500
05172100002700
05172151000100
05172151000200
05172151000300
05172151000400
05172153000100
05172153000200
05172154000300
05172154000400
05172155000100
05172155000200
05172155000300
05172156000100
05172156000300
05172157000200
05172157000300
05172200000100
05172200000101
05172200000500
05172200000600
05172200000700
05172200000800
05172200000900
05172200001000
05172200001100
05172200001200
05172200001300
05172200001400
05172200001500
05172200001600
05172200001700
05172200001800
05172200001900
05172200002000
05172200002100
05172200002200
05172251000100
05172251000200
05172251000300
05172251000400
05172252000100
05172252000200
05172252000300
05172252000400
05172253000100
05172253000200
05172253000300
05172300000100
05172300000200
05172300000300
05172300000400
05172300000500
05172300000600
05172300000700
05172300000800
05172300000900
05172300001000
05172300001100
05172300001200
05172300001400
05172300001500
05172300001600
05172300001700
05172300001800
05172300001900
05172300002000
05172323170100
05172325060100
05172351000300
05172351000400
05172352000100
05172352000200
05172352000300
05172352000400
05172353000100
05172353000300
05172353000400
05172354000100
05172354000200
05172354000300
05172354000400
05172355000100
05172355000200
05172400000100
05172400000200
05172400000300
05172400000400
05172400000500
05172400000600
05172400000700
05172400000800
05172400000900
05172400001000
05172400001100
05172400001200
05172400001300
05172400001400
05172400001500
05172400001700
05172400001800
05172400001900
05172400002000
05172400002100
05172400002200
05172400002300
05172400002400
05172400002500
05172400002600
05172400002900
05172500000100
05172500000200
05172500000300
05172500000500
05172500000600
05172500000800
05172500001000
05172500001100
05172500001200
05172500001300
05172500001400
05172500001500
05172500001600
05172550000100
05172550000200
05172550000300
05172600000100
05172600000200
05172600000300
05172600000400
05172600000500
05172600000600
05172600000700
05172600000800
05172600000900
05172600001000
05172600001100
05172600001200
05172600001300
05172600001400
05172600001500
05172600001600
05172600001700
05172600001800
05172600001900
05172600002000
05172700000100
05172700000200
05172700000300
05172700000400
05172700000500
05172700000600
05172700000700
05172700000800
05172700000900
05172700001000
05172700001100
05172700001300
05172700001800
05172700001900
05172700002000
05172700002100
05172700002200
05172700002300
05172700002400
05172700002500
05172700002600
05172700002700
05172700002800
05172700002900
05172700003000
05172700003100
05172751000100
05172751000200
05172751000300
05172751000400
05172800000100
05172800000200
05172800000400
05172800000700
05172800001300
05172800001900
05172800002000
05172800002100
05172800002200
05172800004700
05172800004800
05172800005000
05172800005100
05172800005200
05172800005300
05172800005400
05172800005500
05172800005600
05172800005700
05172800005800
05172800006000
05172851000100
05172851000200
05172851000300
05172851000400
05172852000100
05172852000200
05172852000300
05172853000100
05172853000200
05172853000300
05172854000100
05172854000400
05172857000100
05172857000200
05172857000300
05172857000400
05172858000100
05172858000200
05172858000300
05172858000400
05172921040100
05172921040200
05172951000700
05172951000800
05172951000900
05172951001000
05172951001100
05172951001200
05172951001300
05172952000300
05172952000400
05172956000100
05172956000200
05172957000100
05172957000200
05172958000100
05172958000200
05172958000300
05172958000400
05172958000500
05172958000600
05172958000700
05172958000800
05172958000900
05172958001000
05172958001200
05172958001300
05172958001600
05172958001700
05172959000100
05172959000200
05172959000300
05172959000400
05172960000200
05172960000300
05172960000400
05172962000200
05172962000300
05172962000400
05172964000100
05172964000200
05172964000300
05172965000100
05172965000200
05173000000200
05173000000300
05173000000400
05173000000500
05173000000600
05173000000800
05173000001000
05173000001100
05173000001200
05173000001300
05173000001400
05173000001500
05173000001800
05173000001900
05173007250100
05173007250200
05173007250300
05173008320100
05173011170100
05173011170200
05173051000200
05173051000300
05173051000400
05173052000100
05173052000200
05173052000300
05173053000100
05173053000200
05173100000900
05173100001600
05173100001700
05173100001900
05173100004700
05173100004900
05173100005100
05173100005200
05173100005500
05173100005600
05173109090100
05173151000100
05173151000200
05173151000300
05173151000400
05173152000100
05173152000200
05173152000300
05173152000400
05173153000100
05173153000300
05173153000400
05173154000100
05173154000200
05173154000300
05173154000400
05173156000200
05173156000300
05173156000400
05173157000100
05173157000200
05173157000300
05173157000400
05173158000100
05173158000200
05173158000300
05173158000400
05173159000100
05173159000200
05173159000400
05173160000300
05173160000400
05173161000100
05173161000200
05173161000300
05173161000400
05173162000200
05173171000100
05173171000200
05173200000100
05173200000200
05173200001500
05173200002000
05173200009900
05173207780100
05173207780200
05173207780300
05173255000100
05173255000200
05173255000300
05173255000400
05173257000100
05173257000200
05173257000300
05173257000400
05173258000100
05173258000200
05173258000300
05173258000400
05173259000100
05173259000200
05173259000300
05173260000100
05173260000200
05173260000300
05173260000400
05173262000100
05173262000200
05173262000300
05173262000400
05173262000500
05173262000600
05173262000700
05173262000800
05173262000900
05173262001000
05173263000100
05173263000300
05173263000400
05173263000500
05173263000600
05173263000700
05173263001100
05173263001200
05173263001300
05173263001400
05173263001500
05173263001600
05173263001700
05173263001800
05173263001900
05173263002100
05173263002300
05173263002500
05173263002700
05173263002900
05173264000100
05173264000200
05173264000300
05173264000400
05173264000500
05173264000600
05173264000800
05173264000900
05173264001000
05173271000400
05173271000500
05173271000600
05173271000700
05173271000800
05173271000900
05173300000100
05173300000200
05173300000300
05173300000500
05173300000600
05173300000700
05173300000800
05173300000900
05173300001000
05173300001100
05173300001200
05173300001500
05173300001600
05173300001700
05173307400100
05173307400200
05173351000100
05173351000200
05173351000300
05173351000400
05173352000100
05173352000300
05173352000400
05173353000200
05173353000300
05173353000400
05173354000100
05173354000200
05173354000300
05173354000400
05173355000100
05173355000200
05173356000100
05173356000200
05173356000300
05173356000400
05173357000100
05173357000200
05173357000300
05173358000100
05173358000200
05173358000300
05173358000400
05173360000100
05173360000200
05173363000800
05173363000900
05173363001000
05173363002000
05173363002200
05173363002400
05173363002600
05173363002800
05173369000100
05173369000200
05173369000400
05173369000500
05173369000600
05173369000700
05173369000800
05173369000900
05173369001000
05173369001100
05173400000100
05173400000200
05173400000201
05173400000300
05173400000400
05173400000600
05173400000800
05173400000900
05173400001000
05173400001100
05173400001200
05173400001400
05173400002000
05173400002100
05173400002200
05173400002300
05173400002400
05173451000100
05173451000300
05173451000400
05173469001200
05173469001300
05173469001400
05173469001500
05173500000100
05173500000200
05173500000300
05173500000400
05173500000500
05173600000000
05180100000100
05180100000200
05180200000100
05180200000200
05180300000000
05180400000100
05180400000200
05180500000000
05180600000100
05180600000200
05180600000300
05180600000400
05180700000100
05180700000300
05180700000400
05180800000100
05180800000200
05180900000000
05181000000100
05181000000200
05181100000100
05181100000200
05181200000000
05181300000100
05181300000200
05181300000300
05181400000100
05181400000200
05181500000000
05181600000000
05181700000000
05181800000100
05181800000200
05181800000300
05181800000400
05181800000500
05181800000600
05181900000100
05181900000400
05181900000500
05181900000600
05181900000800
05181900000900
05181900001200
05181900001700
05182000000100
05182000000200
05182100000200
05182200000000
05182300000000
05182400000000
05182500000000
05182500009900
05182600000100
05182600000200
05182600000300
05182600000400
05182600000500
05182600009900
05182700000100
05182700000200
05182800000100
05182800000200
05182800000300
05182800000400
05182900000100
05182952010000
05182952020000
05182952030000
05182952040000
05182963000100
05182963000200
05182963000300
05182963000400
05182963000500
05182963000600
05182963000700
05182963000800
05182963000900
05182963001000
05182963001100
05182963001200
05182963001500
05182963001600
05183000000100
05183000000300
05183000000500
05183000001000
05183000001600
05183000001700
05183000001800
05183000001900
05183000002000
05183000002200
05183000002300
05183000002400
05183000002500
05183000002600
05183000002700
05183000002800
05183000003200
05183000003300
05183000009900
05183019010100
05183019010200
05183021310100
05183021310200
05183051000100
05183051000200
05183051000300
05183052000100
05183052000200
05183052000300
05183053000100
05183053000200
05183053000300
05183053000400
05183053000500
05183100000100
05183100000200
05183100000800
05183100000900
05183100001400
05183100001401
05183100001500
05183100003500
05183100003700
05183100003800
05183100004000
05183100004100
05183100009900
05183108420100
05183108420200
05183108420400
05183124300100
05183124300200
05183151000100
05183151000300
05183151000400
05183152000100
05183152000200
05183152000300
05183153000100
05183153000200
05183153000300
05183153000400
05183154000100
05183154000200
05183154000300
05183154000400
05183155000100
05183155000200
05183156000100
05183156000200
05183156000400
05183157000100
05183157000200
05183158000100
05183158000200
05183158000300
05183158000400
05183159000100
05183159000200
05183159000300
05183160000100
05183160000200
05183161000100
05183161000200
05183161000300
05183200000100
05183200000400
05183200000500
05183200000600
05183200000700
05183200000900
05183200001000
05183200001100
05183200001200
05183200001300
05183252090100
05183252090200
05183252090300
05183252090400
05183252100000
05183252110100
05183252110200
05183252120000
05183252130000
05183252140000
05183252150000
05183252160000
05183351010000
05183351030000
05183351040000
05183351050000
05183351060000
05183351070000
05183351080000
05183351090000
05183351100000
05183351110000
05183351120000
05183351130000
05183351140000
05183351150000
05183351160000
05183351170000
05183351200000
05183351230000
05183351240000
05183351250000
05183351270000
05183351280000
05183351320000
05183400000100
05183400000200
05183500000100
05183500000200
05183500000300
05183600000000
05190100000100
05190100000200
05190100000300
05190100000400
05190100000500
05190100000700
05190100000900
05190200000000
05190200000100
05190200000200
05190300000000
05190400000100
05190400000200
05190400000300
05190400000400
05190400000500
05190500000000
05190600000000
05190700000000
05190800000000
05190900000000
05191000000000
05191100000100
05191100000200
05191200000000
05191300000100
05191300000200
05191400000100
05191400000200
05191500000100
05191500000200
05191500000300
05191600000000
05191700000000
05191800000100
05191800000200
05191800000300
05191900000100
05191900000200
05192000000000
05192100000000
05192200000100
05192200000200
05192300000100
05192300000200
05192400000100
05192400000200
05192500000100
05192500000200
05192500000300
05192600000100
05192600000200
05192600000300
05192600000400
05192700000100
05192700000200
05192800000000
05192900000000
05193000000000
05193100000000
05193200000000
05193300000000
05193400000100
05193400000200
05193400000300
05193400000400
05193500000100
05193500000200
05193600000000
05200100000100
05200100000101
05200100000200
05200100000300
05200100000400
05200200000100
05200200000200
05200200000300
05200300000100
05200300000200
05200400000100
05200400000200
05200500000100
05200500000200
05200500000300
05200600000100
05200600000200
05200600000300
05200600000400
05200600000500
05200600000600
05200600000700
05200600000800
05200600000900
05200600001000
05200600001100
05200600001200
05200600001300
05200600001400
05200600001500
05200600001600
05200600001700
05200700000100
05200700000200
05200800000100
05200800000200
05200800000300
05200900000100
05200900000200
05200900000300
05201000000100
05201000000200
05201000000300
05201100000100
05201100000200
05201200000100
05201200000200
05201200000300
05201300000000
05201300000100
05201400000100
05201400000200
05201400000300
05201500000100
05201500000200
05201600000100
05201600000200
05201700000100
05201700000200
05201800000000
05201800000100
05201900000100
05201900000200
05201900000300
05202000000100
05202000000200
05202100000100
05202100000200
05202200000100
05202200000200
05202300000100
05202300000200
05202400000100
05202400000200
05202400000300
05202500000100
05202500000200
05202600000100
05202600000200
05202700000100
05202700000200
05202800000000
05202900000000
05203000000100
05203000000200
05203000000300
05203100000100
05203100000200
05203100000300
05203100000400
05203200000100
05203200000200
05203300000100
05203300000200
05203310050100
05203310050200
05203400000000
05203500000100
05203500000200
05203600000100
05203600000200
05210100000000
05210200000100
05210200000200
05210300000100
05210300000200
05210300000300
05210400000100
05210400000200
05210400000300
05210500000000
05210600000100
05210600000200
05210600000300
05210700000100
05210700000200
05210700009900
05210800000100
05210800000200
05210800009900
05210900000000
05211000000100
05211000000200
05211000000300
05211100000000
05211200000100
05211200000200
05211200000300
05211300000100
05211300000200
05211300000300
05211300000400
05211300000500
05211300000600
05211300000700
05211300009900
05211400000100
05211400000200
05211400000300
05211500000100
05211500000200
05211500009900
05211600000000
05211700000000
05211700009900
05211800000100
05211800000200
05211800000300
05211900000100
05211900000200
05212000000000
05212100000000
05212200000100
05212200000200
05212200009900
05212300000000
05212300009900
05212400000100
05212400000200
05212400000300
05212400009900
05212500000000
05212600000000
05212700000000
05212800000100
05212800000200
05212800000300
05212800000500
05212900000100
05213000000100
05213000000200
05213100000100
05213100000200
05213200000100
05213200000200
05213200000300
05213300000000
05213400000100
05213400000200
05213400000300
05213500000000
05213600000000
05220100000000
05220200000100
05220200000200
05220300000100
05220300000200
05220400000000
05220500000000
05220600000100
05220600000200
05220600000300
05220700000100
05220700000200
05220800000100
05220800000200
05220800000300
05220900000000
05221000000100
05221000000200
05221100000000
05221200000000
05221300000000
05221400000100
05221400000200
05221500000100
05221500000200
05221500000700
05221500000800
05221500000900
05221600000000
05221700000100
05221700000200
05221800000100
05221800000200
05221900000100
05221900000200
05222000000000
05222100000000
05222200000000
05222200000100
05222208020100
05222208020200
05222208020300
05222208020400
05222208020500
05222273788100
05222273788200
05222300000100
05222300000201
05222300000300
05222300000400
05222300001000
05222308020600
05222308020700
05222308020800
05222308020900
05222400000000
05222400000200
05222500000100
05222500000200
05222600000100
05222600000300
05222600000301
05222600000400
05222600000500
05222608021700
05222608021800
05222608021900
05222608260100
05222608260200
05222608260300
05222608260400
05222700000200
05222700000300
05222700000400
05222708021000
05222708021100
05222708021200
05222708021300
05222708021400
05222708021500
05222708021600
05222800000000
05222900000000
05223000000000
05223100000100
05223100000200
05223200000000
05223300000000
05223400000100
05223400000200
05223500000100
05223500000200
05223500000300
05223600000000
05230100000000
05230100000100
05230100000200
05230100000300
05230200000100
05230200000200
05230200000300
05230200000400
05230200000500
05230200000600
05230300000000
05230400000100
05230500000000
05230600000100
05230600000200
05230700000000
05230800000000
05230900000000
05231000000200
05231000000300
05231100000000
05231100000100
05231182000100
05231200000100
05231200000200
05231200000300
05231200000400
05231200000500
05231200000600
05231300000000
05231400000100
05231400000200
05231400000300
05231482000100
05231482000200
05231500000000
05231511070100
05231511070200
05231511070300
05231511070400
05231600000000
05231700000000
05231800000100
05231800000300
05231800000400
05231900000100
05231900000200
05232000000100
05232000000200
05232000000300
05232100000100
05232100000200
05232200000300
05232209020100
05232209020200
05232210080100
05232210080200
05232251000100
05232251000200
05232251000300
05232251000400
05232251000500
05232251000600
05232252000100
05232300000100
05232300000200
05232300000400
05232300000500
05232300000700
05232308060100
05232308060200
05232308060300
05232308060400
05232351000300
05232400000100
05232400000200
05232500000000
05232551000100
05232600000100
05232600000200
05232600000400
05232600000500
05232600009900
05232615160100
05232615160300
05232615160400
05232616210100
05232616210200
05232616210300
05232616210400
05232651000200
05232652000100
05232653000100
05232653000200
05232653000300
05232700000200
05232700000500
05232700000700
05232700000800
05232700001000
05232707620100
05232707620200
05232714030100
05232714030200
05232714030300
05232714030400
05232716130200
05232716230100
05232716230200
05232716230300
05232716230400
05232718100100
05232718100200
05232751000200
05232751000300
05232751000400
05232752000200
05232752000300
05232752000400
05232753000100
05232753000200
05232753000300
05232753000400
05232753000500
05232753000600
05232753000700
05232753000800
05232753000900
05232753001000
05232753001100
05232753001200
05232753001300
05232800000100
05232800000200
05232900000100
05232900000101
05232900000200
05232900000300
05232900000400
05233000000100
05233000000200
05233000000300
05233100000100
05233100000200
05233100000300
05233100000400
05233200000100
05233200000200
05233200000300
05233200000400
05233300000000
05233400000200
05233400000400
05233405090100
05233405090200
05233416130200
05233500000100
05233500000200
05233500000300
05233500000400
05233500000500
05233500000700
05233500000800
05233500000900
05233505090100
05233505090200
05233505090300
05233550000100
05233600000000
06100100000000
06100200000000
06100300000100
06100300000200
06100400000000
06100400000100
06100500000100
06100500000200
06100500000400
06100500000500
06100600000100
06100600000300
06100700000200
06100700000300
06100800000100
06100800000200
06100800000300
06100800000400
06100800000500
06100800000600
06100800000800
06100800000900
06100800001000
06100800001100
06100800001200
06100800001300
06100817020100
06100817020200
06100817020300
06100847000100
06100847000200
06100847000300
06100847000400
06100900000100
06100900000200
06100900000300
06100900000400
06100900000500
06100900000600
06100900000700
06100900000800
06101000000100
06101000000101
06101000000300
06101000000400
06101000000500
06101000000600
06101050000100
06101050000200
06101050000300
06101100000100
06101100000200
06101100000400
06101100000500
06101100000601
06101100000700
06101100000800
06101100000900
06101151000100
06101151000200
06101200000100
06101300000100
06101300000200
06101300000400
06101300000800
06101300000801
06101300000900
06101300001000
06101300001100
06101300001200
06101300001300
06101300001400
06101300001500
06101300001600
06101300001700
06101306780100
06101306780200
06101306780300
06101306780400
06101313080300
06101319090100
06101319090200
06101351000200
06101400000100
06101400000200
06101400000300
06101400000500
06101400000700
06101400000800
06101400000900
06101400001000
06101400001001
06101400001100
06101400001300
06101400001400
06101400001600
06101400001700
06101400002200
06101400002300
06101400002400
06101400003100
06101400003600
06101400003700
06101400003800
06101412010200
06101451000200
06101451000300
06101451000400
06101451000500
06101451000600
06101451000700
06101452000100
06101452000200
06101452000300
06101453000100
06101453000200
06101453000300
06101454000100
06101454000200
06101455000100
06101455000200
06101455000300
06101456000100
06101457000100
06101457000200
06101458000100
06101458000200
06101459000100
06101459000200
06101500000100
06101500000200
06101500000400
06101500000500
06101500000600
06101500001000
06101500001400
06101500001500
06101500001600
06101500001700
06101500009800
06101500009900
06101500019900
06101506300100
06101506300200
06101508350200
06101508350300
06101508350400
06101508360100
06101508360200
06101511040200
06101511140100
06101511140200
06101517200100
06101517200200
06101518210200
06101518210300
06101519200100
06101519200200
06101524020100
06101525090100
06101534000200
06101543000100
06101543000300
06101543000400
06101543000500
06101543000700
06101543000800
06101556000200
06101557000100
06101557000200
06101558000100
06101558000200
06101560000200
06101560000300
06101561000100
06101561000200
06101561000300
06101600000100
06101600000200
06101600000400
06101600000500
06101600000600
06101600000800
06101600001000
06101600001100
06101600009900
06101618110100
06101618110200
06101700000000
06101800000100
06101800000200
06101900000100
06101900000200
06101900000300
06102000000100
06102000000200
06102000000300
06102000000400
06102000000500
06102100000200
06102100000300
06102100000400
06102100000500
06102100000600
06102100000700
06102100000800
06102100000900
06102100001000
06102200000200
06102200000300
06102206650100
06102206650200
06102207410100
06102207410200
06102211000200
06102211000300
06102211000400
06102211000500
06102211000700
06102211000800
06102211000900
06102211070100
06102211070200
06102212000200
06102212000400
06102212000500
06102212000700
06102212000800
06102212000900
06102212001100
06102213040100
06102213040200
06102214000100
06102214000300
06102214000600
06102214000700
06102219010200
06102219020100
06102219020200
06102220180100
06102220180200
06102221000100
06102221220100
06102221220200
06102221220300
06102221220400
06102222000100
06102222000300
06102222030100
06102222030200
06102222030300
06102222030400
06102222140100
06102222180100
06102222180200
06102222180300
06102225050100
06102225050200
06102225090200
06102250000100
06102250000200
06102250000300
06102251000100
06102251000200
06102251000300
06102252000101
06102252000200
06102252000300
06102252000400
06102252000500
06102252000600
06102252000700
06102252000900
06102252001000
06102252001300
06102252001400
06102252001500
06102252001700
06102252001800
06102252001900
06102253000100
06102255000100
06102255000300
06102255000900
06102256000100
06102256000200
06102256000300
06102257000100
06102257000200
06102257000900
06102257001000
06102257001300
06102257001400
06102257001600
06102257001700
06102258000100
06102258000200
06102258000300
06102258000400
06102258000500
06102258000600
06102258000700
06102258000800
06102258001100
06102258001200
06102259000100
06102259000200
06102260000100
06102260000200
06102260000300
06102260000400
06102260000500
06102260000600
06102260000700
06102260000800
06102261000100
06102262000100
06102262000200
06102263000300
06102263000400
06102263000500
06102263000600
06102263000700
06102263000800
06102263000900
06102263001000
06102263001100
06102263001200
06102263001300
06102263001400
06102263001500
06102263001600
06102263001700
06102264000200
06102264000300
06102264000400
06102264000500
06102264000600
06102264000700
06102264000800
06102264000900
06102264001000
06102264001100
06102264001200
06102264001300
06102265000100
06102265000200
06102266000200
06102267000100
06102267000200
06102268000100
06102268000200
06102269000100
06102269000200
06102271000100
06102271000200
06102272000100
06102272000200
06102272000300
06102273000100
06102273000200
06102275000100
06102276000100
06102276000200
06102276000300
06102276000400
06102276000500
06102276000600
06102276000700
06102276000800
06102276000900
06102276001100
06102276001200
06102277000100
06102277000200
06102278000100
06102278000200
06102278000300
06102278000400
06102278000500
06102279000100
06102279000200
06102280000100
06102280000200
06102280000300
06102300000200
06102300000300
06102300000400
06102300000500
06102300000700
06102300000800
06102300001000
06102300001001
06102300001100
06102300001200
06102300004500
06102300009800
06102300009900
06102300100000
06102313000200
06102313000300
06102313000400
06102313000500
06102313000600
06102314000100
06102322000100
06102322000200
06102322000300
06102322000500
06102322000600
06102322000700
06102322000800
06102322000900
06102322001000
06102322001100
06102322001200
06102322001400
06102323000100
06102323000300
06102323000400
06102323000500
06102323000600
06102323000700
06102323000800
06102323000900
06102323001000
06102323001100
06102323001200
06102323001300
06102324000100
06102331000100
06102331000200
06102350000100
06102350000200
06102351000100
06102351000300
06102351000400
06102351000500
06102352000100
06102352000200
06102352000300
06102352000400
06102353000100
06102353000200
06102353000300
06102353000400
06102353000500
06102353000600
06102353000700
06102353000800
06102353000900
06102354001000
06102354001100
06102354001200
06102354001300
06102354001400
06102354001500
06102354001600
06102355000100
06102355000200
06102356000100
06102356000200
06102356000300
06102356000400
06102357000100
06102357000200
06102358000100
06102358000200
06102375000100
06102375000200
06102375000300
06102375000400
06102400000100
06102400000300
06102400000500
06102400000600
06102400000700
06102400000800
06102400000900
06102400001000
06102400001100
06102400001700
06102400001800
06102400001900
06102400002000
06102400002100
06102400002200
06102400002500
06102400002600
06102400002700
06102400002800
06102400002900
06102400009800
06102400009900
06102412060100
06102412060200
06102451000100
06102451000200
06102452000100
06102452000200
06102452000300
06102452000400
06102452000500
06102452000600
06102452000700
06102452000800
06102452000900
06102452001000
06102452001100
06102452001200
06102452001300
06102452001400
06102452001500
06102452001600
06102453000100
06102500000200
06102500000300
06102500000500
06102500000600
06102500001000
06102500001400
06102500001500
06102500001600
06102500001700
06102500001800
06102500001900
06102500002000
06102500002100
06102500002200
06102500002300
06102500002500
06102500002600
06102500002700
06102500002800
06102500009900
06102509040100
06102509040200
06102509040300
06102509040400
06102511020100
06102513010100
06102513010200
06102513010300
06102513010400
06102513010500
06102513010600
06102513010700
06102513010800
06102517110100
06102517110200
06102551000200
06102551000300
06102551000400
06102553000100
06102553000200
06102553000300
06102554000200
06102555000200
06102556000100
06102556000200
06102556000300
06102556000400
06102557000100
06102557000200
06102559000200
06102559000300
06102559000400
06102559000500
06102559000600
06102600000100
06102600000700
06102600000800
06102600000900
06102600001000
06102600001200
06102600001300
06102600001400
06102600001700
06102600009900
06102606720100
06102606720200
06102606720300
06102609060100
06102618150200
06102618230100
06102618230200
06102618230300
06102618230400
06102622050100
06102622050200
06102624060100
06102624060200
06102624310100
06102624310200
06102624310300
06102624310400
06102651000200
06102652000100
06102652000200
06102652000300
06102652000400
06102652000500
06102652000600
06102652000700
06102652000800
06102652000900
06102652001000
06102652001100
06102653000400
06102654000400
06102655000100
06102655000200
06102655000300
06102656000100
06102656000200
06102656000300
06102656000400
06102656000500
06102656000700
06102656000800
06102656000900
06102656001000
06102657000100
06102657000200
06102657000300
06102700000100
06102700000200
06102700000300
06102700000400
06102700000500
06102700000600
06102700000700
06102700000800
06102700000900
06102700001000
06102700001100
06102700001200
06102700001300
06102700001400
06102700001500
06102700001600
06102700001700
06102700001800
06102700001900
06102700002000
06102700002100
06102700002200
06102700002400
06102700002500
06102700002600
06102700002700
06102700002900
06102700003000
06102700003100
06102700003200
06102700003300
06102700003400
06102700009900
06102718060100
06102718060200
06102718060300
06102718060400
06102750000100
06102750000200
06102800000100
06102800000200
06102800000300
06102800000600
06102800009900
06102820240100
06102820240200
06102900000100
06102900000200
06102900000300
06102900000500
06103000000100
06103000000200
06103100000000
06103200000100
06103200000200
06103200000300
06103200000400
06103200000500
06103300000100
06103300000200
06103300000300
06103300000400
06103300000500
06103400000100
06103400000200
06103400000300
06103400000400
06103400000500
06103500000100
06103500000200
06103500000300
06103500000400
06103500000500
06103500000600
06103500000700
06103600000100
06103600000200
06103600000300
06103600000400
06110100000000
06110200000000
06110300000100
06110300000200
06110400000100
06110400000200
06110500000000
06110600000000
06110700000000
06110800000000
06110900000000
06111000000000
06111100000000
06111200000000
06111300000000
06111400000000
06111500000000
06111600000000
06111700000000
06111800000000
06111900000100
06111900000200
06111900000300
06111900000400
06111900000500
06111900000600
06111900000700
06111900000800
06111900000900
06111951000100
06111951000200
06112000000100
06112000000200
06112100000100
06112100000200
06112200000000
06112300000000
06112400000000
06112500000000
06112600000000
06112700000000
06112800000000
06112900000100
06112900000200
06112900000300
06112900000400
06112900000700
06112900000800
06112900000900
06112900001000
06112900001100
06112951000100
06112951000200
06113000000100
06113000000300
06113000000400
06113000000500
06113000000600
06113000000700
06113000000800
06113000000900
06113000001000
06113000001100
06113000001400
06113000001500
06113000001600
06113000001700
06113000001800
06113000001900
06113000002000
06113000002100
06113000002200
06113000002300
06113000002400
06113000002500
06113006050100
06113006050200
06113006050300
06113006050400
06113100000300
06113100000400
06113100000700
06113100000800
06113100001000
06113100001100
06113100001200
06113100001300
06113100001600
06113100001700
06113100001800
06113100001900
06113100009900
06113118040100
06113118040200
06113151000200
06113151000300
06113151000400
06113152000100
06113153000100
06113200000100
06113200000200
06113200000300
06113200000401
06113200000500
06113200000700
06113200000800
06113200001000
06113200001100
06113200001200
06113200009900
06113221090100
06113221090200
06113224210100
06113224210200
06113251000500
06113251000600
06113252000200
06113300000100
06113300000200
06113300000300
06113400000100
06113400000200
06113400000300
06113500000000
06113600000000
06120100000000
06120200000100
06120200000200
06120200000500
06120200000700
06120200000800
06120200001200
06120200009900
06120209290200
06120209290300
06120219040100
06120219040200
06120219040400
06120221130200
06120221260100
06120221260200
06120251000100
06120252000100
06120252000200
06120300000100
06120300000200
06120300000300
06120300000500
06120300000600
06120300000700
06120300000800
06120300000900
06120300001000
06120300001100
06120300001200
06120300001400
06120300001500
06120300009900
06120322100100
06120322100200
06120400000100
06120400000200
06120400000300
06120400000400
06120500000200
06120600000000
06120700000000
06120800000100
06120800000200
06120900000100
06120900000200
06120900000300
06120900000400
06121000000700
06121000000900
06121000001000
06121000001100
06121000001200
06121000001300
06121000001400
06121000001500
06121000001600
06121000001700
06121000001800
06121000001900
06121000002000
06121000002100
06121000002200
06121000002300
06121000002500
06121000002600
06121000002700
06121000009900
06121014040100
06121014040200
06121014040300
06121014040400
06121016030100
06121016030200
06121016030300
06121016030400
06121016130100
06121016130200
06121016130300
06121016130400
06121018130100
06121018130300
06121018130400
06121019160100
06121019280100
06121019280200
06121019280300
06121019280400
06121022080100
06121022080200
06121022150100
06121022150200
06121022150300
06121024170100
06121024170200
06121030000300
06121031000100
06121031000300
06121034000100
06121034000200
06121034000300
06121034000400
06121034000500
06121034000600
06121034000700
06121034000800
06121034000900
06121034001000
06121034001100
06121034001200
06121034001500
06121042000100
06121042000200
06121042000300
06121042000400
06121042000500
06121042000700
06121042000800
06121042000900
06121042001000
06121043000100
06121043000300
06121043000400
06121043000500
06121044000100
06121044000200
06121044000300
06121044000400
06121044000500
06121051000100
06121051000200
06121051000300
06121052000400
06121053000100
06121053000200
06121054000100
06121054000200
06121055010100
06121055010400
06121055010900
06121055020100
06121055020300
06121055020400
06121055030100
06121055030300
06121055030600
06121055040100
06121055040200
06121055040300
06121055040400
06121055040600
06121055040900
06121055041000
06121056010300
06121056010400
06121056010500
06121056020100
06121056020300
06121056020500
06121056020900
06121056030100
06121056040100
06121056040900
06121056050100
06121056050300
06121056050900
06121057000100
06121057000200
06121057000300
06121057000400
06121057000500
06121057000600
06121057000800
06121057000900
06121057001000
06121057001100
06121057001200
06121057001300
06121058000100
06121058000200
06121058000300
06121058000400
06121059000100
06121059000200
06121060000100
06121061000100
06121061000200
06121062000200
06121062000300
06121062000400
06121100000100
06121100000200
06121100000300
06121100000400
06121100000500
06121100000600
06121100000700
06121100000800
06121100000900
06121100001000
06121111040200
06121111040300
06121150000100
06121151000200
06121151000300
06121200000100
06121200000400
06121200000401
06121200000700
06121200000800
06121200000900
06121200001100
06121200001200
06121200001300
06121200001400
06121200001500
06121252000200
06121300000200
06121300000300
06121300000400
06121300000500
06121300000700
06121300000800
06121300001000
06121300001100
06121300001200
06121300001300
06121300001400
06121314150100
06121314150200
06121318140300
06121318140400
06121318250100
06121318250200
06121318250300
06121318250400
06121322110100
06121322110200
06121351000100
06121352000100
06121353000100
06121353000200
06121353000300
06121400000100
06121400000200
06121400000300
06121400000400
06121400000500
06121400000600
06121400000700
06121400000800
06121400000900
06121400001000
06121400001100
06121400009900
06121500000100
06121500000300
06121500000400
06121500000600
06121500000700
06121500000800
06121500000900
06121551000200
06121600000100
06121600000200
06121600000300
06121600000400
06121600000500
06121600009900
06121615150100
06121700000000
06121800000000
06121900000100
06121900000300
06121900000400
06121900000500
06121900000600
06121900000700
06121900000800
06121900000900
06121900001000
06121951000100
06121951000200
06121951000300
06121951000400
06122000000200
06122000000300
06122000000400
06122000000500
06122000000600
06122000000700
06122000000800
06122000000900
06122000001000
06122000001200
06122000001300
06122000001500
06122022040100
06122022040200
06122051000100
06122051000200
06122052000100
06122052000200
06122052000300
06122053000100
06122053000300
06122100000100
06122100000200
06122100000300
06122100000400
06122100000500
06122100000600
06122100000800
06122100009900
06122115030100
06122151000100
06122151000200
06122200000100
06122200000200
06122200000300
06122200000400
06122200000500
06122200000600
06122200000700
06122200000800
06122200000900
06122200001000
06122200001100
06122200001200
06122200001400
06122200001500
06122200001600
06122200001700
06122200001701
06122200001800
06122200001900
06122200002000
06122200009900
06122215030200
06122250000100
06122300000100
06122300000200
06122300000300
06122300000400
06122300000500
06122300000600
06122300000800
06122300000900
06122350000100
06122350000200
06122350000300
06122400000100
06122400000200
06122400000300
06122400000400
06122400000500
06122500000100
06122500000200
06122500000400
06122500000500
06122500000600
06122500000700
06122500000800
06122509060100
06122509060200
06122600000100
06122600000200
06122600000300
06122600000400
06122600000500
06122600000600
06122700000100
06122700000200
06122700000300
06122700000400
06122700000500
06122700000600
06122700000700
06122800000100
06122800000101
06122800000200
06122800000300
06122900000100
06122900000200
06122900000300
06123000000100
06123000000200
06123000000300
06123000000400
06123000000500
06123100000100
06123100000200
06123100000300
06123100000400
06123200000100
06123200000200
06123300000100
06123300000200
06123300000300
06123300000400
06123300000401
06123300000500
06123300000600
06123300000700
06123400000100
06123400000200
06123400000400
06123500000100
06123500000200
06123500000300
06123500000400
06123500000600
06123500000700
06123500000800
06123500001000
06123500001100
06123500001200
06123500009900
06123551000100
06123551000200
06123600000000
06130100000000
06130200000100
06130200000200
06130200000300
06130200000400
06130200000500
06130300000100
06130300000200
06130300000300
06130400000100
06130400000200
06130400000300
06130400000400
06130400000500
06130400000600
06130400009900
06130500000100
06130500000200
06130500000300
06130600000100
06130600000200
06130600000300
06130700000100
06130700000200
06130700000300
06130706020100
06130706020200
06130706020300
06130706020400
06130706020500
06130706020600
06130706020700
06130751000200
06130751000300
06130751000400
06130752000100
06130752000200
06130800000000
06130900000100
06130900000200
06130900000300
06130900000400
06130900009900
06131000000100
06131000000200
06131000000300
06131000000400
06131100000100
06131100000200
06131100000300
06131100000400
06131100000500
06131200000100
06131200000200
06131200000300
06131300000100
06131300000200
06131300000300
06131400000100
06131400000200
06131400000300
06131400000400
06131400009900
06131500000100
06131500000200
06131500000300
06131500000400
06131500009900
06131600000100
06131600000200
06131700000000
06131800000100
06131800000200
06131800000300
06131800000400
06131851000100
06131900000100
06131900000200
06132000000000
06132100000000
06132200000000
06132300000100
06132300000200
06132400000100
06132400000200
06132400000300
06132400000400
06132400000500
06132400000600
06132400000700
06132400000800
06132400000900
06132500000100
06132500000200
06132500000300
06132500000400
06132500000500
06132500009900
06132600000000
06132600000100
06132600009900
06132700000000
06132800000000
06132900000000
06133000000000
06133100000000
06133200000000
06133300000000
06133400000000
06133500000000
06133600000000
06140100000100
06140100000200
06140100000300
06140200000100
06140200000200
06140200000300
06140300000000
06140400000000
06140500000000
06140600000100
06140600000200
06140700000100
06140700000200
06140800000000
06140900000000
06141000000100
06141000000200
06141100000100
06141100000200
06141100000300
06141200000000
06141300000100
06141300000200
06141300000300
06141300000400
06141400000100
06141400000200
06141400000300
06141400000400
06141500000100
06141500000200
06141600000100
06141600000200
06141600000300
06141700000100
06141700000200
06141800000100
06141800000200
06141800000300
06141900000100
06141900000200
06141900000300
06142000000100
06142000000200
06142000000300
06142000000400
06142100000100
06142100000200
06142100000300
06142100000400
06142200000200
06142200000300
06142200000400
06142300000000
06142400000000
06142500000000
06142600000000
06142700000000
06142800000100
06142800000200
06142800000300
06142800000400
06142800000500
06142900000100
06142900000200
06143000000100
06143000000200
06143100000100
06143100000200
06143100000300
06143200000100
06143200000200
06143200000300
06143200000400
06143200000500
06143200000600
06143200000700
06143200000800
06143200000900
06143200001000
06143200001100
06143200001200
06143200001300
06143300000000
06143300000100
06143300000200
06143300000300
06143300000400
06143400000000
06143500000000
06143600000000
06150100000000
06150200000100
06150200000200
06150300000000
06150400000100
06150400000200
06150500000000
06150600000100
06150600000200
06150700000100
06150700000200
06150700000300
06150800000000
06150900000000
06151000000100
06151000000200
06151100000100
06151100000200
06151100000300
06151100000400
06151100000500
06151100000600
06151200000100
06151200000200
06151200000300
06151200000400
06151200000500
06151200000600
06151300000000
06151400000100
06151400000200
06151400000300
06151400000400
06151500000100
06151500000200
06151500000300
06151600000100
06151600000200
06151700000100
06151700000200
06151800000000
06151800000100
06151800000300
06151900000000
06152000000000
06152100000000
06152100000100
06152200000100
06152200000200
06152200000300
06152300000100
06152300000200
06152300000300
06152400000100
06152400000300
06152500000000
06152600000000
06152700000000
06152800000100
06152800000200
06152800000300
06152800000400
06152800000500
06152800000600
06152800000700
06152900000000
06152900000100
06153000000000
06153100000000
06153200000000
06153200000100
06153300000100
06153300000200
06153300000300
06153400000200
06153400000300
06153400000400
06153400000500
06153400000600
06153400000700
06153400000800
06153500000200
06153500000300
06153600000100
06160100000000
06160200000000
06160300000000
06160400000000
06160500000000
06160600000000
06160700000200
06160700000300
06160700000400
06160800000000
06160900000000
06161000000000
06161100000000
06161200000000
06161300000100
06161300000200
06161400000000
06161400000100
06161400000200
06161500000100
06161500000200
06161500000300
06161500000400
06161600000100
06161600000200
06161700000000
06161800000100
06161800000200
06161800000300
06161800000400
06161900000000
06162000000100
06162000000200
06162100000000
06162100000100
06162200000100
06162200000300
06162200000400
06162300000100
06162300000200
06162400000000
06162500000000
06162600000000
06162700000000
06162700000100
06162800000100
06162800000200
06162800000300
06162800000400
06162900000000
06163000000100
06163000000200
06163100000100
06163100000200
06163100000300
06163200000000
06163300000000
06163400000000
06163500000000
06163600000000
06170100000000
06170200000000
06170300000000
06170400000000
06170500000000
06170600000000
06170700000000
06170800000000
06170900000000
06171000000000
06171100000000
06171200000000
06171300000000
06171400000000
06171500000000
06171600000000
06171700000100
06171700000200
06171800000100
06171800000200
06171800000300
06171900000000
06172000000100
06172000000200
06172100000000
06172100000100
06172200000100
06172200000200
06172200000300
06172200000400
06172200000500
06172200000600
06172300000100
06172300000200
06172300000300
06172300000400
06172300000500
06172300000600
06172400000100
06172400000200
06172500000000
06172600000100
06172600000200
06172600000300
06172600000400
06172600000500
06172600000600
06172600000700
06172600000800
06172600000900
06172600001000
06172600001100
06172600001200
06172600001300
06172600001400
06172600001500
06172664000100
06172664000200
06172664000300
06172664000400
06172664000500
06172664000600
06172664000700
06172664000800
06172664000900
06172664001000
06172664001100
06172700000100
06172700000200
06172700000300
06172700000400
06172700000500
06172800000000
06172800000100
06172900000000
06173000000100
06173000000200
06173100000000
06173200000000
06173200000100
06173300000000
06173300000100
06173300000200
06173400000200
06173400000300
06173400000400
06173400000600
06173400000800
06173400000900
06173400001000
06173400001100
06173400001200
06173400001300
06173400001400
06173400001500
06173400001600
06173400001700
06173400001800
06173400001900
06173400002000
06173400002100
06173400002200
06173400002300
06173400002400
06173400002500
06173400002700
06173400003000
06173500000100
06173500000200
06173500000600
06173500000700
06173500000800
06173600000000
06173600000100
06180100000000
06180200000000
06180300000000
06180400000000
06180500000000
06180500000100
06180600000000
06180600000100
06180700000000
06180700000100
06180700000200
06180800000000
06180900000000
06181000000000
06181100000000
06181200000000
06181300000000
06181400000000
06181500000000
06181600000000
06181700000000
06181800000000
06181900000100
06181900000200
06181900000300
06182000000100
06182000000200
06182000000300
06182100000100
06182100000200
06182100000300
06182200000100
06182200000200
06182200000300
06182300000100
06182300000200
06182400000100
06182400000200
06182400000300
06182500000000
06182600000000
06182700000000
06182800000000
06182900000000
06183000000000
06183100000000
06183100000100
06183200000000
06183300000000
06183400000100
06183400000300
06183500000100
06183500000200
06183600000000
06190100000100
06190100000200
06190200000000
06190300000100
06190300000200
06190400000100
06190400000200
06190500000000
06190600000000
06190700000000
06190800000100
06190800000200
06190900000100
06190900000200
06191000000100
06191000000200
06191000000300
06191000000400
06191100000100
06191100000200
06191200000000
06191300000100
06191300000200
06191300000300
06191300000400
06191300000500
06191300000600
06191300000700
06191300000800
06191300000900
06191300001100
06191300001200
06191300001300
06191300001400
06191300001500
06191300001600
06191300001800
06191300001900
06191300002000
06191300002100
06191300002200
06191300002400
06191300002500
06191400000100
06191400000200
06191400000300
06191400000400
06191400000500
06191400001000
06191400001100
06191400001200
06191400001300
06191400001400
06191400001500
06191400001600
06191400001700
06191400001800
06191400001900
06191400002100
06191400002400
06191400002500
06191400002600
06191400002700
06191400002800
06191400002900
06191400003100
06191451000100
06191451000200
06191451000400
06191452000100
06191452000200
06191452000300
06191452000400
06191453000100
06191453000200
06191453000300
06191453000400
06191454000100
06191454000200
06191454000300
06191454000400
06191500000100
06191500000200
06191500000300
06191500000400
06191500000500
06191500000600
06191500000700
06191500000800
06191500000900
06191500001000
06191500001100
06191500001200
06191500001300
06191500001400
06191500001500
06191500001600
06191500001700
06191500001800
06191500002000
06191500002100
06191500002200
06191500002300
06191500002400
06191500002500
06191600000000
06191700000100
06191700000200
06191700000300
06191700000400
06191700000500
06191800000100
06191900000100
06191900000200
06192000000100
06192000000200
06192000000300
06192000000400
06192100000100
06192100000200
06192100000300
06192100000400
06192100000500
06192100000600
06192100000700
06192100000800
06192100000900
06192100001000
06192100001100
06192100001200
06192100001300
06192100001400
06192100001500
06192100001600
06192100001700
06192100001800
06192100001900
06192100002000
06192100002100
06192100002200
06192100002300
06192100002500
06192100002700
06192200000100
06192200000200
06192200000300
06192200000400
06192200000500
06192200000600
06192200000700
06192200000800
06192200000900
06192200001000
06192200001200
06192300000300
06192300000400
06192300004900
06192300005000
06192300005100
06192300005200
06192300005300
06192300005500
06192300005600
06192300005800
06192300005900
06192300006000
06192300006100
06192300006300
06192300006400
06192300006800
06192300006900
06192300007200
06192300007300
06192300015400
06192300016200
06192300016500
06192300016800
06192400000100
06192400000200
06192400000300
06192400000400
06192400000500
06192400000600
06192400000700
06192400000900
06192400001000
06192400001100
06192400001200
06192400001300
06192400001400
06192400001500
06192400001600
06192400001700
06192400001800
06192400001900
06192400002000
06192400002100
06192500000000
06192500000100
06192600000200
06192600000300
06192600002100
06192600002200
06192600002300
06192600002400
06192600002700
06192600002800
06192600002900
06192600003000
06192600003100
06192600003200
06192600003500
06192600003600
06192600003700
06192600003800
06192600003900
06192600004000
06192600004100
06192600004200
06192600004300
06192600004400
06192600004500
06192600004600
06192700000000
06192700000100
06192700000200
06192800000000
06192900000100
06192900000200
06192900000300
06193000000100
06193000000200
06193000000300
06193000000400
06193000000500
06193000000600
06193000000700
06193100000000
06193200000100
06193200000200
06193200000300
06193300000100
06193300000200
06193300000300
06193300009900
06193320010100
06193320010200
06193400000100
06193400000300
06193400000400
06193400000500
06193410220100
06193410220200
06193410220300
06193500000200
06193500000300
06193500000400
06193500000500
06193500000600
06193500000700
06193500000800
06193500001000
06193500001100
06193500001200
06193500001300
06193500001600
06193500001700
06193500001800
06193500002000
06193510120100
06193510120200
06193600000000
06200100000100
06200100000200
06200200000100
06200200000200
06200200000300
06200300000100
06200300000200
06200400000100
06200400000200
06200400000300
06200400000400
06200400000500
06200500000100
06200500000200
06200500000300
06200500000400
06200600000100
06200600000200
06200600000300
06200600000400
06200700000500
06200700000600
06200700000700
06200700000800
06200800000100
06200800000200
06200800000300
06200800000400
06200800000401
06200800000500
06200800000600
06200900000100
06200900000200
06200900000300
06200900000400
06200900000500
06200900000600
06201000000100
06201000000200
06201000000300
06201000000400
06201100000100
06201100000200
06201100000300
06201100000400
06201100000500
06201200000100
06201200000200
06201300000200
06201350000100
06201350000200
06201400000200
06201400000300
06201400000400
06201400009800
06201400009900
06201423130100
06201423130200
06201500000100
06201500000200
06201500000500
06201500000600
06201500000700
06201524190100
06201524190200
06201550010100
06201550010600
06201550020100
06201550020700
06201550030100
06201550030500
06201550030700
06201550030800
06201550040100
06201550040300
06201550040700
06201550250100
06201550260100
06201550270100
06201550280100
06201550290100
06201550300100
06201550300400
06201551000100
06201600000100
06201600000200
06201600000300
06201600000400
06201600000500
06201650310100
06201650320100
06201650320300
06201650330100
06201650330200
06201650330300
06201650330400
06201650340100
06201650340500
06201650350100
06201650360100
06201650370100
06201650370200
06201650380100
06201650390100
06201650400100
06201650410100
06201650420100
06201650420200
06201700000100
06201700000200
06201700000300
06201700000400
06201700000500
06201700000600
06201700000700
06201700000800
06201700000900
06201700001000
06201700001100
06201700001200
06201700001300
06201700001400
06201700001500
06201800000100
06201800000200
06201800000300
06201900000100
06201900000200
06201900000300
06202000000100
06202000000300
06202000000400
06202000000500
06202000000600
06202000000700
06202000000800
06202000000900
06202000001000
06202000001100
06202000001200
06202000001300
06202100000200
06202100000400
06202100000500
06202100000600
06202100000700
06202100009900
06202115070100
06202115070200
06202115070300
06202115070400
06202150000100
06202150000200
06202150000300
06202151000100
06202151000500
06202151000600
06202151000700
06202151000800
06202151000900
06202151001100
06202151001200
06202151001300
06202151001400
06202151001500
06202200000100
06202200000200
06202200000300
06202200000400
06202200009900
06202209170100
06202209170200
06202250050100
06202250060100
06202250060200
06202250060300
06202250060500
06202250060600
06202250060800
06202250070100
06202250070200
06202250070500
06202250070700
06202250080100
06202250080500
06202250090100
06202250090300
06202250090700
06202250100100
06202250100300
06202250110100
06202250110300
06202250120100
06202250120300
06202250140100
06202250140300
06202250150100
06202250150500
06202250160100
06202250160300
06202250170100
06202250170200
06202250170300
06202250180100
06202250180300
06202250190100
06202250210100
06202250210400
06202250220100
06202250230100
06202250240100
06202250240200
06202250240300
06202300000100
06202300000200
06202300000300
06202300000400
06202400000100
06202400000200
06202400000300
06202400000400
06202500000100
06202500000200
06202600000100
06202600000200
06202600000201
06202600000300
06202700000100
06202700000200
06202700000300
06202800000100
06202800000200
06202800000300
06202800000600
06202800009800
06202800009900
06202821290100
06202821290200
06202821290400
06202824330100
06202824330200
06202824330300
06202900000100
06202900000200
06203000000100
06203000000200
06203000000300
06203000000400
06203000000500
06203000000600
06203042000100
06203042000200
06203042000300
06203042000400
06203043000100
06203044000100
06203051010000
06203051040000
06203051050000
06203051060500
06203051070000
06203051080100
06203051080300
06203051090000
06203051100100
06203051100400
06203051110000
06203051120100
06203051130000
06203051130300
06203051140000
06203051150100
06203051150600
06203051160000
06203051170100
06203051170300
06203051180000
06203051190000
06203051200100
06203051200300
06203051210000
06203051220000
06203051230000
06203051260000
06203051270000
06203051280000
06203051290000
06203051330000
06203052000100
06203052000200
06203052000300
06203052000400
06203100000100
06203100000200
06203100000300
06203100000400
06203100000500
06203100000600
06203100000800
06203100000900
06203200000100
06203200000200
06203300000100
06203300000200
06203300000300
06203400000100
06203400000200
06203400000300
06203400000400
06203500000100
06203500000200
06203600000100
06203600000200
06203600000300
06210100000000
06210200000000
06210300000100
06210300000200
06210300000300
06210400000100
06210400000200
06210400000300
06210400000400
06210500000100
06210500000200
06210500000300
06210600000100
06210600000200
06210600000300
06210600000400
06210600000500
06210700000100
06210700000200
06210700000300
06210800000100
06210800000200
06210900000100
06210900000200
06211000000000
06211100000100
06211100000200
06211100000300
06211200000100
06211200000200
06211200000300
06211200000400
06211300000100
06211300000200
06211300000300
06211400000100
06211400000200
06211400000300
06211500000100
06211500000200
06211600000100
06211600000200
06211600000300
06211600000400
06211700000100
06211700000200
06211700000300
06211800000100
06211800000200
06211800000300
06211900000100
06211900000200
06211950000200
06212000000100
06212000000200
06212100000000
06212100000100
06212100000200
06212200000100
06212200000200
06212300000100
06212300000200
06212400000100
06212400000200
06212400000300
06212500000100
06212500000200
06212600000100
06212600000200
06212600000300
06212700000000
06212800000100
06212800000200
06212800000300
06212900000100
06212900000200
06212900000300
06212900000400
06213000000100
06213000000200
06213000000300
06213050000100
06213100000100
06213100000200
06213200000100
06213200000200
06213200000300
06213300000000
06213300000100
06213300000200
06213300000400
06213400000000
06213500000100
06213500000200
06213600000000
06220100000000
06220200000100
06220200000200
06220300000000
06220300000100
06220400000000
06220500000000
06220600000100
06220600000200
06220700000100
06220700000200
06220700000300
06220800000100
06220800000200
06220800000300
06220900000000
06221000000100
06221000000200
06221000000300
06221100000100
06221100000200
06221200000000
06221300000000
06221400000000
06221500000100
06221500000200
06221600000000
06221700000000
06221800000000
06221800000100
06221900000100
06221900000200
06221900000300
06221900000400
06222000000100
06222000000200
06222000000300
06222100000000
06222200000000
06222200000100
06222300000100
06222300000200
06222300000300
06222400000000
06222500000000
06222600000100
06222600000200
06222700000100
06222700000200
06222700000300
06222800000200
06222800000300
06222900000100
06222900000200
06222900000300
06222900000400
06223000000000
06223100000100
06223100000200
06223200000100
06223200000200
06223200000300
06223200000400
06223300000100
06223300000200
06223400000100
06223400000200
06223400000300
06223400000400
06223400000500
06223500000100
06223500000200
06223600000000
06230100000000
06230200000100
06230200000200
06230300000000
06230400000000
06230500000000
06230600000000
06230700000000
06230800000100
06230800000200
06230800000300
06230900000000
06230900000100
06231000000000
06231100000000
06231200000000
06231251000100
06231251000200
06231251000300
06231251000400
06231300000100
06231300000200
06231400000000
06231400000100
06231400000200
06231500000000
06231500000100
06231600000000
06231700000000
06231800000000
06231900000000
06232000000000
06232100000000
06232200000000
06232200000100
06232300000000
06232400000000
06232400000100
06232500000000
06232600000000
06232700000000
06232800000000
06232900000000
06233000000100
06233000000200
06233100000000
06233200000000
06233300000100
06233400000100
06233400000200
06233400000300
06233400000400
06233500000100
06233500000200
06233500000300
06233600000000
