transaction_id,account_code,amount,transaction_date,description
TXN00000000,101-000,0.0,2025-09-16T09:52:45.433758,Transaction 0
TXN00000001,101-001,123.45,2025-09-16T09:52:45.433774,Transaction 1
TXN00000002,101-002,246.9,2025-09-16T09:52:45.433779,Transaction 2
TXN00000003,101-003,370.35,2025-09-16T09:52:45.433783,Transaction 3
TXN00000004,101-004,493.8,2025-09-16T09:52:45.433786,Transaction 4
TXN00000005,101-005,617.25,2025-09-16T09:52:45.433790,Transaction 5
TXN00000006,101-006,740.7,2025-09-16T09:52:45.433794,Transaction 6
TXN00000007,101-007,864.15,2025-09-16T09:52:45.433797,Transaction 7
TXN00000008,101-008,987.6,2025-09-16T09:52:45.433800,Transaction 8
TXN00000009,101-009,1111.05,2025-09-16T09:52:45.433803,Transaction 9
TXN00000010,101-000,1234.5,2025-09-16T09:52:45.433806,Transaction 10
TXN00000011,101-001,1357.95,2025-09-16T09:52:45.433809,Transaction 11
TXN00000012,101-002,1481.4,2025-09-16T09:52:45.433812,Transaction 12
TXN00000013,101-003,1604.85,2025-09-16T09:52:45.433815,Transaction 13
TXN00000014,101-004,1728.3,2025-09-16T09:52:45.433818,Transaction 14
TXN00000015,101-005,1851.75,2025-09-16T09:52:45.433821,Transaction 15
TXN00000016,101-006,1975.2,2025-09-16T09:52:45.433824,Transaction 16
TXN00000017,101-007,2098.65,2025-09-16T09:52:45.433827,Transaction 17
TXN00000018,101-008,2222.1,2025-09-16T09:52:45.433830,Transaction 18
TXN00000019,101-009,2345.55,2025-09-16T09:52:45.433833,Transaction 19
TXN00000020,101-000,2469.0,2025-09-16T09:52:45.433836,Transaction 20
TXN00000021,101-001,2592.45,2025-09-16T09:52:45.433839,Transaction 21
TXN00000022,101-002,2715.9,2025-09-16T09:52:45.433842,Transaction 22
TXN00000023,101-003,2839.35,2025-09-16T09:52:45.433845,Transaction 23
TXN00000024,101-004,2962.8,2025-09-16T09:52:45.433848,Transaction 24
TXN00000025,101-005,3086.25,2025-09-16T09:52:45.433851,Transaction 25
TXN00000026,101-006,3209.7,2025-09-16T09:52:45.433854,Transaction 26
TXN00000027,101-007,3333.15,2025-09-16T09:52:45.433857,Transaction 27
TXN00000028,101-008,3456.6,2025-09-16T09:52:45.433859,Transaction 28
TXN00000029,101-009,3580.05,2025-09-16T09:52:45.433862,Transaction 29
TXN00000030,101-000,3703.5,2025-09-16T09:52:45.433865,Transaction 30
TXN00000031,101-001,3826.95,2025-09-16T09:52:45.433868,Transaction 31
TXN00000032,101-002,3950.4,2025-09-16T09:52:45.433870,Transaction 32
TXN00000033,101-003,4073.85,2025-09-16T09:52:45.433873,Transaction 33
TXN00000034,101-004,4197.3,2025-09-16T09:52:45.433876,Transaction 34
TXN00000035,101-005,4320.75,2025-09-16T09:52:45.433879,Transaction 35
TXN00000036,101-006,4444.2,2025-09-16T09:52:45.433882,Transaction 36
TXN00000037,101-007,4567.65,2025-09-16T09:52:45.433884,Transaction 37
TXN00000038,101-008,4691.1,2025-09-16T09:52:45.433887,Transaction 38
TXN00000039,101-009,4814.55,2025-09-16T09:52:45.433890,Transaction 39
TXN00000040,101-000,4938.0,2025-09-16T09:52:45.433893,Transaction 40
TXN00000041,101-001,5061.45,2025-09-16T09:52:45.433896,Transaction 41
TXN00000042,101-002,5184.9,2025-09-16T09:52:45.433899,Transaction 42
TXN00000043,101-003,5308.35,2025-09-16T09:52:45.433902,Transaction 43
TXN00000044,101-004,5431.8,2025-09-16T09:52:45.433905,Transaction 44
TXN00000045,101-005,5555.25,2025-09-16T09:52:45.433907,Transaction 45
TXN00000046,101-006,5678.7,2025-09-16T09:52:45.433910,Transaction 46
TXN00000047,101-007,5802.15,2025-09-16T09:52:45.433913,Transaction 47
TXN00000048,101-008,5925.6,2025-09-16T09:52:45.433916,Transaction 48
TXN00000049,101-009,6049.05,2025-09-16T09:52:45.433919,Transaction 49
TXN00000050,101-000,6172.5,2025-09-16T09:52:45.433922,Transaction 50
TXN00000051,101-001,6295.95,2025-09-16T09:52:45.433924,Transaction 51
TXN00000052,101-002,6419.4,2025-09-16T09:52:45.433927,Transaction 52
TXN00000053,101-003,6542.85,2025-09-16T09:52:45.433930,Transaction 53
TXN00000054,101-004,6666.3,2025-09-16T09:52:45.433934,Transaction 54
TXN00000055,101-005,6789.75,2025-09-16T09:52:45.433936,Transaction 55
TXN00000056,101-006,6913.2,2025-09-16T09:52:45.433939,Transaction 56
TXN00000057,101-007,7036.65,2025-09-16T09:52:45.433942,Transaction 57
TXN00000058,101-008,7160.1,2025-09-16T09:52:45.433945,Transaction 58
TXN00000059,101-009,7283.55,2025-09-16T09:52:45.433948,Transaction 59
TXN00000060,101-000,7407.0,2025-09-16T09:52:45.433951,Transaction 60
TXN00000061,101-001,7530.45,2025-09-16T09:52:45.433953,Transaction 61
TXN00000062,101-002,7653.9,2025-09-16T09:52:45.433956,Transaction 62
TXN00000063,101-003,7777.35,2025-09-16T09:52:45.433959,Transaction 63
TXN00000064,101-004,7900.8,2025-09-16T09:52:45.433962,Transaction 64
TXN00000065,101-005,8024.25,2025-09-16T09:52:45.433965,Transaction 65
TXN00000066,101-006,8147.7,2025-09-16T09:52:45.433968,Transaction 66
TXN00000067,101-007,8271.15,2025-09-16T09:52:45.433971,Transaction 67
TXN00000068,101-008,8394.6,2025-09-16T09:52:45.433974,Transaction 68
TXN00000069,101-009,8518.05,2025-09-16T09:52:45.433976,Transaction 69
TXN00000070,101-000,8641.5,2025-09-16T09:52:45.433979,Transaction 70
TXN00000071,101-001,8764.95,2025-09-16T09:52:45.433982,Transaction 71
TXN00000072,101-002,8888.4,2025-09-16T09:52:45.433985,Transaction 72
TXN00000073,101-003,9011.85,2025-09-16T09:52:45.433988,Transaction 73
TXN00000074,101-004,9135.3,2025-09-16T09:52:45.433990,Transaction 74
TXN00000075,101-005,9258.75,2025-09-16T09:52:45.433993,Transaction 75
TXN00000076,101-006,9382.2,2025-09-16T09:52:45.433997,Transaction 76
TXN00000077,101-007,9505.65,2025-09-16T09:52:45.434001,Transaction 77
TXN00000078,101-008,9629.1,2025-09-16T09:52:45.434004,Transaction 78
TXN00000079,101-009,9752.55,2025-09-16T09:52:45.434007,Transaction 79
TXN00000080,101-000,9876.0,2025-09-16T09:52:45.434010,Transaction 80
TXN00000081,101-001,9999.45,2025-09-16T09:52:45.434012,Transaction 81
TXN00000082,101-002,122.9,2025-09-16T09:52:45.434015,Transaction 82
TXN00000083,101-003,246.35,2025-09-16T09:52:45.434018,Transaction 83
TXN00000084,101-004,369.8,2025-09-16T09:52:45.434021,Transaction 84
TXN00000085,101-005,493.25,2025-09-16T09:52:45.434024,Transaction 85
TXN00000086,101-006,616.7,2025-09-16T09:52:45.434027,Transaction 86
TXN00000087,101-007,740.15,2025-09-16T09:52:45.434029,Transaction 87
TXN00000088,101-008,863.6,2025-09-16T09:52:45.434032,Transaction 88
TXN00000089,101-009,987.05,2025-09-16T09:52:45.434035,Transaction 89
TXN00000090,101-000,1110.5,2025-09-16T09:52:45.434038,Transaction 90
TXN00000091,101-001,1233.95,2025-09-16T09:52:45.434041,Transaction 91
TXN00000092,101-002,1357.4,2025-09-16T09:52:45.434043,Transaction 92
TXN00000093,101-003,1480.85,2025-09-16T09:52:45.434046,Transaction 93
TXN00000094,101-004,1604.3,2025-09-16T09:52:45.434049,Transaction 94
TXN00000095,101-005,1727.75,2025-09-16T09:52:45.434053,Transaction 95
TXN00000096,101-006,1851.2,2025-09-16T09:52:45.434059,Transaction 96
TXN00000097,101-007,1974.65,2025-09-16T09:52:45.434062,Transaction 97
TXN00000098,101-008,2098.1,2025-09-16T09:52:45.434065,Transaction 98
TXN00000099,101-009,2221.55,2025-09-16T09:52:45.434068,Transaction 99
TXN00000100,101-000,2345.0,2025-09-16T09:52:45.434071,Transaction 100
TXN00000101,101-001,2468.45,2025-09-16T09:52:45.434074,Transaction 101
TXN00000102,101-002,2591.9,2025-09-16T09:52:45.434077,Transaction 102
TXN00000103,101-003,2715.35,2025-09-16T09:52:45.434079,Transaction 103
TXN00000104,101-004,2838.8,2025-09-16T09:52:45.434082,Transaction 104
TXN00000105,101-005,2962.25,2025-09-16T09:52:45.434085,Transaction 105
TXN00000106,101-006,3085.7,2025-09-16T09:52:45.434088,Transaction 106
TXN00000107,101-007,3209.15,2025-09-16T09:52:45.434091,Transaction 107
TXN00000108,101-008,3332.6,2025-09-16T09:52:45.434094,Transaction 108
TXN00000109,101-009,3456.05,2025-09-16T09:52:45.434098,Transaction 109
TXN00000110,101-000,3579.5,2025-09-16T09:52:45.434101,Transaction 110
TXN00000111,101-001,3702.95,2025-09-16T09:52:45.434104,Transaction 111
TXN00000112,101-002,3826.4,2025-09-16T09:52:45.434107,Transaction 112
TXN00000113,101-003,3949.85,2025-09-16T09:52:45.434110,Transaction 113
TXN00000114,101-004,4073.3,2025-09-16T09:52:45.434112,Transaction 114
TXN00000115,101-005,4196.75,2025-09-16T09:52:45.434115,Transaction 115
TXN00000116,101-006,4320.2,2025-09-16T09:52:45.434118,Transaction 116
TXN00000117,101-007,4443.65,2025-09-16T09:52:45.434121,Transaction 117
TXN00000118,101-008,4567.1,2025-09-16T09:52:45.434124,Transaction 118
TXN00000119,101-009,4690.55,2025-09-16T09:52:45.434127,Transaction 119
TXN00000120,101-000,4814.0,2025-09-16T09:52:45.434130,Transaction 120
TXN00000121,101-001,4937.45,2025-09-16T09:52:45.434133,Transaction 121
TXN00000122,101-002,5060.9,2025-09-16T09:52:45.434136,Transaction 122
TXN00000123,101-003,5184.35,2025-09-16T09:52:45.434138,Transaction 123
TXN00000124,101-004,5307.8,2025-09-16T09:52:45.434141,Transaction 124
TXN00000125,101-005,5431.25,2025-09-16T09:52:45.434144,Transaction 125
TXN00000126,101-006,5554.7,2025-09-16T09:52:45.434147,Transaction 126
TXN00000127,101-007,5678.15,2025-09-16T09:52:45.434150,Transaction 127
TXN00000128,101-008,5801.6,2025-09-16T09:52:45.434153,Transaction 128
TXN00000129,101-009,5925.05,2025-09-16T09:52:45.434156,Transaction 129
TXN00000130,101-000,6048.5,2025-09-16T09:52:45.434158,Transaction 130
TXN00000131,101-001,6171.95,2025-09-16T09:52:45.434161,Transaction 131
TXN00000132,101-002,6295.4,2025-09-16T09:52:45.434164,Transaction 132
TXN00000133,101-003,6418.85,2025-09-16T09:52:45.434167,Transaction 133
TXN00000134,101-004,6542.3,2025-09-16T09:52:45.434169,Transaction 134
TXN00000135,101-005,6665.75,2025-09-16T09:52:45.434172,Transaction 135
TXN00000136,101-006,6789.2,2025-09-16T09:52:45.434175,Transaction 136
TXN00000137,101-007,6912.65,2025-09-16T09:52:45.434178,Transaction 137
TXN00000138,101-008,7036.1,2025-09-16T09:52:45.434180,Transaction 138
TXN00000139,101-009,7159.55,2025-09-16T09:52:45.434183,Transaction 139
TXN00000140,101-000,7283.0,2025-09-16T09:52:45.434186,Transaction 140
TXN00000141,101-001,7406.45,2025-09-16T09:52:45.434189,Transaction 141
TXN00000142,101-002,7529.9,2025-09-16T09:52:45.434192,Transaction 142
TXN00000143,101-003,7653.35,2025-09-16T09:52:45.434194,Transaction 143
TXN00000144,101-004,7776.8,2025-09-16T09:52:45.434197,Transaction 144
TXN00000145,101-005,7900.25,2025-09-16T09:52:45.434200,Transaction 145
TXN00000146,101-006,8023.7,2025-09-16T09:52:45.434203,Transaction 146
TXN00000147,101-007,8147.15,2025-09-16T09:52:45.434205,Transaction 147
TXN00000148,101-008,8270.6,2025-09-16T09:52:45.434208,Transaction 148
TXN00000149,101-009,8394.05,2025-09-16T09:52:45.434211,Transaction 149
TXN00000150,101-000,8517.5,2025-09-16T09:52:45.434214,Transaction 150
TXN00000151,101-001,8640.95,2025-09-16T09:52:45.434217,Transaction 151
TXN00000152,101-002,8764.4,2025-09-16T09:52:45.434220,Transaction 152
TXN00000153,101-003,8887.85,2025-09-16T09:52:45.434222,Transaction 153
TXN00000154,101-004,9011.3,2025-09-16T09:52:45.434225,Transaction 154
TXN00000155,101-005,9134.75,2025-09-16T09:52:45.434228,Transaction 155
TXN00000156,101-006,9258.2,2025-09-16T09:52:45.434231,Transaction 156
TXN00000157,101-007,9381.65,2025-09-16T09:52:45.434233,Transaction 157
TXN00000158,101-008,9505.1,2025-09-16T09:52:45.434236,Transaction 158
TXN00000159,101-009,9628.55,2025-09-16T09:52:45.434239,Transaction 159
TXN00000160,101-000,9752.0,2025-09-16T09:52:45.434242,Transaction 160
TXN00000161,101-001,9875.45,2025-09-16T09:52:45.434244,Transaction 161
TXN00000162,101-002,9998.9,2025-09-16T09:52:45.434247,Transaction 162
TXN00000163,101-003,122.35,2025-09-16T09:52:45.434250,Transaction 163
TXN00000164,101-004,245.8,2025-09-16T09:52:45.434253,Transaction 164
TXN00000165,101-005,369.25,2025-09-16T09:52:45.434256,Transaction 165
TXN00000166,101-006,492.7,2025-09-16T09:52:45.434258,Transaction 166
TXN00000167,101-007,616.15,2025-09-16T09:52:45.434261,Transaction 167
TXN00000168,101-008,739.6,2025-09-16T09:52:45.434264,Transaction 168
TXN00000169,101-009,863.05,2025-09-16T09:52:45.434267,Transaction 169
TXN00000170,101-000,986.5,2025-09-16T09:52:45.434270,Transaction 170
TXN00000171,101-001,1109.95,2025-09-16T09:52:45.434272,Transaction 171
TXN00000172,101-002,1233.4,2025-09-16T09:52:45.434275,Transaction 172
TXN00000173,101-003,1356.85,2025-09-16T09:52:45.434278,Transaction 173
TXN00000174,101-004,1480.3,2025-09-16T09:52:45.434281,Transaction 174
TXN00000175,101-005,1603.75,2025-09-16T09:52:45.434284,Transaction 175
TXN00000176,101-006,1727.2,2025-09-16T09:52:45.434287,Transaction 176
TXN00000177,101-007,1850.65,2025-09-16T09:52:45.434289,Transaction 177
TXN00000178,101-008,1974.1,2025-09-16T09:52:45.434292,Transaction 178
TXN00000179,101-009,2097.55,2025-09-16T09:52:45.434295,Transaction 179
TXN00000180,101-000,2221.0,2025-09-16T09:52:45.434298,Transaction 180
TXN00000181,101-001,2344.45,2025-09-16T09:52:45.434301,Transaction 181
TXN00000182,101-002,2467.9,2025-09-16T09:52:45.434303,Transaction 182
TXN00000183,101-003,2591.35,2025-09-16T09:52:45.434306,Transaction 183
TXN00000184,101-004,2714.8,2025-09-16T09:52:45.434309,Transaction 184
TXN00000185,101-005,2838.25,2025-09-16T09:52:45.434312,Transaction 185
TXN00000186,101-006,2961.7,2025-09-16T09:52:45.434314,Transaction 186
TXN00000187,101-007,3085.15,2025-09-16T09:52:45.434317,Transaction 187
TXN00000188,101-008,3208.6,2025-09-16T09:52:45.434320,Transaction 188
TXN00000189,101-009,3332.05,2025-09-16T09:52:45.434323,Transaction 189
TXN00000190,101-000,3455.5,2025-09-16T09:52:45.434326,Transaction 190
TXN00000191,101-001,3578.95,2025-09-16T09:52:45.434329,Transaction 191
TXN00000192,101-002,3702.4,2025-09-16T09:52:45.434332,Transaction 192
TXN00000193,101-003,3825.85,2025-09-16T09:52:45.434335,Transaction 193
TXN00000194,101-004,3949.3,2025-09-16T09:52:45.434338,Transaction 194
TXN00000195,101-005,4072.75,2025-09-16T09:52:45.434341,Transaction 195
TXN00000196,101-006,4196.2,2025-09-16T09:52:45.434344,Transaction 196
TXN00000197,101-007,4319.65,2025-09-16T09:52:45.434347,Transaction 197
TXN00000198,101-008,4443.1,2025-09-16T09:52:45.434350,Transaction 198
TXN00000199,101-009,4566.55,2025-09-16T09:52:45.434353,Transaction 199
TXN00000200,101-000,4690.0,2025-09-16T09:52:45.434356,Transaction 200
TXN00000201,101-001,4813.45,2025-09-16T09:52:45.434360,Transaction 201
TXN00000202,101-002,4936.9,2025-09-16T09:52:45.434362,Transaction 202
TXN00000203,101-003,5060.35,2025-09-16T09:52:45.434365,Transaction 203
TXN00000204,101-004,5183.8,2025-09-16T09:52:45.434368,Transaction 204
TXN00000205,101-005,5307.25,2025-09-16T09:52:45.434371,Transaction 205
TXN00000206,101-006,5430.7,2025-09-16T09:52:45.434374,Transaction 206
TXN00000207,101-007,5554.15,2025-09-16T09:52:45.434377,Transaction 207
TXN00000208,101-008,5677.6,2025-09-16T09:52:45.434379,Transaction 208
TXN00000209,101-009,5801.05,2025-09-16T09:52:45.434382,Transaction 209
TXN00000210,101-000,5924.5,2025-09-16T09:52:45.434385,Transaction 210
TXN00000211,101-001,6047.95,2025-09-16T09:52:45.434388,Transaction 211
TXN00000212,101-002,6171.4,2025-09-16T09:52:45.434391,Transaction 212
TXN00000213,101-003,6294.85,2025-09-16T09:52:45.434394,Transaction 213
TXN00000214,101-004,6418.3,2025-09-16T09:52:45.434396,Transaction 214
TXN00000215,101-005,6541.75,2025-09-16T09:52:45.434399,Transaction 215
TXN00000216,101-006,6665.2,2025-09-16T09:52:45.434402,Transaction 216
TXN00000217,101-007,6788.65,2025-09-16T09:52:45.434405,Transaction 217
TXN00000218,101-008,6912.1,2025-09-16T09:52:45.434408,Transaction 218
TXN00000219,101-009,7035.55,2025-09-16T09:52:45.434410,Transaction 219
TXN00000220,101-000,7159.0,2025-09-16T09:52:45.434413,Transaction 220
TXN00000221,101-001,7282.45,2025-09-16T09:52:45.434431,Transaction 221
TXN00000222,101-002,7405.9,2025-09-16T09:52:45.434433,Transaction 222
TXN00000223,101-003,7529.35,2025-09-16T09:52:45.434436,Transaction 223
TXN00000224,101-004,7652.8,2025-09-16T09:52:45.434439,Transaction 224
TXN00000225,101-005,7776.25,2025-09-16T09:52:45.434442,Transaction 225
TXN00000226,101-006,7899.7,2025-09-16T09:52:45.434445,Transaction 226
TXN00000227,101-007,8023.15,2025-09-16T09:52:45.434447,Transaction 227
TXN00000228,101-008,8146.6,2025-09-16T09:52:45.434450,Transaction 228
TXN00000229,101-009,8270.05,2025-09-16T09:52:45.434453,Transaction 229
TXN00000230,101-000,8393.5,2025-09-16T09:52:45.434456,Transaction 230
TXN00000231,101-001,8516.95,2025-09-16T09:52:45.434458,Transaction 231
TXN00000232,101-002,8640.4,2025-09-16T09:52:45.434461,Transaction 232
TXN00000233,101-003,8763.85,2025-09-16T09:52:45.434464,Transaction 233
TXN00000234,101-004,8887.3,2025-09-16T09:52:45.434467,Transaction 234
TXN00000235,101-005,9010.75,2025-09-16T09:52:45.434470,Transaction 235
TXN00000236,101-006,9134.2,2025-09-16T09:52:45.434472,Transaction 236
TXN00000237,101-007,9257.65,2025-09-16T09:52:45.434475,Transaction 237
TXN00000238,101-008,9381.1,2025-09-16T09:52:45.434478,Transaction 238
TXN00000239,101-009,9504.55,2025-09-16T09:52:45.434481,Transaction 239
TXN00000240,101-000,9628.0,2025-09-16T09:52:45.434484,Transaction 240
TXN00000241,101-001,9751.45,2025-09-16T09:52:45.434487,Transaction 241
TXN00000242,101-002,9874.9,2025-09-16T09:52:45.434490,Transaction 242
TXN00000243,101-003,9998.35,2025-09-16T09:52:45.434493,Transaction 243
TXN00000244,101-004,121.8,2025-09-16T09:52:45.434495,Transaction 244
TXN00000245,101-005,245.25,2025-09-16T09:52:45.434498,Transaction 245
TXN00000246,101-006,368.7,2025-09-16T09:52:45.434501,Transaction 246
TXN00000247,101-007,492.15,2025-09-16T09:52:45.434505,Transaction 247
TXN00000248,101-008,615.6,2025-09-16T09:52:45.434508,Transaction 248
TXN00000249,101-009,739.05,2025-09-16T09:52:45.434511,Transaction 249
TXN00000250,101-000,862.5,2025-09-16T09:52:45.434514,Transaction 250
TXN00000251,101-001,985.95,2025-09-16T09:52:45.434516,Transaction 251
TXN00000252,101-002,1109.4,2025-09-16T09:52:45.434519,Transaction 252
TXN00000253,101-003,1232.85,2025-09-16T09:52:45.434522,Transaction 253
TXN00000254,101-004,1356.3,2025-09-16T09:52:45.434525,Transaction 254
TXN00000255,101-005,1479.75,2025-09-16T09:52:45.434528,Transaction 255
TXN00000256,101-006,1603.2,2025-09-16T09:52:45.434531,Transaction 256
TXN00000257,101-007,1726.65,2025-09-16T09:52:45.434534,Transaction 257
TXN00000258,101-008,1850.1,2025-09-16T09:52:45.434537,Transaction 258
TXN00000259,101-009,1973.55,2025-09-16T09:52:45.434540,Transaction 259
TXN00000260,101-000,2097.0,2025-09-16T09:52:45.434542,Transaction 260
TXN00000261,101-001,2220.45,2025-09-16T09:52:45.434545,Transaction 261
TXN00000262,101-002,2343.9,2025-09-16T09:52:45.434548,Transaction 262
TXN00000263,101-003,2467.35,2025-09-16T09:52:45.434551,Transaction 263
TXN00000264,101-004,2590.8,2025-09-16T09:52:45.434554,Transaction 264
TXN00000265,101-005,2714.25,2025-09-16T09:52:45.434557,Transaction 265
TXN00000266,101-006,2837.7,2025-09-16T09:52:45.434559,Transaction 266
TXN00000267,101-007,2961.15,2025-09-16T09:52:45.434562,Transaction 267
TXN00000268,101-008,3084.6,2025-09-16T09:52:45.434565,Transaction 268
TXN00000269,101-009,3208.05,2025-09-16T09:52:45.434568,Transaction 269
TXN00000270,101-000,3331.5,2025-09-16T09:52:45.434571,Transaction 270
TXN00000271,101-001,3454.95,2025-09-16T09:52:45.434574,Transaction 271
TXN00000272,101-002,3578.4,2025-09-16T09:52:45.434577,Transaction 272
TXN00000273,101-003,3701.85,2025-09-16T09:52:45.434581,Transaction 273
TXN00000274,101-004,3825.3,2025-09-16T09:52:45.434584,Transaction 274
TXN00000275,101-005,3948.75,2025-09-16T09:52:45.434587,Transaction 275
TXN00000276,101-006,4072.2,2025-09-16T09:52:45.434590,Transaction 276
TXN00000277,101-007,4195.65,2025-09-16T09:52:45.434593,Transaction 277
TXN00000278,101-008,4319.1,2025-09-16T09:52:45.434596,Transaction 278
TXN00000279,101-009,4442.55,2025-09-16T09:52:45.434599,Transaction 279
TXN00000280,101-000,4566.0,2025-09-16T09:52:45.434602,Transaction 280
TXN00000281,101-001,4689.45,2025-09-16T09:52:45.434605,Transaction 281
TXN00000282,101-002,4812.9,2025-09-16T09:52:45.434608,Transaction 282
TXN00000283,101-003,4936.35,2025-09-16T09:52:45.434611,Transaction 283
TXN00000284,101-004,5059.8,2025-09-16T09:52:45.434614,Transaction 284
TXN00000285,101-005,5183.25,2025-09-16T09:52:45.434617,Transaction 285
TXN00000286,101-006,5306.7,2025-09-16T09:52:45.434620,Transaction 286
TXN00000287,101-007,5430.15,2025-09-16T09:52:45.434623,Transaction 287
TXN00000288,101-008,5553.6,2025-09-16T09:52:45.434626,Transaction 288
TXN00000289,101-009,5677.05,2025-09-16T09:52:45.434629,Transaction 289
TXN00000290,101-000,5800.5,2025-09-16T09:52:45.434631,Transaction 290
TXN00000291,101-001,5923.95,2025-09-16T09:52:45.434634,Transaction 291
TXN00000292,101-002,6047.4,2025-09-16T09:52:45.434637,Transaction 292
TXN00000293,101-003,6170.85,2025-09-16T09:52:45.434640,Transaction 293
TXN00000294,101-004,6294.3,2025-09-16T09:52:45.434643,Transaction 294
TXN00000295,101-005,6417.75,2025-09-16T09:52:45.434646,Transaction 295
TXN00000296,101-006,6541.2,2025-09-16T09:52:45.434649,Transaction 296
TXN00000297,101-007,6664.65,2025-09-16T09:52:45.434652,Transaction 297
TXN00000298,101-008,6788.1,2025-09-16T09:52:45.434654,Transaction 298
TXN00000299,101-009,6911.55,2025-09-16T09:52:45.434657,Transaction 299
TXN00000300,101-000,7035.0,2025-09-16T09:52:45.434660,Transaction 300
TXN00000301,101-001,7158.45,2025-09-16T09:52:45.434663,Transaction 301
TXN00000302,101-002,7281.9,2025-09-16T09:52:45.434666,Transaction 302
TXN00000303,101-003,7405.35,2025-09-16T09:52:45.434669,Transaction 303
TXN00000304,101-004,7528.8,2025-09-16T09:52:45.434672,Transaction 304
TXN00000305,101-005,7652.25,2025-09-16T09:52:45.434674,Transaction 305
TXN00000306,101-006,7775.7,2025-09-16T09:52:45.434677,Transaction 306
TXN00000307,101-007,7899.15,2025-09-16T09:52:45.434680,Transaction 307
TXN00000308,101-008,8022.6,2025-09-16T09:52:45.434683,Transaction 308
TXN00000309,101-009,8146.05,2025-09-16T09:52:45.434686,Transaction 309
TXN00000310,101-000,8269.5,2025-09-16T09:52:45.434689,Transaction 310
TXN00000311,101-001,8392.95,2025-09-16T09:52:45.434692,Transaction 311
TXN00000312,101-002,8516.4,2025-09-16T09:52:45.434694,Transaction 312
TXN00000313,101-003,8639.85,2025-09-16T09:52:45.434697,Transaction 313
TXN00000314,101-004,8763.3,2025-09-16T09:52:45.434700,Transaction 314
TXN00000315,101-005,8886.75,2025-09-16T09:52:45.434703,Transaction 315
TXN00000316,101-006,9010.2,2025-09-16T09:52:45.434706,Transaction 316
TXN00000317,101-007,9133.65,2025-09-16T09:52:45.434708,Transaction 317
TXN00000318,101-008,9257.1,2025-09-16T09:52:45.434711,Transaction 318
TXN00000319,101-009,9380.55,2025-09-16T09:52:45.434714,Transaction 319
TXN00000320,101-000,9504.0,2025-09-16T09:52:45.434717,Transaction 320
TXN00000321,101-001,9627.45,2025-09-16T09:52:45.434720,Transaction 321
TXN00000322,101-002,9750.9,2025-09-16T09:52:45.434722,Transaction 322
TXN00000323,101-003,9874.35,2025-09-16T09:52:45.434725,Transaction 323
TXN00000324,101-004,9997.8,2025-09-16T09:52:45.434728,Transaction 324
TXN00000325,101-005,121.25,2025-09-16T09:52:45.434731,Transaction 325
TXN00000326,101-006,244.7,2025-09-16T09:52:45.434734,Transaction 326
TXN00000327,101-007,368.15,2025-09-16T09:52:45.434737,Transaction 327
TXN00000328,101-008,491.6,2025-09-16T09:52:45.434739,Transaction 328
TXN00000329,101-009,615.05,2025-09-16T09:52:45.434742,Transaction 329
TXN00000330,101-000,738.5,2025-09-16T09:52:45.434745,Transaction 330
TXN00000331,101-001,861.95,2025-09-16T09:52:45.434748,Transaction 331
TXN00000332,101-002,985.4,2025-09-16T09:52:45.434750,Transaction 332
TXN00000333,101-003,1108.85,2025-09-16T09:52:45.434753,Transaction 333
TXN00000334,101-004,1232.3,2025-09-16T09:52:45.434756,Transaction 334
TXN00000335,101-005,1355.75,2025-09-16T09:52:45.434759,Transaction 335
TXN00000336,101-006,1479.2,2025-09-16T09:52:45.434762,Transaction 336
TXN00000337,101-007,1602.65,2025-09-16T09:52:45.434765,Transaction 337
TXN00000338,101-008,1726.1,2025-09-16T09:52:45.434767,Transaction 338
TXN00000339,101-009,1849.55,2025-09-16T09:52:45.434770,Transaction 339
TXN00000340,101-000,1973.0,2025-09-16T09:52:45.434773,Transaction 340
TXN00000341,101-001,2096.45,2025-09-16T09:52:45.434776,Transaction 341
TXN00000342,101-002,2219.9,2025-09-16T09:52:45.434778,Transaction 342
TXN00000343,101-003,2343.35,2025-09-16T09:52:45.434781,Transaction 343
TXN00000344,101-004,2466.8,2025-09-16T09:52:45.434784,Transaction 344
TXN00000345,101-005,2590.25,2025-09-16T09:52:45.434787,Transaction 345
TXN00000346,101-006,2713.7,2025-09-16T09:52:45.434790,Transaction 346
TXN00000347,101-007,2837.15,2025-09-16T09:52:45.434793,Transaction 347
TXN00000348,101-008,2960.6,2025-09-16T09:52:45.434795,Transaction 348
TXN00000349,101-009,3084.05,2025-09-16T09:52:45.434798,Transaction 349
TXN00000350,101-000,3207.5,2025-09-16T09:52:45.434801,Transaction 350
TXN00000351,101-001,3330.95,2025-09-16T09:52:45.434804,Transaction 351
TXN00000352,101-002,3454.4,2025-09-16T09:52:45.434807,Transaction 352
TXN00000353,101-003,3577.85,2025-09-16T09:52:45.434810,Transaction 353
TXN00000354,101-004,3701.3,2025-09-16T09:52:45.434813,Transaction 354
TXN00000355,101-005,3824.75,2025-09-16T09:52:45.434816,Transaction 355
TXN00000356,101-006,3948.2,2025-09-16T09:52:45.434819,Transaction 356
TXN00000357,101-007,4071.65,2025-09-16T09:52:45.434821,Transaction 357
TXN00000358,101-008,4195.1,2025-09-16T09:52:45.434824,Transaction 358
TXN00000359,101-009,4318.55,2025-09-16T09:52:45.434827,Transaction 359
TXN00000360,101-000,4442.0,2025-09-16T09:52:45.434830,Transaction 360
TXN00000361,101-001,4565.45,2025-09-16T09:52:45.434833,Transaction 361
TXN00000362,101-002,4688.9,2025-09-16T09:52:45.434836,Transaction 362
TXN00000363,101-003,4812.35,2025-09-16T09:52:45.434838,Transaction 363
TXN00000364,101-004,4935.8,2025-09-16T09:52:45.434841,Transaction 364
TXN00000365,101-005,5059.25,2025-09-16T09:52:45.434844,Transaction 365
TXN00000366,101-006,5182.7,2025-09-16T09:52:45.434847,Transaction 366
TXN00000367,101-007,5306.15,2025-09-16T09:52:45.434850,Transaction 367
TXN00000368,101-008,5429.6,2025-09-16T09:52:45.434853,Transaction 368
TXN00000369,101-009,5553.05,2025-09-16T09:52:45.434856,Transaction 369
TXN00000370,101-000,5676.5,2025-09-16T09:52:45.434858,Transaction 370
TXN00000371,101-001,5799.95,2025-09-16T09:52:45.434861,Transaction 371
TXN00000372,101-002,5923.4,2025-09-16T09:52:45.434864,Transaction 372
TXN00000373,101-003,6046.85,2025-09-16T09:52:45.434867,Transaction 373
TXN00000374,101-004,6170.3,2025-09-16T09:52:45.434869,Transaction 374
TXN00000375,101-005,6293.75,2025-09-16T09:52:45.434872,Transaction 375
TXN00000376,101-006,6417.2,2025-09-16T09:52:45.434875,Transaction 376
TXN00000377,101-007,6540.65,2025-09-16T09:52:45.434878,Transaction 377
TXN00000378,101-008,6664.1,2025-09-16T09:52:45.434881,Transaction 378
TXN00000379,101-009,6787.55,2025-09-16T09:52:45.434883,Transaction 379
TXN00000380,101-000,6911.0,2025-09-16T09:52:45.434886,Transaction 380
TXN00000381,101-001,7034.45,2025-09-16T09:52:45.434889,Transaction 381
TXN00000382,101-002,7157.9,2025-09-16T09:52:45.434892,Transaction 382
TXN00000383,101-003,7281.35,2025-09-16T09:52:45.434894,Transaction 383
TXN00000384,101-004,7404.8,2025-09-16T09:52:45.434897,Transaction 384
TXN00000385,101-005,7528.25,2025-09-16T09:52:45.434900,Transaction 385
TXN00000386,101-006,7651.7,2025-09-16T09:52:45.434903,Transaction 386
TXN00000387,101-007,7775.15,2025-09-16T09:52:45.434905,Transaction 387
TXN00000388,101-008,7898.6,2025-09-16T09:52:45.434908,Transaction 388
TXN00000389,101-009,8022.05,2025-09-16T09:52:45.434911,Transaction 389
TXN00000390,101-000,8145.5,2025-09-16T09:52:45.434914,Transaction 390
TXN00000391,101-001,8268.95,2025-09-16T09:52:45.434917,Transaction 391
TXN00000392,101-002,8392.4,2025-09-16T09:52:45.434919,Transaction 392
TXN00000393,101-003,8515.85,2025-09-16T09:52:45.434922,Transaction 393
TXN00000394,101-004,8639.3,2025-09-16T09:52:45.434925,Transaction 394
TXN00000395,101-005,8762.75,2025-09-16T09:52:45.434928,Transaction 395
TXN00000396,101-006,8886.2,2025-09-16T09:52:45.434931,Transaction 396
TXN00000397,101-007,9009.65,2025-09-16T09:52:45.434934,Transaction 397
TXN00000398,101-008,9133.1,2025-09-16T09:52:45.434937,Transaction 398
TXN00000399,101-009,9256.55,2025-09-16T09:52:45.434940,Transaction 399
TXN00000400,101-000,9380.0,2025-09-16T09:52:45.434942,Transaction 400
TXN00000401,101-001,9503.45,2025-09-16T09:52:45.434945,Transaction 401
TXN00000402,101-002,9626.9,2025-09-16T09:52:45.434948,Transaction 402
TXN00000403,101-003,9750.35,2025-09-16T09:52:45.434951,Transaction 403
TXN00000404,101-004,9873.8,2025-09-16T09:52:45.434954,Transaction 404
TXN00000405,101-005,9997.25,2025-09-16T09:52:45.434957,Transaction 405
TXN00000406,101-006,120.7,2025-09-16T09:52:45.434959,Transaction 406
TXN00000407,101-007,244.15,2025-09-16T09:52:45.434962,Transaction 407
TXN00000408,101-008,367.6,2025-09-16T09:52:45.434965,Transaction 408
TXN00000409,101-009,491.05,2025-09-16T09:52:45.434968,Transaction 409
TXN00000410,101-000,614.5,2025-09-16T09:52:45.434971,Transaction 410
TXN00000411,101-001,737.95,2025-09-16T09:52:45.434973,Transaction 411
TXN00000412,101-002,861.4,2025-09-16T09:52:45.434976,Transaction 412
TXN00000413,101-003,984.85,2025-09-16T09:52:45.434979,Transaction 413
TXN00000414,101-004,1108.3,2025-09-16T09:52:45.434982,Transaction 414
TXN00000415,101-005,1231.75,2025-09-16T09:52:45.434984,Transaction 415
TXN00000416,101-006,1355.2,2025-09-16T09:52:45.434987,Transaction 416
TXN00000417,101-007,1478.65,2025-09-16T09:52:45.434990,Transaction 417
TXN00000418,101-008,1602.1,2025-09-16T09:52:45.434993,Transaction 418
TXN00000419,101-009,1725.55,2025-09-16T09:52:45.434996,Transaction 419
TXN00000420,101-000,1849.0,2025-09-16T09:52:45.434999,Transaction 420
TXN00000421,101-001,1972.45,2025-09-16T09:52:45.435001,Transaction 421
TXN00000422,101-002,2095.9,2025-09-16T09:52:45.435004,Transaction 422
TXN00000423,101-003,2219.35,2025-09-16T09:52:45.435007,Transaction 423
TXN00000424,101-004,2342.8,2025-09-16T09:52:45.435010,Transaction 424
TXN00000425,101-005,2466.25,2025-09-16T09:52:45.435013,Transaction 425
TXN00000426,101-006,2589.7,2025-09-16T09:52:45.435016,Transaction 426
TXN00000427,101-007,2713.15,2025-09-16T09:52:45.435019,Transaction 427
TXN00000428,101-008,2836.6,2025-09-16T09:52:45.435021,Transaction 428
TXN00000429,101-009,2960.05,2025-09-16T09:52:45.435024,Transaction 429
TXN00000430,101-000,3083.5,2025-09-16T09:52:45.435027,Transaction 430
TXN00000431,101-001,3206.95,2025-09-16T09:52:45.435030,Transaction 431
TXN00000432,101-002,3330.4,2025-09-16T09:52:45.435032,Transaction 432
TXN00000433,101-003,3453.85,2025-09-16T09:52:45.435035,Transaction 433
TXN00000434,101-004,3577.3,2025-09-16T09:52:45.435038,Transaction 434
TXN00000435,101-005,3700.75,2025-09-16T09:52:45.435041,Transaction 435
TXN00000436,101-006,3824.2,2025-09-16T09:52:45.435043,Transaction 436
TXN00000437,101-007,3947.65,2025-09-16T09:52:45.435046,Transaction 437
TXN00000438,101-008,4071.1,2025-09-16T09:52:45.435052,Transaction 438
TXN00000439,101-009,4194.55,2025-09-16T09:52:45.435056,Transaction 439
TXN00000440,101-000,4318.0,2025-09-16T09:52:45.435059,Transaction 440
TXN00000441,101-001,4441.45,2025-09-16T09:52:45.435062,Transaction 441
TXN00000442,101-002,4564.9,2025-09-16T09:52:45.435064,Transaction 442
TXN00000443,101-003,4688.35,2025-09-16T09:52:45.435067,Transaction 443
TXN00000444,101-004,4811.8,2025-09-16T09:52:45.435070,Transaction 444
TXN00000445,101-005,4935.25,2025-09-16T09:52:45.435073,Transaction 445
TXN00000446,101-006,5058.7,2025-09-16T09:52:45.435076,Transaction 446
TXN00000447,101-007,5182.15,2025-09-16T09:52:45.435078,Transaction 447
TXN00000448,101-008,5305.6,2025-09-16T09:52:45.435081,Transaction 448
TXN00000449,101-009,5429.05,2025-09-16T09:52:45.435084,Transaction 449
TXN00000450,101-000,5552.5,2025-09-16T09:52:45.435087,Transaction 450
TXN00000451,101-001,5675.95,2025-09-16T09:52:45.435090,Transaction 451
TXN00000452,101-002,5799.4,2025-09-16T09:52:45.435093,Transaction 452
TXN00000453,101-003,5922.85,2025-09-16T09:52:45.435096,Transaction 453
TXN00000454,101-004,6046.3,2025-09-16T09:52:45.435098,Transaction 454
TXN00000455,101-005,6169.75,2025-09-16T09:52:45.435101,Transaction 455
TXN00000456,101-006,6293.2,2025-09-16T09:52:45.435104,Transaction 456
TXN00000457,101-007,6416.65,2025-09-16T09:52:45.435107,Transaction 457
TXN00000458,101-008,6540.1,2025-09-16T09:52:45.435110,Transaction 458
TXN00000459,101-009,6663.55,2025-09-16T09:52:45.435113,Transaction 459
TXN00000460,101-000,6787.0,2025-09-16T09:52:45.435116,Transaction 460
TXN00000461,101-001,6910.45,2025-09-16T09:52:45.435119,Transaction 461
TXN00000462,101-002,7033.9,2025-09-16T09:52:45.435122,Transaction 462
TXN00000463,101-003,7157.35,2025-09-16T09:52:45.435124,Transaction 463
TXN00000464,101-004,7280.8,2025-09-16T09:52:45.435127,Transaction 464
TXN00000465,101-005,7404.25,2025-09-16T09:52:45.435130,Transaction 465
TXN00000466,101-006,7527.7,2025-09-16T09:52:45.435133,Transaction 466
TXN00000467,101-007,7651.15,2025-09-16T09:52:45.435136,Transaction 467
TXN00000468,101-008,7774.6,2025-09-16T09:52:45.435139,Transaction 468
TXN00000469,101-009,7898.05,2025-09-16T09:52:45.435142,Transaction 469
TXN00000470,101-000,8021.5,2025-09-16T09:52:45.435145,Transaction 470
TXN00000471,101-001,8144.95,2025-09-16T09:52:45.435147,Transaction 471
TXN00000472,101-002,8268.4,2025-09-16T09:52:45.435150,Transaction 472
TXN00000473,101-003,8391.85,2025-09-16T09:52:45.435153,Transaction 473
TXN00000474,101-004,8515.3,2025-09-16T09:52:45.435156,Transaction 474
TXN00000475,101-005,8638.75,2025-09-16T09:52:45.435159,Transaction 475
TXN00000476,101-006,8762.2,2025-09-16T09:52:45.435162,Transaction 476
TXN00000477,101-007,8885.65,2025-09-16T09:52:45.435165,Transaction 477
TXN00000478,101-008,9009.1,2025-09-16T09:52:45.435168,Transaction 478
TXN00000479,101-009,9132.55,2025-09-16T09:52:45.435171,Transaction 479
TXN00000480,101-000,9256.0,2025-09-16T09:52:45.435174,Transaction 480
TXN00000481,101-001,9379.45,2025-09-16T09:52:45.435177,Transaction 481
TXN00000482,101-002,9502.9,2025-09-16T09:52:45.435179,Transaction 482
TXN00000483,101-003,9626.35,2025-09-16T09:52:45.435182,Transaction 483
TXN00000484,101-004,9749.8,2025-09-16T09:52:45.435185,Transaction 484
TXN00000485,101-005,9873.25,2025-09-16T09:52:45.435188,Transaction 485
TXN00000486,101-006,9996.7,2025-09-16T09:52:45.435191,Transaction 486
TXN00000487,101-007,120.15,2025-09-16T09:52:45.435194,Transaction 487
TXN00000488,101-008,243.6,2025-09-16T09:52:45.435196,Transaction 488
TXN00000489,101-009,367.05,2025-09-16T09:52:45.435199,Transaction 489
TXN00000490,101-000,490.5,2025-09-16T09:52:45.435202,Transaction 490
TXN00000491,101-001,613.95,2025-09-16T09:52:45.435205,Transaction 491
TXN00000492,101-002,737.4,2025-09-16T09:52:45.435208,Transaction 492
TXN00000493,101-003,860.85,2025-09-16T09:52:45.435211,Transaction 493
TXN00000494,101-004,984.3,2025-09-16T09:52:45.435213,Transaction 494
TXN00000495,101-005,1107.75,2025-09-16T09:52:45.435216,Transaction 495
TXN00000496,101-006,1231.2,2025-09-16T09:52:45.435219,Transaction 496
TXN00000497,101-007,1354.65,2025-09-16T09:52:45.435222,Transaction 497
TXN00000498,101-008,1478.1,2025-09-16T09:52:45.435225,Transaction 498
TXN00000499,101-009,1601.55,2025-09-16T09:52:45.435228,Transaction 499
TXN00000500,101-000,1725.0,2025-09-16T09:52:45.435230,Transaction 500
TXN00000501,101-001,1848.45,2025-09-16T09:52:45.435260,Transaction 501
TXN00000502,101-002,1971.9,2025-09-16T09:52:45.435270,Transaction 502
TXN00000503,101-003,2095.35,2025-09-16T09:52:45.435274,Transaction 503
TXN00000504,101-004,2218.8,2025-09-16T09:52:45.435277,Transaction 504
TXN00000505,101-005,2342.25,2025-09-16T09:52:45.435280,Transaction 505
TXN00000506,101-006,2465.7,2025-09-16T09:52:45.435283,Transaction 506
TXN00000507,101-007,2589.15,2025-09-16T09:52:45.435286,Transaction 507
TXN00000508,101-008,2712.6,2025-09-16T09:52:45.435289,Transaction 508
TXN00000509,101-009,2836.05,2025-09-16T09:52:45.435292,Transaction 509
TXN00000510,101-000,2959.5,2025-09-16T09:52:45.435295,Transaction 510
TXN00000511,101-001,3082.95,2025-09-16T09:52:45.435298,Transaction 511
TXN00000512,101-002,3206.4,2025-09-16T09:52:45.435301,Transaction 512
TXN00000513,101-003,3329.85,2025-09-16T09:52:45.435303,Transaction 513
TXN00000514,101-004,3453.3,2025-09-16T09:52:45.435306,Transaction 514
TXN00000515,101-005,3576.75,2025-09-16T09:52:45.435309,Transaction 515
TXN00000516,101-006,3700.2,2025-09-16T09:52:45.435312,Transaction 516
TXN00000517,101-007,3823.65,2025-09-16T09:52:45.435315,Transaction 517
TXN00000518,101-008,3947.1,2025-09-16T09:52:45.435318,Transaction 518
TXN00000519,101-009,4070.55,2025-09-16T09:52:45.435321,Transaction 519
TXN00000520,101-000,4194.0,2025-09-16T09:52:45.435324,Transaction 520
TXN00000521,101-001,4317.45,2025-09-16T09:52:45.435328,Transaction 521
TXN00000522,101-002,4440.9,2025-09-16T09:52:45.435331,Transaction 522
TXN00000523,101-003,4564.35,2025-09-16T09:52:45.435334,Transaction 523
TXN00000524,101-004,4687.8,2025-09-16T09:52:45.435337,Transaction 524
TXN00000525,101-005,4811.25,2025-09-16T09:52:45.435340,Transaction 525
TXN00000526,101-006,4934.7,2025-09-16T09:52:45.435343,Transaction 526
TXN00000527,101-007,5058.15,2025-09-16T09:52:45.435346,Transaction 527
TXN00000528,101-008,5181.6,2025-09-16T09:52:45.435348,Transaction 528
TXN00000529,101-009,5305.05,2025-09-16T09:52:45.435351,Transaction 529
TXN00000530,101-000,5428.5,2025-09-16T09:52:45.435354,Transaction 530
TXN00000531,101-001,5551.95,2025-09-16T09:52:45.435357,Transaction 531
TXN00000532,101-002,5675.4,2025-09-16T09:52:45.435360,Transaction 532
TXN00000533,101-003,5798.85,2025-09-16T09:52:45.435363,Transaction 533
TXN00000534,101-004,5922.3,2025-09-16T09:52:45.435366,Transaction 534
TXN00000535,101-005,6045.75,2025-09-16T09:52:45.435369,Transaction 535
TXN00000536,101-006,6169.2,2025-09-16T09:52:45.435372,Transaction 536
TXN00000537,101-007,6292.65,2025-09-16T09:52:45.435375,Transaction 537
TXN00000538,101-008,6416.1,2025-09-16T09:52:45.435378,Transaction 538
TXN00000539,101-009,6539.55,2025-09-16T09:52:45.435381,Transaction 539
TXN00000540,101-000,6663.0,2025-09-16T09:52:45.435383,Transaction 540
TXN00000541,101-001,6786.45,2025-09-16T09:52:45.435386,Transaction 541
TXN00000542,101-002,6909.9,2025-09-16T09:52:45.435389,Transaction 542
TXN00000543,101-003,7033.35,2025-09-16T09:52:45.435392,Transaction 543
TXN00000544,101-004,7156.8,2025-09-16T09:52:45.435395,Transaction 544
TXN00000545,101-005,7280.25,2025-09-16T09:52:45.435398,Transaction 545
TXN00000546,101-006,7403.7,2025-09-16T09:52:45.435401,Transaction 546
TXN00000547,101-007,7527.15,2025-09-16T09:52:45.435404,Transaction 547
TXN00000548,101-008,7650.6,2025-09-16T09:52:45.435406,Transaction 548
TXN00000549,101-009,7774.05,2025-09-16T09:52:45.435409,Transaction 549
TXN00000550,101-000,7897.5,2025-09-16T09:52:45.435412,Transaction 550
TXN00000551,101-001,8020.95,2025-09-16T09:52:45.435415,Transaction 551
TXN00000552,101-002,8144.4,2025-09-16T09:52:45.435418,Transaction 552
TXN00000553,101-003,8267.85,2025-09-16T09:52:45.435421,Transaction 553
TXN00000554,101-004,8391.3,2025-09-16T09:52:45.435423,Transaction 554
TXN00000555,101-005,8514.75,2025-09-16T09:52:45.435426,Transaction 555
TXN00000556,101-006,8638.2,2025-09-16T09:52:45.435429,Transaction 556
TXN00000557,101-007,8761.65,2025-09-16T09:52:45.435432,Transaction 557
TXN00000558,101-008,8885.1,2025-09-16T09:52:45.435435,Transaction 558
TXN00000559,101-009,9008.55,2025-09-16T09:52:45.435437,Transaction 559
TXN00000560,101-000,9132.0,2025-09-16T09:52:45.435440,Transaction 560
TXN00000561,101-001,9255.45,2025-09-16T09:52:45.435443,Transaction 561
TXN00000562,101-002,9378.9,2025-09-16T09:52:45.435446,Transaction 562
TXN00000563,101-003,9502.35,2025-09-16T09:52:45.435449,Transaction 563
TXN00000564,101-004,9625.8,2025-09-16T09:52:45.435452,Transaction 564
TXN00000565,101-005,9749.25,2025-09-16T09:52:45.435454,Transaction 565
TXN00000566,101-006,9872.7,2025-09-16T09:52:45.435457,Transaction 566
TXN00000567,101-007,9996.15,2025-09-16T09:52:45.435460,Transaction 567
TXN00000568,101-008,119.6,2025-09-16T09:52:45.435463,Transaction 568
TXN00000569,101-009,243.05,2025-09-16T09:52:45.435466,Transaction 569
TXN00000570,101-000,366.5,2025-09-16T09:52:45.435469,Transaction 570
TXN00000571,101-001,489.95,2025-09-16T09:52:45.435472,Transaction 571
TXN00000572,101-002,613.4,2025-09-16T09:52:45.435474,Transaction 572
TXN00000573,101-003,736.85,2025-09-16T09:52:45.435477,Transaction 573
TXN00000574,101-004,860.3,2025-09-16T09:52:45.435480,Transaction 574
TXN00000575,101-005,983.75,2025-09-16T09:52:45.435483,Transaction 575
TXN00000576,101-006,1107.2,2025-09-16T09:52:45.435486,Transaction 576
TXN00000577,101-007,1230.65,2025-09-16T09:52:45.435489,Transaction 577
TXN00000578,101-008,1354.1,2025-09-16T09:52:45.435492,Transaction 578
TXN00000579,101-009,1477.55,2025-09-16T09:52:45.435494,Transaction 579
TXN00000580,101-000,1601.0,2025-09-16T09:52:45.435497,Transaction 580
TXN00000581,101-001,1724.45,2025-09-16T09:52:45.435500,Transaction 581
TXN00000582,101-002,1847.9,2025-09-16T09:52:45.435503,Transaction 582
TXN00000583,101-003,1971.35,2025-09-16T09:52:45.435506,Transaction 583
TXN00000584,101-004,2094.8,2025-09-16T09:52:45.435509,Transaction 584
TXN00000585,101-005,2218.25,2025-09-16T09:52:45.435512,Transaction 585
TXN00000586,101-006,2341.7,2025-09-16T09:52:45.435515,Transaction 586
TXN00000587,101-007,2465.15,2025-09-16T09:52:45.435518,Transaction 587
TXN00000588,101-008,2588.6,2025-09-16T09:52:45.435521,Transaction 588
TXN00000589,101-009,2712.05,2025-09-16T09:52:45.435524,Transaction 589
TXN00000590,101-000,2835.5,2025-09-16T09:52:45.435527,Transaction 590
TXN00000591,101-001,2958.95,2025-09-16T09:52:45.435530,Transaction 591
TXN00000592,101-002,3082.4,2025-09-16T09:52:45.435533,Transaction 592
TXN00000593,101-003,3205.85,2025-09-16T09:52:45.435536,Transaction 593
TXN00000594,101-004,3329.3,2025-09-16T09:52:45.435539,Transaction 594
TXN00000595,101-005,3452.75,2025-09-16T09:52:45.435542,Transaction 595
TXN00000596,101-006,3576.2,2025-09-16T09:52:45.435545,Transaction 596
TXN00000597,101-007,3699.65,2025-09-16T09:52:45.435548,Transaction 597
TXN00000598,101-008,3823.1,2025-09-16T09:52:45.435550,Transaction 598
TXN00000599,101-009,3946.55,2025-09-16T09:52:45.435553,Transaction 599
TXN00000600,101-000,4070.0,2025-09-16T09:52:45.435556,Transaction 600
TXN00000601,101-001,4193.45,2025-09-16T09:52:45.435559,Transaction 601
TXN00000602,101-002,4316.9,2025-09-16T09:52:45.435562,Transaction 602
TXN00000603,101-003,4440.35,2025-09-16T09:52:45.435565,Transaction 603
TXN00000604,101-004,4563.8,2025-09-16T09:52:45.435568,Transaction 604
TXN00000605,101-005,4687.25,2025-09-16T09:52:45.435571,Transaction 605
TXN00000606,101-006,4810.7,2025-09-16T09:52:45.435573,Transaction 606
TXN00000607,101-007,4934.15,2025-09-16T09:52:45.435576,Transaction 607
TXN00000608,101-008,5057.6,2025-09-16T09:52:45.435579,Transaction 608
TXN00000609,101-009,5181.05,2025-09-16T09:52:45.435582,Transaction 609
TXN00000610,101-000,5304.5,2025-09-16T09:52:45.435585,Transaction 610
TXN00000611,101-001,5427.95,2025-09-16T09:52:45.435588,Transaction 611
TXN00000612,101-002,5551.4,2025-09-16T09:52:45.435591,Transaction 612
TXN00000613,101-003,5674.85,2025-09-16T09:52:45.435593,Transaction 613
TXN00000614,101-004,5798.3,2025-09-16T09:52:45.435596,Transaction 614
TXN00000615,101-005,5921.75,2025-09-16T09:52:45.435599,Transaction 615
TXN00000616,101-006,6045.2,2025-09-16T09:52:45.435602,Transaction 616
TXN00000617,101-007,6168.65,2025-09-16T09:52:45.435605,Transaction 617
TXN00000618,101-008,6292.1,2025-09-16T09:52:45.435608,Transaction 618
TXN00000619,101-009,6415.55,2025-09-16T09:52:45.435610,Transaction 619
TXN00000620,101-000,6539.0,2025-09-16T09:52:45.435613,Transaction 620
TXN00000621,101-001,6662.45,2025-09-16T09:52:45.435616,Transaction 621
TXN00000622,101-002,6785.9,2025-09-16T09:52:45.435619,Transaction 622
TXN00000623,101-003,6909.35,2025-09-16T09:52:45.435623,Transaction 623
TXN00000624,101-004,7032.8,2025-09-16T09:52:45.435626,Transaction 624
TXN00000625,101-005,7156.25,2025-09-16T09:52:45.435629,Transaction 625
TXN00000626,101-006,7279.7,2025-09-16T09:52:45.435632,Transaction 626
TXN00000627,101-007,7403.15,2025-09-16T09:52:45.435635,Transaction 627
TXN00000628,101-008,7526.6,2025-09-16T09:52:45.435637,Transaction 628
TXN00000629,101-009,7650.05,2025-09-16T09:52:45.435640,Transaction 629
TXN00000630,101-000,7773.5,2025-09-16T09:52:45.435643,Transaction 630
TXN00000631,101-001,7896.95,2025-09-16T09:52:45.435646,Transaction 631
TXN00000632,101-002,8020.4,2025-09-16T09:52:45.435649,Transaction 632
TXN00000633,101-003,8143.85,2025-09-16T09:52:45.435652,Transaction 633
TXN00000634,101-004,8267.3,2025-09-16T09:52:45.435655,Transaction 634
TXN00000635,101-005,8390.75,2025-09-16T09:52:45.435658,Transaction 635
TXN00000636,101-006,8514.2,2025-09-16T09:52:45.435661,Transaction 636
TXN00000637,101-007,8637.65,2025-09-16T09:52:45.435663,Transaction 637
TXN00000638,101-008,8761.1,2025-09-16T09:52:45.435666,Transaction 638
TXN00000639,101-009,8884.55,2025-09-16T09:52:45.435669,Transaction 639
TXN00000640,101-000,9008.0,2025-09-16T09:52:45.435672,Transaction 640
TXN00000641,101-001,9131.45,2025-09-16T09:52:45.435675,Transaction 641
TXN00000642,101-002,9254.9,2025-09-16T09:52:45.435678,Transaction 642
TXN00000643,101-003,9378.35,2025-09-16T09:52:45.435681,Transaction 643
TXN00000644,101-004,9501.8,2025-09-16T09:52:45.435684,Transaction 644
TXN00000645,101-005,9625.25,2025-09-16T09:52:45.435686,Transaction 645
TXN00000646,101-006,9748.7,2025-09-16T09:52:45.435689,Transaction 646
TXN00000647,101-007,9872.15,2025-09-16T09:52:45.435692,Transaction 647
TXN00000648,101-008,9995.6,2025-09-16T09:52:45.435695,Transaction 648
TXN00000649,101-009,119.05,2025-09-16T09:52:45.435698,Transaction 649
TXN00000650,101-000,242.5,2025-09-16T09:52:45.435701,Transaction 650
TXN00000651,101-001,365.95,2025-09-16T09:52:45.435704,Transaction 651
TXN00000652,101-002,489.4,2025-09-16T09:52:45.435707,Transaction 652
TXN00000653,101-003,612.85,2025-09-16T09:52:45.435710,Transaction 653
TXN00000654,101-004,736.3,2025-09-16T09:52:45.435713,Transaction 654
TXN00000655,101-005,859.75,2025-09-16T09:52:45.435715,Transaction 655
TXN00000656,101-006,983.2,2025-09-16T09:52:45.435718,Transaction 656
TXN00000657,101-007,1106.65,2025-09-16T09:52:45.435721,Transaction 657
TXN00000658,101-008,1230.1,2025-09-16T09:52:45.435724,Transaction 658
TXN00000659,101-009,1353.55,2025-09-16T09:52:45.435727,Transaction 659
TXN00000660,101-000,1477.0,2025-09-16T09:52:45.435730,Transaction 660
TXN00000661,101-001,1600.45,2025-09-16T09:52:45.435733,Transaction 661
TXN00000662,101-002,1723.9,2025-09-16T09:52:45.435735,Transaction 662
TXN00000663,101-003,1847.35,2025-09-16T09:52:45.435738,Transaction 663
TXN00000664,101-004,1970.8,2025-09-16T09:52:45.435741,Transaction 664
TXN00000665,101-005,2094.25,2025-09-16T09:52:45.435744,Transaction 665
TXN00000666,101-006,2217.7,2025-09-16T09:52:45.435747,Transaction 666
TXN00000667,101-007,2341.15,2025-09-16T09:52:45.435750,Transaction 667
TXN00000668,101-008,2464.6,2025-09-16T09:52:45.435753,Transaction 668
TXN00000669,101-009,2588.05,2025-09-16T09:52:45.435755,Transaction 669
TXN00000670,101-000,2711.5,2025-09-16T09:52:45.435758,Transaction 670
TXN00000671,101-001,2834.95,2025-09-16T09:52:45.435761,Transaction 671
TXN00000672,101-002,2958.4,2025-09-16T09:52:45.435764,Transaction 672
TXN00000673,101-003,3081.85,2025-09-16T09:52:45.435767,Transaction 673
TXN00000674,101-004,3205.3,2025-09-16T09:52:45.435770,Transaction 674
TXN00000675,101-005,3328.75,2025-09-16T09:52:45.435772,Transaction 675
TXN00000676,101-006,3452.2,2025-09-16T09:52:45.435775,Transaction 676
TXN00000677,101-007,3575.65,2025-09-16T09:52:45.435778,Transaction 677
TXN00000678,101-008,3699.1,2025-09-16T09:52:45.435781,Transaction 678
TXN00000679,101-009,3822.55,2025-09-16T09:52:45.435784,Transaction 679
TXN00000680,101-000,3946.0,2025-09-16T09:52:45.435787,Transaction 680
TXN00000681,101-001,4069.45,2025-09-16T09:52:45.435790,Transaction 681
TXN00000682,101-002,4192.9,2025-09-16T09:52:45.435793,Transaction 682
TXN00000683,101-003,4316.35,2025-09-16T09:52:45.435796,Transaction 683
TXN00000684,101-004,4439.8,2025-09-16T09:52:45.435799,Transaction 684
TXN00000685,101-005,4563.25,2025-09-16T09:52:45.435802,Transaction 685
TXN00000686,101-006,4686.7,2025-09-16T09:52:45.435805,Transaction 686
TXN00000687,101-007,4810.15,2025-09-16T09:52:45.435808,Transaction 687
TXN00000688,101-008,4933.6,2025-09-16T09:52:45.435811,Transaction 688
TXN00000689,101-009,5057.05,2025-09-16T09:52:45.435813,Transaction 689
TXN00000690,101-000,5180.5,2025-09-16T09:52:45.435816,Transaction 690
TXN00000691,101-001,5303.95,2025-09-16T09:52:45.435819,Transaction 691
TXN00000692,101-002,5427.4,2025-09-16T09:52:45.435822,Transaction 692
TXN00000693,101-003,5550.85,2025-09-16T09:52:45.435825,Transaction 693
TXN00000694,101-004,5674.3,2025-09-16T09:52:45.435827,Transaction 694
TXN00000695,101-005,5797.75,2025-09-16T09:52:45.435830,Transaction 695
TXN00000696,101-006,5921.2,2025-09-16T09:52:45.435833,Transaction 696
TXN00000697,101-007,6044.65,2025-09-16T09:52:45.435836,Transaction 697
TXN00000698,101-008,6168.1,2025-09-16T09:52:45.435839,Transaction 698
TXN00000699,101-009,6291.55,2025-09-16T09:52:45.435841,Transaction 699
TXN00000700,101-000,6415.0,2025-09-16T09:52:45.435844,Transaction 700
TXN00000701,101-001,6538.45,2025-09-16T09:52:45.435847,Transaction 701
TXN00000702,101-002,6661.9,2025-09-16T09:52:45.435850,Transaction 702
TXN00000703,101-003,6785.35,2025-09-16T09:52:45.435853,Transaction 703
TXN00000704,101-004,6908.8,2025-09-16T09:52:45.435855,Transaction 704
TXN00000705,101-005,7032.25,2025-09-16T09:52:45.435858,Transaction 705
TXN00000706,101-006,7155.7,2025-09-16T09:52:45.435861,Transaction 706
TXN00000707,101-007,7279.15,2025-09-16T09:52:45.435864,Transaction 707
TXN00000708,101-008,7402.6,2025-09-16T09:52:45.435867,Transaction 708
TXN00000709,101-009,7526.05,2025-09-16T09:52:45.435870,Transaction 709
TXN00000710,101-000,7649.5,2025-09-16T09:52:45.435872,Transaction 710
TXN00000711,101-001,7772.95,2025-09-16T09:52:45.435875,Transaction 711
TXN00000712,101-002,7896.4,2025-09-16T09:52:45.435878,Transaction 712
TXN00000713,101-003,8019.85,2025-09-16T09:52:45.435881,Transaction 713
TXN00000714,101-004,8143.3,2025-09-16T09:52:45.435884,Transaction 714
TXN00000715,101-005,8266.75,2025-09-16T09:52:45.435887,Transaction 715
TXN00000716,101-006,8390.2,2025-09-16T09:52:45.435889,Transaction 716
TXN00000717,101-007,8513.65,2025-09-16T09:52:45.435892,Transaction 717
TXN00000718,101-008,8637.1,2025-09-16T09:52:45.435895,Transaction 718
TXN00000719,101-009,8760.55,2025-09-16T09:52:45.435898,Transaction 719
TXN00000720,101-000,8884.0,2025-09-16T09:52:45.435901,Transaction 720
TXN00000721,101-001,9007.45,2025-09-16T09:52:45.435903,Transaction 721
TXN00000722,101-002,9130.9,2025-09-16T09:52:45.435906,Transaction 722
TXN00000723,101-003,9254.35,2025-09-16T09:52:45.435909,Transaction 723
TXN00000724,101-004,9377.8,2025-09-16T09:52:45.435912,Transaction 724
TXN00000725,101-005,9501.25,2025-09-16T09:52:45.435915,Transaction 725
TXN00000726,101-006,9624.7,2025-09-16T09:52:45.435918,Transaction 726
TXN00000727,101-007,9748.15,2025-09-16T09:52:45.435920,Transaction 727
TXN00000728,101-008,9871.6,2025-09-16T09:52:45.435923,Transaction 728
TXN00000729,101-009,9995.05,2025-09-16T09:52:45.435926,Transaction 729
TXN00000730,101-000,118.5,2025-09-16T09:52:45.435929,Transaction 730
TXN00000731,101-001,241.95,2025-09-16T09:52:45.435932,Transaction 731
TXN00000732,101-002,365.4,2025-09-16T09:52:45.435935,Transaction 732
TXN00000733,101-003,488.85,2025-09-16T09:52:45.435938,Transaction 733
TXN00000734,101-004,612.3,2025-09-16T09:52:45.435941,Transaction 734
TXN00000735,101-005,735.75,2025-09-16T09:52:45.435944,Transaction 735
TXN00000736,101-006,859.2,2025-09-16T09:52:45.435947,Transaction 736
TXN00000737,101-007,982.65,2025-09-16T09:52:45.435949,Transaction 737
TXN00000738,101-008,1106.1,2025-09-16T09:52:45.435952,Transaction 738
TXN00000739,101-009,1229.55,2025-09-16T09:52:45.435955,Transaction 739
TXN00000740,101-000,1353.0,2025-09-16T09:52:45.435958,Transaction 740
TXN00000741,101-001,1476.45,2025-09-16T09:52:45.435961,Transaction 741
TXN00000742,101-002,1599.9,2025-09-16T09:52:45.435964,Transaction 742
TXN00000743,101-003,1723.35,2025-09-16T09:52:45.435967,Transaction 743
TXN00000744,101-004,1846.8,2025-09-16T09:52:45.435969,Transaction 744
TXN00000745,101-005,1970.25,2025-09-16T09:52:45.435972,Transaction 745
TXN00000746,101-006,2093.7,2025-09-16T09:52:45.435975,Transaction 746
TXN00000747,101-007,2217.15,2025-09-16T09:52:45.436023,Transaction 747
TXN00000748,101-008,2340.6,2025-09-16T09:52:45.436026,Transaction 748
TXN00000749,101-009,2464.05,2025-09-16T09:52:45.436029,Transaction 749
TXN00000750,101-000,2587.5,2025-09-16T09:52:45.436032,Transaction 750
TXN00000751,101-001,2710.95,2025-09-16T09:52:45.436035,Transaction 751
TXN00000752,101-002,2834.4,2025-09-16T09:52:45.436038,Transaction 752
TXN00000753,101-003,2957.85,2025-09-16T09:52:45.436040,Transaction 753
TXN00000754,101-004,3081.3,2025-09-16T09:52:45.436043,Transaction 754
TXN00000755,101-005,3204.75,2025-09-16T09:52:45.436046,Transaction 755
TXN00000756,101-006,3328.2,2025-09-16T09:52:45.436049,Transaction 756
TXN00000757,101-007,3451.65,2025-09-16T09:52:45.436052,Transaction 757
TXN00000758,101-008,3575.1,2025-09-16T09:52:45.436055,Transaction 758
TXN00000759,101-009,3698.55,2025-09-16T09:52:45.436057,Transaction 759
TXN00000760,101-000,3822.0,2025-09-16T09:52:45.436060,Transaction 760
TXN00000761,101-001,3945.45,2025-09-16T09:52:45.436063,Transaction 761
TXN00000762,101-002,4068.9,2025-09-16T09:52:45.436066,Transaction 762
TXN00000763,101-003,4192.35,2025-09-16T09:52:45.436069,Transaction 763
TXN00000764,101-004,4315.8,2025-09-16T09:52:45.436072,Transaction 764
TXN00000765,101-005,4439.25,2025-09-16T09:52:45.436075,Transaction 765
TXN00000766,101-006,4562.7,2025-09-16T09:52:45.436078,Transaction 766
TXN00000767,101-007,4686.15,2025-09-16T09:52:45.436081,Transaction 767
TXN00000768,101-008,4809.6,2025-09-16T09:52:45.436084,Transaction 768
TXN00000769,101-009,4933.05,2025-09-16T09:52:45.436086,Transaction 769
TXN00000770,101-000,5056.5,2025-09-16T09:52:45.436089,Transaction 770
TXN00000771,101-001,5179.95,2025-09-16T09:52:45.436092,Transaction 771
TXN00000772,101-002,5303.4,2025-09-16T09:52:45.436106,Transaction 772
TXN00000773,101-003,5426.85,2025-09-16T09:52:45.436111,Transaction 773
TXN00000774,101-004,5550.3,2025-09-16T09:52:45.436113,Transaction 774
TXN00000775,101-005,5673.75,2025-09-16T09:52:45.436116,Transaction 775
TXN00000776,101-006,5797.2,2025-09-16T09:52:45.436119,Transaction 776
TXN00000777,101-007,5920.65,2025-09-16T09:52:45.436122,Transaction 777
TXN00000778,101-008,6044.1,2025-09-16T09:52:45.436125,Transaction 778
TXN00000779,101-009,6167.55,2025-09-16T09:52:45.436127,Transaction 779
TXN00000780,101-000,6291.0,2025-09-16T09:52:45.436130,Transaction 780
TXN00000781,101-001,6414.45,2025-09-16T09:52:45.436133,Transaction 781
TXN00000782,101-002,6537.9,2025-09-16T09:52:45.436136,Transaction 782
TXN00000783,101-003,6661.35,2025-09-16T09:52:45.436139,Transaction 783
TXN00000784,101-004,6784.8,2025-09-16T09:52:45.436142,Transaction 784
TXN00000785,101-005,6908.25,2025-09-16T09:52:45.436144,Transaction 785
TXN00000786,101-006,7031.7,2025-09-16T09:52:45.436147,Transaction 786
TXN00000787,101-007,7155.15,2025-09-16T09:52:45.436150,Transaction 787
TXN00000788,101-008,7278.6,2025-09-16T09:52:45.436153,Transaction 788
TXN00000789,101-009,7402.05,2025-09-16T09:52:45.436156,Transaction 789
TXN00000790,101-000,7525.5,2025-09-16T09:52:45.436159,Transaction 790
TXN00000791,101-001,7648.95,2025-09-16T09:52:45.436162,Transaction 791
TXN00000792,101-002,7772.4,2025-09-16T09:52:45.436164,Transaction 792
TXN00000793,101-003,7895.85,2025-09-16T09:52:45.436167,Transaction 793
TXN00000794,101-004,8019.3,2025-09-16T09:52:45.436170,Transaction 794
TXN00000795,101-005,8142.75,2025-09-16T09:52:45.436173,Transaction 795
TXN00000796,101-006,8266.2,2025-09-16T09:52:45.436176,Transaction 796
TXN00000797,101-007,8389.65,2025-09-16T09:52:45.436179,Transaction 797
TXN00000798,101-008,8513.1,2025-09-16T09:52:45.436182,Transaction 798
TXN00000799,101-009,8636.55,2025-09-16T09:52:45.436184,Transaction 799
TXN00000800,101-000,8760.0,2025-09-16T09:52:45.436187,Transaction 800
TXN00000801,101-001,8883.45,2025-09-16T09:52:45.436190,Transaction 801
TXN00000802,101-002,9006.9,2025-09-16T09:52:45.436193,Transaction 802
TXN00000803,101-003,9130.35,2025-09-16T09:52:45.436196,Transaction 803
TXN00000804,101-004,9253.8,2025-09-16T09:52:45.436199,Transaction 804
TXN00000805,101-005,9377.25,2025-09-16T09:52:45.436202,Transaction 805
TXN00000806,101-006,9500.7,2025-09-16T09:52:45.436205,Transaction 806
TXN00000807,101-007,9624.15,2025-09-16T09:52:45.436208,Transaction 807
TXN00000808,101-008,9747.6,2025-09-16T09:52:45.436210,Transaction 808
TXN00000809,101-009,9871.05,2025-09-16T09:52:45.436213,Transaction 809
TXN00000810,101-000,9994.5,2025-09-16T09:52:45.436216,Transaction 810
TXN00000811,101-001,117.95,2025-09-16T09:52:45.436219,Transaction 811
TXN00000812,101-002,241.4,2025-09-16T09:52:45.436222,Transaction 812
TXN00000813,101-003,364.85,2025-09-16T09:52:45.436225,Transaction 813
TXN00000814,101-004,488.3,2025-09-16T09:52:45.436228,Transaction 814
TXN00000815,101-005,611.75,2025-09-16T09:52:45.436231,Transaction 815
TXN00000816,101-006,735.2,2025-09-16T09:52:45.436233,Transaction 816
TXN00000817,101-007,858.65,2025-09-16T09:52:45.436236,Transaction 817
TXN00000818,101-008,982.1,2025-09-16T09:52:45.436239,Transaction 818
TXN00000819,101-009,1105.55,2025-09-16T09:52:45.436242,Transaction 819
TXN00000820,101-000,1229.0,2025-09-16T09:52:45.436245,Transaction 820
TXN00000821,101-001,1352.45,2025-09-16T09:52:45.436247,Transaction 821
TXN00000822,101-002,1475.9,2025-09-16T09:52:45.436250,Transaction 822
TXN00000823,101-003,1599.35,2025-09-16T09:52:45.436253,Transaction 823
TXN00000824,101-004,1722.8,2025-09-16T09:52:45.436256,Transaction 824
TXN00000825,101-005,1846.25,2025-09-16T09:52:45.436259,Transaction 825
TXN00000826,101-006,1969.7,2025-09-16T09:52:45.436261,Transaction 826
TXN00000827,101-007,2093.15,2025-09-16T09:52:45.436264,Transaction 827
TXN00000828,101-008,2216.6,2025-09-16T09:52:45.436267,Transaction 828
TXN00000829,101-009,2340.05,2025-09-16T09:52:45.436270,Transaction 829
TXN00000830,101-000,2463.5,2025-09-16T09:52:45.436273,Transaction 830
TXN00000831,101-001,2586.95,2025-09-16T09:52:45.436276,Transaction 831
TXN00000832,101-002,2710.4,2025-09-16T09:52:45.436278,Transaction 832
TXN00000833,101-003,2833.85,2025-09-16T09:52:45.436281,Transaction 833
TXN00000834,101-004,2957.3,2025-09-16T09:52:45.436284,Transaction 834
TXN00000835,101-005,3080.75,2025-09-16T09:52:45.436287,Transaction 835
TXN00000836,101-006,3204.2,2025-09-16T09:52:45.436290,Transaction 836
TXN00000837,101-007,3327.65,2025-09-16T09:52:45.436293,Transaction 837
TXN00000838,101-008,3451.1,2025-09-16T09:52:45.436295,Transaction 838
TXN00000839,101-009,3574.55,2025-09-16T09:52:45.436298,Transaction 839
TXN00000840,101-000,3698.0,2025-09-16T09:52:45.436301,Transaction 840
TXN00000841,101-001,3821.45,2025-09-16T09:52:45.436304,Transaction 841
TXN00000842,101-002,3944.9,2025-09-16T09:52:45.436307,Transaction 842
TXN00000843,101-003,4068.35,2025-09-16T09:52:45.436310,Transaction 843
TXN00000844,101-004,4191.8,2025-09-16T09:52:45.436313,Transaction 844
TXN00000845,101-005,4315.25,2025-09-16T09:52:45.436315,Transaction 845
TXN00000846,101-006,4438.7,2025-09-16T09:52:45.436318,Transaction 846
TXN00000847,101-007,4562.15,2025-09-16T09:52:45.436321,Transaction 847
TXN00000848,101-008,4685.6,2025-09-16T09:52:45.436324,Transaction 848
TXN00000849,101-009,4809.05,2025-09-16T09:52:45.436327,Transaction 849
TXN00000850,101-000,4932.5,2025-09-16T09:52:45.436330,Transaction 850
TXN00000851,101-001,5055.95,2025-09-16T09:52:45.436332,Transaction 851
TXN00000852,101-002,5179.4,2025-09-16T09:52:45.436335,Transaction 852
TXN00000853,101-003,5302.85,2025-09-16T09:52:45.436338,Transaction 853
TXN00000854,101-004,5426.3,2025-09-16T09:52:45.436341,Transaction 854
TXN00000855,101-005,5549.75,2025-09-16T09:52:45.436344,Transaction 855
TXN00000856,101-006,5673.2,2025-09-16T09:52:45.436346,Transaction 856
TXN00000857,101-007,5796.65,2025-09-16T09:52:45.436350,Transaction 857
TXN00000858,101-008,5920.1,2025-09-16T09:52:45.436352,Transaction 858
TXN00000859,101-009,6043.55,2025-09-16T09:52:45.436355,Transaction 859
TXN00000860,101-000,6167.0,2025-09-16T09:52:45.436358,Transaction 860
TXN00000861,101-001,6290.45,2025-09-16T09:52:45.436361,Transaction 861
TXN00000862,101-002,6413.9,2025-09-16T09:52:45.436364,Transaction 862
TXN00000863,101-003,6537.35,2025-09-16T09:52:45.436367,Transaction 863
TXN00000864,101-004,6660.8,2025-09-16T09:52:45.436370,Transaction 864
TXN00000865,101-005,6784.25,2025-09-16T09:52:45.436372,Transaction 865
TXN00000866,101-006,6907.7,2025-09-16T09:52:45.436375,Transaction 866
TXN00000867,101-007,7031.15,2025-09-16T09:52:45.436378,Transaction 867
TXN00000868,101-008,7154.6,2025-09-16T09:52:45.436381,Transaction 868
TXN00000869,101-009,7278.05,2025-09-16T09:52:45.436384,Transaction 869
TXN00000870,101-000,7401.5,2025-09-16T09:52:45.436387,Transaction 870
TXN00000871,101-001,7524.95,2025-09-16T09:52:45.436390,Transaction 871
TXN00000872,101-002,7648.4,2025-09-16T09:52:45.436392,Transaction 872
TXN00000873,101-003,7771.85,2025-09-16T09:52:45.436395,Transaction 873
TXN00000874,101-004,7895.3,2025-09-16T09:52:45.436398,Transaction 874
TXN00000875,101-005,8018.75,2025-09-16T09:52:45.436401,Transaction 875
TXN00000876,101-006,8142.2,2025-09-16T09:52:45.436404,Transaction 876
TXN00000877,101-007,8265.65,2025-09-16T09:52:45.436407,Transaction 877
TXN00000878,101-008,8389.1,2025-09-16T09:52:45.436409,Transaction 878
TXN00000879,101-009,8512.55,2025-09-16T09:52:45.436412,Transaction 879
TXN00000880,101-000,8636.0,2025-09-16T09:52:45.436415,Transaction 880
TXN00000881,101-001,8759.45,2025-09-16T09:52:45.436418,Transaction 881
TXN00000882,101-002,8882.9,2025-09-16T09:52:45.436421,Transaction 882
TXN00000883,101-003,9006.35,2025-09-16T09:52:45.436424,Transaction 883
TXN00000884,101-004,9129.8,2025-09-16T09:52:45.436427,Transaction 884
TXN00000885,101-005,9253.25,2025-09-16T09:52:45.436430,Transaction 885
TXN00000886,101-006,9376.7,2025-09-16T09:52:45.436433,Transaction 886
TXN00000887,101-007,9500.15,2025-09-16T09:52:45.436436,Transaction 887
TXN00000888,101-008,9623.6,2025-09-16T09:52:45.436439,Transaction 888
TXN00000889,101-009,9747.05,2025-09-16T09:52:45.436442,Transaction 889
TXN00000890,101-000,9870.5,2025-09-16T09:52:45.436445,Transaction 890
TXN00000891,101-001,9993.95,2025-09-16T09:52:45.436448,Transaction 891
TXN00000892,101-002,117.4,2025-09-16T09:52:45.436451,Transaction 892
TXN00000893,101-003,240.85,2025-09-16T09:52:45.436453,Transaction 893
TXN00000894,101-004,364.3,2025-09-16T09:52:45.436456,Transaction 894
TXN00000895,101-005,487.75,2025-09-16T09:52:45.436459,Transaction 895
TXN00000896,101-006,611.2,2025-09-16T09:52:45.436462,Transaction 896
TXN00000897,101-007,734.65,2025-09-16T09:52:45.436465,Transaction 897
TXN00000898,101-008,858.1,2025-09-16T09:52:45.436467,Transaction 898
TXN00000899,101-009,981.55,2025-09-16T09:52:45.436470,Transaction 899
TXN00000900,101-000,1105.0,2025-09-16T09:52:45.436473,Transaction 900
TXN00000901,101-001,1228.45,2025-09-16T09:52:45.436476,Transaction 901
TXN00000902,101-002,1351.9,2025-09-16T09:52:45.436479,Transaction 902
TXN00000903,101-003,1475.35,2025-09-16T09:52:45.436482,Transaction 903
TXN00000904,101-004,1598.8,2025-09-16T09:52:45.436485,Transaction 904
TXN00000905,101-005,1722.25,2025-09-16T09:52:45.436488,Transaction 905
TXN00000906,101-006,1845.7,2025-09-16T09:52:45.436491,Transaction 906
TXN00000907,101-007,1969.15,2025-09-16T09:52:45.436494,Transaction 907
TXN00000908,101-008,2092.6,2025-09-16T09:52:45.436497,Transaction 908
TXN00000909,101-009,2216.05,2025-09-16T09:52:45.436500,Transaction 909
TXN00000910,101-000,2339.5,2025-09-16T09:52:45.436503,Transaction 910
TXN00000911,101-001,2462.95,2025-09-16T09:52:45.436506,Transaction 911
TXN00000912,101-002,2586.4,2025-09-16T09:52:45.436508,Transaction 912
TXN00000913,101-003,2709.85,2025-09-16T09:52:45.436511,Transaction 913
TXN00000914,101-004,2833.3,2025-09-16T09:52:45.436514,Transaction 914
TXN00000915,101-005,2956.75,2025-09-16T09:52:45.436517,Transaction 915
TXN00000916,101-006,3080.2,2025-09-16T09:52:45.436520,Transaction 916
TXN00000917,101-007,3203.65,2025-09-16T09:52:45.436523,Transaction 917
TXN00000918,101-008,3327.1,2025-09-16T09:52:45.436525,Transaction 918
TXN00000919,101-009,3450.55,2025-09-16T09:52:45.436528,Transaction 919
TXN00000920,101-000,3574.0,2025-09-16T09:52:45.436531,Transaction 920
TXN00000921,101-001,3697.45,2025-09-16T09:52:45.436534,Transaction 921
TXN00000922,101-002,3820.9,2025-09-16T09:52:45.436537,Transaction 922
TXN00000923,101-003,3944.35,2025-09-16T09:52:45.436540,Transaction 923
TXN00000924,101-004,4067.8,2025-09-16T09:52:45.436542,Transaction 924
TXN00000925,101-005,4191.25,2025-09-16T09:52:45.436545,Transaction 925
TXN00000926,101-006,4314.7,2025-09-16T09:52:45.436548,Transaction 926
TXN00000927,101-007,4438.15,2025-09-16T09:52:45.436551,Transaction 927
TXN00000928,101-008,4561.6,2025-09-16T09:52:45.436554,Transaction 928
TXN00000929,101-009,4685.05,2025-09-16T09:52:45.436557,Transaction 929
TXN00000930,101-000,4808.5,2025-09-16T09:52:45.436559,Transaction 930
TXN00000931,101-001,4931.95,2025-09-16T09:52:45.436562,Transaction 931
TXN00000932,101-002,5055.4,2025-09-16T09:52:45.436565,Transaction 932
TXN00000933,101-003,5178.85,2025-09-16T09:52:45.436568,Transaction 933
TXN00000934,101-004,5302.3,2025-09-16T09:52:45.436571,Transaction 934
TXN00000935,101-005,5425.75,2025-09-16T09:52:45.436573,Transaction 935
TXN00000936,101-006,5549.2,2025-09-16T09:52:45.436576,Transaction 936
TXN00000937,101-007,5672.65,2025-09-16T09:52:45.436579,Transaction 937
TXN00000938,101-008,5796.1,2025-09-16T09:52:45.436582,Transaction 938
TXN00000939,101-009,5919.55,2025-09-16T09:52:45.436585,Transaction 939
TXN00000940,101-000,6043.0,2025-09-16T09:52:45.436588,Transaction 940
TXN00000941,101-001,6166.45,2025-09-16T09:52:45.436590,Transaction 941
TXN00000942,101-002,6289.9,2025-09-16T09:52:45.436593,Transaction 942
TXN00000943,101-003,6413.35,2025-09-16T09:52:45.436596,Transaction 943
TXN00000944,101-004,6536.8,2025-09-16T09:52:45.436599,Transaction 944
TXN00000945,101-005,6660.25,2025-09-16T09:52:45.436602,Transaction 945
TXN00000946,101-006,6783.7,2025-09-16T09:52:45.436605,Transaction 946
TXN00000947,101-007,6907.15,2025-09-16T09:52:45.436607,Transaction 947
TXN00000948,101-008,7030.6,2025-09-16T09:52:45.436610,Transaction 948
TXN00000949,101-009,7154.05,2025-09-16T09:52:45.436613,Transaction 949
TXN00000950,101-000,7277.5,2025-09-16T09:52:45.436616,Transaction 950
TXN00000951,101-001,7400.95,2025-09-16T09:52:45.436619,Transaction 951
TXN00000952,101-002,7524.4,2025-09-16T09:52:45.436621,Transaction 952
TXN00000953,101-003,7647.85,2025-09-16T09:52:45.436624,Transaction 953
TXN00000954,101-004,7771.3,2025-09-16T09:52:45.436627,Transaction 954
TXN00000955,101-005,7894.75,2025-09-16T09:52:45.436630,Transaction 955
TXN00000956,101-006,8018.2,2025-09-16T09:52:45.436633,Transaction 956
TXN00000957,101-007,8141.65,2025-09-16T09:52:45.436636,Transaction 957
TXN00000958,101-008,8265.1,2025-09-16T09:52:45.436638,Transaction 958
TXN00000959,101-009,8388.55,2025-09-16T09:52:45.436641,Transaction 959
TXN00000960,101-000,8512.0,2025-09-16T09:52:45.436644,Transaction 960
TXN00000961,101-001,8635.45,2025-09-16T09:52:45.436647,Transaction 961
TXN00000962,101-002,8758.9,2025-09-16T09:52:45.436650,Transaction 962
TXN00000963,101-003,8882.35,2025-09-16T09:52:45.436652,Transaction 963
TXN00000964,101-004,9005.8,2025-09-16T09:52:45.436655,Transaction 964
TXN00000965,101-005,9129.25,2025-09-16T09:52:45.436658,Transaction 965
TXN00000966,101-006,9252.7,2025-09-16T09:52:45.436661,Transaction 966
TXN00000967,101-007,9376.15,2025-09-16T09:52:45.436664,Transaction 967
TXN00000968,101-008,9499.6,2025-09-16T09:52:45.436667,Transaction 968
TXN00000969,101-009,9623.05,2025-09-16T09:52:45.436670,Transaction 969
TXN00000970,101-000,9746.5,2025-09-16T09:52:45.436672,Transaction 970
TXN00000971,101-001,9869.95,2025-09-16T09:52:45.436675,Transaction 971
TXN00000972,101-002,9993.4,2025-09-16T09:52:45.436678,Transaction 972
TXN00000973,101-003,116.85,2025-09-16T09:52:45.436681,Transaction 973
TXN00000974,101-004,240.3,2025-09-16T09:52:45.436684,Transaction 974
TXN00000975,101-005,363.75,2025-09-16T09:52:45.436687,Transaction 975
TXN00000976,101-006,487.2,2025-09-16T09:52:45.436690,Transaction 976
TXN00000977,101-007,610.65,2025-09-16T09:52:45.436692,Transaction 977
TXN00000978,101-008,734.1,2025-09-16T09:52:45.436695,Transaction 978
TXN00000979,101-009,857.55,2025-09-16T09:52:45.436698,Transaction 979
TXN00000980,101-000,981.0,2025-09-16T09:52:45.436701,Transaction 980
TXN00000981,101-001,1104.45,2025-09-16T09:52:45.436704,Transaction 981
TXN00000982,101-002,1227.9,2025-09-16T09:52:45.436706,Transaction 982
TXN00000983,101-003,1351.35,2025-09-16T09:52:45.436709,Transaction 983
TXN00000984,101-004,1474.8,2025-09-16T09:52:45.436712,Transaction 984
TXN00000985,101-005,1598.25,2025-09-16T09:52:45.436715,Transaction 985
TXN00000986,101-006,1721.7,2025-09-16T09:52:45.436718,Transaction 986
TXN00000987,101-007,1845.15,2025-09-16T09:52:45.436721,Transaction 987
TXN00000988,101-008,1968.6,2025-09-16T09:52:45.436723,Transaction 988
TXN00000989,101-009,2092.05,2025-09-16T09:52:45.436726,Transaction 989
TXN00000990,101-000,2215.5,2025-09-16T09:52:45.436729,Transaction 990
TXN00000991,101-001,2338.95,2025-09-16T09:52:45.436732,Transaction 991
TXN00000992,101-002,2462.4,2025-09-16T09:52:45.436735,Transaction 992
TXN00000993,101-003,2585.85,2025-09-16T09:52:45.436738,Transaction 993
TXN00000994,101-004,2709.3,2025-09-16T09:52:45.436741,Transaction 994
TXN00000995,101-005,2832.75,2025-09-16T09:52:45.436744,Transaction 995
TXN00000996,101-006,2956.2,2025-09-16T09:52:45.436747,Transaction 996
TXN00000997,101-007,3079.65,2025-09-16T09:52:45.436750,Transaction 997
TXN00000998,101-008,3203.1,2025-09-16T09:52:45.436753,Transaction 998
TXN00000999,101-009,3326.55,2025-09-16T09:52:45.436755,Transaction 999
TXN00001000,101-000,3450.0,2025-09-16T09:52:45.436758,Transaction 1000
TXN00001001,101-001,3573.45,2025-09-16T09:52:45.436761,Transaction 1001
TXN00001002,101-002,3696.9,2025-09-16T09:52:45.436764,Transaction 1002
TXN00001003,101-003,3820.35,2025-09-16T09:52:45.436767,Transaction 1003
TXN00001004,101-004,3943.8,2025-09-16T09:52:45.436770,Transaction 1004
TXN00001005,101-005,4067.25,2025-09-16T09:52:45.436773,Transaction 1005
TXN00001006,101-006,4190.7,2025-09-16T09:52:45.436775,Transaction 1006
TXN00001007,101-007,4314.15,2025-09-16T09:52:45.436778,Transaction 1007
TXN00001008,101-008,4437.6,2025-09-16T09:52:45.436781,Transaction 1008
TXN00001009,101-009,4561.05,2025-09-16T09:52:45.436784,Transaction 1009
TXN00001010,101-000,4684.5,2025-09-16T09:52:45.436787,Transaction 1010
TXN00001011,101-001,4807.95,2025-09-16T09:52:45.436790,Transaction 1011
TXN00001012,101-002,4931.4,2025-09-16T09:52:45.436792,Transaction 1012
TXN00001013,101-003,5054.85,2025-09-16T09:52:45.436795,Transaction 1013
TXN00001014,101-004,5178.3,2025-09-16T09:52:45.436798,Transaction 1014
TXN00001015,101-005,5301.75,2025-09-16T09:52:45.436801,Transaction 1015
TXN00001016,101-006,5425.2,2025-09-16T09:52:45.436804,Transaction 1016
TXN00001017,101-007,5548.65,2025-09-16T09:52:45.436807,Transaction 1017
TXN00001018,101-008,5672.1,2025-09-16T09:52:45.436810,Transaction 1018
TXN00001019,101-009,5795.55,2025-09-16T09:52:45.436813,Transaction 1019
TXN00001020,101-000,5919.0,2025-09-16T09:52:45.436816,Transaction 1020
TXN00001021,101-001,6042.45,2025-09-16T09:52:45.436818,Transaction 1021
TXN00001022,101-002,6165.9,2025-09-16T09:52:45.436821,Transaction 1022
TXN00001023,101-003,6289.35,2025-09-16T09:52:45.436824,Transaction 1023
TXN00001024,101-004,6412.8,2025-09-16T09:52:45.436827,Transaction 1024
TXN00001025,101-005,6536.25,2025-09-16T09:52:45.436830,Transaction 1025
TXN00001026,101-006,6659.7,2025-09-16T09:52:45.436832,Transaction 1026
TXN00001027,101-007,6783.15,2025-09-16T09:52:45.436835,Transaction 1027
TXN00001028,101-008,6906.6,2025-09-16T09:52:45.436838,Transaction 1028
TXN00001029,101-009,7030.05,2025-09-16T09:52:45.436841,Transaction 1029
TXN00001030,101-000,7153.5,2025-09-16T09:52:45.436844,Transaction 1030
TXN00001031,101-001,7276.95,2025-09-16T09:52:45.436847,Transaction 1031
TXN00001032,101-002,7400.4,2025-09-16T09:52:45.436850,Transaction 1032
TXN00001033,101-003,7523.85,2025-09-16T09:52:45.436853,Transaction 1033
TXN00001034,101-004,7647.3,2025-09-16T09:52:45.436855,Transaction 1034
TXN00001035,101-005,7770.75,2025-09-16T09:52:45.436858,Transaction 1035
TXN00001036,101-006,7894.2,2025-09-16T09:52:45.436861,Transaction 1036
TXN00001037,101-007,8017.65,2025-09-16T09:52:45.436864,Transaction 1037
TXN00001038,101-008,8141.1,2025-09-16T09:52:45.436867,Transaction 1038
TXN00001039,101-009,8264.55,2025-09-16T09:52:45.436870,Transaction 1039
TXN00001040,101-000,8388.0,2025-09-16T09:52:45.436873,Transaction 1040
TXN00001041,101-001,8511.45,2025-09-16T09:52:45.436876,Transaction 1041
TXN00001042,101-002,8634.9,2025-09-16T09:52:45.436879,Transaction 1042
TXN00001043,101-003,8758.35,2025-09-16T09:52:45.436882,Transaction 1043
TXN00001044,101-004,8881.8,2025-09-16T09:52:45.436884,Transaction 1044
TXN00001045,101-005,9005.25,2025-09-16T09:52:45.436888,Transaction 1045
TXN00001046,101-006,9128.7,2025-09-16T09:52:45.436891,Transaction 1046
TXN00001047,101-007,9252.15,2025-09-16T09:52:45.436894,Transaction 1047
TXN00001048,101-008,9375.6,2025-09-16T09:52:45.436896,Transaction 1048
TXN00001049,101-009,9499.05,2025-09-16T09:52:45.436900,Transaction 1049
TXN00001050,101-000,9622.5,2025-09-16T09:52:45.436902,Transaction 1050
TXN00001051,101-001,9745.95,2025-09-16T09:52:45.436905,Transaction 1051
TXN00001052,101-002,9869.4,2025-09-16T09:52:45.436908,Transaction 1052
TXN00001053,101-003,9992.85,2025-09-16T09:52:45.436911,Transaction 1053
TXN00001054,101-004,116.3,2025-09-16T09:52:45.436914,Transaction 1054
TXN00001055,101-005,239.75,2025-09-16T09:52:45.436917,Transaction 1055
TXN00001056,101-006,363.2,2025-09-16T09:52:45.436920,Transaction 1056
TXN00001057,101-007,486.65,2025-09-16T09:52:45.436922,Transaction 1057
TXN00001058,101-008,610.1,2025-09-16T09:52:45.436925,Transaction 1058
TXN00001059,101-009,733.55,2025-09-16T09:52:45.436929,Transaction 1059
TXN00001060,101-000,857.0,2025-09-16T09:52:45.436932,Transaction 1060
TXN00001061,101-001,980.45,2025-09-16T09:52:45.436935,Transaction 1061
TXN00001062,101-002,1103.9,2025-09-16T09:52:45.436938,Transaction 1062
TXN00001063,101-003,1227.35,2025-09-16T09:52:45.436940,Transaction 1063
TXN00001064,101-004,1350.8,2025-09-16T09:52:45.436943,Transaction 1064
TXN00001065,101-005,1474.25,2025-09-16T09:52:45.436946,Transaction 1065
TXN00001066,101-006,1597.7,2025-09-16T09:52:45.436949,Transaction 1066
TXN00001067,101-007,1721.15,2025-09-16T09:52:45.436952,Transaction 1067
TXN00001068,101-008,1844.6,2025-09-16T09:52:45.436955,Transaction 1068
TXN00001069,101-009,1968.05,2025-09-16T09:52:45.436957,Transaction 1069
TXN00001070,101-000,2091.5,2025-09-16T09:52:45.436960,Transaction 1070
TXN00001071,101-001,2214.95,2025-09-16T09:52:45.436963,Transaction 1071
TXN00001072,101-002,2338.4,2025-09-16T09:52:45.436966,Transaction 1072
TXN00001073,101-003,2461.85,2025-09-16T09:52:45.436969,Transaction 1073
TXN00001074,101-004,2585.3,2025-09-16T09:52:45.436972,Transaction 1074
TXN00001075,101-005,2708.75,2025-09-16T09:52:45.436975,Transaction 1075
TXN00001076,101-006,2832.2,2025-09-16T09:52:45.436977,Transaction 1076
TXN00001077,101-007,2955.65,2025-09-16T09:52:45.436980,Transaction 1077
TXN00001078,101-008,3079.1,2025-09-16T09:52:45.436983,Transaction 1078
TXN00001079,101-009,3202.55,2025-09-16T09:52:45.436986,Transaction 1079
TXN00001080,101-000,3326.0,2025-09-16T09:52:45.436989,Transaction 1080
TXN00001081,101-001,3449.45,2025-09-16T09:52:45.436992,Transaction 1081
TXN00001082,101-002,3572.9,2025-09-16T09:52:45.436995,Transaction 1082
TXN00001083,101-003,3696.35,2025-09-16T09:52:45.436997,Transaction 1083
TXN00001084,101-004,3819.8,2025-09-16T09:52:45.437000,Transaction 1084
TXN00001085,101-005,3943.25,2025-09-16T09:52:45.437003,Transaction 1085
TXN00001086,101-006,4066.7,2025-09-16T09:52:45.437006,Transaction 1086
TXN00001087,101-007,4190.15,2025-09-16T09:52:45.437009,Transaction 1087
TXN00001088,101-008,4313.6,2025-09-16T09:52:45.437011,Transaction 1088
TXN00001089,101-009,4437.05,2025-09-16T09:52:45.437015,Transaction 1089
TXN00001090,101-000,4560.5,2025-09-16T09:52:45.437018,Transaction 1090
TXN00001091,101-001,4683.95,2025-09-16T09:52:45.437021,Transaction 1091
TXN00001092,101-002,4807.4,2025-09-16T09:52:45.437023,Transaction 1092
TXN00001093,101-003,4930.85,2025-09-16T09:52:45.437026,Transaction 1093
TXN00001094,101-004,5054.3,2025-09-16T09:52:45.437029,Transaction 1094
TXN00001095,101-005,5177.75,2025-09-16T09:52:45.437032,Transaction 1095
TXN00001096,101-006,5301.2,2025-09-16T09:52:45.437035,Transaction 1096
TXN00001097,101-007,5424.65,2025-09-16T09:52:45.437039,Transaction 1097
TXN00001098,101-008,5548.1,2025-09-16T09:52:45.437045,Transaction 1098
TXN00001099,101-009,5671.55,2025-09-16T09:52:45.437048,Transaction 1099
TXN00001100,101-000,5795.0,2025-09-16T09:52:45.437051,Transaction 1100
TXN00001101,101-001,5918.45,2025-09-16T09:52:45.437054,Transaction 1101
TXN00001102,101-002,6041.9,2025-09-16T09:52:45.437058,Transaction 1102
TXN00001103,101-003,6165.35,2025-09-16T09:52:45.437061,Transaction 1103
TXN00001104,101-004,6288.8,2025-09-16T09:52:45.437063,Transaction 1104
TXN00001105,101-005,6412.25,2025-09-16T09:52:45.437066,Transaction 1105
TXN00001106,101-006,6535.7,2025-09-16T09:52:45.437070,Transaction 1106
TXN00001107,101-007,6659.15,2025-09-16T09:52:45.437073,Transaction 1107
TXN00001108,101-008,6782.6,2025-09-16T09:52:45.437075,Transaction 1108
TXN00001109,101-009,6906.05,2025-09-16T09:52:45.437078,Transaction 1109
TXN00001110,101-000,7029.5,2025-09-16T09:52:45.437081,Transaction 1110
TXN00001111,101-001,7152.95,2025-09-16T09:52:45.437084,Transaction 1111
TXN00001112,101-002,7276.4,2025-09-16T09:52:45.437087,Transaction 1112
TXN00001113,101-003,7399.85,2025-09-16T09:52:45.437090,Transaction 1113
TXN00001114,101-004,7523.3,2025-09-16T09:52:45.437093,Transaction 1114
TXN00001115,101-005,7646.75,2025-09-16T09:52:45.437096,Transaction 1115
TXN00001116,101-006,7770.2,2025-09-16T09:52:45.437099,Transaction 1116
TXN00001117,101-007,7893.65,2025-09-16T09:52:45.437102,Transaction 1117
TXN00001118,101-008,8017.1,2025-09-16T09:52:45.437105,Transaction 1118
TXN00001119,101-009,8140.55,2025-09-16T09:52:45.437108,Transaction 1119
TXN00001120,101-000,8264.0,2025-09-16T09:52:45.437111,Transaction 1120
TXN00001121,101-001,8387.45,2025-09-16T09:52:45.437113,Transaction 1121
TXN00001122,101-002,8510.9,2025-09-16T09:52:45.437116,Transaction 1122
TXN00001123,101-003,8634.35,2025-09-16T09:52:45.437119,Transaction 1123
TXN00001124,101-004,8757.8,2025-09-16T09:52:45.437122,Transaction 1124
TXN00001125,101-005,8881.25,2025-09-16T09:52:45.437125,Transaction 1125
TXN00001126,101-006,9004.7,2025-09-16T09:52:45.437128,Transaction 1126
TXN00001127,101-007,9128.15,2025-09-16T09:52:45.437131,Transaction 1127
TXN00001128,101-008,9251.6,2025-09-16T09:52:45.437348,Transaction 1128
TXN00001129,101-009,9375.05,2025-09-16T09:52:45.437356,Transaction 1129
TXN00001130,101-000,9498.5,2025-09-16T09:52:45.437359,Transaction 1130
TXN00001131,101-001,9621.95,2025-09-16T09:52:45.437362,Transaction 1131
TXN00001132,101-002,9745.4,2025-09-16T09:52:45.437365,Transaction 1132
TXN00001133,101-003,9868.85,2025-09-16T09:52:45.437368,Transaction 1133
TXN00001134,101-004,9992.3,2025-09-16T09:52:45.437372,Transaction 1134
TXN00001135,101-005,115.75,2025-09-16T09:52:45.437375,Transaction 1135
TXN00001136,101-006,239.2,2025-09-16T09:52:45.437378,Transaction 1136
TXN00001137,101-007,362.65,2025-09-16T09:52:45.437381,Transaction 1137
TXN00001138,101-008,486.1,2025-09-16T09:52:45.437384,Transaction 1138
TXN00001139,101-009,609.55,2025-09-16T09:52:45.437387,Transaction 1139
TXN00001140,101-000,733.0,2025-09-16T09:52:45.437390,Transaction 1140
TXN00001141,101-001,856.45,2025-09-16T09:52:45.437393,Transaction 1141
TXN00001142,101-002,979.9,2025-09-16T09:52:45.437396,Transaction 1142
TXN00001143,101-003,1103.35,2025-09-16T09:52:45.437399,Transaction 1143
TXN00001144,101-004,1226.8,2025-09-16T09:52:45.437402,Transaction 1144
TXN00001145,101-005,1350.25,2025-09-16T09:52:45.437405,Transaction 1145
TXN00001146,101-006,1473.7,2025-09-16T09:52:45.437407,Transaction 1146
TXN00001147,101-007,1597.15,2025-09-16T09:52:45.437410,Transaction 1147
TXN00001148,101-008,1720.6,2025-09-16T09:52:45.437413,Transaction 1148
TXN00001149,101-009,1844.05,2025-09-16T09:52:45.437416,Transaction 1149
TXN00001150,101-000,1967.5,2025-09-16T09:52:45.437419,Transaction 1150
TXN00001151,101-001,2090.95,2025-09-16T09:52:45.437422,Transaction 1151
TXN00001152,101-002,2214.4,2025-09-16T09:52:45.437425,Transaction 1152
TXN00001153,101-003,2337.85,2025-09-16T09:52:45.437428,Transaction 1153
TXN00001154,101-004,2461.3,2025-09-16T09:52:45.437430,Transaction 1154
TXN00001155,101-005,2584.75,2025-09-16T09:52:45.437433,Transaction 1155
TXN00001156,101-006,2708.2,2025-09-16T09:52:45.437436,Transaction 1156
TXN00001157,101-007,2831.65,2025-09-16T09:52:45.437439,Transaction 1157
TXN00001158,101-008,2955.1,2025-09-16T09:52:45.437442,Transaction 1158
TXN00001159,101-009,3078.55,2025-09-16T09:52:45.437445,Transaction 1159
TXN00001160,101-000,3202.0,2025-09-16T09:52:45.437448,Transaction 1160
TXN00001161,101-001,3325.45,2025-09-16T09:52:45.437451,Transaction 1161
TXN00001162,101-002,3448.9,2025-09-16T09:52:45.437453,Transaction 1162
TXN00001163,101-003,3572.35,2025-09-16T09:52:45.437456,Transaction 1163
TXN00001164,101-004,3695.8,2025-09-16T09:52:45.437459,Transaction 1164
TXN00001165,101-005,3819.25,2025-09-16T09:52:45.437462,Transaction 1165
TXN00001166,101-006,3942.7,2025-09-16T09:52:45.437465,Transaction 1166
TXN00001167,101-007,4066.15,2025-09-16T09:52:45.437468,Transaction 1167
TXN00001168,101-008,4189.6,2025-09-16T09:52:45.437470,Transaction 1168
TXN00001169,101-009,4313.05,2025-09-16T09:52:45.437473,Transaction 1169
TXN00001170,101-000,4436.5,2025-09-16T09:52:45.437476,Transaction 1170
TXN00001171,101-001,4559.95,2025-09-16T09:52:45.437479,Transaction 1171
TXN00001172,101-002,4683.4,2025-09-16T09:52:45.437482,Transaction 1172
TXN00001173,101-003,4806.85,2025-09-16T09:52:45.437485,Transaction 1173
TXN00001174,101-004,4930.3,2025-09-16T09:52:45.437488,Transaction 1174
TXN00001175,101-005,5053.75,2025-09-16T09:52:45.437491,Transaction 1175
TXN00001176,101-006,5177.2,2025-09-16T09:52:45.437493,Transaction 1176
TXN00001177,101-007,5300.65,2025-09-16T09:52:45.437496,Transaction 1177
TXN00001178,101-008,5424.1,2025-09-16T09:52:45.437499,Transaction 1178
TXN00001179,101-009,5547.55,2025-09-16T09:52:45.437502,Transaction 1179
TXN00001180,101-000,5671.0,2025-09-16T09:52:45.437505,Transaction 1180
TXN00001181,101-001,5794.45,2025-09-16T09:52:45.437508,Transaction 1181
TXN00001182,101-002,5917.9,2025-09-16T09:52:45.437510,Transaction 1182
TXN00001183,101-003,6041.35,2025-09-16T09:52:45.437513,Transaction 1183
TXN00001184,101-004,6164.8,2025-09-16T09:52:45.437516,Transaction 1184
TXN00001185,101-005,6288.25,2025-09-16T09:52:45.437519,Transaction 1185
TXN00001186,101-006,6411.7,2025-09-16T09:52:45.437522,Transaction 1186
TXN00001187,101-007,6535.15,2025-09-16T09:52:45.437525,Transaction 1187
TXN00001188,101-008,6658.6,2025-09-16T09:52:45.437527,Transaction 1188
TXN00001189,101-009,6782.05,2025-09-16T09:52:45.437530,Transaction 1189
TXN00001190,101-000,6905.5,2025-09-16T09:52:45.437533,Transaction 1190
TXN00001191,101-001,7028.95,2025-09-16T09:52:45.437536,Transaction 1191
TXN00001192,101-002,7152.4,2025-09-16T09:52:45.437539,Transaction 1192
TXN00001193,101-003,7275.85,2025-09-16T09:52:45.437542,Transaction 1193
TXN00001194,101-004,7399.3,2025-09-16T09:52:45.437544,Transaction 1194
TXN00001195,101-005,7522.75,2025-09-16T09:52:45.437547,Transaction 1195
TXN00001196,101-006,7646.2,2025-09-16T09:52:45.437550,Transaction 1196
TXN00001197,101-007,7769.65,2025-09-16T09:52:45.437553,Transaction 1197
TXN00001198,101-008,7893.1,2025-09-16T09:52:45.437556,Transaction 1198
TXN00001199,101-009,8016.55,2025-09-16T09:52:45.437559,Transaction 1199
TXN00001200,101-000,8140.0,2025-09-16T09:52:45.437562,Transaction 1200
TXN00001201,101-001,8263.45,2025-09-16T09:52:45.437564,Transaction 1201
TXN00001202,101-002,8386.9,2025-09-16T09:52:45.437567,Transaction 1202
TXN00001203,101-003,8510.35,2025-09-16T09:52:45.437570,Transaction 1203
TXN00001204,101-004,8633.8,2025-09-16T09:52:45.437573,Transaction 1204
TXN00001205,101-005,8757.25,2025-09-16T09:52:45.437576,Transaction 1205
TXN00001206,101-006,8880.7,2025-09-16T09:52:45.437579,Transaction 1206
TXN00001207,101-007,9004.15,2025-09-16T09:52:45.437582,Transaction 1207
TXN00001208,101-008,9127.6,2025-09-16T09:52:45.437584,Transaction 1208
TXN00001209,101-009,9251.05,2025-09-16T09:52:45.437587,Transaction 1209
TXN00001210,101-000,9374.5,2025-09-16T09:52:45.437590,Transaction 1210
TXN00001211,101-001,9497.95,2025-09-16T09:52:45.437593,Transaction 1211
TXN00001212,101-002,9621.4,2025-09-16T09:52:45.437596,Transaction 1212
TXN00001213,101-003,9744.85,2025-09-16T09:52:45.437599,Transaction 1213
TXN00001214,101-004,9868.3,2025-09-16T09:52:45.437602,Transaction 1214
TXN00001215,101-005,9991.75,2025-09-16T09:52:45.437604,Transaction 1215
TXN00001216,101-006,115.2,2025-09-16T09:52:45.437607,Transaction 1216
TXN00001217,101-007,238.65,2025-09-16T09:52:45.437610,Transaction 1217
TXN00001218,101-008,362.1,2025-09-16T09:52:45.437613,Transaction 1218
TXN00001219,101-009,485.55,2025-09-16T09:52:45.437616,Transaction 1219
TXN00001220,101-000,609.0,2025-09-16T09:52:45.437619,Transaction 1220
TXN00001221,101-001,732.45,2025-09-16T09:52:45.437622,Transaction 1221
TXN00001222,101-002,855.9,2025-09-16T09:52:45.437625,Transaction 1222
TXN00001223,101-003,979.35,2025-09-16T09:52:45.437628,Transaction 1223
TXN00001224,101-004,1102.8,2025-09-16T09:52:45.437631,Transaction 1224
TXN00001225,101-005,1226.25,2025-09-16T09:52:45.437633,Transaction 1225
TXN00001226,101-006,1349.7,2025-09-16T09:52:45.437636,Transaction 1226
TXN00001227,101-007,1473.15,2025-09-16T09:52:45.437639,Transaction 1227
TXN00001228,101-008,1596.6,2025-09-16T09:52:45.437642,Transaction 1228
TXN00001229,101-009,1720.05,2025-09-16T09:52:45.437645,Transaction 1229
TXN00001230,101-000,1843.5,2025-09-16T09:52:45.437648,Transaction 1230
TXN00001231,101-001,1966.95,2025-09-16T09:52:45.437651,Transaction 1231
TXN00001232,101-002,2090.4,2025-09-16T09:52:45.437653,Transaction 1232
TXN00001233,101-003,2213.85,2025-09-16T09:52:45.437656,Transaction 1233
TXN00001234,101-004,2337.3,2025-09-16T09:52:45.437659,Transaction 1234
TXN00001235,101-005,2460.75,2025-09-16T09:52:45.437662,Transaction 1235
TXN00001236,101-006,2584.2,2025-09-16T09:52:45.437665,Transaction 1236
TXN00001237,101-007,2707.65,2025-09-16T09:52:45.437668,Transaction 1237
TXN00001238,101-008,2831.1,2025-09-16T09:52:45.437671,Transaction 1238
TXN00001239,101-009,2954.55,2025-09-16T09:52:45.437674,Transaction 1239
TXN00001240,101-000,3078.0,2025-09-16T09:52:45.437677,Transaction 1240
TXN00001241,101-001,3201.45,2025-09-16T09:52:45.437679,Transaction 1241
TXN00001242,101-002,3324.9,2025-09-16T09:52:45.437682,Transaction 1242
TXN00001243,101-003,3448.35,2025-09-16T09:52:45.437685,Transaction 1243
TXN00001244,101-004,3571.8,2025-09-16T09:52:45.437688,Transaction 1244
TXN00001245,101-005,3695.25,2025-09-16T09:52:45.437692,Transaction 1245
TXN00001246,101-006,3818.7,2025-09-16T09:52:45.437695,Transaction 1246
TXN00001247,101-007,3942.15,2025-09-16T09:52:45.437698,Transaction 1247
TXN00001248,101-008,4065.6,2025-09-16T09:52:45.437701,Transaction 1248
TXN00001249,101-009,4189.05,2025-09-16T09:52:45.437704,Transaction 1249
TXN00001250,101-000,4312.5,2025-09-16T09:52:45.437706,Transaction 1250
TXN00001251,101-001,4435.95,2025-09-16T09:52:45.437709,Transaction 1251
TXN00001252,101-002,4559.4,2025-09-16T09:52:45.437712,Transaction 1252
TXN00001253,101-003,4682.85,2025-09-16T09:52:45.437715,Transaction 1253
TXN00001254,101-004,4806.3,2025-09-16T09:52:45.437718,Transaction 1254
TXN00001255,101-005,4929.75,2025-09-16T09:52:45.437721,Transaction 1255
TXN00001256,101-006,5053.2,2025-09-16T09:52:45.437724,Transaction 1256
TXN00001257,101-007,5176.65,2025-09-16T09:52:45.437727,Transaction 1257
TXN00001258,101-008,5300.1,2025-09-16T09:52:45.437730,Transaction 1258
TXN00001259,101-009,5423.55,2025-09-16T09:52:45.437733,Transaction 1259
TXN00001260,101-000,5547.0,2025-09-16T09:52:45.437736,Transaction 1260
TXN00001261,101-001,5670.45,2025-09-16T09:52:45.437738,Transaction 1261
TXN00001262,101-002,5793.9,2025-09-16T09:52:45.437741,Transaction 1262
TXN00001263,101-003,5917.35,2025-09-16T09:52:45.437744,Transaction 1263
TXN00001264,101-004,6040.8,2025-09-16T09:52:45.437747,Transaction 1264
TXN00001265,101-005,6164.25,2025-09-16T09:52:45.437750,Transaction 1265
TXN00001266,101-006,6287.7,2025-09-16T09:52:45.437753,Transaction 1266
TXN00001267,101-007,6411.15,2025-09-16T09:52:45.437784,Transaction 1267
TXN00001268,101-008,6534.6,2025-09-16T09:52:45.437792,Transaction 1268
TXN00001269,101-009,6658.05,2025-09-16T09:52:45.437805,Transaction 1269
TXN00001270,101-000,6781.5,2025-09-16T09:52:45.437808,Transaction 1270
TXN00001271,101-001,6904.95,2025-09-16T09:52:45.437811,Transaction 1271
TXN00001272,101-002,7028.4,2025-09-16T09:52:45.437814,Transaction 1272
TXN00001273,101-003,7151.85,2025-09-16T09:52:45.437817,Transaction 1273
TXN00001274,101-004,7275.3,2025-09-16T09:52:45.437820,Transaction 1274
TXN00001275,101-005,7398.75,2025-09-16T09:52:45.437823,Transaction 1275
TXN00001276,101-006,7522.2,2025-09-16T09:52:45.437826,Transaction 1276
TXN00001277,101-007,7645.65,2025-09-16T09:52:45.437829,Transaction 1277
TXN00001278,101-008,7769.1,2025-09-16T09:52:45.437832,Transaction 1278
TXN00001279,101-009,7892.55,2025-09-16T09:52:45.437834,Transaction 1279
TXN00001280,101-000,8016.0,2025-09-16T09:52:45.437837,Transaction 1280
TXN00001281,101-001,8139.45,2025-09-16T09:52:45.437840,Transaction 1281
TXN00001282,101-002,8262.9,2025-09-16T09:52:45.437843,Transaction 1282
TXN00001283,101-003,8386.35,2025-09-16T09:52:45.437846,Transaction 1283
TXN00001284,101-004,8509.8,2025-09-16T09:52:45.437849,Transaction 1284
TXN00001285,101-005,8633.25,2025-09-16T09:52:45.437852,Transaction 1285
TXN00001286,101-006,8756.7,2025-09-16T09:52:45.437855,Transaction 1286
TXN00001287,101-007,8880.15,2025-09-16T09:52:45.437858,Transaction 1287
TXN00001288,101-008,9003.6,2025-09-16T09:52:45.437861,Transaction 1288
TXN00001289,101-009,9127.05,2025-09-16T09:52:45.437864,Transaction 1289
TXN00001290,101-000,9250.5,2025-09-16T09:52:45.437867,Transaction 1290
TXN00001291,101-001,9373.95,2025-09-16T09:52:45.437869,Transaction 1291
TXN00001292,101-002,9497.4,2025-09-16T09:52:45.437873,Transaction 1292
TXN00001293,101-003,9620.85,2025-09-16T09:52:45.437881,Transaction 1293
TXN00001294,101-004,9744.3,2025-09-16T09:52:45.437884,Transaction 1294
TXN00001295,101-005,9867.75,2025-09-16T09:52:45.437887,Transaction 1295
TXN00001296,101-006,9991.2,2025-09-16T09:52:45.437890,Transaction 1296
TXN00001297,101-007,114.65,2025-09-16T09:52:45.437893,Transaction 1297
TXN00001298,101-008,238.1,2025-09-16T09:52:45.437896,Transaction 1298
TXN00001299,101-009,361.55,2025-09-16T09:52:45.437899,Transaction 1299
TXN00001300,101-000,485.0,2025-09-16T09:52:45.437902,Transaction 1300
TXN00001301,101-001,608.45,2025-09-16T09:52:45.437909,Transaction 1301
TXN00001302,101-002,731.9,2025-09-16T09:52:45.437912,Transaction 1302
TXN00001303,101-003,855.35,2025-09-16T09:52:45.437915,Transaction 1303
TXN00001304,101-004,978.8,2025-09-16T09:52:45.437922,Transaction 1304
TXN00001305,101-005,1102.25,2025-09-16T09:52:45.437925,Transaction 1305
TXN00001306,101-006,1225.7,2025-09-16T09:52:45.437928,Transaction 1306
TXN00001307,101-007,1349.15,2025-09-16T09:52:45.437931,Transaction 1307
TXN00001308,101-008,1472.6,2025-09-16T09:52:45.437934,Transaction 1308
TXN00001309,101-009,1596.05,2025-09-16T09:52:45.437936,Transaction 1309
TXN00001310,101-000,1719.5,2025-09-16T09:52:45.437939,Transaction 1310
TXN00001311,101-001,1842.95,2025-09-16T09:52:45.437942,Transaction 1311
TXN00001312,101-002,1966.4,2025-09-16T09:52:45.437945,Transaction 1312
TXN00001313,101-003,2089.85,2025-09-16T09:52:45.437948,Transaction 1313
TXN00001314,101-004,2213.3,2025-09-16T09:52:45.437951,Transaction 1314
TXN00001315,101-005,2336.75,2025-09-16T09:52:45.437954,Transaction 1315
TXN00001316,101-006,2460.2,2025-09-16T09:52:45.437957,Transaction 1316
TXN00001317,101-007,2583.65,2025-09-16T09:52:45.437959,Transaction 1317
TXN00001318,101-008,2707.1,2025-09-16T09:52:45.437962,Transaction 1318
TXN00001319,101-009,2830.55,2025-09-16T09:52:45.437965,Transaction 1319
TXN00001320,101-000,2954.0,2025-09-16T09:52:45.437968,Transaction 1320
TXN00001321,101-001,3077.45,2025-09-16T09:52:45.437971,Transaction 1321
TXN00001322,101-002,3200.9,2025-09-16T09:52:45.437974,Transaction 1322
TXN00001323,101-003,3324.35,2025-09-16T09:52:45.437977,Transaction 1323
TXN00001324,101-004,3447.8,2025-09-16T09:52:45.437980,Transaction 1324
TXN00001325,101-005,3571.25,2025-09-16T09:52:45.437987,Transaction 1325
TXN00001326,101-006,3694.7,2025-09-16T09:52:45.437990,Transaction 1326
TXN00001327,101-007,3818.15,2025-09-16T09:52:45.437993,Transaction 1327
TXN00001328,101-008,3941.6,2025-09-16T09:52:45.437995,Transaction 1328
TXN00001329,101-009,4065.05,2025-09-16T09:52:45.437998,Transaction 1329
TXN00001330,101-000,4188.5,2025-09-16T09:52:45.438001,Transaction 1330
TXN00001331,101-001,4311.95,2025-09-16T09:52:45.438004,Transaction 1331
TXN00001332,101-002,4435.4,2025-09-16T09:52:45.438007,Transaction 1332
TXN00001333,101-003,4558.85,2025-09-16T09:52:45.438013,Transaction 1333
TXN00001334,101-004,4682.3,2025-09-16T09:52:45.438016,Transaction 1334
TXN00001335,101-005,4805.75,2025-09-16T09:52:45.438019,Transaction 1335
TXN00001336,101-006,4929.2,2025-09-16T09:52:45.438022,Transaction 1336
TXN00001337,101-007,5052.65,2025-09-16T09:52:45.438025,Transaction 1337
TXN00001338,101-008,5176.1,2025-09-16T09:52:45.438028,Transaction 1338
TXN00001339,101-009,5299.55,2025-09-16T09:52:45.438031,Transaction 1339
TXN00001340,101-000,5423.0,2025-09-16T09:52:45.438033,Transaction 1340
TXN00001341,101-001,5546.45,2025-09-16T09:52:45.438036,Transaction 1341
TXN00001342,101-002,5669.9,2025-09-16T09:52:45.438039,Transaction 1342
TXN00001343,101-003,5793.35,2025-09-16T09:52:45.438046,Transaction 1343
TXN00001344,101-004,5916.8,2025-09-16T09:52:45.438049,Transaction 1344
TXN00001345,101-005,6040.25,2025-09-16T09:52:45.438052,Transaction 1345
TXN00001346,101-006,6163.7,2025-09-16T09:52:45.438066,Transaction 1346
TXN00001347,101-007,6287.15,2025-09-16T09:52:45.438068,Transaction 1347
TXN00001348,101-008,6410.6,2025-09-16T09:52:45.438071,Transaction 1348
TXN00001349,101-009,6534.05,2025-09-16T09:52:45.438074,Transaction 1349
TXN00001350,101-000,6657.5,2025-09-16T09:52:45.438077,Transaction 1350
TXN00001351,101-001,6780.95,2025-09-16T09:52:45.438080,Transaction 1351
TXN00001352,101-002,6904.4,2025-09-16T09:52:45.438083,Transaction 1352
TXN00001353,101-003,7027.85,2025-09-16T09:52:45.438086,Transaction 1353
TXN00001354,101-004,7151.3,2025-09-16T09:52:45.438088,Transaction 1354
TXN00001355,101-005,7274.75,2025-09-16T09:52:45.438091,Transaction 1355
TXN00001356,101-006,7398.2,2025-09-16T09:52:45.438096,Transaction 1356
TXN00001357,101-007,7521.65,2025-09-16T09:52:45.438101,Transaction 1357
TXN00001358,101-008,7645.1,2025-09-16T09:52:45.438104,Transaction 1358
TXN00001359,101-009,7768.55,2025-09-16T09:52:45.438107,Transaction 1359
TXN00001360,101-000,7892.0,2025-09-16T09:52:45.438109,Transaction 1360
TXN00001361,101-001,8015.45,2025-09-16T09:52:45.438112,Transaction 1361
TXN00001362,101-002,8138.9,2025-09-16T09:52:45.438115,Transaction 1362
TXN00001363,101-003,8262.35,2025-09-16T09:52:45.438118,Transaction 1363
TXN00001364,101-004,8385.8,2025-09-16T09:52:45.438121,Transaction 1364
TXN00001365,101-005,8509.25,2025-09-16T09:52:45.438128,Transaction 1365
TXN00001366,101-006,8632.7,2025-09-16T09:52:45.438131,Transaction 1366
TXN00001367,101-007,8756.15,2025-09-16T09:52:45.438138,Transaction 1367
TXN00001368,101-008,8879.6,2025-09-16T09:52:45.438140,Transaction 1368
TXN00001369,101-009,9003.05,2025-09-16T09:52:45.438143,Transaction 1369
TXN00001370,101-000,9126.5,2025-09-16T09:52:45.438146,Transaction 1370
TXN00001371,101-001,9249.95,2025-09-16T09:52:45.438149,Transaction 1371
TXN00001372,101-002,9373.4,2025-09-16T09:52:45.438152,Transaction 1372
TXN00001373,101-003,9496.85,2025-09-16T09:52:45.438155,Transaction 1373
TXN00001374,101-004,9620.3,2025-09-16T09:52:45.438157,Transaction 1374
TXN00001375,101-005,9743.75,2025-09-16T09:52:45.438160,Transaction 1375
TXN00001376,101-006,9867.2,2025-09-16T09:52:45.438163,Transaction 1376
TXN00001377,101-007,9990.65,2025-09-16T09:52:45.438166,Transaction 1377
TXN00001378,101-008,114.1,2025-09-16T09:52:45.438169,Transaction 1378
TXN00001379,101-009,237.55,2025-09-16T09:52:45.438172,Transaction 1379
TXN00001380,101-000,361.0,2025-09-16T09:52:45.438175,Transaction 1380
TXN00001381,101-001,484.45,2025-09-16T09:52:45.438177,Transaction 1381
TXN00001382,101-002,607.9,2025-09-16T09:52:45.438180,Transaction 1382
TXN00001383,101-003,731.35,2025-09-16T09:52:45.438183,Transaction 1383
TXN00001384,101-004,854.8,2025-09-16T09:52:45.438186,Transaction 1384
TXN00001385,101-005,978.25,2025-09-16T09:52:45.438189,Transaction 1385
TXN00001386,101-006,1101.7,2025-09-16T09:52:45.438192,Transaction 1386
TXN00001387,101-007,1225.15,2025-09-16T09:52:45.438195,Transaction 1387
TXN00001388,101-008,1348.6,2025-09-16T09:52:45.438198,Transaction 1388
TXN00001389,101-009,1472.05,2025-09-16T09:52:45.438205,Transaction 1389
TXN00001390,101-000,1595.5,2025-09-16T09:52:45.438207,Transaction 1390
TXN00001391,101-001,1718.95,2025-09-16T09:52:45.438210,Transaction 1391
TXN00001392,101-002,1842.4,2025-09-16T09:52:45.438213,Transaction 1392
TXN00001393,101-003,1965.85,2025-09-16T09:52:45.438216,Transaction 1393
TXN00001394,101-004,2089.3,2025-09-16T09:52:45.438223,Transaction 1394
TXN00001395,101-005,2212.75,2025-09-16T09:52:45.438226,Transaction 1395
TXN00001396,101-006,2336.2,2025-09-16T09:52:45.438233,Transaction 1396
TXN00001397,101-007,2459.65,2025-09-16T09:52:45.438236,Transaction 1397
TXN00001398,101-008,2583.1,2025-09-16T09:52:45.438239,Transaction 1398
TXN00001399,101-009,2706.55,2025-09-16T09:52:45.438245,Transaction 1399
TXN00001400,101-000,2830.0,2025-09-16T09:52:45.438249,Transaction 1400
TXN00001401,101-001,2953.45,2025-09-16T09:52:45.438252,Transaction 1401
TXN00001402,101-002,3076.9,2025-09-16T09:52:45.438254,Transaction 1402
TXN00001403,101-003,3200.35,2025-09-16T09:52:45.438257,Transaction 1403
TXN00001404,101-004,3323.8,2025-09-16T09:52:45.438260,Transaction 1404
TXN00001405,101-005,3447.25,2025-09-16T09:52:45.438264,Transaction 1405
TXN00001406,101-006,3570.7,2025-09-16T09:52:45.438267,Transaction 1406
TXN00001407,101-007,3694.15,2025-09-16T09:52:45.438269,Transaction 1407
TXN00001408,101-008,3817.6,2025-09-16T09:52:45.438272,Transaction 1408
TXN00001409,101-009,3941.05,2025-09-16T09:52:45.438275,Transaction 1409
TXN00001410,101-000,4064.5,2025-09-16T09:52:45.438282,Transaction 1410
TXN00001411,101-001,4187.95,2025-09-16T09:52:45.438285,Transaction 1411
TXN00001412,101-002,4311.4,2025-09-16T09:52:45.438288,Transaction 1412
TXN00001413,101-003,4434.85,2025-09-16T09:52:45.438291,Transaction 1413
TXN00001414,101-004,4558.3,2025-09-16T09:52:45.438293,Transaction 1414
TXN00001415,101-005,4681.75,2025-09-16T09:52:45.438296,Transaction 1415
TXN00001416,101-006,4805.2,2025-09-16T09:52:45.438299,Transaction 1416
TXN00001417,101-007,4928.65,2025-09-16T09:52:45.438302,Transaction 1417
TXN00001418,101-008,5052.1,2025-09-16T09:52:45.438305,Transaction 1418
TXN00001419,101-009,5175.55,2025-09-16T09:52:45.438307,Transaction 1419
TXN00001420,101-000,5299.0,2025-09-16T09:52:45.438310,Transaction 1420
TXN00001421,101-001,5422.45,2025-09-16T09:52:45.438313,Transaction 1421
TXN00001422,101-002,5545.9,2025-09-16T09:52:45.438316,Transaction 1422
TXN00001423,101-003,5669.35,2025-09-16T09:52:45.438319,Transaction 1423
TXN00001424,101-004,5792.8,2025-09-16T09:52:45.438322,Transaction 1424
TXN00001425,101-005,5916.25,2025-09-16T09:52:45.438325,Transaction 1425
TXN00001426,101-006,6039.7,2025-09-16T09:52:45.438328,Transaction 1426
TXN00001427,101-007,6163.15,2025-09-16T09:52:45.438330,Transaction 1427
TXN00001428,101-008,6286.6,2025-09-16T09:52:45.438337,Transaction 1428
TXN00001429,101-009,6410.05,2025-09-16T09:52:45.438340,Transaction 1429
TXN00001430,101-000,6533.5,2025-09-16T09:52:45.438343,Transaction 1430
TXN00001431,101-001,6656.95,2025-09-16T09:52:45.438350,Transaction 1431
TXN00001432,101-002,6780.4,2025-09-16T09:52:45.438353,Transaction 1432
TXN00001433,101-003,6903.85,2025-09-16T09:52:45.438356,Transaction 1433
TXN00001434,101-004,7027.3,2025-09-16T09:52:45.438358,Transaction 1434
TXN00001435,101-005,7150.75,2025-09-16T09:52:45.438361,Transaction 1435
TXN00001436,101-006,7274.2,2025-09-16T09:52:45.438364,Transaction 1436
TXN00001437,101-007,7397.65,2025-09-16T09:52:45.438367,Transaction 1437
TXN00001438,101-008,7521.1,2025-09-16T09:52:45.438370,Transaction 1438
TXN00001439,101-009,7644.55,2025-09-16T09:52:45.438373,Transaction 1439
TXN00001440,101-000,7768.0,2025-09-16T09:52:45.438376,Transaction 1440
TXN00001441,101-001,7891.45,2025-09-16T09:52:45.438378,Transaction 1441
TXN00001442,101-002,8014.9,2025-09-16T09:52:45.438381,Transaction 1442
TXN00001443,101-003,8138.35,2025-09-16T09:52:45.438384,Transaction 1443
TXN00001444,101-004,8261.8,2025-09-16T09:52:45.438387,Transaction 1444
TXN00001445,101-005,8385.25,2025-09-16T09:52:45.438394,Transaction 1445
TXN00001446,101-006,8508.7,2025-09-16T09:52:45.438397,Transaction 1446
TXN00001447,101-007,8632.15,2025-09-16T09:52:45.438399,Transaction 1447
TXN00001448,101-008,8755.6,2025-09-16T09:52:45.438402,Transaction 1448
TXN00001449,101-009,8879.05,2025-09-16T09:52:45.438405,Transaction 1449
TXN00001450,101-000,9002.5,2025-09-16T09:52:45.438408,Transaction 1450
TXN00001451,101-001,9125.95,2025-09-16T09:52:45.438412,Transaction 1451
TXN00001452,101-002,9249.4,2025-09-16T09:52:45.438419,Transaction 1452
TXN00001453,101-003,9372.85,2025-09-16T09:52:45.438422,Transaction 1453
TXN00001454,101-004,9496.3,2025-09-16T09:52:45.438425,Transaction 1454
TXN00001455,101-005,9619.75,2025-09-16T09:52:45.438428,Transaction 1455
TXN00001456,101-006,9743.2,2025-09-16T09:52:45.438430,Transaction 1456
TXN00001457,101-007,9866.65,2025-09-16T09:52:45.438433,Transaction 1457
TXN00001458,101-008,9990.1,2025-09-16T09:52:45.438436,Transaction 1458
TXN00001459,101-009,113.55,2025-09-16T09:52:45.438439,Transaction 1459
TXN00001460,101-000,237.0,2025-09-16T09:52:45.438446,Transaction 1460
TXN00001461,101-001,360.45,2025-09-16T09:52:45.438449,Transaction 1461
TXN00001462,101-002,483.9,2025-09-16T09:52:45.438452,Transaction 1462
TXN00001463,101-003,607.35,2025-09-16T09:52:45.438455,Transaction 1463
TXN00001464,101-004,730.8,2025-09-16T09:52:45.438457,Transaction 1464
TXN00001465,101-005,854.25,2025-09-16T09:52:45.438460,Transaction 1465
TXN00001466,101-006,977.7,2025-09-16T09:52:45.438463,Transaction 1466
TXN00001467,101-007,1101.15,2025-09-16T09:52:45.438466,Transaction 1467
TXN00001468,101-008,1224.6,2025-09-16T09:52:45.438469,Transaction 1468
TXN00001469,101-009,1348.05,2025-09-16T09:52:45.438472,Transaction 1469
TXN00001470,101-000,1471.5,2025-09-16T09:52:45.438474,Transaction 1470
TXN00001471,101-001,1594.95,2025-09-16T09:52:45.438477,Transaction 1471
TXN00001472,101-002,1718.4,2025-09-16T09:52:45.438480,Transaction 1472
TXN00001473,101-003,1841.85,2025-09-16T09:52:45.438483,Transaction 1473
TXN00001474,101-004,1965.3,2025-09-16T09:52:45.438490,Transaction 1474
TXN00001475,101-005,2088.75,2025-09-16T09:52:45.438493,Transaction 1475
TXN00001476,101-006,2212.2,2025-09-16T09:52:45.438496,Transaction 1476
TXN00001477,101-007,2335.65,2025-09-16T09:52:45.438499,Transaction 1477
TXN00001478,101-008,2459.1,2025-09-16T09:52:45.438502,Transaction 1478
TXN00001479,101-009,2582.55,2025-09-16T09:52:45.438504,Transaction 1479
TXN00001480,101-000,2706.0,2025-09-16T09:52:45.438507,Transaction 1480
TXN00001481,101-001,2829.45,2025-09-16T09:52:45.438510,Transaction 1481
TXN00001482,101-002,2952.9,2025-09-16T09:52:45.438513,Transaction 1482
TXN00001483,101-003,3076.35,2025-09-16T09:52:45.438520,Transaction 1483
TXN00001484,101-004,3199.8,2025-09-16T09:52:45.438523,Transaction 1484
TXN00001485,101-005,3323.25,2025-09-16T09:52:45.438525,Transaction 1485
TXN00001486,101-006,3446.7,2025-09-16T09:52:45.438528,Transaction 1486
TXN00001487,101-007,3570.15,2025-09-16T09:52:45.438531,Transaction 1487
TXN00001488,101-008,3693.6,2025-09-16T09:52:45.438534,Transaction 1488
TXN00001489,101-009,3817.05,2025-09-16T09:52:45.438537,Transaction 1489
TXN00001490,101-000,3940.5,2025-09-16T09:52:45.438540,Transaction 1490
TXN00001491,101-001,4063.95,2025-09-16T09:52:45.438542,Transaction 1491
TXN00001492,101-002,4187.4,2025-09-16T09:52:45.438554,Transaction 1492
TXN00001493,101-003,4310.85,2025-09-16T09:52:45.438557,Transaction 1493
TXN00001494,101-004,4434.3,2025-09-16T09:52:45.438560,Transaction 1494
TXN00001495,101-005,4557.75,2025-09-16T09:52:45.438566,Transaction 1495
TXN00001496,101-006,4681.2,2025-09-16T09:52:45.438569,Transaction 1496
TXN00001497,101-007,4804.65,2025-09-16T09:52:45.438577,Transaction 1497
TXN00001498,101-008,4928.1,2025-09-16T09:52:45.438580,Transaction 1498
TXN00001499,101-009,5051.55,2025-09-16T09:52:45.438583,Transaction 1499
TXN00001500,101-000,5175.0,2025-09-16T09:52:45.438586,Transaction 1500
TXN00001501,101-001,5298.45,2025-09-16T09:52:45.438589,Transaction 1501
TXN00001502,101-002,5421.9,2025-09-16T09:52:45.438592,Transaction 1502
TXN00001503,101-003,5545.35,2025-09-16T09:52:45.438595,Transaction 1503
TXN00001504,101-004,5668.8,2025-09-16T09:52:45.438598,Transaction 1504
TXN00001505,101-005,5792.25,2025-09-16T09:52:45.438600,Transaction 1505
TXN00001506,101-006,5915.7,2025-09-16T09:52:45.438603,Transaction 1506
TXN00001507,101-007,6039.15,2025-09-16T09:52:45.438606,Transaction 1507
TXN00001508,101-008,6162.6,2025-09-16T09:52:45.438609,Transaction 1508
TXN00001509,101-009,6286.05,2025-09-16T09:52:45.438612,Transaction 1509
TXN00001510,101-000,6409.5,2025-09-16T09:52:45.438615,Transaction 1510
TXN00001511,101-001,6532.95,2025-09-16T09:52:45.438618,Transaction 1511
TXN00001512,101-002,6656.4,2025-09-16T09:52:45.438620,Transaction 1512
TXN00001513,101-003,6779.85,2025-09-16T09:52:45.438623,Transaction 1513
TXN00001514,101-004,6903.3,2025-09-16T09:52:45.438626,Transaction 1514
TXN00001515,101-005,7026.75,2025-09-16T09:52:45.438629,Transaction 1515
TXN00001516,101-006,7150.2,2025-09-16T09:52:45.438636,Transaction 1516
TXN00001517,101-007,7273.65,2025-09-16T09:52:45.438639,Transaction 1517
TXN00001518,101-008,7397.1,2025-09-16T09:52:45.438642,Transaction 1518
TXN00001519,101-009,7520.55,2025-09-16T09:52:45.438644,Transaction 1519
TXN00001520,101-000,7644.0,2025-09-16T09:52:45.438647,Transaction 1520
TXN00001521,101-001,7767.45,2025-09-16T09:52:45.438650,Transaction 1521
TXN00001522,101-002,7890.9,2025-09-16T09:52:45.438653,Transaction 1522
TXN00001523,101-003,8014.35,2025-09-16T09:52:45.438660,Transaction 1523
TXN00001524,101-004,8137.8,2025-09-16T09:52:45.438663,Transaction 1524
TXN00001525,101-005,8261.25,2025-09-16T09:52:45.438665,Transaction 1525
TXN00001526,101-006,8384.7,2025-09-16T09:52:45.438668,Transaction 1526
TXN00001527,101-007,8508.15,2025-09-16T09:52:45.438671,Transaction 1527
TXN00001528,101-008,8631.6,2025-09-16T09:52:45.438674,Transaction 1528
TXN00001529,101-009,8755.05,2025-09-16T09:52:45.438677,Transaction 1529
TXN00001530,101-000,8878.5,2025-09-16T09:52:45.438680,Transaction 1530
TXN00001531,101-001,9001.95,2025-09-16T09:52:45.438683,Transaction 1531
TXN00001532,101-002,9125.4,2025-09-16T09:52:45.438685,Transaction 1532
TXN00001533,101-003,9248.85,2025-09-16T09:52:45.438688,Transaction 1533
TXN00001534,101-004,9372.3,2025-09-16T09:52:45.438691,Transaction 1534
TXN00001535,101-005,9495.75,2025-09-16T09:52:45.438694,Transaction 1535
TXN00001536,101-006,9619.2,2025-09-16T09:52:45.438697,Transaction 1536
TXN00001537,101-007,9742.65,2025-09-16T09:52:45.438704,Transaction 1537
TXN00001538,101-008,9866.1,2025-09-16T09:52:45.438706,Transaction 1538
TXN00001539,101-009,9989.55,2025-09-16T09:52:45.438709,Transaction 1539
TXN00001540,101-000,113.0,2025-09-16T09:52:45.438712,Transaction 1540
TXN00001541,101-001,236.45,2025-09-16T09:52:45.438715,Transaction 1541
TXN00001542,101-002,359.9,2025-09-16T09:52:45.438718,Transaction 1542
TXN00001543,101-003,483.35,2025-09-16T09:52:45.438721,Transaction 1543
TXN00001544,101-004,606.8,2025-09-16T09:52:45.438724,Transaction 1544
TXN00001545,101-005,730.25,2025-09-16T09:52:45.438726,Transaction 1545
TXN00001546,101-006,853.7,2025-09-16T09:52:45.438729,Transaction 1546
TXN00001547,101-007,977.15,2025-09-16T09:52:45.438737,Transaction 1547
TXN00001548,101-008,1100.6,2025-09-16T09:52:45.438739,Transaction 1548
TXN00001549,101-009,1224.05,2025-09-16T09:52:45.438742,Transaction 1549
TXN00001550,101-000,1347.5,2025-09-16T09:52:45.438745,Transaction 1550
TXN00001551,101-001,1470.95,2025-09-16T09:52:45.438748,Transaction 1551
TXN00001552,101-002,1594.4,2025-09-16T09:52:45.438751,Transaction 1552
TXN00001553,101-003,1717.85,2025-09-16T09:52:45.438754,Transaction 1553
TXN00001554,101-004,1841.3,2025-09-16T09:52:45.438756,Transaction 1554
TXN00001555,101-005,1964.75,2025-09-16T09:52:45.438763,Transaction 1555
TXN00001556,101-006,2088.2,2025-09-16T09:52:45.438766,Transaction 1556
TXN00001557,101-007,2211.65,2025-09-16T09:52:45.438769,Transaction 1557
TXN00001558,101-008,2335.1,2025-09-16T09:52:45.438772,Transaction 1558
TXN00001559,101-009,2458.55,2025-09-16T09:52:45.438778,Transaction 1559
TXN00001560,101-000,2582.0,2025-09-16T09:52:45.438781,Transaction 1560
TXN00001561,101-001,2705.45,2025-09-16T09:52:45.438784,Transaction 1561
TXN00001562,101-002,2828.9,2025-09-16T09:52:45.438787,Transaction 1562
TXN00001563,101-003,2952.35,2025-09-16T09:52:45.438790,Transaction 1563
TXN00001564,101-004,3075.8,2025-09-16T09:52:45.438793,Transaction 1564
TXN00001565,101-005,3199.25,2025-09-16T09:52:45.438796,Transaction 1565
TXN00001566,101-006,3322.7,2025-09-16T09:52:45.438798,Transaction 1566
TXN00001567,101-007,3446.15,2025-09-16T09:52:45.438801,Transaction 1567
TXN00001568,101-008,3569.6,2025-09-16T09:52:45.438808,Transaction 1568
TXN00001569,101-009,3693.05,2025-09-16T09:52:45.438811,Transaction 1569
TXN00001570,101-000,3816.5,2025-09-16T09:52:45.438814,Transaction 1570
TXN00001571,101-001,3939.95,2025-09-16T09:52:45.438817,Transaction 1571
TXN00001572,101-002,4063.4,2025-09-16T09:52:45.438820,Transaction 1572
TXN00001573,101-003,4186.85,2025-09-16T09:52:45.438823,Transaction 1573
TXN00001574,101-004,4310.3,2025-09-16T09:52:45.438825,Transaction 1574
TXN00001575,101-005,4433.75,2025-09-16T09:52:45.438828,Transaction 1575
TXN00001576,101-006,4557.2,2025-09-16T09:52:45.438831,Transaction 1576
TXN00001577,101-007,4680.65,2025-09-16T09:52:45.438834,Transaction 1577
TXN00001578,101-008,4804.1,2025-09-16T09:52:45.438837,Transaction 1578
TXN00001579,101-009,4927.55,2025-09-16T09:52:45.438839,Transaction 1579
TXN00001580,101-000,5051.0,2025-09-16T09:52:45.438846,Transaction 1580
TXN00001581,101-001,5174.45,2025-09-16T09:52:45.438849,Transaction 1581
TXN00001582,101-002,5297.9,2025-09-16T09:52:45.438852,Transaction 1582
TXN00001583,101-003,5421.35,2025-09-16T09:52:45.438855,Transaction 1583
TXN00001584,101-004,5544.8,2025-09-16T09:52:45.438858,Transaction 1584
TXN00001585,101-005,5668.25,2025-09-16T09:52:45.438861,Transaction 1585
TXN00001586,101-006,5791.7,2025-09-16T09:52:45.438864,Transaction 1586
TXN00001587,101-007,5915.15,2025-09-16T09:52:45.438870,Transaction 1587
TXN00001588,101-008,6038.6,2025-09-16T09:52:45.438873,Transaction 1588
TXN00001589,101-009,6162.05,2025-09-16T09:52:45.438876,Transaction 1589
TXN00001590,101-000,6285.5,2025-09-16T09:52:45.438879,Transaction 1590
TXN00001591,101-001,6408.95,2025-09-16T09:52:45.438882,Transaction 1591
TXN00001592,101-002,6532.4,2025-09-16T09:52:45.438884,Transaction 1592
TXN00001593,101-003,6655.85,2025-09-16T09:52:45.438887,Transaction 1593
TXN00001594,101-004,6779.3,2025-09-16T09:52:45.438890,Transaction 1594
TXN00001595,101-005,6902.75,2025-09-16T09:52:45.438893,Transaction 1595
TXN00001596,101-006,7026.2,2025-09-16T09:52:45.438896,Transaction 1596
TXN00001597,101-007,7149.65,2025-09-16T09:52:45.438899,Transaction 1597
TXN00001598,101-008,7273.1,2025-09-16T09:52:45.438905,Transaction 1598
TXN00001599,101-009,7396.55,2025-09-16T09:52:45.438908,Transaction 1599
TXN00001600,101-000,7520.0,2025-09-16T09:52:45.438911,Transaction 1600
TXN00001601,101-001,7643.45,2025-09-16T09:52:45.438918,Transaction 1601
TXN00001602,101-002,7766.9,2025-09-16T09:52:45.438921,Transaction 1602
TXN00001603,101-003,7890.35,2025-09-16T09:52:45.438924,Transaction 1603
TXN00001604,101-004,8013.8,2025-09-16T09:52:45.438926,Transaction 1604
TXN00001605,101-005,8137.25,2025-09-16T09:52:45.438929,Transaction 1605
TXN00001606,101-006,8260.7,2025-09-16T09:52:45.438932,Transaction 1606
TXN00001607,101-007,8384.15,2025-09-16T09:52:45.438935,Transaction 1607
TXN00001608,101-008,8507.6,2025-09-16T09:52:45.438938,Transaction 1608
TXN00001609,101-009,8631.05,2025-09-16T09:52:45.438941,Transaction 1609
TXN00001610,101-000,8754.5,2025-09-16T09:52:45.438948,Transaction 1610
TXN00001611,101-001,8877.95,2025-09-16T09:52:45.438950,Transaction 1611
TXN00001612,101-002,9001.4,2025-09-16T09:52:45.438953,Transaction 1612
TXN00001613,101-003,9124.85,2025-09-16T09:52:45.438956,Transaction 1613
TXN00001614,101-004,9248.3,2025-09-16T09:52:45.438959,Transaction 1614
TXN00001615,101-005,9371.75,2025-09-16T09:52:45.438962,Transaction 1615
TXN00001616,101-006,9495.2,2025-09-16T09:52:45.438965,Transaction 1616
TXN00001617,101-007,9618.65,2025-09-16T09:52:45.438967,Transaction 1617
TXN00001618,101-008,9742.1,2025-09-16T09:52:45.438970,Transaction 1618
TXN00001619,101-009,9865.55,2025-09-16T09:52:45.438982,Transaction 1619
TXN00001620,101-000,9989.0,2025-09-16T09:52:45.438985,Transaction 1620
TXN00001621,101-001,112.45,2025-09-16T09:52:45.438988,Transaction 1621
TXN00001622,101-002,235.9,2025-09-16T09:52:45.438995,Transaction 1622
TXN00001623,101-003,359.35,2025-09-16T09:52:45.438998,Transaction 1623
TXN00001624,101-004,482.8,2025-09-16T09:52:45.439001,Transaction 1624
TXN00001625,101-005,606.25,2025-09-16T09:52:45.439003,Transaction 1625
TXN00001626,101-006,729.7,2025-09-16T09:52:45.439006,Transaction 1626
TXN00001627,101-007,853.15,2025-09-16T09:52:45.439009,Transaction 1627
TXN00001628,101-008,976.6,2025-09-16T09:52:45.439012,Transaction 1628
TXN00001629,101-009,1100.05,2025-09-16T09:52:45.439015,Transaction 1629
TXN00001630,101-000,1223.5,2025-09-16T09:52:45.439018,Transaction 1630
TXN00001631,101-001,1346.95,2025-09-16T09:52:45.439021,Transaction 1631
TXN00001632,101-002,1470.4,2025-09-16T09:52:45.439023,Transaction 1632
TXN00001633,101-003,1593.85,2025-09-16T09:52:45.439026,Transaction 1633
TXN00001634,101-004,1717.3,2025-09-16T09:52:45.439029,Transaction 1634
TXN00001635,101-005,1840.75,2025-09-16T09:52:45.439032,Transaction 1635
TXN00001636,101-006,1964.2,2025-09-16T09:52:45.439035,Transaction 1636
TXN00001637,101-007,2087.65,2025-09-16T09:52:45.439038,Transaction 1637
TXN00001638,101-008,2211.1,2025-09-16T09:52:45.439040,Transaction 1638
TXN00001639,101-009,2334.55,2025-09-16T09:52:45.439043,Transaction 1639
TXN00001640,101-000,2458.0,2025-09-16T09:52:45.439046,Transaction 1640
TXN00001641,101-001,2581.45,2025-09-16T09:52:45.439050,Transaction 1641
TXN00001642,101-002,2704.9,2025-09-16T09:52:45.439055,Transaction 1642
TXN00001643,101-003,2828.35,2025-09-16T09:52:45.439059,Transaction 1643
TXN00001644,101-004,2951.8,2025-09-16T09:52:45.439065,Transaction 1644
TXN00001645,101-005,3075.25,2025-09-16T09:52:45.439068,Transaction 1645
TXN00001646,101-006,3198.7,2025-09-16T09:52:45.439071,Transaction 1646
TXN00001647,101-007,3322.15,2025-09-16T09:52:45.439074,Transaction 1647
TXN00001648,101-008,3445.6,2025-09-16T09:52:45.439077,Transaction 1648
TXN00001649,101-009,3569.05,2025-09-16T09:52:45.439083,Transaction 1649
TXN00001650,101-000,3692.5,2025-09-16T09:52:45.439090,Transaction 1650
TXN00001651,101-001,3815.95,2025-09-16T09:52:45.439093,Transaction 1651
TXN00001652,101-002,3939.4,2025-09-16T09:52:45.439095,Transaction 1652
TXN00001653,101-003,4062.85,2025-09-16T09:52:45.439102,Transaction 1653
TXN00001654,101-004,4186.3,2025-09-16T09:52:45.439105,Transaction 1654
TXN00001655,101-005,4309.75,2025-09-16T09:52:45.439108,Transaction 1655
TXN00001656,101-006,4433.2,2025-09-16T09:52:45.439110,Transaction 1656
TXN00001657,101-007,4556.65,2025-09-16T09:52:45.439113,Transaction 1657
TXN00001658,101-008,4680.1,2025-09-16T09:52:45.439116,Transaction 1658
TXN00001659,101-009,4803.55,2025-09-16T09:52:45.439119,Transaction 1659
TXN00001660,101-000,4927.0,2025-09-16T09:52:45.439121,Transaction 1660
TXN00001661,101-001,5050.45,2025-09-16T09:52:45.439124,Transaction 1661
TXN00001662,101-002,5173.9,2025-09-16T09:52:45.439127,Transaction 1662
TXN00001663,101-003,5297.35,2025-09-16T09:52:45.439130,Transaction 1663
TXN00001664,101-004,5420.8,2025-09-16T09:52:45.439133,Transaction 1664
TXN00001665,101-005,5544.25,2025-09-16T09:52:45.439139,Transaction 1665
TXN00001666,101-006,5667.7,2025-09-16T09:52:45.439142,Transaction 1666
TXN00001667,101-007,5791.15,2025-09-16T09:52:45.439145,Transaction 1667
TXN00001668,101-008,5914.6,2025-09-16T09:52:45.439148,Transaction 1668
TXN00001669,101-009,6038.05,2025-09-16T09:52:45.439150,Transaction 1669
TXN00001670,101-000,6161.5,2025-09-16T09:52:45.439153,Transaction 1670
TXN00001671,101-001,6284.95,2025-09-16T09:52:45.439156,Transaction 1671
TXN00001672,101-002,6408.4,2025-09-16T09:52:45.439159,Transaction 1672
TXN00001673,101-003,6531.85,2025-09-16T09:52:45.439162,Transaction 1673
TXN00001674,101-004,6655.3,2025-09-16T09:52:45.439164,Transaction 1674
TXN00001675,101-005,6778.75,2025-09-16T09:52:45.439167,Transaction 1675
TXN00001676,101-006,6902.2,2025-09-16T09:52:45.439170,Transaction 1676
TXN00001677,101-007,7025.65,2025-09-16T09:52:45.439173,Transaction 1677
TXN00001678,101-008,7149.1,2025-09-16T09:52:45.439175,Transaction 1678
TXN00001679,101-009,7272.55,2025-09-16T09:52:45.439178,Transaction 1679
TXN00001680,101-000,7396.0,2025-09-16T09:52:45.439181,Transaction 1680
TXN00001681,101-001,7519.45,2025-09-16T09:52:45.439184,Transaction 1681
TXN00001682,101-002,7642.9,2025-09-16T09:52:45.439191,Transaction 1682
TXN00001683,101-003,7766.35,2025-09-16T09:52:45.439194,Transaction 1683
TXN00001684,101-004,7889.8,2025-09-16T09:52:45.439196,Transaction 1684
TXN00001685,101-005,8013.25,2025-09-16T09:52:45.439199,Transaction 1685
TXN00001686,101-006,8136.7,2025-09-16T09:52:45.439206,Transaction 1686
TXN00001687,101-007,8260.15,2025-09-16T09:52:45.439208,Transaction 1687
TXN00001688,101-008,8383.6,2025-09-16T09:52:45.439211,Transaction 1688
TXN00001689,101-009,8507.05,2025-09-16T09:52:45.439214,Transaction 1689
TXN00001690,101-000,8630.5,2025-09-16T09:52:45.439217,Transaction 1690
TXN00001691,101-001,8753.95,2025-09-16T09:52:45.439220,Transaction 1691
TXN00001692,101-002,8877.4,2025-09-16T09:52:45.439223,Transaction 1692
TXN00001693,101-003,9000.85,2025-09-16T09:52:45.439225,Transaction 1693
TXN00001694,101-004,9124.3,2025-09-16T09:52:45.439228,Transaction 1694
TXN00001695,101-005,9247.75,2025-09-16T09:52:45.439231,Transaction 1695
TXN00001696,101-006,9371.2,2025-09-16T09:52:45.439234,Transaction 1696
TXN00001697,101-007,9494.65,2025-09-16T09:52:45.439236,Transaction 1697
TXN00001698,101-008,9618.1,2025-09-16T09:52:45.439239,Transaction 1698
TXN00001699,101-009,9741.55,2025-09-16T09:52:45.439242,Transaction 1699
TXN00001700,101-000,9865.0,2025-09-16T09:52:45.439245,Transaction 1700
TXN00001701,101-001,9988.45,2025-09-16T09:52:45.439252,Transaction 1701
TXN00001702,101-002,111.9,2025-09-16T09:52:45.439255,Transaction 1702
TXN00001703,101-003,235.35,2025-09-16T09:52:45.439257,Transaction 1703
TXN00001704,101-004,358.8,2025-09-16T09:52:45.439287,Transaction 1704
TXN00001705,101-005,482.25,2025-09-16T09:52:45.439295,Transaction 1705
TXN00001706,101-006,605.7,2025-09-16T09:52:45.439299,Transaction 1706
TXN00001707,101-007,729.15,2025-09-16T09:52:45.439309,Transaction 1707
TXN00001708,101-008,852.6,2025-09-16T09:52:45.439312,Transaction 1708
TXN00001709,101-009,976.05,2025-09-16T09:52:45.439315,Transaction 1709
TXN00001710,101-000,1099.5,2025-09-16T09:52:45.439318,Transaction 1710
TXN00001711,101-001,1222.95,2025-09-16T09:52:45.439321,Transaction 1711
TXN00001712,101-002,1346.4,2025-09-16T09:52:45.439324,Transaction 1712
TXN00001713,101-003,1469.85,2025-09-16T09:52:45.439327,Transaction 1713
TXN00001714,101-004,1593.3,2025-09-16T09:52:45.439335,Transaction 1714
TXN00001715,101-005,1716.75,2025-09-16T09:52:45.439337,Transaction 1715
TXN00001716,101-006,1840.2,2025-09-16T09:52:45.439340,Transaction 1716
TXN00001717,101-007,1963.65,2025-09-16T09:52:45.439343,Transaction 1717
TXN00001718,101-008,2087.1,2025-09-16T09:52:45.439346,Transaction 1718
TXN00001719,101-009,2210.55,2025-09-16T09:52:45.439349,Transaction 1719
TXN00001720,101-000,2334.0,2025-09-16T09:52:45.439351,Transaction 1720
TXN00001721,101-001,2457.45,2025-09-16T09:52:45.439354,Transaction 1721
TXN00001722,101-002,2580.9,2025-09-16T09:52:45.439357,Transaction 1722
TXN00001723,101-003,2704.35,2025-09-16T09:52:45.439360,Transaction 1723
TXN00001724,101-004,2827.8,2025-09-16T09:52:45.439363,Transaction 1724
TXN00001725,101-005,2951.25,2025-09-16T09:52:45.439365,Transaction 1725
TXN00001726,101-006,3074.7,2025-09-16T09:52:45.439368,Transaction 1726
TXN00001727,101-007,3198.15,2025-09-16T09:52:45.439371,Transaction 1727
TXN00001728,101-008,3321.6,2025-09-16T09:52:45.439374,Transaction 1728
TXN00001729,101-009,3445.05,2025-09-16T09:52:45.439381,Transaction 1729
TXN00001730,101-000,3568.5,2025-09-16T09:52:45.439384,Transaction 1730
TXN00001731,101-001,3691.95,2025-09-16T09:52:45.439387,Transaction 1731
TXN00001732,101-002,3815.4,2025-09-16T09:52:45.439390,Transaction 1732
TXN00001733,101-003,3938.85,2025-09-16T09:52:45.439393,Transaction 1733
TXN00001734,101-004,4062.3,2025-09-16T09:52:45.439395,Transaction 1734
TXN00001735,101-005,4185.75,2025-09-16T09:52:45.439398,Transaction 1735
TXN00001736,101-006,4309.2,2025-09-16T09:52:45.439405,Transaction 1736
TXN00001737,101-007,4432.65,2025-09-16T09:52:45.439408,Transaction 1737
TXN00001738,101-008,4556.1,2025-09-16T09:52:45.439411,Transaction 1738
TXN00001739,101-009,4679.55,2025-09-16T09:52:45.439418,Transaction 1739
TXN00001740,101-000,4803.0,2025-09-16T09:52:45.439421,Transaction 1740
TXN00001741,101-001,4926.45,2025-09-16T09:52:45.439424,Transaction 1741
TXN00001742,101-002,5049.9,2025-09-16T09:52:45.439427,Transaction 1742
TXN00001743,101-003,5173.35,2025-09-16T09:52:45.439429,Transaction 1743
TXN00001744,101-004,5296.8,2025-09-16T09:52:45.439432,Transaction 1744
TXN00001745,101-005,5420.25,2025-09-16T09:52:45.439435,Transaction 1745
TXN00001746,101-006,5543.7,2025-09-16T09:52:45.439447,Transaction 1746
TXN00001747,101-007,5667.15,2025-09-16T09:52:45.439450,Transaction 1747
TXN00001748,101-008,5790.6,2025-09-16T09:52:45.439453,Transaction 1748
TXN00001749,101-009,5914.05,2025-09-16T09:52:45.439456,Transaction 1749
TXN00001750,101-000,6037.5,2025-09-16T09:52:45.439477,Transaction 1750
TXN00001751,101-001,6160.95,2025-09-16T09:52:45.439484,Transaction 1751
TXN00001752,101-002,6284.4,2025-09-16T09:52:45.439486,Transaction 1752
TXN00001753,101-003,6407.85,2025-09-16T09:52:45.439489,Transaction 1753
TXN00001754,101-004,6531.3,2025-09-16T09:52:45.439492,Transaction 1754
TXN00001755,101-005,6654.75,2025-09-16T09:52:45.439495,Transaction 1755
TXN00001756,101-006,6778.2,2025-09-16T09:52:45.439498,Transaction 1756
TXN00001757,101-007,6901.65,2025-09-16T09:52:45.439501,Transaction 1757
TXN00001758,101-008,7025.1,2025-09-16T09:52:45.439503,Transaction 1758
TXN00001759,101-009,7148.55,2025-09-16T09:52:45.439506,Transaction 1759
TXN00001760,101-000,7272.0,2025-09-16T09:52:45.439509,Transaction 1760
TXN00001761,101-001,7395.45,2025-09-16T09:52:45.439512,Transaction 1761
TXN00001762,101-002,7518.9,2025-09-16T09:52:45.439515,Transaction 1762
TXN00001763,101-003,7642.35,2025-09-16T09:52:45.439517,Transaction 1763
TXN00001764,101-004,7765.8,2025-09-16T09:52:45.439520,Transaction 1764
TXN00001765,101-005,7889.25,2025-09-16T09:52:45.439523,Transaction 1765
TXN00001766,101-006,8012.7,2025-09-16T09:52:45.439526,Transaction 1766
TXN00001767,101-007,8136.15,2025-09-16T09:52:45.439529,Transaction 1767
TXN00001768,101-008,8259.6,2025-09-16T09:52:45.439531,Transaction 1768
TXN00001769,101-009,8383.05,2025-09-16T09:52:45.439534,Transaction 1769
TXN00001770,101-000,8506.5,2025-09-16T09:52:45.439537,Transaction 1770
TXN00001771,101-001,8629.95,2025-09-16T09:52:45.439544,Transaction 1771
TXN00001772,101-002,8753.4,2025-09-16T09:52:45.439547,Transaction 1772
TXN00001773,101-003,8876.85,2025-09-16T09:52:45.439550,Transaction 1773
TXN00001774,101-004,9000.3,2025-09-16T09:52:45.439552,Transaction 1774
TXN00001775,101-005,9123.75,2025-09-16T09:52:45.439555,Transaction 1775
TXN00001776,101-006,9247.2,2025-09-16T09:52:45.439558,Transaction 1776
TXN00001777,101-007,9370.65,2025-09-16T09:52:45.439565,Transaction 1777
TXN00001778,101-008,9494.1,2025-09-16T09:52:45.439568,Transaction 1778
TXN00001779,101-009,9617.55,2025-09-16T09:52:45.439571,Transaction 1779
TXN00001780,101-000,9741.0,2025-09-16T09:52:45.439573,Transaction 1780
TXN00001781,101-001,9864.45,2025-09-16T09:52:45.439576,Transaction 1781
TXN00001782,101-002,9987.9,2025-09-16T09:52:45.439579,Transaction 1782
TXN00001783,101-003,111.35,2025-09-16T09:52:45.439582,Transaction 1783
TXN00001784,101-004,234.8,2025-09-16T09:52:45.439585,Transaction 1784
TXN00001785,101-005,358.25,2025-09-16T09:52:45.439588,Transaction 1785
TXN00001786,101-006,481.7,2025-09-16T09:52:45.439591,Transaction 1786
TXN00001787,101-007,605.15,2025-09-16T09:52:45.439593,Transaction 1787
TXN00001788,101-008,728.6,2025-09-16T09:52:45.439596,Transaction 1788
TXN00001789,101-009,852.05,2025-09-16T09:52:45.439600,Transaction 1789
TXN00001790,101-000,975.5,2025-09-16T09:52:45.439603,Transaction 1790
TXN00001791,101-001,1098.95,2025-09-16T09:52:45.439605,Transaction 1791
TXN00001792,101-002,1222.4,2025-09-16T09:52:45.439613,Transaction 1792
TXN00001793,101-003,1345.85,2025-09-16T09:52:45.439615,Transaction 1793
TXN00001794,101-004,1469.3,2025-09-16T09:52:45.439618,Transaction 1794
TXN00001795,101-005,1592.75,2025-09-16T09:52:45.439621,Transaction 1795
TXN00001796,101-006,1716.2,2025-09-16T09:52:45.439624,Transaction 1796
TXN00001797,101-007,1839.65,2025-09-16T09:52:45.439627,Transaction 1797
TXN00001798,101-008,1963.1,2025-09-16T09:52:45.439630,Transaction 1798
TXN00001799,101-009,2086.55,2025-09-16T09:52:45.439632,Transaction 1799
TXN00001800,101-000,2210.0,2025-09-16T09:52:45.439635,Transaction 1800
TXN00001801,101-001,2333.45,2025-09-16T09:52:45.439638,Transaction 1801
TXN00001802,101-002,2456.9,2025-09-16T09:52:45.439645,Transaction 1802
TXN00001803,101-003,2580.35,2025-09-16T09:52:45.439648,Transaction 1803
TXN00001804,101-004,2703.8,2025-09-16T09:52:45.439650,Transaction 1804
TXN00001805,101-005,2827.25,2025-09-16T09:52:45.439653,Transaction 1805
TXN00001806,101-006,2950.7,2025-09-16T09:52:45.439656,Transaction 1806
TXN00001807,101-007,3074.15,2025-09-16T09:52:45.439659,Transaction 1807
TXN00001808,101-008,3197.6,2025-09-16T09:52:45.439662,Transaction 1808
TXN00001809,101-009,3321.05,2025-09-16T09:52:45.439668,Transaction 1809
TXN00001810,101-000,3444.5,2025-09-16T09:52:45.439671,Transaction 1810
TXN00001811,101-001,3567.95,2025-09-16T09:52:45.439674,Transaction 1811
TXN00001812,101-002,3691.4,2025-09-16T09:52:45.439677,Transaction 1812
TXN00001813,101-003,3814.85,2025-09-16T09:52:45.439680,Transaction 1813
TXN00001814,101-004,3938.3,2025-09-16T09:52:45.439688,Transaction 1814
TXN00001815,101-005,4061.75,2025-09-16T09:52:45.439691,Transaction 1815
TXN00001816,101-006,4185.2,2025-09-16T09:52:45.439693,Transaction 1816
TXN00001817,101-007,4308.65,2025-09-16T09:52:45.439696,Transaction 1817
TXN00001818,101-008,4432.1,2025-09-16T09:52:45.439699,Transaction 1818
TXN00001819,101-009,4555.55,2025-09-16T09:52:45.439702,Transaction 1819
TXN00001820,101-000,4679.0,2025-09-16T09:52:45.439705,Transaction 1820
TXN00001821,101-001,4802.45,2025-09-16T09:52:45.439708,Transaction 1821
TXN00001822,101-002,4925.9,2025-09-16T09:52:45.439710,Transaction 1822
TXN00001823,101-003,5049.35,2025-09-16T09:52:45.439717,Transaction 1823
TXN00001824,101-004,5172.8,2025-09-16T09:52:45.439720,Transaction 1824
TXN00001825,101-005,5296.25,2025-09-16T09:52:45.439723,Transaction 1825
TXN00001826,101-006,5419.7,2025-09-16T09:52:45.439726,Transaction 1826
TXN00001827,101-007,5543.15,2025-09-16T09:52:45.439729,Transaction 1827
TXN00001828,101-008,5666.6,2025-09-16T09:52:45.439731,Transaction 1828
TXN00001829,101-009,5790.05,2025-09-16T09:52:45.439734,Transaction 1829
TXN00001830,101-000,5913.5,2025-09-16T09:52:45.439737,Transaction 1830
TXN00001831,101-001,6036.95,2025-09-16T09:52:45.439740,Transaction 1831
TXN00001832,101-002,6160.4,2025-09-16T09:52:45.439742,Transaction 1832
TXN00001833,101-003,6283.85,2025-09-16T09:52:45.439745,Transaction 1833
TXN00001834,101-004,6407.3,2025-09-16T09:52:45.439748,Transaction 1834
TXN00001835,101-005,6530.75,2025-09-16T09:52:45.439755,Transaction 1835
TXN00001836,101-006,6654.2,2025-09-16T09:52:45.439758,Transaction 1836
TXN00001837,101-007,6777.65,2025-09-16T09:52:45.439760,Transaction 1837
TXN00001838,101-008,6901.1,2025-09-16T09:52:45.439763,Transaction 1838
TXN00001839,101-009,7024.55,2025-09-16T09:52:45.439766,Transaction 1839
TXN00001840,101-000,7148.0,2025-09-16T09:52:45.439769,Transaction 1840
TXN00001841,101-001,7271.45,2025-09-16T09:52:45.439775,Transaction 1841
TXN00001842,101-002,7394.9,2025-09-16T09:52:45.439778,Transaction 1842
TXN00001843,101-003,7518.35,2025-09-16T09:52:45.439781,Transaction 1843
TXN00001844,101-004,7641.8,2025-09-16T09:52:45.439784,Transaction 1844
TXN00001845,101-005,7765.25,2025-09-16T09:52:45.439787,Transaction 1845
TXN00001846,101-006,7888.7,2025-09-16T09:52:45.439789,Transaction 1846
TXN00001847,101-007,8012.15,2025-09-16T09:52:45.439792,Transaction 1847
TXN00001848,101-008,8135.6,2025-09-16T09:52:45.439795,Transaction 1848
TXN00001849,101-009,8259.05,2025-09-16T09:52:45.439798,Transaction 1849
TXN00001850,101-000,8382.5,2025-09-16T09:52:45.439800,Transaction 1850
TXN00001851,101-001,8505.95,2025-09-16T09:52:45.439803,Transaction 1851
TXN00001852,101-002,8629.4,2025-09-16T09:52:45.439806,Transaction 1852
TXN00001853,101-003,8752.85,2025-09-16T09:52:45.439813,Transaction 1853
TXN00001854,101-004,8876.3,2025-09-16T09:52:45.439816,Transaction 1854
TXN00001855,101-005,8999.75,2025-09-16T09:52:45.439819,Transaction 1855
TXN00001856,101-006,9123.2,2025-09-16T09:52:45.439826,Transaction 1856
TXN00001857,101-007,9246.65,2025-09-16T09:52:45.439829,Transaction 1857
TXN00001858,101-008,9370.1,2025-09-16T09:52:45.439831,Transaction 1858
TXN00001859,101-009,9493.55,2025-09-16T09:52:45.439834,Transaction 1859
TXN00001860,101-000,9617.0,2025-09-16T09:52:45.439837,Transaction 1860
TXN00001861,101-001,9740.45,2025-09-16T09:52:45.439840,Transaction 1861
TXN00001862,101-002,9863.9,2025-09-16T09:52:45.439843,Transaction 1862
TXN00001863,101-003,9987.35,2025-09-16T09:52:45.439845,Transaction 1863
TXN00001864,101-004,110.8,2025-09-16T09:52:45.439852,Transaction 1864
TXN00001865,101-005,234.25,2025-09-16T09:52:45.439855,Transaction 1865
TXN00001866,101-006,357.7,2025-09-16T09:52:45.439858,Transaction 1866
TXN00001867,101-007,481.15,2025-09-16T09:52:45.439860,Transaction 1867
TXN00001868,101-008,604.6,2025-09-16T09:52:45.439863,Transaction 1868
TXN00001869,101-009,728.05,2025-09-16T09:52:45.439866,Transaction 1869
TXN00001870,101-000,851.5,2025-09-16T09:52:45.439869,Transaction 1870
TXN00001871,101-001,974.95,2025-09-16T09:52:45.439872,Transaction 1871
TXN00001872,101-002,1098.4,2025-09-16T09:52:45.439874,Transaction 1872
TXN00001873,101-003,1221.85,2025-09-16T09:52:45.439886,Transaction 1873
TXN00001874,101-004,1345.3,2025-09-16T09:52:45.439889,Transaction 1874
TXN00001875,101-005,1468.75,2025-09-16T09:52:45.439892,Transaction 1875
TXN00001876,101-006,1592.2,2025-09-16T09:52:45.439894,Transaction 1876
TXN00001877,101-007,1715.65,2025-09-16T09:52:45.439901,Transaction 1877
TXN00001878,101-008,1839.1,2025-09-16T09:52:45.439904,Transaction 1878
TXN00001879,101-009,1962.55,2025-09-16T09:52:45.439907,Transaction 1879
TXN00001880,101-000,2086.0,2025-09-16T09:52:45.439910,Transaction 1880
TXN00001881,101-001,2209.45,2025-09-16T09:52:45.439913,Transaction 1881
TXN00001882,101-002,2332.9,2025-09-16T09:52:45.439915,Transaction 1882
TXN00001883,101-003,2456.35,2025-09-16T09:52:45.439918,Transaction 1883
TXN00001884,101-004,2579.8,2025-09-16T09:52:45.439921,Transaction 1884
TXN00001885,101-005,2703.25,2025-09-16T09:52:45.439924,Transaction 1885
TXN00001886,101-006,2826.7,2025-09-16T09:52:45.439926,Transaction 1886
TXN00001887,101-007,2950.15,2025-09-16T09:52:45.439929,Transaction 1887
TXN00001888,101-008,3073.6,2025-09-16T09:52:45.439932,Transaction 1888
TXN00001889,101-009,3197.05,2025-09-16T09:52:45.439935,Transaction 1889
TXN00001890,101-000,3320.5,2025-09-16T09:52:45.439938,Transaction 1890
TXN00001891,101-001,3443.95,2025-09-16T09:52:45.439940,Transaction 1891
TXN00001892,101-002,3567.4,2025-09-16T09:52:45.439943,Transaction 1892
TXN00001893,101-003,3690.85,2025-09-16T09:52:45.439946,Transaction 1893
TXN00001894,101-004,3814.3,2025-09-16T09:52:45.439949,Transaction 1894
TXN00001895,101-005,3937.75,2025-09-16T09:52:45.439951,Transaction 1895
TXN00001896,101-006,4061.2,2025-09-16T09:52:45.439954,Transaction 1896
TXN00001897,101-007,4184.65,2025-09-16T09:52:45.439957,Transaction 1897
TXN00001898,101-008,4308.1,2025-09-16T09:52:45.439960,Transaction 1898
TXN00001899,101-009,4431.55,2025-09-16T09:52:45.439967,Transaction 1899
TXN00001900,101-000,4555.0,2025-09-16T09:52:45.439970,Transaction 1900
TXN00001901,101-001,4678.45,2025-09-16T09:52:45.439972,Transaction 1901
TXN00001902,101-002,4801.9,2025-09-16T09:52:45.439975,Transaction 1902
TXN00001903,101-003,4925.35,2025-09-16T09:52:45.439978,Transaction 1903
TXN00001904,101-004,5048.8,2025-09-16T09:52:45.439986,Transaction 1904
TXN00001905,101-005,5172.25,2025-09-16T09:52:45.439993,Transaction 1905
TXN00001906,101-006,5295.7,2025-09-16T09:52:45.439996,Transaction 1906
TXN00001907,101-007,5419.15,2025-09-16T09:52:45.439999,Transaction 1907
TXN00001908,101-008,5542.6,2025-09-16T09:52:45.440006,Transaction 1908
TXN00001909,101-009,5666.05,2025-09-16T09:52:45.440008,Transaction 1909
TXN00001910,101-000,5789.5,2025-09-16T09:52:45.440011,Transaction 1910
TXN00001911,101-001,5912.95,2025-09-16T09:52:45.440014,Transaction 1911
TXN00001912,101-002,6036.4,2025-09-16T09:52:45.440017,Transaction 1912
TXN00001913,101-003,6159.85,2025-09-16T09:52:45.440020,Transaction 1913
TXN00001914,101-004,6283.3,2025-09-16T09:52:45.440022,Transaction 1914
TXN00001915,101-005,6406.75,2025-09-16T09:52:45.440025,Transaction 1915
TXN00001916,101-006,6530.2,2025-09-16T09:52:45.440028,Transaction 1916
TXN00001917,101-007,6653.65,2025-09-16T09:52:45.440031,Transaction 1917
TXN00001918,101-008,6777.1,2025-09-16T09:52:45.440034,Transaction 1918
TXN00001919,101-009,6900.55,2025-09-16T09:52:45.440036,Transaction 1919
TXN00001920,101-000,7024.0,2025-09-16T09:52:45.440047,Transaction 1920
TXN00001921,101-001,7147.45,2025-09-16T09:52:45.440050,Transaction 1921
TXN00001922,101-002,7270.9,2025-09-16T09:52:45.440053,Transaction 1922
TXN00001923,101-003,7394.35,2025-09-16T09:52:45.440056,Transaction 1923
TXN00001924,101-004,7517.8,2025-09-16T09:52:45.440058,Transaction 1924
TXN00001925,101-005,7641.25,2025-09-16T09:52:45.440061,Transaction 1925
TXN00001926,101-006,7764.7,2025-09-16T09:52:45.440064,Transaction 1926
TXN00001927,101-007,7888.15,2025-09-16T09:52:45.440067,Transaction 1927
TXN00001928,101-008,8011.6,2025-09-16T09:52:45.440069,Transaction 1928
TXN00001929,101-009,8135.05,2025-09-16T09:52:45.440072,Transaction 1929
TXN00001930,101-000,8258.5,2025-09-16T09:52:45.440075,Transaction 1930
TXN00001931,101-001,8381.95,2025-09-16T09:52:45.440078,Transaction 1931
TXN00001932,101-002,8505.4,2025-09-16T09:52:45.440080,Transaction 1932
TXN00001933,101-003,8628.85,2025-09-16T09:52:45.440083,Transaction 1933
TXN00001934,101-004,8752.3,2025-09-16T09:52:45.440086,Transaction 1934
TXN00001935,101-005,8875.75,2025-09-16T09:52:45.440089,Transaction 1935
TXN00001936,101-006,8999.2,2025-09-16T09:52:45.440095,Transaction 1936
TXN00001937,101-007,9122.65,2025-09-16T09:52:45.440098,Transaction 1937
TXN00001938,101-008,9246.1,2025-09-16T09:52:45.440101,Transaction 1938
TXN00001939,101-009,9369.55,2025-09-16T09:52:45.440104,Transaction 1939
TXN00001940,101-000,9493.0,2025-09-16T09:52:45.440106,Transaction 1940
TXN00001941,101-001,9616.45,2025-09-16T09:52:45.440113,Transaction 1941
TXN00001942,101-002,9739.9,2025-09-16T09:52:45.440116,Transaction 1942
TXN00001943,101-003,9863.35,2025-09-16T09:52:45.440119,Transaction 1943
TXN00001944,101-004,9986.8,2025-09-16T09:52:45.440121,Transaction 1944
TXN00001945,101-005,110.25,2025-09-16T09:52:45.440124,Transaction 1945
TXN00001946,101-006,233.7,2025-09-16T09:52:45.440127,Transaction 1946
TXN00001947,101-007,357.15,2025-09-16T09:52:45.440130,Transaction 1947
TXN00001948,101-008,480.6,2025-09-16T09:52:45.440133,Transaction 1948
TXN00001949,101-009,604.05,2025-09-16T09:52:45.440136,Transaction 1949
TXN00001950,101-000,727.5,2025-09-16T09:52:45.440138,Transaction 1950
TXN00001951,101-001,850.95,2025-09-16T09:52:45.440141,Transaction 1951
TXN00001952,101-002,974.4,2025-09-16T09:52:45.440144,Transaction 1952
TXN00001953,101-003,1097.85,2025-09-16T09:52:45.440147,Transaction 1953
TXN00001954,101-004,1221.3,2025-09-16T09:52:45.440150,Transaction 1954
TXN00001955,101-005,1344.75,2025-09-16T09:52:45.440156,Transaction 1955
TXN00001956,101-006,1468.2,2025-09-16T09:52:45.440159,Transaction 1956
TXN00001957,101-007,1591.65,2025-09-16T09:52:45.440162,Transaction 1957
TXN00001958,101-008,1715.1,2025-09-16T09:52:45.440165,Transaction 1958
TXN00001959,101-009,1838.55,2025-09-16T09:52:45.440167,Transaction 1959
TXN00001960,101-000,1962.0,2025-09-16T09:52:45.440170,Transaction 1960
TXN00001961,101-001,2085.45,2025-09-16T09:52:45.440173,Transaction 1961
TXN00001962,101-002,2208.9,2025-09-16T09:52:45.440180,Transaction 1962
TXN00001963,101-003,2332.35,2025-09-16T09:52:45.440182,Transaction 1963
TXN00001964,101-004,2455.8,2025-09-16T09:52:45.440185,Transaction 1964
TXN00001965,101-005,2579.25,2025-09-16T09:52:45.440188,Transaction 1965
TXN00001966,101-006,2702.7,2025-09-16T09:52:45.440191,Transaction 1966
TXN00001967,101-007,2826.15,2025-09-16T09:52:45.440194,Transaction 1967
TXN00001968,101-008,2949.6,2025-09-16T09:52:45.440200,Transaction 1968
TXN00001969,101-009,3073.05,2025-09-16T09:52:45.440203,Transaction 1969
TXN00001970,101-000,3196.5,2025-09-16T09:52:45.440206,Transaction 1970
TXN00001971,101-001,3319.95,2025-09-16T09:52:45.440209,Transaction 1971
TXN00001972,101-002,3443.4,2025-09-16T09:52:45.440211,Transaction 1972
TXN00001973,101-003,3566.85,2025-09-16T09:52:45.440214,Transaction 1973
TXN00001974,101-004,3690.3,2025-09-16T09:52:45.440217,Transaction 1974
TXN00001975,101-005,3813.75,2025-09-16T09:52:45.440220,Transaction 1975
TXN00001976,101-006,3937.2,2025-09-16T09:52:45.440222,Transaction 1976
TXN00001977,101-007,4060.65,2025-09-16T09:52:45.440225,Transaction 1977
TXN00001978,101-008,4184.1,2025-09-16T09:52:45.440228,Transaction 1978
TXN00001979,101-009,4307.55,2025-09-16T09:52:45.440231,Transaction 1979
TXN00001980,101-000,4431.0,2025-09-16T09:52:45.440233,Transaction 1980
TXN00001981,101-001,4554.45,2025-09-16T09:52:45.440236,Transaction 1981
TXN00001982,101-002,4677.9,2025-09-16T09:52:45.440239,Transaction 1982
TXN00001983,101-003,4801.35,2025-09-16T09:52:45.440242,Transaction 1983
TXN00001984,101-004,4924.8,2025-09-16T09:52:45.440248,Transaction 1984
TXN00001985,101-005,5048.25,2025-09-16T09:52:45.440251,Transaction 1985
TXN00001986,101-006,5171.7,2025-09-16T09:52:45.440254,Transaction 1986
TXN00001987,101-007,5295.15,2025-09-16T09:52:45.440257,Transaction 1987
TXN00001988,101-008,5418.6,2025-09-16T09:52:45.440260,Transaction 1988
TXN00001989,101-009,5542.05,2025-09-16T09:52:45.440262,Transaction 1989
TXN00001990,101-000,5665.5,2025-09-16T09:52:45.440265,Transaction 1990
TXN00001991,101-001,5788.95,2025-09-16T09:52:45.440268,Transaction 1991
TXN00001992,101-002,5912.4,2025-09-16T09:52:45.440275,Transaction 1992
TXN00001993,101-003,6035.85,2025-09-16T09:52:45.440282,Transaction 1993
TXN00001994,101-004,6159.3,2025-09-16T09:52:45.440285,Transaction 1994
TXN00001995,101-005,6282.75,2025-09-16T09:52:45.440288,Transaction 1995
TXN00001996,101-006,6406.2,2025-09-16T09:52:45.440291,Transaction 1996
TXN00001997,101-007,6529.65,2025-09-16T09:52:45.440293,Transaction 1997
TXN00001998,101-008,6653.1,2025-09-16T09:52:45.440296,Transaction 1998
TXN00001999,101-009,6776.55,2025-09-16T09:52:45.440299,Transaction 1999
TXN00002000,101-000,6900.0,2025-09-16T09:52:45.440311,Transaction 2000
TXN00002001,101-001,7023.45,2025-09-16T09:52:45.440313,Transaction 2001
TXN00002002,101-002,7146.9,2025-09-16T09:52:45.440316,Transaction 2002
TXN00002003,101-003,7270.35,2025-09-16T09:52:45.440319,Transaction 2003
TXN00002004,101-004,7393.8,2025-09-16T09:52:45.440322,Transaction 2004
TXN00002005,101-005,7517.25,2025-09-16T09:52:45.440328,Transaction 2005
TXN00002006,101-006,7640.7,2025-09-16T09:52:45.440335,Transaction 2006
TXN00002007,101-007,7764.15,2025-09-16T09:52:45.440338,Transaction 2007
TXN00002008,101-008,7887.6,2025-09-16T09:52:45.440340,Transaction 2008
TXN00002009,101-009,8011.05,2025-09-16T09:52:45.440343,Transaction 2009
TXN00002010,101-000,8134.5,2025-09-16T09:52:45.440346,Transaction 2010
TXN00002011,101-001,8257.95,2025-09-16T09:52:45.440349,Transaction 2011
TXN00002012,101-002,8381.4,2025-09-16T09:52:45.440352,Transaction 2012
TXN00002013,101-003,8504.85,2025-09-16T09:52:45.440354,Transaction 2013
TXN00002014,101-004,8628.3,2025-09-16T09:52:45.440357,Transaction 2014
TXN00002015,101-005,8751.75,2025-09-16T09:52:45.440360,Transaction 2015
TXN00002016,101-006,8875.2,2025-09-16T09:52:45.440363,Transaction 2016
TXN00002017,101-007,8998.65,2025-09-16T09:52:45.440366,Transaction 2017
TXN00002018,101-008,9122.1,2025-09-16T09:52:45.440368,Transaction 2018
TXN00002019,101-009,9245.55,2025-09-16T09:52:45.440371,Transaction 2019
TXN00002020,101-000,9369.0,2025-09-16T09:52:45.440374,Transaction 2020
TXN00002021,101-001,9492.45,2025-09-16T09:52:45.440377,Transaction 2021
TXN00002022,101-002,9615.9,2025-09-16T09:52:45.440379,Transaction 2022
TXN00002023,101-003,9739.35,2025-09-16T09:52:45.440382,Transaction 2023
TXN00002024,101-004,9862.8,2025-09-16T09:52:45.440385,Transaction 2024
TXN00002025,101-005,9986.25,2025-09-16T09:52:45.440388,Transaction 2025
TXN00002026,101-006,109.7,2025-09-16T09:52:45.440395,Transaction 2026
TXN00002027,101-007,233.15,2025-09-16T09:52:45.440398,Transaction 2027
TXN00002028,101-008,356.6,2025-09-16T09:52:45.440400,Transaction 2028
TXN00002029,101-009,480.05,2025-09-16T09:52:45.440403,Transaction 2029
TXN00002030,101-000,603.5,2025-09-16T09:52:45.440406,Transaction 2030
TXN00002031,101-001,726.95,2025-09-16T09:52:45.440413,Transaction 2031
TXN00002032,101-002,850.4,2025-09-16T09:52:45.440415,Transaction 2032
TXN00002033,101-003,973.85,2025-09-16T09:52:45.440418,Transaction 2033
TXN00002034,101-004,1097.3,2025-09-16T09:52:45.440421,Transaction 2034
TXN00002035,101-005,1220.75,2025-09-16T09:52:45.440424,Transaction 2035
TXN00002036,101-006,1344.2,2025-09-16T09:52:45.440427,Transaction 2036
TXN00002037,101-007,1467.65,2025-09-16T09:52:45.440430,Transaction 2037
TXN00002038,101-008,1591.1,2025-09-16T09:52:45.440433,Transaction 2038
TXN00002039,101-009,1714.55,2025-09-16T09:52:45.440435,Transaction 2039
TXN00002040,101-000,1838.0,2025-09-16T09:52:45.440438,Transaction 2040
TXN00002041,101-001,1961.45,2025-09-16T09:52:45.440441,Transaction 2041
TXN00002042,101-002,2084.9,2025-09-16T09:52:45.440444,Transaction 2042
TXN00002043,101-003,2208.35,2025-09-16T09:52:45.440447,Transaction 2043
TXN00002044,101-004,2331.8,2025-09-16T09:52:45.440449,Transaction 2044
TXN00002045,101-005,2455.25,2025-09-16T09:52:45.440452,Transaction 2045
TXN00002046,101-006,2578.7,2025-09-16T09:52:45.440455,Transaction 2046
TXN00002047,101-007,2702.15,2025-09-16T09:52:45.440462,Transaction 2047
TXN00002048,101-008,2825.6,2025-09-16T09:52:45.440465,Transaction 2048
TXN00002049,101-009,2949.05,2025-09-16T09:52:45.440467,Transaction 2049
TXN00002050,101-000,3072.5,2025-09-16T09:52:45.440470,Transaction 2050
TXN00002051,101-001,3195.95,2025-09-16T09:52:45.440473,Transaction 2051
TXN00002052,101-002,3319.4,2025-09-16T09:52:45.440476,Transaction 2052
TXN00002053,101-003,3442.85,2025-09-16T09:52:45.440478,Transaction 2053
TXN00002054,101-004,3566.3,2025-09-16T09:52:45.440481,Transaction 2054
TXN00002055,101-005,3689.75,2025-09-16T09:52:45.440484,Transaction 2055
TXN00002056,101-006,3813.2,2025-09-16T09:52:45.440487,Transaction 2056
TXN00002057,101-007,3936.65,2025-09-16T09:52:45.440493,Transaction 2057
TXN00002058,101-008,4060.1,2025-09-16T09:52:45.440496,Transaction 2058
TXN00002059,101-009,4183.55,2025-09-16T09:52:45.440499,Transaction 2059
TXN00002060,101-000,4307.0,2025-09-16T09:52:45.440502,Transaction 2060
TXN00002061,101-001,4430.45,2025-09-16T09:52:45.440504,Transaction 2061
TXN00002062,101-002,4553.9,2025-09-16T09:52:45.440507,Transaction 2062
TXN00002063,101-003,4677.35,2025-09-16T09:52:45.440514,Transaction 2063
TXN00002064,101-004,4800.8,2025-09-16T09:52:45.440517,Transaction 2064
TXN00002065,101-005,4924.25,2025-09-16T09:52:45.440519,Transaction 2065
TXN00002066,101-006,5047.7,2025-09-16T09:52:45.440522,Transaction 2066
TXN00002067,101-007,5171.15,2025-09-16T09:52:45.440525,Transaction 2067
TXN00002068,101-008,5294.6,2025-09-16T09:52:45.440528,Transaction 2068
TXN00002069,101-009,5418.05,2025-09-16T09:52:45.440534,Transaction 2069
TXN00002070,101-000,5541.5,2025-09-16T09:52:45.440537,Transaction 2070
TXN00002071,101-001,5664.95,2025-09-16T09:52:45.440540,Transaction 2071
TXN00002072,101-002,5788.4,2025-09-16T09:52:45.440543,Transaction 2072
TXN00002073,101-003,5911.85,2025-09-16T09:52:45.440546,Transaction 2073
TXN00002074,101-004,6035.3,2025-09-16T09:52:45.440548,Transaction 2074
TXN00002075,101-005,6158.75,2025-09-16T09:52:45.440551,Transaction 2075
TXN00002076,101-006,6282.2,2025-09-16T09:52:45.440554,Transaction 2076
TXN00002077,101-007,6405.65,2025-09-16T09:52:45.440557,Transaction 2077
TXN00002078,101-008,6529.1,2025-09-16T09:52:45.440560,Transaction 2078
TXN00002079,101-009,6652.55,2025-09-16T09:52:45.440567,Transaction 2079
TXN00002080,101-000,6776.0,2025-09-16T09:52:45.440570,Transaction 2080
TXN00002081,101-001,6899.45,2025-09-16T09:52:45.440572,Transaction 2081
TXN00002082,101-002,7022.9,2025-09-16T09:52:45.440575,Transaction 2082
TXN00002083,101-003,7146.35,2025-09-16T09:52:45.440578,Transaction 2083
TXN00002084,101-004,7269.8,2025-09-16T09:52:45.440581,Transaction 2084
TXN00002085,101-005,7393.25,2025-09-16T09:52:45.440584,Transaction 2085
TXN00002086,101-006,7516.7,2025-09-16T09:52:45.440586,Transaction 2086
TXN00002087,101-007,7640.15,2025-09-16T09:52:45.440589,Transaction 2087
TXN00002088,101-008,7763.6,2025-09-16T09:52:45.440592,Transaction 2088
TXN00002089,101-009,7887.05,2025-09-16T09:52:45.440595,Transaction 2089
TXN00002090,101-000,8010.5,2025-09-16T09:52:45.440601,Transaction 2090
TXN00002091,101-001,8133.95,2025-09-16T09:52:45.440604,Transaction 2091
TXN00002092,101-002,8257.4,2025-09-16T09:52:45.440607,Transaction 2092
TXN00002093,101-003,8380.85,2025-09-16T09:52:45.440610,Transaction 2093
TXN00002094,101-004,8504.3,2025-09-16T09:52:45.440613,Transaction 2094
TXN00002095,101-005,8627.75,2025-09-16T09:52:45.440619,Transaction 2095
TXN00002096,101-006,8751.2,2025-09-16T09:52:45.440622,Transaction 2096
TXN00002097,101-007,8874.65,2025-09-16T09:52:45.440625,Transaction 2097
TXN00002098,101-008,8998.1,2025-09-16T09:52:45.440628,Transaction 2098
TXN00002099,101-009,9121.55,2025-09-16T09:52:45.440631,Transaction 2099
TXN00002100,101-000,9245.0,2025-09-16T09:52:45.440633,Transaction 2100
TXN00002101,101-001,9368.45,2025-09-16T09:52:45.440636,Transaction 2101
TXN00002102,101-002,9491.9,2025-09-16T09:52:45.440639,Transaction 2102
TXN00002103,101-003,9615.35,2025-09-16T09:52:45.440642,Transaction 2103
TXN00002104,101-004,9738.8,2025-09-16T09:52:45.440644,Transaction 2104
TXN00002105,101-005,9862.25,2025-09-16T09:52:45.440647,Transaction 2105
TXN00002106,101-006,9985.7,2025-09-16T09:52:45.440650,Transaction 2106
TXN00002107,101-007,109.15,2025-09-16T09:52:45.440653,Transaction 2107
TXN00002108,101-008,232.6,2025-09-16T09:52:45.440656,Transaction 2108
TXN00002109,101-009,356.05,2025-09-16T09:52:45.440663,Transaction 2109
TXN00002110,101-000,479.5,2025-09-16T09:52:45.440666,Transaction 2110
TXN00002111,101-001,602.95,2025-09-16T09:52:45.440673,Transaction 2111
TXN00002112,101-002,726.4,2025-09-16T09:52:45.440675,Transaction 2112
TXN00002113,101-003,849.85,2025-09-16T09:52:45.440678,Transaction 2113
TXN00002114,101-004,973.3,2025-09-16T09:52:45.440681,Transaction 2114
TXN00002115,101-005,1096.75,2025-09-16T09:52:45.440684,Transaction 2115
TXN00002116,101-006,1220.2,2025-09-16T09:52:45.440686,Transaction 2116
TXN00002117,101-007,1343.65,2025-09-16T09:52:45.440689,Transaction 2117
TXN00002118,101-008,1467.1,2025-09-16T09:52:45.440692,Transaction 2118
TXN00002119,101-009,1590.55,2025-09-16T09:52:45.440695,Transaction 2119
TXN00002120,101-000,1714.0,2025-09-16T09:52:45.440702,Transaction 2120
TXN00002121,101-001,1837.45,2025-09-16T09:52:45.440705,Transaction 2121
TXN00002122,101-002,1960.9,2025-09-16T09:52:45.440708,Transaction 2122
TXN00002123,101-003,2084.35,2025-09-16T09:52:45.440711,Transaction 2123
TXN00002124,101-004,2207.8,2025-09-16T09:52:45.440713,Transaction 2124
TXN00002125,101-005,2331.25,2025-09-16T09:52:45.440716,Transaction 2125
TXN00002126,101-006,2454.7,2025-09-16T09:52:45.440719,Transaction 2126
TXN00002127,101-007,2578.15,2025-09-16T09:52:45.440731,Transaction 2127
TXN00002128,101-008,2701.6,2025-09-16T09:52:45.440733,Transaction 2128
TXN00002129,101-009,2825.05,2025-09-16T09:52:45.440736,Transaction 2129
TXN00002130,101-000,2948.5,2025-09-16T09:52:45.440739,Transaction 2130
TXN00002131,101-001,3071.95,2025-09-16T09:52:45.440742,Transaction 2131
TXN00002132,101-002,3195.4,2025-09-16T09:52:45.440748,Transaction 2132
TXN00002133,101-003,3318.85,2025-09-16T09:52:45.440751,Transaction 2133
TXN00002134,101-004,3442.3,2025-09-16T09:52:45.440754,Transaction 2134
TXN00002135,101-005,3565.75,2025-09-16T09:52:45.440757,Transaction 2135
TXN00002136,101-006,3689.2,2025-09-16T09:52:45.440759,Transaction 2136
TXN00002137,101-007,3812.65,2025-09-16T09:52:45.440762,Transaction 2137
TXN00002138,101-008,3936.1,2025-09-16T09:52:45.440765,Transaction 2138
TXN00002139,101-009,4059.55,2025-09-16T09:52:45.440768,Transaction 2139
TXN00002140,101-000,4183.0,2025-09-16T09:52:45.440771,Transaction 2140
TXN00002141,101-001,4306.45,2025-09-16T09:52:45.440773,Transaction 2141
TXN00002142,101-002,4429.9,2025-09-16T09:52:45.440776,Transaction 2142
TXN00002143,101-003,4553.35,2025-09-16T09:52:45.440779,Transaction 2143
TXN00002144,101-004,4676.8,2025-09-16T09:52:45.440782,Transaction 2144
TXN00002145,101-005,4800.25,2025-09-16T09:52:45.440785,Transaction 2145
TXN00002146,101-006,4923.7,2025-09-16T09:52:45.440787,Transaction 2146
TXN00002147,101-007,5047.15,2025-09-16T09:52:45.440790,Transaction 2147
TXN00002148,101-008,5170.6,2025-09-16T09:52:45.440793,Transaction 2148
TXN00002149,101-009,5294.05,2025-09-16T09:52:45.440796,Transaction 2149
TXN00002150,101-000,5417.5,2025-09-16T09:52:45.440798,Transaction 2150
TXN00002151,101-001,5540.95,2025-09-16T09:52:45.440802,Transaction 2151
TXN00002152,101-002,5664.4,2025-09-16T09:52:45.440805,Transaction 2152
TXN00002153,101-003,5787.85,2025-09-16T09:52:45.440808,Transaction 2153
TXN00002154,101-004,5911.3,2025-09-16T09:52:45.440815,Transaction 2154
TXN00002155,101-005,6034.75,2025-09-16T09:52:45.440818,Transaction 2155
TXN00002156,101-006,6158.2,2025-09-16T09:52:45.440821,Transaction 2156
TXN00002157,101-007,6281.65,2025-09-16T09:52:45.440823,Transaction 2157
TXN00002158,101-008,6405.1,2025-09-16T09:52:45.440830,Transaction 2158
TXN00002159,101-009,6528.55,2025-09-16T09:52:45.440837,Transaction 2159
TXN00002160,101-000,6652.0,2025-09-16T09:52:45.440839,Transaction 2160
TXN00002161,101-001,6775.45,2025-09-16T09:52:45.440842,Transaction 2161
TXN00002162,101-002,6898.9,2025-09-16T09:52:45.440845,Transaction 2162
TXN00002163,101-003,7022.35,2025-09-16T09:52:45.440852,Transaction 2163
TXN00002164,101-004,7145.8,2025-09-16T09:52:45.440855,Transaction 2164
TXN00002165,101-005,7269.25,2025-09-16T09:52:45.440857,Transaction 2165
TXN00002166,101-006,7392.7,2025-09-16T09:52:45.440860,Transaction 2166
TXN00002167,101-007,7516.15,2025-09-16T09:52:45.440863,Transaction 2167
TXN00002168,101-008,7639.6,2025-09-16T09:52:45.440866,Transaction 2168
TXN00002169,101-009,7763.05,2025-09-16T09:52:45.440868,Transaction 2169
TXN00002170,101-000,7886.5,2025-09-16T09:52:45.440871,Transaction 2170
TXN00002171,101-001,8009.95,2025-09-16T09:52:45.440874,Transaction 2171
TXN00002172,101-002,8133.4,2025-09-16T09:52:45.440877,Transaction 2172
TXN00002173,101-003,8256.85,2025-09-16T09:52:45.440879,Transaction 2173
TXN00002174,101-004,8380.3,2025-09-16T09:52:45.440882,Transaction 2174
TXN00002175,101-005,8503.75,2025-09-16T09:52:45.440889,Transaction 2175
TXN00002176,101-006,8627.2,2025-09-16T09:52:45.440892,Transaction 2176
TXN00002177,101-007,8750.65,2025-09-16T09:52:45.440895,Transaction 2177
TXN00002178,101-008,8874.1,2025-09-16T09:52:45.440897,Transaction 2178
TXN00002179,101-009,8997.55,2025-09-16T09:52:45.440900,Transaction 2179
TXN00002180,101-000,9121.0,2025-09-16T09:52:45.440903,Transaction 2180
TXN00002181,101-001,9244.45,2025-09-16T09:52:45.440906,Transaction 2181
TXN00002182,101-002,9367.9,2025-09-16T09:52:45.440908,Transaction 2182
TXN00002183,101-003,9491.35,2025-09-16T09:52:45.440911,Transaction 2183
TXN00002184,101-004,9614.8,2025-09-16T09:52:45.440914,Transaction 2184
TXN00002185,101-005,9738.25,2025-09-16T09:52:45.440917,Transaction 2185
TXN00002186,101-006,9861.7,2025-09-16T09:52:45.440920,Transaction 2186
TXN00002187,101-007,9985.15,2025-09-16T09:52:45.440922,Transaction 2187
TXN00002188,101-008,108.6,2025-09-16T09:52:45.440925,Transaction 2188
TXN00002189,101-009,232.05,2025-09-16T09:52:45.440928,Transaction 2189
TXN00002190,101-000,355.5,2025-09-16T09:52:45.440935,Transaction 2190
TXN00002191,101-001,478.95,2025-09-16T09:52:45.440938,Transaction 2191
TXN00002192,101-002,602.4,2025-09-16T09:52:45.440940,Transaction 2192
TXN00002193,101-003,725.85,2025-09-16T09:52:45.440943,Transaction 2193
TXN00002194,101-004,849.3,2025-09-16T09:52:45.440946,Transaction 2194
TXN00002195,101-005,972.75,2025-09-16T09:52:45.440949,Transaction 2195
TXN00002196,101-006,1096.2,2025-09-16T09:52:45.440955,Transaction 2196
TXN00002197,101-007,1219.65,2025-09-16T09:52:45.440958,Transaction 2197
TXN00002198,101-008,1343.1,2025-09-16T09:52:45.440961,Transaction 2198
TXN00002199,101-009,1466.55,2025-09-16T09:52:45.440964,Transaction 2199
TXN00002200,101-000,1590.0,2025-09-16T09:52:45.440967,Transaction 2200
TXN00002201,101-001,1713.45,2025-09-16T09:52:45.440969,Transaction 2201
TXN00002202,101-002,1836.9,2025-09-16T09:52:45.440972,Transaction 2202
TXN00002203,101-003,1960.35,2025-09-16T09:52:45.440975,Transaction 2203
TXN00002204,101-004,2083.8,2025-09-16T09:52:45.440978,Transaction 2204
TXN00002205,101-005,2207.25,2025-09-16T09:52:45.440980,Transaction 2205
TXN00002206,101-006,2330.7,2025-09-16T09:52:45.440983,Transaction 2206
TXN00002207,101-007,2454.15,2025-09-16T09:52:45.440986,Transaction 2207
TXN00002208,101-008,2577.6,2025-09-16T09:52:45.440989,Transaction 2208
TXN00002209,101-009,2701.05,2025-09-16T09:52:45.440991,Transaction 2209
TXN00002210,101-000,2824.5,2025-09-16T09:52:45.440998,Transaction 2210
TXN00002211,101-001,2947.95,2025-09-16T09:52:45.441001,Transaction 2211
TXN00002212,101-002,3071.4,2025-09-16T09:52:45.441004,Transaction 2212
TXN00002213,101-003,3194.85,2025-09-16T09:52:45.441006,Transaction 2213
TXN00002214,101-004,3318.3,2025-09-16T09:52:45.441009,Transaction 2214
TXN00002215,101-005,3441.75,2025-09-16T09:52:45.441012,Transaction 2215
TXN00002216,101-006,3565.2,2025-09-16T09:52:45.441015,Transaction 2216
TXN00002217,101-007,3688.65,2025-09-16T09:52:45.441022,Transaction 2217
TXN00002218,101-008,3812.1,2025-09-16T09:52:45.441025,Transaction 2218
TXN00002219,101-009,3935.55,2025-09-16T09:52:45.441027,Transaction 2219
TXN00002220,101-000,4059.0,2025-09-16T09:52:45.441030,Transaction 2220
TXN00002221,101-001,4182.45,2025-09-16T09:52:45.441033,Transaction 2221
TXN00002222,101-002,4305.9,2025-09-16T09:52:45.441044,Transaction 2222
TXN00002223,101-003,4429.35,2025-09-16T09:52:45.441046,Transaction 2223
TXN00002224,101-004,4552.8,2025-09-16T09:52:45.441049,Transaction 2224
TXN00002225,101-005,4676.25,2025-09-16T09:52:45.441052,Transaction 2225
TXN00002226,101-006,4799.7,2025-09-16T09:52:45.441054,Transaction 2226
TXN00002227,101-007,4923.15,2025-09-16T09:52:45.441057,Transaction 2227
TXN00002228,101-008,5046.6,2025-09-16T09:52:45.441060,Transaction 2228
TXN00002229,101-009,5170.05,2025-09-16T09:52:45.441063,Transaction 2229
TXN00002230,101-000,5293.5,2025-09-16T09:52:45.441065,Transaction 2230
TXN00002231,101-001,5416.95,2025-09-16T09:52:45.441068,Transaction 2231
TXN00002232,101-002,5540.4,2025-09-16T09:52:45.441071,Transaction 2232
TXN00002233,101-003,5663.85,2025-09-16T09:52:45.441074,Transaction 2233
TXN00002234,101-004,5787.3,2025-09-16T09:52:45.441076,Transaction 2234
TXN00002235,101-005,5910.75,2025-09-16T09:52:45.441079,Transaction 2235
TXN00002236,101-006,6034.2,2025-09-16T09:52:45.441082,Transaction 2236
TXN00002237,101-007,6157.65,2025-09-16T09:52:45.441085,Transaction 2237
TXN00002238,101-008,6281.1,2025-09-16T09:52:45.441088,Transaction 2238
TXN00002239,101-009,6404.55,2025-09-16T09:52:45.441094,Transaction 2239
TXN00002240,101-000,6528.0,2025-09-16T09:52:45.441097,Transaction 2240
TXN00002241,101-001,6651.45,2025-09-16T09:52:45.441100,Transaction 2241
TXN00002242,101-002,6774.9,2025-09-16T09:52:45.441103,Transaction 2242
TXN00002243,101-003,6898.35,2025-09-16T09:52:45.441105,Transaction 2243
TXN00002244,101-004,7021.8,2025-09-16T09:52:45.441108,Transaction 2244
TXN00002245,101-005,7145.25,2025-09-16T09:52:45.441111,Transaction 2245
TXN00002246,101-006,7268.7,2025-09-16T09:52:45.441117,Transaction 2246
TXN00002247,101-007,7392.15,2025-09-16T09:52:45.441120,Transaction 2247
TXN00002248,101-008,7515.6,2025-09-16T09:52:45.441127,Transaction 2248
TXN00002249,101-009,7639.05,2025-09-16T09:52:45.441130,Transaction 2249
TXN00002250,101-000,7762.5,2025-09-16T09:52:45.441133,Transaction 2250
TXN00002251,101-001,7885.95,2025-09-16T09:52:45.441148,Transaction 2251
TXN00002252,101-002,8009.4,2025-09-16T09:52:45.441153,Transaction 2252
TXN00002253,101-003,8132.85,2025-09-16T09:52:45.441158,Transaction 2253
TXN00002254,101-004,8256.3,2025-09-16T09:52:45.441188,Transaction 2254
TXN00002255,101-005,8379.75,2025-09-16T09:52:45.441201,Transaction 2255
TXN00002256,101-006,8503.2,2025-09-16T09:52:45.441208,Transaction 2256
TXN00002257,101-007,8626.65,2025-09-16T09:52:45.441214,Transaction 2257
TXN00002258,101-008,8750.1,2025-09-16T09:52:45.441218,Transaction 2258
TXN00002259,101-009,8873.55,2025-09-16T09:52:45.441222,Transaction 2259
TXN00002260,101-000,8997.0,2025-09-16T09:52:45.441243,Transaction 2260
TXN00002261,101-001,9120.45,2025-09-16T09:52:45.441287,Transaction 2261
TXN00002262,101-002,9243.9,2025-09-16T09:52:45.441295,Transaction 2262
TXN00002263,101-003,9367.35,2025-09-16T09:52:45.441298,Transaction 2263
TXN00002264,101-004,9490.8,2025-09-16T09:52:45.441301,Transaction 2264
TXN00002265,101-005,9614.25,2025-09-16T09:52:45.441304,Transaction 2265
TXN00002266,101-006,9737.7,2025-09-16T09:52:45.441306,Transaction 2266
TXN00002267,101-007,9861.15,2025-09-16T09:52:45.441309,Transaction 2267
TXN00002268,101-008,9984.6,2025-09-16T09:52:45.441312,Transaction 2268
TXN00002269,101-009,108.05,2025-09-16T09:52:45.441315,Transaction 2269
TXN00002270,101-000,231.5,2025-09-16T09:52:45.441318,Transaction 2270
TXN00002271,101-001,354.95,2025-09-16T09:52:45.441320,Transaction 2271
TXN00002272,101-002,478.4,2025-09-16T09:52:45.441323,Transaction 2272
TXN00002273,101-003,601.85,2025-09-16T09:52:45.441327,Transaction 2273
TXN00002274,101-004,725.3,2025-09-16T09:52:45.441330,Transaction 2274
TXN00002275,101-005,848.75,2025-09-16T09:52:45.441332,Transaction 2275
TXN00002276,101-006,972.2,2025-09-16T09:52:45.441335,Transaction 2276
TXN00002277,101-007,1095.65,2025-09-16T09:52:45.441338,Transaction 2277
TXN00002278,101-008,1219.1,2025-09-16T09:52:45.441341,Transaction 2278
TXN00002279,101-009,1342.55,2025-09-16T09:52:45.441343,Transaction 2279
TXN00002280,101-000,1466.0,2025-09-16T09:52:45.441346,Transaction 2280
TXN00002281,101-001,1589.45,2025-09-16T09:52:45.441356,Transaction 2281
TXN00002282,101-002,1712.9,2025-09-16T09:52:45.441359,Transaction 2282
TXN00002283,101-003,1836.35,2025-09-16T09:52:45.441362,Transaction 2283
TXN00002284,101-004,1959.8,2025-09-16T09:52:45.441365,Transaction 2284
TXN00002285,101-005,2083.25,2025-09-16T09:52:45.441381,Transaction 2285
TXN00002286,101-006,2206.7,2025-09-16T09:52:45.441384,Transaction 2286
TXN00002287,101-007,2330.15,2025-09-16T09:52:45.441386,Transaction 2287
TXN00002288,101-008,2453.6,2025-09-16T09:52:45.441389,Transaction 2288
TXN00002289,101-009,2577.05,2025-09-16T09:52:45.441392,Transaction 2289
TXN00002290,101-000,2700.5,2025-09-16T09:52:45.441395,Transaction 2290
TXN00002291,101-001,2823.95,2025-09-16T09:52:45.441398,Transaction 2291
TXN00002292,101-002,2947.4,2025-09-16T09:52:45.441400,Transaction 2292
TXN00002293,101-003,3070.85,2025-09-16T09:52:45.441403,Transaction 2293
TXN00002294,101-004,3194.3,2025-09-16T09:52:45.441406,Transaction 2294
TXN00002295,101-005,3317.75,2025-09-16T09:52:45.441409,Transaction 2295
TXN00002296,101-006,3441.2,2025-09-16T09:52:45.441411,Transaction 2296
TXN00002297,101-007,3564.65,2025-09-16T09:52:45.441414,Transaction 2297
TXN00002298,101-008,3688.1,2025-09-16T09:52:45.441417,Transaction 2298
TXN00002299,101-009,3811.55,2025-09-16T09:52:45.441420,Transaction 2299
TXN00002300,101-000,3935.0,2025-09-16T09:52:45.441422,Transaction 2300
TXN00002301,101-001,4058.45,2025-09-16T09:52:45.441425,Transaction 2301
TXN00002302,101-002,4181.9,2025-09-16T09:52:45.441432,Transaction 2302
TXN00002303,101-003,4305.35,2025-09-16T09:52:45.441435,Transaction 2303
TXN00002304,101-004,4428.8,2025-09-16T09:52:45.441438,Transaction 2304
TXN00002305,101-005,4552.25,2025-09-16T09:52:45.441441,Transaction 2305
TXN00002306,101-006,4675.7,2025-09-16T09:52:45.441443,Transaction 2306
TXN00002307,101-007,4799.15,2025-09-16T09:52:45.441446,Transaction 2307
TXN00002308,101-008,4922.6,2025-09-16T09:52:45.441449,Transaction 2308
TXN00002309,101-009,5046.05,2025-09-16T09:52:45.441451,Transaction 2309
TXN00002310,101-000,5169.5,2025-09-16T09:52:45.441454,Transaction 2310
TXN00002311,101-001,5292.95,2025-09-16T09:52:45.441457,Transaction 2311
TXN00002312,101-002,5416.4,2025-09-16T09:52:45.441460,Transaction 2312
TXN00002313,101-003,5539.85,2025-09-16T09:52:45.441468,Transaction 2313
TXN00002314,101-004,5663.3,2025-09-16T09:52:45.441471,Transaction 2314
TXN00002315,101-005,5786.75,2025-09-16T09:52:45.441474,Transaction 2315
TXN00002316,101-006,5910.2,2025-09-16T09:52:45.441476,Transaction 2316
TXN00002317,101-007,6033.65,2025-09-16T09:52:45.441483,Transaction 2317
TXN00002318,101-008,6157.1,2025-09-16T09:52:45.441486,Transaction 2318
TXN00002319,101-009,6280.55,2025-09-16T09:52:45.441489,Transaction 2319
TXN00002320,101-000,6404.0,2025-09-16T09:52:45.441492,Transaction 2320
TXN00002321,101-001,6527.45,2025-09-16T09:52:45.441494,Transaction 2321
TXN00002322,101-002,6650.9,2025-09-16T09:52:45.441497,Transaction 2322
TXN00002323,101-003,6774.35,2025-09-16T09:52:45.441500,Transaction 2323
TXN00002324,101-004,6897.8,2025-09-16T09:52:45.441507,Transaction 2324
TXN00002325,101-005,7021.25,2025-09-16T09:52:45.441509,Transaction 2325
TXN00002326,101-006,7144.7,2025-09-16T09:52:45.441512,Transaction 2326
TXN00002327,101-007,7268.15,2025-09-16T09:52:45.441515,Transaction 2327
TXN00002328,101-008,7391.6,2025-09-16T09:52:45.441518,Transaction 2328
TXN00002329,101-009,7515.05,2025-09-16T09:52:45.441520,Transaction 2329
TXN00002330,101-000,7638.5,2025-09-16T09:52:45.441523,Transaction 2330
TXN00002331,101-001,7761.95,2025-09-16T09:52:45.441526,Transaction 2331
TXN00002332,101-002,7885.4,2025-09-16T09:52:45.441529,Transaction 2332
TXN00002333,101-003,8008.85,2025-09-16T09:52:45.441535,Transaction 2333
TXN00002334,101-004,8132.3,2025-09-16T09:52:45.441538,Transaction 2334
TXN00002335,101-005,8255.75,2025-09-16T09:52:45.441541,Transaction 2335
TXN00002336,101-006,8379.2,2025-09-16T09:52:45.441544,Transaction 2336
TXN00002337,101-007,8502.65,2025-09-16T09:52:45.441546,Transaction 2337
TXN00002338,101-008,8626.1,2025-09-16T09:52:45.441549,Transaction 2338
TXN00002339,101-009,8749.55,2025-09-16T09:52:45.441552,Transaction 2339
TXN00002340,101-000,8873.0,2025-09-16T09:52:45.441555,Transaction 2340
TXN00002341,101-001,8996.45,2025-09-16T09:52:45.441558,Transaction 2341
TXN00002342,101-002,9119.9,2025-09-16T09:52:45.441560,Transaction 2342
TXN00002343,101-003,9243.35,2025-09-16T09:52:45.441563,Transaction 2343
TXN00002344,101-004,9366.8,2025-09-16T09:52:45.441566,Transaction 2344
TXN00002345,101-005,9490.25,2025-09-16T09:52:45.441573,Transaction 2345
TXN00002346,101-006,9613.7,2025-09-16T09:52:45.441575,Transaction 2346
TXN00002347,101-007,9737.15,2025-09-16T09:52:45.441578,Transaction 2347
TXN00002348,101-008,9860.6,2025-09-16T09:52:45.441581,Transaction 2348
TXN00002349,101-009,9984.05,2025-09-16T09:52:45.441588,Transaction 2349
TXN00002350,101-000,107.5,2025-09-16T09:52:45.441591,Transaction 2350
TXN00002351,101-001,230.95,2025-09-16T09:52:45.441593,Transaction 2351
TXN00002352,101-002,354.4,2025-09-16T09:52:45.441596,Transaction 2352
TXN00002353,101-003,477.85,2025-09-16T09:52:45.441599,Transaction 2353
TXN00002354,101-004,601.3,2025-09-16T09:52:45.441602,Transaction 2354
TXN00002355,101-005,724.75,2025-09-16T09:52:45.441604,Transaction 2355
TXN00002356,101-006,848.2,2025-09-16T09:52:45.441607,Transaction 2356
TXN00002357,101-007,971.65,2025-09-16T09:52:45.441610,Transaction 2357
TXN00002358,101-008,1095.1,2025-09-16T09:52:45.441613,Transaction 2358
TXN00002359,101-009,1218.55,2025-09-16T09:52:45.441615,Transaction 2359
TXN00002360,101-000,1342.0,2025-09-16T09:52:45.441618,Transaction 2360
TXN00002361,101-001,1465.45,2025-09-16T09:52:45.441621,Transaction 2361
TXN00002362,101-002,1588.9,2025-09-16T09:52:45.441624,Transaction 2362
TXN00002363,101-003,1712.35,2025-09-16T09:52:45.441632,Transaction 2363
TXN00002364,101-004,1835.8,2025-09-16T09:52:45.441634,Transaction 2364
TXN00002365,101-005,1959.25,2025-09-16T09:52:45.441637,Transaction 2365
TXN00002366,101-006,2082.7,2025-09-16T09:52:45.441644,Transaction 2366
TXN00002367,101-007,2206.15,2025-09-16T09:52:45.441647,Transaction 2367
TXN00002368,101-008,2329.6,2025-09-16T09:52:45.441649,Transaction 2368
TXN00002369,101-009,2453.05,2025-09-16T09:52:45.441652,Transaction 2369
TXN00002370,101-000,2576.5,2025-09-16T09:52:45.441655,Transaction 2370
TXN00002371,101-001,2699.95,2025-09-16T09:52:45.441658,Transaction 2371
TXN00002372,101-002,2823.4,2025-09-16T09:52:45.441660,Transaction 2372
TXN00002373,101-003,2946.85,2025-09-16T09:52:45.441663,Transaction 2373
TXN00002374,101-004,3070.3,2025-09-16T09:52:45.441670,Transaction 2374
TXN00002375,101-005,3193.75,2025-09-16T09:52:45.441673,Transaction 2375
TXN00002376,101-006,3317.2,2025-09-16T09:52:45.441675,Transaction 2376
TXN00002377,101-007,3440.65,2025-09-16T09:52:45.441678,Transaction 2377
TXN00002378,101-008,3564.1,2025-09-16T09:52:45.441681,Transaction 2378
TXN00002379,101-009,3687.55,2025-09-16T09:52:45.441684,Transaction 2379
TXN00002380,101-000,3811.0,2025-09-16T09:52:45.441687,Transaction 2380
TXN00002381,101-001,3934.45,2025-09-16T09:52:45.441699,Transaction 2381
TXN00002382,101-002,4057.9,2025-09-16T09:52:45.441701,Transaction 2382
TXN00002383,101-003,4181.35,2025-09-16T09:52:45.441704,Transaction 2383
TXN00002384,101-004,4304.8,2025-09-16T09:52:45.441707,Transaction 2384
TXN00002385,101-005,4428.25,2025-09-16T09:52:45.441710,Transaction 2385
TXN00002386,101-006,4551.7,2025-09-16T09:52:45.441712,Transaction 2386
TXN00002387,101-007,4675.15,2025-09-16T09:52:45.441719,Transaction 2387
TXN00002388,101-008,4798.6,2025-09-16T09:52:45.441722,Transaction 2388
TXN00002389,101-009,4922.05,2025-09-16T09:52:45.441725,Transaction 2389
TXN00002390,101-000,5045.5,2025-09-16T09:52:45.441728,Transaction 2390
TXN00002391,101-001,5168.95,2025-09-16T09:52:45.441730,Transaction 2391
TXN00002392,101-002,5292.4,2025-09-16T09:52:45.441733,Transaction 2392
TXN00002393,101-003,5415.85,2025-09-16T09:52:45.441736,Transaction 2393
TXN00002394,101-004,5539.3,2025-09-16T09:52:45.441739,Transaction 2394
TXN00002395,101-005,5662.75,2025-09-16T09:52:45.441741,Transaction 2395
TXN00002396,101-006,5786.2,2025-09-16T09:52:45.441744,Transaction 2396
TXN00002397,101-007,5909.65,2025-09-16T09:52:45.441747,Transaction 2397
TXN00002398,101-008,6033.1,2025-09-16T09:52:45.441750,Transaction 2398
TXN00002399,101-009,6156.55,2025-09-16T09:52:45.441752,Transaction 2399
TXN00002400,101-000,6280.0,2025-09-16T09:52:45.441755,Transaction 2400
TXN00002401,101-001,6403.45,2025-09-16T09:52:45.441758,Transaction 2401
TXN00002402,101-002,6526.9,2025-09-16T09:52:45.441761,Transaction 2402
TXN00002403,101-003,6650.35,2025-09-16T09:52:45.441764,Transaction 2403
TXN00002404,101-004,6773.8,2025-09-16T09:52:45.441766,Transaction 2404
TXN00002405,101-005,6897.25,2025-09-16T09:52:45.441769,Transaction 2405
TXN00002406,101-006,7020.7,2025-09-16T09:52:45.441772,Transaction 2406
TXN00002407,101-007,7144.15,2025-09-16T09:52:45.441775,Transaction 2407
TXN00002408,101-008,7267.6,2025-09-16T09:52:45.441777,Transaction 2408
TXN00002409,101-009,7391.05,2025-09-16T09:52:45.441784,Transaction 2409
TXN00002410,101-000,7514.5,2025-09-16T09:52:45.441787,Transaction 2410
TXN00002411,101-001,7637.95,2025-09-16T09:52:45.441790,Transaction 2411
TXN00002412,101-002,7761.4,2025-09-16T09:52:45.441796,Transaction 2412
TXN00002413,101-003,7884.85,2025-09-16T09:52:45.441799,Transaction 2413
TXN00002414,101-004,8008.3,2025-09-16T09:52:45.441806,Transaction 2414
TXN00002415,101-005,8131.75,2025-09-16T09:52:45.441808,Transaction 2415
TXN00002416,101-006,8255.2,2025-09-16T09:52:45.441811,Transaction 2416
TXN00002417,101-007,8378.65,2025-09-16T09:52:45.441814,Transaction 2417
TXN00002418,101-008,8502.1,2025-09-16T09:52:45.441817,Transaction 2418
TXN00002419,101-009,8625.55,2025-09-16T09:52:45.441824,Transaction 2419
TXN00002420,101-000,8749.0,2025-09-16T09:52:45.441827,Transaction 2420
TXN00002421,101-001,8872.45,2025-09-16T09:52:45.441830,Transaction 2421
TXN00002422,101-002,8995.9,2025-09-16T09:52:45.441833,Transaction 2422
TXN00002423,101-003,9119.35,2025-09-16T09:52:45.441836,Transaction 2423
TXN00002424,101-004,9242.8,2025-09-16T09:52:45.441839,Transaction 2424
TXN00002425,101-005,9366.25,2025-09-16T09:52:45.441841,Transaction 2425
TXN00002426,101-006,9489.7,2025-09-16T09:52:45.441844,Transaction 2426
TXN00002427,101-007,9613.15,2025-09-16T09:52:45.441847,Transaction 2427
TXN00002428,101-008,9736.6,2025-09-16T09:52:45.441850,Transaction 2428
TXN00002429,101-009,9860.05,2025-09-16T09:52:45.441852,Transaction 2429
TXN00002430,101-000,9983.5,2025-09-16T09:52:45.441859,Transaction 2430
TXN00002431,101-001,106.95,2025-09-16T09:52:45.441862,Transaction 2431
TXN00002432,101-002,230.4,2025-09-16T09:52:45.441865,Transaction 2432
TXN00002433,101-003,353.85,2025-09-16T09:52:45.441867,Transaction 2433
TXN00002434,101-004,477.3,2025-09-16T09:52:45.441870,Transaction 2434
TXN00002435,101-005,600.75,2025-09-16T09:52:45.441873,Transaction 2435
TXN00002436,101-006,724.2,2025-09-16T09:52:45.441876,Transaction 2436
TXN00002437,101-007,847.65,2025-09-16T09:52:45.441878,Transaction 2437
TXN00002438,101-008,971.1,2025-09-16T09:52:45.441881,Transaction 2438
TXN00002439,101-009,1094.55,2025-09-16T09:52:45.441884,Transaction 2439
TXN00002440,101-000,1218.0,2025-09-16T09:52:45.441887,Transaction 2440
TXN00002441,101-001,1341.45,2025-09-16T09:52:45.441890,Transaction 2441
TXN00002442,101-002,1464.9,2025-09-16T09:52:45.441892,Transaction 2442
TXN00002443,101-003,1588.35,2025-09-16T09:52:45.441895,Transaction 2443
TXN00002444,101-004,1711.8,2025-09-16T09:52:45.441902,Transaction 2444
TXN00002445,101-005,1835.25,2025-09-16T09:52:45.441905,Transaction 2445
TXN00002446,101-006,1958.7,2025-09-16T09:52:45.441908,Transaction 2446
TXN00002447,101-007,2082.15,2025-09-16T09:52:45.441910,Transaction 2447
TXN00002448,101-008,2205.6,2025-09-16T09:52:45.441913,Transaction 2448
TXN00002449,101-009,2329.05,2025-09-16T09:52:45.441916,Transaction 2449
TXN00002450,101-000,2452.5,2025-09-16T09:52:45.441919,Transaction 2450
TXN00002451,101-001,2575.95,2025-09-16T09:52:45.441926,Transaction 2451
TXN00002452,101-002,2699.4,2025-09-16T09:52:45.441928,Transaction 2452
TXN00002453,101-003,2822.85,2025-09-16T09:52:45.441931,Transaction 2453
TXN00002454,101-004,2946.3,2025-09-16T09:52:45.441934,Transaction 2454
TXN00002455,101-005,3069.75,2025-09-16T09:52:45.441937,Transaction 2455
TXN00002456,101-006,3193.2,2025-09-16T09:52:45.441939,Transaction 2456
TXN00002457,101-007,3316.65,2025-09-16T09:52:45.441942,Transaction 2457
TXN00002458,101-008,3440.1,2025-09-16T09:52:45.441945,Transaction 2458
TXN00002459,101-009,3563.55,2025-09-16T09:52:45.441948,Transaction 2459
TXN00002460,101-000,3687.0,2025-09-16T09:52:45.441950,Transaction 2460
TXN00002461,101-001,3810.45,2025-09-16T09:52:45.441953,Transaction 2461
TXN00002462,101-002,3933.9,2025-09-16T09:52:45.441956,Transaction 2462
TXN00002463,101-003,4057.35,2025-09-16T09:52:45.441959,Transaction 2463
TXN00002464,101-004,4180.8,2025-09-16T09:52:45.441961,Transaction 2464
TXN00002465,101-005,4304.25,2025-09-16T09:52:45.441968,Transaction 2465
TXN00002466,101-006,4427.7,2025-09-16T09:52:45.441971,Transaction 2466
TXN00002467,101-007,4551.15,2025-09-16T09:52:45.441974,Transaction 2467
TXN00002468,101-008,4674.6,2025-09-16T09:52:45.441977,Transaction 2468
TXN00002469,101-009,4798.05,2025-09-16T09:52:45.441979,Transaction 2469
TXN00002470,101-000,4921.5,2025-09-16T09:52:45.441982,Transaction 2470
TXN00002471,101-001,5044.95,2025-09-16T09:52:45.441985,Transaction 2471
TXN00002472,101-002,5168.4,2025-09-16T09:52:45.441992,Transaction 2472
TXN00002473,101-003,5291.85,2025-09-16T09:52:45.441995,Transaction 2473
TXN00002474,101-004,5415.3,2025-09-16T09:52:45.441997,Transaction 2474
TXN00002475,101-005,5538.75,2025-09-16T09:52:45.442000,Transaction 2475
TXN00002476,101-006,5662.2,2025-09-16T09:52:45.442007,Transaction 2476
TXN00002477,101-007,5785.65,2025-09-16T09:52:45.442010,Transaction 2477
TXN00002478,101-008,5909.1,2025-09-16T09:52:45.442012,Transaction 2478
TXN00002479,101-009,6032.55,2025-09-16T09:52:45.442015,Transaction 2479
TXN00002480,101-000,6156.0,2025-09-16T09:52:45.442018,Transaction 2480
TXN00002481,101-001,6279.45,2025-09-16T09:52:45.442021,Transaction 2481
TXN00002482,101-002,6402.9,2025-09-16T09:52:45.442023,Transaction 2482
TXN00002483,101-003,6526.35,2025-09-16T09:52:45.442026,Transaction 2483
TXN00002484,101-004,6649.8,2025-09-16T09:52:45.442029,Transaction 2484
TXN00002485,101-005,6773.25,2025-09-16T09:52:45.442033,Transaction 2485
TXN00002486,101-006,6896.7,2025-09-16T09:52:45.442038,Transaction 2486
TXN00002487,101-007,7020.15,2025-09-16T09:52:45.442041,Transaction 2487
TXN00002488,101-008,7143.6,2025-09-16T09:52:45.442044,Transaction 2488
TXN00002489,101-009,7267.05,2025-09-16T09:52:45.442047,Transaction 2489
TXN00002490,101-000,7390.5,2025-09-16T09:52:45.442049,Transaction 2490
TXN00002491,101-001,7513.95,2025-09-16T09:52:45.442052,Transaction 2491
TXN00002492,101-002,7637.4,2025-09-16T09:52:45.442055,Transaction 2492
TXN00002493,101-003,7760.85,2025-09-16T09:52:45.442057,Transaction 2493
TXN00002494,101-004,7884.3,2025-09-16T09:52:45.442064,Transaction 2494
TXN00002495,101-005,8007.75,2025-09-16T09:52:45.442067,Transaction 2495
TXN00002496,101-006,8131.2,2025-09-16T09:52:45.442070,Transaction 2496
TXN00002497,101-007,8254.65,2025-09-16T09:52:45.442073,Transaction 2497
TXN00002498,101-008,8378.1,2025-09-16T09:52:45.442075,Transaction 2498
TXN00002499,101-009,8501.55,2025-09-16T09:52:45.442078,Transaction 2499
TXN00002500,101-000,8625.0,2025-09-16T09:52:45.442081,Transaction 2500
TXN00002501,101-001,8748.45,2025-09-16T09:52:45.442083,Transaction 2501
TXN00002502,101-002,8871.9,2025-09-16T09:52:45.442090,Transaction 2502
TXN00002503,101-003,8995.35,2025-09-16T09:52:45.442097,Transaction 2503
TXN00002504,101-004,9118.8,2025-09-16T09:52:45.442100,Transaction 2504
TXN00002505,101-005,9242.25,2025-09-16T09:52:45.442102,Transaction 2505
TXN00002506,101-006,9365.7,2025-09-16T09:52:45.442105,Transaction 2506
TXN00002507,101-007,9489.15,2025-09-16T09:52:45.442108,Transaction 2507
TXN00002508,101-008,9612.6,2025-09-16T09:52:45.442119,Transaction 2508
TXN00002509,101-009,9736.05,2025-09-16T09:52:45.442122,Transaction 2509
TXN00002510,101-000,9859.5,2025-09-16T09:52:45.442124,Transaction 2510
TXN00002511,101-001,9982.95,2025-09-16T09:52:45.442127,Transaction 2511
TXN00002512,101-002,106.4,2025-09-16T09:52:45.442130,Transaction 2512
TXN00002513,101-003,229.85,2025-09-16T09:52:45.442133,Transaction 2513
TXN00002514,101-004,353.3,2025-09-16T09:52:45.442135,Transaction 2514
TXN00002515,101-005,476.75,2025-09-16T09:52:45.442142,Transaction 2515
TXN00002516,101-006,600.2,2025-09-16T09:52:45.442145,Transaction 2516
TXN00002517,101-007,723.65,2025-09-16T09:52:45.442152,Transaction 2517
TXN00002518,101-008,847.1,2025-09-16T09:52:45.442155,Transaction 2518
TXN00002519,101-009,970.55,2025-09-16T09:52:45.442157,Transaction 2519
TXN00002520,101-000,1094.0,2025-09-16T09:52:45.442160,Transaction 2520
TXN00002521,101-001,1217.45,2025-09-16T09:52:45.442163,Transaction 2521
TXN00002522,101-002,1340.9,2025-09-16T09:52:45.442166,Transaction 2522
TXN00002523,101-003,1464.35,2025-09-16T09:52:45.442168,Transaction 2523
TXN00002524,101-004,1587.8,2025-09-16T09:52:45.442171,Transaction 2524
TXN00002525,101-005,1711.25,2025-09-16T09:52:45.442174,Transaction 2525
TXN00002526,101-006,1834.7,2025-09-16T09:52:45.442177,Transaction 2526
TXN00002527,101-007,1958.15,2025-09-16T09:52:45.442180,Transaction 2527
TXN00002528,101-008,2081.6,2025-09-16T09:52:45.442183,Transaction 2528
TXN00002529,101-009,2205.05,2025-09-16T09:52:45.442185,Transaction 2529
TXN00002530,101-000,2328.5,2025-09-16T09:52:45.442188,Transaction 2530
TXN00002531,101-001,2451.95,2025-09-16T09:52:45.442191,Transaction 2531
TXN00002532,101-002,2575.4,2025-09-16T09:52:45.442194,Transaction 2532
TXN00002533,101-003,2698.85,2025-09-16T09:52:45.442196,Transaction 2533
TXN00002534,101-004,2822.3,2025-09-16T09:52:45.442199,Transaction 2534
TXN00002535,101-005,2945.75,2025-09-16T09:52:45.442202,Transaction 2535
TXN00002536,101-006,3069.2,2025-09-16T09:52:45.442209,Transaction 2536
TXN00002537,101-007,3192.65,2025-09-16T09:52:45.442212,Transaction 2537
TXN00002538,101-008,3316.1,2025-09-16T09:52:45.442215,Transaction 2538
TXN00002539,101-009,3439.55,2025-09-16T09:52:45.442221,Transaction 2539
TXN00002540,101-000,3563.0,2025-09-16T09:52:45.442224,Transaction 2540
TXN00002541,101-001,3686.45,2025-09-16T09:52:45.442227,Transaction 2541
TXN00002542,101-002,3809.9,2025-09-16T09:52:45.442230,Transaction 2542
TXN00002543,101-003,3933.35,2025-09-16T09:52:45.442232,Transaction 2543
TXN00002544,101-004,4056.8,2025-09-16T09:52:45.442235,Transaction 2544
TXN00002545,101-005,4180.25,2025-09-16T09:52:45.442238,Transaction 2545
TXN00002546,101-006,4303.7,2025-09-16T09:52:45.442240,Transaction 2546
TXN00002547,101-007,4427.15,2025-09-16T09:52:45.442243,Transaction 2547
TXN00002548,101-008,4550.6,2025-09-16T09:52:45.442246,Transaction 2548
TXN00002549,101-009,4674.05,2025-09-16T09:52:45.442249,Transaction 2549
TXN00002550,101-000,4797.5,2025-09-16T09:52:45.442251,Transaction 2550
TXN00002551,101-001,4920.95,2025-09-16T09:52:45.442254,Transaction 2551
TXN00002552,101-002,5044.4,2025-09-16T09:52:45.442257,Transaction 2552
TXN00002553,101-003,5167.85,2025-09-16T09:52:45.442260,Transaction 2553
TXN00002554,101-004,5291.3,2025-09-16T09:52:45.442262,Transaction 2554
TXN00002555,101-005,5414.75,2025-09-16T09:52:45.442265,Transaction 2555
TXN00002556,101-006,5538.2,2025-09-16T09:52:45.442268,Transaction 2556
TXN00002557,101-007,5661.65,2025-09-16T09:52:45.442275,Transaction 2557
TXN00002558,101-008,5785.1,2025-09-16T09:52:45.442278,Transaction 2558
TXN00002559,101-009,5908.55,2025-09-16T09:52:45.442280,Transaction 2559
TXN00002560,101-000,6032.0,2025-09-16T09:52:45.442283,Transaction 2560
TXN00002561,101-001,6155.45,2025-09-16T09:52:45.442286,Transaction 2561
TXN00002562,101-002,6278.9,2025-09-16T09:52:45.442289,Transaction 2562
TXN00002563,101-003,6402.35,2025-09-16T09:52:45.442292,Transaction 2563
TXN00002564,101-004,6525.8,2025-09-16T09:52:45.442295,Transaction 2564
TXN00002565,101-005,6649.25,2025-09-16T09:52:45.442297,Transaction 2565
TXN00002566,101-006,6772.7,2025-09-16T09:52:45.442300,Transaction 2566
TXN00002567,101-007,6896.15,2025-09-16T09:52:45.442307,Transaction 2567
TXN00002568,101-008,7019.6,2025-09-16T09:52:45.442310,Transaction 2568
TXN00002569,101-009,7143.05,2025-09-16T09:52:45.442312,Transaction 2569
TXN00002570,101-000,7266.5,2025-09-16T09:52:45.442315,Transaction 2570
TXN00002571,101-001,7389.95,2025-09-16T09:52:45.442323,Transaction 2571
TXN00002572,101-002,7513.4,2025-09-16T09:52:45.442325,Transaction 2572
TXN00002573,101-003,7636.85,2025-09-16T09:52:45.442328,Transaction 2573
TXN00002574,101-004,7760.3,2025-09-16T09:52:45.442331,Transaction 2574
TXN00002575,101-005,7883.75,2025-09-16T09:52:45.442333,Transaction 2575
TXN00002576,101-006,8007.2,2025-09-16T09:52:45.442336,Transaction 2576
TXN00002577,101-007,8130.65,2025-09-16T09:52:45.442339,Transaction 2577
TXN00002578,101-008,8254.1,2025-09-16T09:52:45.442342,Transaction 2578
TXN00002579,101-009,8377.55,2025-09-16T09:52:45.442348,Transaction 2579
TXN00002580,101-000,8501.0,2025-09-16T09:52:45.442351,Transaction 2580
TXN00002581,101-001,8624.45,2025-09-16T09:52:45.442354,Transaction 2581
TXN00002582,101-002,8747.9,2025-09-16T09:52:45.442357,Transaction 2582
TXN00002583,101-003,8871.35,2025-09-16T09:52:45.442359,Transaction 2583
TXN00002584,101-004,8994.8,2025-09-16T09:52:45.442362,Transaction 2584
TXN00002585,101-005,9118.25,2025-09-16T09:52:45.442365,Transaction 2585
TXN00002586,101-006,9241.7,2025-09-16T09:52:45.442367,Transaction 2586
TXN00002587,101-007,9365.15,2025-09-16T09:52:45.442370,Transaction 2587
TXN00002588,101-008,9488.6,2025-09-16T09:52:45.442377,Transaction 2588
TXN00002589,101-009,9612.05,2025-09-16T09:52:45.442380,Transaction 2589
TXN00002590,101-000,9735.5,2025-09-16T09:52:45.442382,Transaction 2590
TXN00002591,101-001,9858.95,2025-09-16T09:52:45.442385,Transaction 2591
TXN00002592,101-002,9982.4,2025-09-16T09:52:45.442388,Transaction 2592
TXN00002593,101-003,105.85,2025-09-16T09:52:45.442390,Transaction 2593
TXN00002594,101-004,229.3,2025-09-16T09:52:45.442393,Transaction 2594
TXN00002595,101-005,352.75,2025-09-16T09:52:45.442396,Transaction 2595
TXN00002596,101-006,476.2,2025-09-16T09:52:45.442399,Transaction 2596
TXN00002597,101-007,599.65,2025-09-16T09:52:45.442401,Transaction 2597
TXN00002598,101-008,723.1,2025-09-16T09:52:45.442404,Transaction 2598
TXN00002599,101-009,846.55,2025-09-16T09:52:45.442407,Transaction 2599
TXN00002600,101-000,970.0,2025-09-16T09:52:45.442413,Transaction 2600
TXN00002601,101-001,1093.45,2025-09-16T09:52:45.442416,Transaction 2601
TXN00002602,101-002,1216.9,2025-09-16T09:52:45.442419,Transaction 2602
TXN00002603,101-003,1340.35,2025-09-16T09:52:45.442426,Transaction 2603
TXN00002604,101-004,1463.8,2025-09-16T09:52:45.442428,Transaction 2604
TXN00002605,101-005,1587.25,2025-09-16T09:52:45.442431,Transaction 2605
TXN00002606,101-006,1710.7,2025-09-16T09:52:45.442434,Transaction 2606
TXN00002607,101-007,1834.15,2025-09-16T09:52:45.442436,Transaction 2607
TXN00002608,101-008,1957.6,2025-09-16T09:52:45.442439,Transaction 2608
TXN00002609,101-009,2081.05,2025-09-16T09:52:45.442442,Transaction 2609
TXN00002610,101-000,2204.5,2025-09-16T09:52:45.442445,Transaction 2610
TXN00002611,101-001,2327.95,2025-09-16T09:52:45.442447,Transaction 2611
TXN00002612,101-002,2451.4,2025-09-16T09:52:45.442450,Transaction 2612
TXN00002613,101-003,2574.85,2025-09-16T09:52:45.442453,Transaction 2613
TXN00002614,101-004,2698.3,2025-09-16T09:52:45.442455,Transaction 2614
TXN00002615,101-005,2821.75,2025-09-16T09:52:45.442458,Transaction 2615
TXN00002616,101-006,2945.2,2025-09-16T09:52:45.442461,Transaction 2616
TXN00002617,101-007,3068.65,2025-09-16T09:52:45.442464,Transaction 2617
TXN00002618,101-008,3192.1,2025-09-16T09:52:45.442470,Transaction 2618
TXN00002619,101-009,3315.55,2025-09-16T09:52:45.442473,Transaction 2619
TXN00002620,101-000,3439.0,2025-09-16T09:52:45.442476,Transaction 2620
TXN00002621,101-001,3562.45,2025-09-16T09:52:45.442482,Transaction 2621
TXN00002622,101-002,3685.9,2025-09-16T09:52:45.442485,Transaction 2622
TXN00002623,101-003,3809.35,2025-09-16T09:52:45.442488,Transaction 2623
TXN00002624,101-004,3932.8,2025-09-16T09:52:45.442490,Transaction 2624
TXN00002625,101-005,4056.25,2025-09-16T09:52:45.442493,Transaction 2625
TXN00002626,101-006,4179.7,2025-09-16T09:52:45.442496,Transaction 2626
TXN00002627,101-007,4303.15,2025-09-16T09:52:45.442498,Transaction 2627
TXN00002628,101-008,4426.6,2025-09-16T09:52:45.442501,Transaction 2628
TXN00002629,101-009,4550.05,2025-09-16T09:52:45.442504,Transaction 2629
TXN00002630,101-000,4673.5,2025-09-16T09:52:45.442510,Transaction 2630
TXN00002631,101-001,4796.95,2025-09-16T09:52:45.442513,Transaction 2631
TXN00002632,101-002,4920.4,2025-09-16T09:52:45.442516,Transaction 2632
TXN00002633,101-003,5043.85,2025-09-16T09:52:45.442519,Transaction 2633
TXN00002634,101-004,5167.3,2025-09-16T09:52:45.442521,Transaction 2634
TXN00002635,101-005,5290.75,2025-09-16T09:52:45.442533,Transaction 2635
TXN00002636,101-006,5414.2,2025-09-16T09:52:45.442536,Transaction 2636
TXN00002637,101-007,5537.65,2025-09-16T09:52:45.442538,Transaction 2637
TXN00002638,101-008,5661.1,2025-09-16T09:52:45.442541,Transaction 2638
TXN00002639,101-009,5784.55,2025-09-16T09:52:45.442544,Transaction 2639
TXN00002640,101-000,5908.0,2025-09-16T09:52:45.442547,Transaction 2640
TXN00002641,101-001,6031.45,2025-09-16T09:52:45.442549,Transaction 2641
TXN00002642,101-002,6154.9,2025-09-16T09:52:45.442556,Transaction 2642
TXN00002643,101-003,6278.35,2025-09-16T09:52:45.442558,Transaction 2643
TXN00002644,101-004,6401.8,2025-09-16T09:52:45.442561,Transaction 2644
TXN00002645,101-005,6525.25,2025-09-16T09:52:45.442564,Transaction 2645
TXN00002646,101-006,6648.7,2025-09-16T09:52:45.442567,Transaction 2646
TXN00002647,101-007,6772.15,2025-09-16T09:52:45.442569,Transaction 2647
TXN00002648,101-008,6895.6,2025-09-16T09:52:45.442572,Transaction 2648
TXN00002649,101-009,7019.05,2025-09-16T09:52:45.442575,Transaction 2649
TXN00002650,101-000,7142.5,2025-09-16T09:52:45.442577,Transaction 2650
TXN00002651,101-001,7265.95,2025-09-16T09:52:45.442580,Transaction 2651
TXN00002652,101-002,7389.4,2025-09-16T09:52:45.442583,Transaction 2652
TXN00002653,101-003,7512.85,2025-09-16T09:52:45.442586,Transaction 2653
TXN00002654,101-004,7636.3,2025-09-16T09:52:45.442588,Transaction 2654
TXN00002655,101-005,7759.75,2025-09-16T09:52:45.442591,Transaction 2655
TXN00002656,101-006,7883.2,2025-09-16T09:52:45.442594,Transaction 2656
TXN00002657,101-007,8006.65,2025-09-16T09:52:45.442596,Transaction 2657
TXN00002658,101-008,8130.1,2025-09-16T09:52:45.442599,Transaction 2658
TXN00002659,101-009,8253.55,2025-09-16T09:52:45.442602,Transaction 2659
TXN00002660,101-000,8377.0,2025-09-16T09:52:45.442604,Transaction 2660
TXN00002661,101-001,8500.45,2025-09-16T09:52:45.442607,Transaction 2661
TXN00002662,101-002,8623.9,2025-09-16T09:52:45.442610,Transaction 2662
TXN00002663,101-003,8747.35,2025-09-16T09:52:45.442613,Transaction 2663
TXN00002664,101-004,8870.8,2025-09-16T09:52:45.442619,Transaction 2664
TXN00002665,101-005,8994.25,2025-09-16T09:52:45.442622,Transaction 2665
TXN00002666,101-006,9117.7,2025-09-16T09:52:45.442628,Transaction 2666
TXN00002667,101-007,9241.15,2025-09-16T09:52:45.442631,Transaction 2667
TXN00002668,101-008,9364.6,2025-09-16T09:52:45.442634,Transaction 2668
TXN00002669,101-009,9488.05,2025-09-16T09:52:45.442641,Transaction 2669
TXN00002670,101-000,9611.5,2025-09-16T09:52:45.442643,Transaction 2670
TXN00002671,101-001,9734.95,2025-09-16T09:52:45.442646,Transaction 2671
TXN00002672,101-002,9858.4,2025-09-16T09:52:45.442649,Transaction 2672
TXN00002673,101-003,9981.85,2025-09-16T09:52:45.442656,Transaction 2673
TXN00002674,101-004,105.3,2025-09-16T09:52:45.442658,Transaction 2674
TXN00002675,101-005,228.75,2025-09-16T09:52:45.442661,Transaction 2675
TXN00002676,101-006,352.2,2025-09-16T09:52:45.442664,Transaction 2676
TXN00002677,101-007,475.65,2025-09-16T09:52:45.442666,Transaction 2677
TXN00002678,101-008,599.1,2025-09-16T09:52:45.442669,Transaction 2678
TXN00002679,101-009,722.55,2025-09-16T09:52:45.442672,Transaction 2679
TXN00002680,101-000,846.0,2025-09-16T09:52:45.442675,Transaction 2680
TXN00002681,101-001,969.45,2025-09-16T09:52:45.442677,Transaction 2681
TXN00002682,101-002,1092.9,2025-09-16T09:52:45.442680,Transaction 2682
TXN00002683,101-003,1216.35,2025-09-16T09:52:45.442683,Transaction 2683
TXN00002684,101-004,1339.8,2025-09-16T09:52:45.442686,Transaction 2684
TXN00002685,101-005,1463.25,2025-09-16T09:52:45.442692,Transaction 2685
TXN00002686,101-006,1586.7,2025-09-16T09:52:45.442695,Transaction 2686
TXN00002687,101-007,1710.15,2025-09-16T09:52:45.442698,Transaction 2687
TXN00002688,101-008,1833.6,2025-09-16T09:52:45.442700,Transaction 2688
TXN00002689,101-009,1957.05,2025-09-16T09:52:45.442703,Transaction 2689
TXN00002690,101-000,2080.5,2025-09-16T09:52:45.442706,Transaction 2690
TXN00002691,101-001,2203.95,2025-09-16T09:52:45.442708,Transaction 2691
TXN00002692,101-002,2327.4,2025-09-16T09:52:45.442711,Transaction 2692
TXN00002693,101-003,2450.85,2025-09-16T09:52:45.442714,Transaction 2693
TXN00002694,101-004,2574.3,2025-09-16T09:52:45.442717,Transaction 2694
TXN00002695,101-005,2697.75,2025-09-16T09:52:45.442719,Transaction 2695
TXN00002696,101-006,2821.2,2025-09-16T09:52:45.442722,Transaction 2696
TXN00002697,101-007,2944.65,2025-09-16T09:52:45.442725,Transaction 2697
TXN00002698,101-008,3068.1,2025-09-16T09:52:45.442731,Transaction 2698
TXN00002699,101-009,3191.55,2025-09-16T09:52:45.442734,Transaction 2699
TXN00002700,101-000,3315.0,2025-09-16T09:52:45.442737,Transaction 2700
TXN00002701,101-001,3438.45,2025-09-16T09:52:45.442739,Transaction 2701
TXN00002702,101-002,3561.9,2025-09-16T09:52:45.442742,Transaction 2702
TXN00002703,101-003,3685.35,2025-09-16T09:52:45.442745,Transaction 2703
TXN00002704,101-004,3808.8,2025-09-16T09:52:45.442748,Transaction 2704
TXN00002705,101-005,3932.25,2025-09-16T09:52:45.442750,Transaction 2705
TXN00002706,101-006,4055.7,2025-09-16T09:52:45.442757,Transaction 2706
TXN00002707,101-007,4179.15,2025-09-16T09:52:45.442760,Transaction 2707
TXN00002708,101-008,4302.6,2025-09-16T09:52:45.442763,Transaction 2708
TXN00002709,101-009,4426.05,2025-09-16T09:52:45.442765,Transaction 2709
TXN00002710,101-000,4549.5,2025-09-16T09:52:45.442768,Transaction 2710
TXN00002711,101-001,4672.95,2025-09-16T09:52:45.442771,Transaction 2711
TXN00002712,101-002,4796.4,2025-09-16T09:52:45.442774,Transaction 2712
TXN00002713,101-003,4919.85,2025-09-16T09:52:45.442776,Transaction 2713
TXN00002714,101-004,5043.3,2025-09-16T09:52:45.442779,Transaction 2714
TXN00002715,101-005,5166.75,2025-09-16T09:52:45.442782,Transaction 2715
TXN00002716,101-006,5290.2,2025-09-16T09:52:45.442784,Transaction 2716
TXN00002717,101-007,5413.65,2025-09-16T09:52:45.442787,Transaction 2717
TXN00002718,101-008,5537.1,2025-09-16T09:52:45.442790,Transaction 2718
TXN00002719,101-009,5660.55,2025-09-16T09:52:45.442792,Transaction 2719
TXN00002720,101-000,5784.0,2025-09-16T09:52:45.442795,Transaction 2720
TXN00002721,101-001,5907.45,2025-09-16T09:52:45.442802,Transaction 2721
TXN00002722,101-002,6030.9,2025-09-16T09:52:45.442805,Transaction 2722
TXN00002723,101-003,6154.35,2025-09-16T09:52:45.442808,Transaction 2723
TXN00002724,101-004,6277.8,2025-09-16T09:52:45.442811,Transaction 2724
TXN00002725,101-005,6401.25,2025-09-16T09:52:45.442813,Transaction 2725
TXN00002726,101-006,6524.7,2025-09-16T09:52:45.442816,Transaction 2726
TXN00002727,101-007,6648.15,2025-09-16T09:52:45.442823,Transaction 2727
TXN00002728,101-008,6771.6,2025-09-16T09:52:45.442825,Transaction 2728
TXN00002729,101-009,6895.05,2025-09-16T09:52:45.442828,Transaction 2729
TXN00002730,101-000,7018.5,2025-09-16T09:52:45.442835,Transaction 2730
TXN00002731,101-001,7141.95,2025-09-16T09:52:45.442837,Transaction 2731
TXN00002732,101-002,7265.4,2025-09-16T09:52:45.442840,Transaction 2732
TXN00002733,101-003,7388.85,2025-09-16T09:52:45.442843,Transaction 2733
TXN00002734,101-004,7512.3,2025-09-16T09:52:45.442845,Transaction 2734
TXN00002735,101-005,7635.75,2025-09-16T09:52:45.442848,Transaction 2735
TXN00002736,101-006,7759.2,2025-09-16T09:52:45.442851,Transaction 2736
TXN00002737,101-007,7882.65,2025-09-16T09:52:45.442853,Transaction 2737
TXN00002738,101-008,8006.1,2025-09-16T09:52:45.442856,Transaction 2738
TXN00002739,101-009,8129.55,2025-09-16T09:52:45.442859,Transaction 2739
TXN00002740,101-000,8253.0,2025-09-16T09:52:45.442862,Transaction 2740
TXN00002741,101-001,8376.45,2025-09-16T09:52:45.442864,Transaction 2741
TXN00002742,101-002,8499.9,2025-09-16T09:52:45.442867,Transaction 2742
TXN00002743,101-003,8623.35,2025-09-16T09:52:45.442870,Transaction 2743
TXN00002744,101-004,8746.8,2025-09-16T09:52:45.442873,Transaction 2744
TXN00002745,101-005,8870.25,2025-09-16T09:52:45.442875,Transaction 2745
TXN00002746,101-006,8993.7,2025-09-16T09:52:45.442878,Transaction 2746
TXN00002747,101-007,9117.15,2025-09-16T09:52:45.442881,Transaction 2747
TXN00002748,101-008,9240.6,2025-09-16T09:52:45.442883,Transaction 2748
TXN00002749,101-009,9364.05,2025-09-16T09:52:45.442907,Transaction 2749
TXN00002750,101-000,9487.5,2025-09-16T09:52:45.442910,Transaction 2750
TXN00002751,101-001,9610.95,2025-09-16T09:52:45.442913,Transaction 2751
TXN00002752,101-002,9734.4,2025-09-16T09:52:45.442916,Transaction 2752
TXN00002753,101-003,9857.85,2025-09-16T09:52:45.442918,Transaction 2753
TXN00002754,101-004,9981.3,2025-09-16T09:52:45.442921,Transaction 2754
TXN00002755,101-005,104.75,2025-09-16T09:52:45.442924,Transaction 2755
TXN00002756,101-006,228.2,2025-09-16T09:52:45.442930,Transaction 2756
TXN00002757,101-007,351.65,2025-09-16T09:52:45.442933,Transaction 2757
TXN00002758,101-008,475.1,2025-09-16T09:52:45.442936,Transaction 2758
TXN00002759,101-009,598.55,2025-09-16T09:52:45.442943,Transaction 2759
TXN00002760,101-000,722.0,2025-09-16T09:52:45.442946,Transaction 2760
TXN00002761,101-001,845.45,2025-09-16T09:52:45.442949,Transaction 2761
TXN00002762,101-002,968.9,2025-09-16T09:52:45.442960,Transaction 2762
TXN00002763,101-003,1092.35,2025-09-16T09:52:45.442963,Transaction 2763
TXN00002764,101-004,1215.8,2025-09-16T09:52:45.442965,Transaction 2764
TXN00002765,101-005,1339.25,2025-09-16T09:52:45.442968,Transaction 2765
TXN00002766,101-006,1462.7,2025-09-16T09:52:45.442971,Transaction 2766
TXN00002767,101-007,1586.15,2025-09-16T09:52:45.442974,Transaction 2767
TXN00002768,101-008,1709.6,2025-09-16T09:52:45.442976,Transaction 2768
TXN00002769,101-009,1833.05,2025-09-16T09:52:45.442979,Transaction 2769
TXN00002770,101-000,1956.5,2025-09-16T09:52:45.442986,Transaction 2770
TXN00002771,101-001,2079.95,2025-09-16T09:52:45.442992,Transaction 2771
TXN00002772,101-002,2203.4,2025-09-16T09:52:45.442995,Transaction 2772
TXN00002773,101-003,2326.85,2025-09-16T09:52:45.442998,Transaction 2773
TXN00002774,101-004,2450.3,2025-09-16T09:52:45.443001,Transaction 2774
TXN00002775,101-005,2573.75,2025-09-16T09:52:45.443003,Transaction 2775
TXN00002776,101-006,2697.2,2025-09-16T09:52:45.443006,Transaction 2776
TXN00002777,101-007,2820.65,2025-09-16T09:52:45.443009,Transaction 2777
TXN00002778,101-008,2944.1,2025-09-16T09:52:45.443011,Transaction 2778
TXN00002779,101-009,3067.55,2025-09-16T09:52:45.443014,Transaction 2779
TXN00002780,101-000,3191.0,2025-09-16T09:52:45.443017,Transaction 2780
TXN00002781,101-001,3314.45,2025-09-16T09:52:45.443020,Transaction 2781
TXN00002782,101-002,3437.9,2025-09-16T09:52:45.443022,Transaction 2782
TXN00002783,101-003,3561.35,2025-09-16T09:52:45.443025,Transaction 2783
TXN00002784,101-004,3684.8,2025-09-16T09:52:45.443028,Transaction 2784
TXN00002785,101-005,3808.25,2025-09-16T09:52:45.443031,Transaction 2785
TXN00002786,101-006,3931.7,2025-09-16T09:52:45.443033,Transaction 2786
TXN00002787,101-007,4055.15,2025-09-16T09:52:45.443036,Transaction 2787
TXN00002788,101-008,4178.6,2025-09-16T09:52:45.443039,Transaction 2788
TXN00002789,101-009,4302.05,2025-09-16T09:52:45.443041,Transaction 2789
TXN00002790,101-000,4425.5,2025-09-16T09:52:45.443046,Transaction 2790
TXN00002791,101-001,4548.95,2025-09-16T09:52:45.443055,Transaction 2791
TXN00002792,101-002,4672.4,2025-09-16T09:52:45.443058,Transaction 2792
TXN00002793,101-003,4795.85,2025-09-16T09:52:45.443064,Transaction 2793
TXN00002794,101-004,4919.3,2025-09-16T09:52:45.443067,Transaction 2794
TXN00002795,101-005,5042.75,2025-09-16T09:52:45.443069,Transaction 2795
TXN00002796,101-006,5166.2,2025-09-16T09:52:45.443072,Transaction 2796
TXN00002797,101-007,5289.65,2025-09-16T09:52:45.443075,Transaction 2797
TXN00002798,101-008,5413.1,2025-09-16T09:52:45.443077,Transaction 2798
TXN00002799,101-009,5536.55,2025-09-16T09:52:45.443080,Transaction 2799
TXN00002800,101-000,5660.0,2025-09-16T09:52:45.443083,Transaction 2800
TXN00002801,101-001,5783.45,2025-09-16T09:52:45.443086,Transaction 2801
TXN00002802,101-002,5906.9,2025-09-16T09:52:45.443088,Transaction 2802
TXN00002803,101-003,6030.35,2025-09-16T09:52:45.443091,Transaction 2803
TXN00002804,101-004,6153.8,2025-09-16T09:52:45.443094,Transaction 2804
TXN00002805,101-005,6277.25,2025-09-16T09:52:45.443096,Transaction 2805
TXN00002806,101-006,6400.7,2025-09-16T09:52:45.443099,Transaction 2806
TXN00002807,101-007,6524.15,2025-09-16T09:52:45.443102,Transaction 2807
TXN00002808,101-008,6647.6,2025-09-16T09:52:45.443104,Transaction 2808
TXN00002809,101-009,6771.05,2025-09-16T09:52:45.443107,Transaction 2809
TXN00002810,101-000,6894.5,2025-09-16T09:52:45.443110,Transaction 2810
TXN00002811,101-001,7017.95,2025-09-16T09:52:45.443113,Transaction 2811
TXN00002812,101-002,7141.4,2025-09-16T09:52:45.443119,Transaction 2812
TXN00002813,101-003,7264.85,2025-09-16T09:52:45.443122,Transaction 2813
TXN00002814,101-004,7388.3,2025-09-16T09:52:45.443125,Transaction 2814
TXN00002815,101-005,7511.75,2025-09-16T09:52:45.443127,Transaction 2815
TXN00002816,101-006,7635.2,2025-09-16T09:52:45.443130,Transaction 2816
TXN00002817,101-007,7758.65,2025-09-16T09:52:45.443133,Transaction 2817
TXN00002818,101-008,7882.1,2025-09-16T09:52:45.443135,Transaction 2818
TXN00002819,101-009,8005.55,2025-09-16T09:52:45.443138,Transaction 2819
TXN00002820,101-000,8129.0,2025-09-16T09:52:45.443141,Transaction 2820
TXN00002821,101-001,8252.45,2025-09-16T09:52:45.443143,Transaction 2821
TXN00002822,101-002,8375.9,2025-09-16T09:52:45.443150,Transaction 2822
TXN00002823,101-003,8499.35,2025-09-16T09:52:45.443153,Transaction 2823
TXN00002824,101-004,8622.8,2025-09-16T09:52:45.443156,Transaction 2824
TXN00002825,101-005,8746.25,2025-09-16T09:52:45.443167,Transaction 2825
TXN00002826,101-006,8869.7,2025-09-16T09:52:45.443170,Transaction 2826
TXN00002827,101-007,8993.15,2025-09-16T09:52:45.443173,Transaction 2827
TXN00002828,101-008,9116.6,2025-09-16T09:52:45.443175,Transaction 2828
TXN00002829,101-009,9240.05,2025-09-16T09:52:45.443178,Transaction 2829
TXN00002830,101-000,9363.5,2025-09-16T09:52:45.443181,Transaction 2830
TXN00002831,101-001,9486.95,2025-09-16T09:52:45.443184,Transaction 2831
TXN00002832,101-002,9610.4,2025-09-16T09:52:45.443186,Transaction 2832
TXN00002833,101-003,9733.85,2025-09-16T09:52:45.443189,Transaction 2833
TXN00002834,101-004,9857.3,2025-09-16T09:52:45.443195,Transaction 2834
TXN00002835,101-005,9980.75,2025-09-16T09:52:45.443198,Transaction 2835
TXN00002836,101-006,104.2,2025-09-16T09:52:45.443201,Transaction 2836
TXN00002837,101-007,227.65,2025-09-16T09:52:45.443204,Transaction 2837
TXN00002838,101-008,351.1,2025-09-16T09:52:45.443206,Transaction 2838
TXN00002839,101-009,474.55,2025-09-16T09:52:45.443209,Transaction 2839
TXN00002840,101-000,598.0,2025-09-16T09:52:45.443212,Transaction 2840
TXN00002841,101-001,721.45,2025-09-16T09:52:45.443214,Transaction 2841
TXN00002842,101-002,844.9,2025-09-16T09:52:45.443217,Transaction 2842
TXN00002843,101-003,968.35,2025-09-16T09:52:45.443224,Transaction 2843
TXN00002844,101-004,1091.8,2025-09-16T09:52:45.443226,Transaction 2844
TXN00002845,101-005,1215.25,2025-09-16T09:52:45.443229,Transaction 2845
TXN00002846,101-006,1338.7,2025-09-16T09:52:45.443232,Transaction 2846
TXN00002847,101-007,1462.15,2025-09-16T09:52:45.443234,Transaction 2847
TXN00002848,101-008,1585.6,2025-09-16T09:52:45.443237,Transaction 2848
TXN00002849,101-009,1709.05,2025-09-16T09:52:45.443240,Transaction 2849
TXN00002850,101-000,1832.5,2025-09-16T09:52:45.443242,Transaction 2850
TXN00002851,101-001,1955.95,2025-09-16T09:52:45.443247,Transaction 2851
TXN00002852,101-002,2079.4,2025-09-16T09:52:45.443249,Transaction 2852
TXN00002853,101-003,2202.85,2025-09-16T09:52:45.443252,Transaction 2853
TXN00002854,101-004,2326.3,2025-09-16T09:52:45.443285,Transaction 2854
TXN00002855,101-005,2449.75,2025-09-16T09:52:45.443300,Transaction 2855
TXN00002856,101-006,2573.2,2025-09-16T09:52:45.443304,Transaction 2856
TXN00002857,101-007,2696.65,2025-09-16T09:52:45.443311,Transaction 2857
TXN00002858,101-008,2820.1,2025-09-16T09:52:45.443314,Transaction 2858
TXN00002859,101-009,2943.55,2025-09-16T09:52:45.443317,Transaction 2859
TXN00002860,101-000,3067.0,2025-09-16T09:52:45.443320,Transaction 2860
TXN00002861,101-001,3190.45,2025-09-16T09:52:45.443322,Transaction 2861
TXN00002862,101-002,3313.9,2025-09-16T09:52:45.443325,Transaction 2862
TXN00002863,101-003,3437.35,2025-09-16T09:52:45.443328,Transaction 2863
TXN00002864,101-004,3560.8,2025-09-16T09:52:45.443330,Transaction 2864
TXN00002865,101-005,3684.25,2025-09-16T09:52:45.443333,Transaction 2865
TXN00002866,101-006,3807.7,2025-09-16T09:52:45.443336,Transaction 2866
TXN00002867,101-007,3931.15,2025-09-16T09:52:45.443338,Transaction 2867
TXN00002868,101-008,4054.6,2025-09-16T09:52:45.443341,Transaction 2868
TXN00002869,101-009,4178.05,2025-09-16T09:52:45.443344,Transaction 2869
TXN00002870,101-000,4301.5,2025-09-16T09:52:45.443347,Transaction 2870
TXN00002871,101-001,4424.95,2025-09-16T09:52:45.443349,Transaction 2871
TXN00002872,101-002,4548.4,2025-09-16T09:52:45.443352,Transaction 2872
TXN00002873,101-003,4671.85,2025-09-16T09:52:45.443359,Transaction 2873
TXN00002874,101-004,4795.3,2025-09-16T09:52:45.443361,Transaction 2874
TXN00002875,101-005,4918.75,2025-09-16T09:52:45.443364,Transaction 2875
TXN00002876,101-006,5042.2,2025-09-16T09:52:45.443371,Transaction 2876
TXN00002877,101-007,5165.65,2025-09-16T09:52:45.443373,Transaction 2877
TXN00002878,101-008,5289.1,2025-09-16T09:52:45.443376,Transaction 2878
TXN00002879,101-009,5412.55,2025-09-16T09:52:45.443379,Transaction 2879
TXN00002880,101-000,5536.0,2025-09-16T09:52:45.443382,Transaction 2880
TXN00002881,101-001,5659.45,2025-09-16T09:52:45.443384,Transaction 2881
TXN00002882,101-002,5782.9,2025-09-16T09:52:45.443387,Transaction 2882
TXN00002883,101-003,5906.35,2025-09-16T09:52:45.443390,Transaction 2883
TXN00002884,101-004,6029.8,2025-09-16T09:52:45.443396,Transaction 2884
TXN00002885,101-005,6153.25,2025-09-16T09:52:45.443402,Transaction 2885
TXN00002886,101-006,6276.7,2025-09-16T09:52:45.443405,Transaction 2886
TXN00002887,101-007,6400.15,2025-09-16T09:52:45.443408,Transaction 2887
TXN00002888,101-008,6523.6,2025-09-16T09:52:45.443410,Transaction 2888
TXN00002889,101-009,6647.05,2025-09-16T09:52:45.443423,Transaction 2889
TXN00002890,101-000,6770.5,2025-09-16T09:52:45.443426,Transaction 2890
TXN00002891,101-001,6893.95,2025-09-16T09:52:45.443429,Transaction 2891
TXN00002892,101-002,7017.4,2025-09-16T09:52:45.443431,Transaction 2892
TXN00002893,101-003,7140.85,2025-09-16T09:52:45.443434,Transaction 2893
TXN00002894,101-004,7264.3,2025-09-16T09:52:45.443437,Transaction 2894
TXN00002895,101-005,7387.75,2025-09-16T09:52:45.443439,Transaction 2895
TXN00002896,101-006,7511.2,2025-09-16T09:52:45.443442,Transaction 2896
TXN00002897,101-007,7634.65,2025-09-16T09:52:45.443448,Transaction 2897
TXN00002898,101-008,7758.1,2025-09-16T09:52:45.443451,Transaction 2898
TXN00002899,101-009,7881.55,2025-09-16T09:52:45.443454,Transaction 2899
TXN00002900,101-000,8005.0,2025-09-16T09:52:45.443457,Transaction 2900
TXN00002901,101-001,8128.45,2025-09-16T09:52:45.443459,Transaction 2901
TXN00002902,101-002,8251.9,2025-09-16T09:52:45.443462,Transaction 2902
TXN00002903,101-003,8375.35,2025-09-16T09:52:45.443465,Transaction 2903
TXN00002904,101-004,8498.8,2025-09-16T09:52:45.443467,Transaction 2904
TXN00002905,101-005,8622.25,2025-09-16T09:52:45.443470,Transaction 2905
TXN00002906,101-006,8745.7,2025-09-16T09:52:45.443473,Transaction 2906
TXN00002907,101-007,8869.15,2025-09-16T09:52:45.443475,Transaction 2907
TXN00002908,101-008,8992.6,2025-09-16T09:52:45.443478,Transaction 2908
TXN00002909,101-009,9116.05,2025-09-16T09:52:45.443481,Transaction 2909
TXN00002910,101-000,9239.5,2025-09-16T09:52:45.443484,Transaction 2910
TXN00002911,101-001,9362.95,2025-09-16T09:52:45.443486,Transaction 2911
TXN00002912,101-002,9486.4,2025-09-16T09:52:45.443489,Transaction 2912
TXN00002913,101-003,9609.85,2025-09-16T09:52:45.443492,Transaction 2913
TXN00002914,101-004,9733.3,2025-09-16T09:52:45.443494,Transaction 2914
TXN00002915,101-005,9856.75,2025-09-16T09:52:45.443497,Transaction 2915
TXN00002916,101-006,9980.2,2025-09-16T09:52:45.443500,Transaction 2916
TXN00002917,101-007,103.65,2025-09-16T09:52:45.443503,Transaction 2917
TXN00002918,101-008,227.1,2025-09-16T09:52:45.443505,Transaction 2918
TXN00002919,101-009,350.55,2025-09-16T09:52:45.443512,Transaction 2919
TXN00002920,101-000,474.0,2025-09-16T09:52:45.443518,Transaction 2920
TXN00002921,101-001,597.45,2025-09-16T09:52:45.443521,Transaction 2921
TXN00002922,101-002,720.9,2025-09-16T09:52:45.443524,Transaction 2922
TXN00002923,101-003,844.35,2025-09-16T09:52:45.443527,Transaction 2923
TXN00002924,101-004,967.8,2025-09-16T09:52:45.443529,Transaction 2924
TXN00002925,101-005,1091.25,2025-09-16T09:52:45.443536,Transaction 2925
TXN00002926,101-006,1214.7,2025-09-16T09:52:45.443539,Transaction 2926
TXN00002927,101-007,1338.15,2025-09-16T09:52:45.443542,Transaction 2927
TXN00002928,101-008,1461.6,2025-09-16T09:52:45.443549,Transaction 2928
TXN00002929,101-009,1585.05,2025-09-16T09:52:45.443552,Transaction 2929
TXN00002930,101-000,1708.5,2025-09-16T09:52:45.443554,Transaction 2930
TXN00002931,101-001,1831.95,2025-09-16T09:52:45.443557,Transaction 2931
TXN00002932,101-002,1955.4,2025-09-16T09:52:45.443560,Transaction 2932
TXN00002933,101-003,2078.85,2025-09-16T09:52:45.443562,Transaction 2933
TXN00002934,101-004,2202.3,2025-09-16T09:52:45.443565,Transaction 2934
TXN00002935,101-005,2325.75,2025-09-16T09:52:45.443568,Transaction 2935
TXN00002936,101-006,2449.2,2025-09-16T09:52:45.443571,Transaction 2936
TXN00002937,101-007,2572.65,2025-09-16T09:52:45.443573,Transaction 2937
TXN00002938,101-008,2696.1,2025-09-16T09:52:45.443576,Transaction 2938
TXN00002939,101-009,2819.55,2025-09-16T09:52:45.443579,Transaction 2939
TXN00002940,101-000,2943.0,2025-09-16T09:52:45.443585,Transaction 2940
TXN00002941,101-001,3066.45,2025-09-16T09:52:45.443588,Transaction 2941
TXN00002942,101-002,3189.9,2025-09-16T09:52:45.443591,Transaction 2942
TXN00002943,101-003,3313.35,2025-09-16T09:52:45.443593,Transaction 2943
TXN00002944,101-004,3436.8,2025-09-16T09:52:45.443596,Transaction 2944
TXN00002945,101-005,3560.25,2025-09-16T09:52:45.443599,Transaction 2945
TXN00002946,101-006,3683.7,2025-09-16T09:52:45.443601,Transaction 2946
TXN00002947,101-007,3807.15,2025-09-16T09:52:45.443604,Transaction 2947
TXN00002948,101-008,3930.6,2025-09-16T09:52:45.443607,Transaction 2948
TXN00002949,101-009,4054.05,2025-09-16T09:52:45.443609,Transaction 2949
TXN00002950,101-000,4177.5,2025-09-16T09:52:45.443612,Transaction 2950
TXN00002951,101-001,4300.95,2025-09-16T09:52:45.443615,Transaction 2951
TXN00002952,101-002,4424.4,2025-09-16T09:52:45.443621,Transaction 2952
TXN00002953,101-003,4547.85,2025-09-16T09:52:45.443624,Transaction 2953
TXN00002954,101-004,4671.3,2025-09-16T09:52:45.443627,Transaction 2954
TXN00002955,101-005,4794.75,2025-09-16T09:52:45.443629,Transaction 2955
TXN00002956,101-006,4918.2,2025-09-16T09:52:45.443632,Transaction 2956
TXN00002957,101-007,5041.65,2025-09-16T09:52:45.443635,Transaction 2957
TXN00002958,101-008,5165.1,2025-09-16T09:52:45.443637,Transaction 2958
TXN00002959,101-009,5288.55,2025-09-16T09:52:45.443640,Transaction 2959
TXN00002960,101-000,5412.0,2025-09-16T09:52:45.443643,Transaction 2960
TXN00002961,101-001,5535.45,2025-09-16T09:52:45.443649,Transaction 2961
TXN00002962,101-002,5658.9,2025-09-16T09:52:45.443652,Transaction 2962
TXN00002963,101-003,5782.35,2025-09-16T09:52:45.443654,Transaction 2963
TXN00002964,101-004,5905.8,2025-09-16T09:52:45.443657,Transaction 2964
TXN00002965,101-005,6029.25,2025-09-16T09:52:45.443660,Transaction 2965
TXN00002966,101-006,6152.7,2025-09-16T09:52:45.443663,Transaction 2966
TXN00002967,101-007,6276.15,2025-09-16T09:52:45.443665,Transaction 2967
TXN00002968,101-008,6399.6,2025-09-16T09:52:45.443668,Transaction 2968
TXN00002969,101-009,6523.05,2025-09-16T09:52:45.443671,Transaction 2969
TXN00002970,101-000,6646.5,2025-09-16T09:52:45.443673,Transaction 2970
TXN00002971,101-001,6769.95,2025-09-16T09:52:45.443676,Transaction 2971
TXN00002972,101-002,6893.4,2025-09-16T09:52:45.443679,Transaction 2972
TXN00002973,101-003,7016.85,2025-09-16T09:52:45.443681,Transaction 2973
TXN00002974,101-004,7140.3,2025-09-16T09:52:45.443684,Transaction 2974
TXN00002975,101-005,7263.75,2025-09-16T09:52:45.443690,Transaction 2975
TXN00002976,101-006,7387.2,2025-09-16T09:52:45.443693,Transaction 2976
TXN00002977,101-007,7510.65,2025-09-16T09:52:45.443696,Transaction 2977
TXN00002978,101-008,7634.1,2025-09-16T09:52:45.443698,Transaction 2978
TXN00002979,101-009,7757.55,2025-09-16T09:52:45.443701,Transaction 2979
TXN00002980,101-000,7881.0,2025-09-16T09:52:45.443704,Transaction 2980
TXN00002981,101-001,8004.45,2025-09-16T09:52:45.443706,Transaction 2981
TXN00002982,101-002,8127.9,2025-09-16T09:52:45.443713,Transaction 2982
TXN00002983,101-003,8251.35,2025-09-16T09:52:45.443716,Transaction 2983
TXN00002984,101-004,8374.8,2025-09-16T09:52:45.443722,Transaction 2984
TXN00002985,101-005,8498.25,2025-09-16T09:52:45.443725,Transaction 2985
TXN00002986,101-006,8621.7,2025-09-16T09:52:45.443728,Transaction 2986
TXN00002987,101-007,8745.15,2025-09-16T09:52:45.443730,Transaction 2987
TXN00002988,101-008,8868.6,2025-09-16T09:52:45.443733,Transaction 2988
TXN00002989,101-009,8992.05,2025-09-16T09:52:45.443736,Transaction 2989
TXN00002990,101-000,9115.5,2025-09-16T09:52:45.443738,Transaction 2990
TXN00002991,101-001,9238.95,2025-09-16T09:52:45.443741,Transaction 2991
TXN00002992,101-002,9362.4,2025-09-16T09:52:45.443744,Transaction 2992
TXN00002993,101-003,9485.85,2025-09-16T09:52:45.443747,Transaction 2993
TXN00002994,101-004,9609.3,2025-09-16T09:52:45.443749,Transaction 2994
TXN00002995,101-005,9732.75,2025-09-16T09:52:45.443752,Transaction 2995
TXN00002996,101-006,9856.2,2025-09-16T09:52:45.443755,Transaction 2996
TXN00002997,101-007,9979.65,2025-09-16T09:52:45.443757,Transaction 2997
TXN00002998,101-008,103.1,2025-09-16T09:52:45.443760,Transaction 2998
TXN00002999,101-009,226.55,2025-09-16T09:52:45.443763,Transaction 2999
TXN00003000,101-000,350.0,2025-09-16T09:52:45.443766,Transaction 3000
TXN00003001,101-001,473.45,2025-09-16T09:52:45.443768,Transaction 3001
TXN00003002,101-002,596.9,2025-09-16T09:52:45.443771,Transaction 3002
TXN00003003,101-003,720.35,2025-09-16T09:52:45.443774,Transaction 3003
TXN00003004,101-004,843.8,2025-09-16T09:52:45.443781,Transaction 3004
TXN00003005,101-005,967.25,2025-09-16T09:52:45.443783,Transaction 3005
TXN00003006,101-006,1090.7,2025-09-16T09:52:45.443786,Transaction 3006
TXN00003007,101-007,1214.15,2025-09-16T09:52:45.443789,Transaction 3007
TXN00003008,101-008,1337.6,2025-09-16T09:52:45.443791,Transaction 3008
TXN00003009,101-009,1461.05,2025-09-16T09:52:45.443794,Transaction 3009
TXN00003010,101-000,1584.5,2025-09-16T09:52:45.443797,Transaction 3010
TXN00003011,101-001,1707.95,2025-09-16T09:52:45.443800,Transaction 3011
TXN00003012,101-002,1831.4,2025-09-16T09:52:45.443806,Transaction 3012
TXN00003013,101-003,1954.85,2025-09-16T09:52:45.443812,Transaction 3013
TXN00003014,101-004,2078.3,2025-09-16T09:52:45.443815,Transaction 3014
TXN00003015,101-005,2201.75,2025-09-16T09:52:45.443818,Transaction 3015
TXN00003016,101-006,2325.2,2025-09-16T09:52:45.443829,Transaction 3016
TXN00003017,101-007,2448.65,2025-09-16T09:52:45.443832,Transaction 3017
TXN00003018,101-008,2572.1,2025-09-16T09:52:45.443834,Transaction 3018
TXN00003019,101-009,2695.55,2025-09-16T09:52:45.443837,Transaction 3019
TXN00003020,101-000,2819.0,2025-09-16T09:52:45.443840,Transaction 3020
TXN00003021,101-001,2942.45,2025-09-16T09:52:45.443843,Transaction 3021
TXN00003022,101-002,3065.9,2025-09-16T09:52:45.443845,Transaction 3022
TXN00003023,101-003,3189.35,2025-09-16T09:52:45.443848,Transaction 3023
TXN00003024,101-004,3312.8,2025-09-16T09:52:45.443851,Transaction 3024
TXN00003025,101-005,3436.25,2025-09-16T09:52:45.443858,Transaction 3025
TXN00003026,101-006,3559.7,2025-09-16T09:52:45.443864,Transaction 3026
TXN00003027,101-007,3683.15,2025-09-16T09:52:45.443867,Transaction 3027
TXN00003028,101-008,3806.6,2025-09-16T09:52:45.443869,Transaction 3028
TXN00003029,101-009,3930.05,2025-09-16T09:52:45.443872,Transaction 3029
TXN00003030,101-000,4053.5,2025-09-16T09:52:45.443875,Transaction 3030
TXN00003031,101-001,4176.95,2025-09-16T09:52:45.443877,Transaction 3031
TXN00003032,101-002,4300.4,2025-09-16T09:52:45.443880,Transaction 3032
TXN00003033,101-003,4423.85,2025-09-16T09:52:45.443883,Transaction 3033
TXN00003034,101-004,4547.3,2025-09-16T09:52:45.443886,Transaction 3034
TXN00003035,101-005,4670.75,2025-09-16T09:52:45.443888,Transaction 3035
TXN00003036,101-006,4794.2,2025-09-16T09:52:45.443891,Transaction 3036
TXN00003037,101-007,4917.65,2025-09-16T09:52:45.443894,Transaction 3037
TXN00003038,101-008,5041.1,2025-09-16T09:52:45.443896,Transaction 3038
TXN00003039,101-009,5164.55,2025-09-16T09:52:45.443899,Transaction 3039
TXN00003040,101-000,5288.0,2025-09-16T09:52:45.443902,Transaction 3040
TXN00003041,101-001,5411.45,2025-09-16T09:52:45.443905,Transaction 3041
TXN00003042,101-002,5534.9,2025-09-16T09:52:45.443907,Transaction 3042
TXN00003043,101-003,5658.35,2025-09-16T09:52:45.443910,Transaction 3043
TXN00003044,101-004,5781.8,2025-09-16T09:52:45.443913,Transaction 3044
TXN00003045,101-005,5905.25,2025-09-16T09:52:45.443915,Transaction 3045
TXN00003046,101-006,6028.7,2025-09-16T09:52:45.443922,Transaction 3046
TXN00003047,101-007,6152.15,2025-09-16T09:52:45.443928,Transaction 3047
TXN00003048,101-008,6275.6,2025-09-16T09:52:45.443931,Transaction 3048
TXN00003049,101-009,6399.05,2025-09-16T09:52:45.443934,Transaction 3049
TXN00003050,101-000,6522.5,2025-09-16T09:52:45.443936,Transaction 3050
TXN00003051,101-001,6645.95,2025-09-16T09:52:45.443939,Transaction 3051
TXN00003052,101-002,6769.4,2025-09-16T09:52:45.443942,Transaction 3052
TXN00003053,101-003,6892.85,2025-09-16T09:52:45.443944,Transaction 3053
TXN00003054,101-004,7016.3,2025-09-16T09:52:45.443947,Transaction 3054
TXN00003055,101-005,7139.75,2025-09-16T09:52:45.443950,Transaction 3055
TXN00003056,101-006,7263.2,2025-09-16T09:52:45.443953,Transaction 3056
TXN00003057,101-007,7386.65,2025-09-16T09:52:45.443955,Transaction 3057
TXN00003058,101-008,7510.1,2025-09-16T09:52:45.443958,Transaction 3058
TXN00003059,101-009,7633.55,2025-09-16T09:52:45.443961,Transaction 3059
TXN00003060,101-000,7757.0,2025-09-16T09:52:45.443963,Transaction 3060
TXN00003061,101-001,7880.45,2025-09-16T09:52:45.443966,Transaction 3061
TXN00003062,101-002,8003.9,2025-09-16T09:52:45.443969,Transaction 3062
TXN00003063,101-003,8127.35,2025-09-16T09:52:45.443971,Transaction 3063
TXN00003064,101-004,8250.8,2025-09-16T09:52:45.443974,Transaction 3064
TXN00003065,101-005,8374.25,2025-09-16T09:52:45.443977,Transaction 3065
TXN00003066,101-006,8497.7,2025-09-16T09:52:45.443979,Transaction 3066
TXN00003067,101-007,8621.15,2025-09-16T09:52:45.443986,Transaction 3067
TXN00003068,101-008,8744.6,2025-09-16T09:52:45.443989,Transaction 3068
TXN00003069,101-009,8868.05,2025-09-16T09:52:45.443991,Transaction 3069
TXN00003070,101-000,8991.5,2025-09-16T09:52:45.443994,Transaction 3070
TXN00003071,101-001,9114.95,2025-09-16T09:52:45.443997,Transaction 3071
TXN00003072,101-002,9238.4,2025-09-16T09:52:45.444000,Transaction 3072
TXN00003073,101-003,9361.85,2025-09-16T09:52:45.444002,Transaction 3073
TXN00003074,101-004,9485.3,2025-09-16T09:52:45.444005,Transaction 3074
TXN00003075,101-005,9608.75,2025-09-16T09:52:45.444008,Transaction 3075
TXN00003076,101-006,9732.2,2025-09-16T09:52:45.444013,Transaction 3076
TXN00003077,101-007,9855.65,2025-09-16T09:52:45.444021,Transaction 3077
TXN00003078,101-008,9979.1,2025-09-16T09:52:45.444023,Transaction 3078
TXN00003079,101-009,102.55,2025-09-16T09:52:45.444030,Transaction 3079
TXN00003080,101-000,226.0,2025-09-16T09:52:45.444033,Transaction 3080
TXN00003081,101-001,349.45,2025-09-16T09:52:45.444035,Transaction 3081
TXN00003082,101-002,472.9,2025-09-16T09:52:45.444038,Transaction 3082
TXN00003083,101-003,596.35,2025-09-16T09:52:45.444040,Transaction 3083
TXN00003084,101-004,719.8,2025-09-16T09:52:45.444043,Transaction 3084
TXN00003085,101-005,843.25,2025-09-16T09:52:45.444046,Transaction 3085
TXN00003086,101-006,966.7,2025-09-16T09:52:45.444048,Transaction 3086
TXN00003087,101-007,1090.15,2025-09-16T09:52:45.444051,Transaction 3087
TXN00003088,101-008,1213.6,2025-09-16T09:52:45.444054,Transaction 3088
TXN00003089,101-009,1337.05,2025-09-16T09:52:45.444060,Transaction 3089
TXN00003090,101-000,1460.5,2025-09-16T09:52:45.444063,Transaction 3090
TXN00003091,101-001,1583.95,2025-09-16T09:52:45.444066,Transaction 3091
TXN00003092,101-002,1707.4,2025-09-16T09:52:45.444068,Transaction 3092
TXN00003093,101-003,1830.85,2025-09-16T09:52:45.444071,Transaction 3093
TXN00003094,101-004,1954.3,2025-09-16T09:52:45.444074,Transaction 3094
TXN00003095,101-005,2077.75,2025-09-16T09:52:45.444076,Transaction 3095
TXN00003096,101-006,2201.2,2025-09-16T09:52:45.444079,Transaction 3096
TXN00003097,101-007,2324.65,2025-09-16T09:52:45.444082,Transaction 3097
TXN00003098,101-008,2448.1,2025-09-16T09:52:45.444084,Transaction 3098
TXN00003099,101-009,2571.55,2025-09-16T09:52:45.444091,Transaction 3099
TXN00003100,101-000,2695.0,2025-09-16T09:52:45.444094,Transaction 3100
TXN00003101,101-001,2818.45,2025-09-16T09:52:45.444097,Transaction 3101
TXN00003102,101-002,2941.9,2025-09-16T09:52:45.444100,Transaction 3102
TXN00003103,101-003,3065.35,2025-09-16T09:52:45.444102,Transaction 3103
TXN00003104,101-004,3188.8,2025-09-16T09:52:45.444105,Transaction 3104
TXN00003105,101-005,3312.25,2025-09-16T09:52:45.444108,Transaction 3105
TXN00003106,101-006,3435.7,2025-09-16T09:52:45.444110,Transaction 3106
TXN00003107,101-007,3559.15,2025-09-16T09:52:45.444113,Transaction 3107
TXN00003108,101-008,3682.6,2025-09-16T09:52:45.444116,Transaction 3108
TXN00003109,101-009,3806.05,2025-09-16T09:52:45.444118,Transaction 3109
TXN00003110,101-000,3929.5,2025-09-16T09:52:45.444125,Transaction 3110
TXN00003111,101-001,4052.95,2025-09-16T09:52:45.444131,Transaction 3111
TXN00003112,101-002,4176.4,2025-09-16T09:52:45.444134,Transaction 3112
TXN00003113,101-003,4299.85,2025-09-16T09:52:45.444137,Transaction 3113
TXN00003114,101-004,4423.3,2025-09-16T09:52:45.444139,Transaction 3114
TXN00003115,101-005,4546.75,2025-09-16T09:52:45.444142,Transaction 3115
TXN00003116,101-006,4670.2,2025-09-16T09:52:45.444145,Transaction 3116
TXN00003117,101-007,4793.65,2025-09-16T09:52:45.444147,Transaction 3117
TXN00003118,101-008,4917.1,2025-09-16T09:52:45.444150,Transaction 3118
TXN00003119,101-009,5040.55,2025-09-16T09:52:45.444153,Transaction 3119
TXN00003120,101-000,5164.0,2025-09-16T09:52:45.444155,Transaction 3120
TXN00003121,101-001,5287.45,2025-09-16T09:52:45.444158,Transaction 3121
TXN00003122,101-002,5410.9,2025-09-16T09:52:45.444161,Transaction 3122
TXN00003123,101-003,5534.35,2025-09-16T09:52:45.444163,Transaction 3123
TXN00003124,101-004,5657.8,2025-09-16T09:52:45.444166,Transaction 3124
TXN00003125,101-005,5781.25,2025-09-16T09:52:45.444169,Transaction 3125
TXN00003126,101-006,5904.7,2025-09-16T09:52:45.444171,Transaction 3126
TXN00003127,101-007,6028.15,2025-09-16T09:52:45.444174,Transaction 3127
TXN00003128,101-008,6151.6,2025-09-16T09:52:45.444177,Transaction 3128
TXN00003129,101-009,6275.05,2025-09-16T09:52:45.444183,Transaction 3129
TXN00003130,101-000,6398.5,2025-09-16T09:52:45.444186,Transaction 3130
TXN00003131,101-001,6521.95,2025-09-16T09:52:45.444193,Transaction 3131
TXN00003132,101-002,6645.4,2025-09-16T09:52:45.444195,Transaction 3132
TXN00003133,101-003,6768.85,2025-09-16T09:52:45.444198,Transaction 3133
TXN00003134,101-004,6892.3,2025-09-16T09:52:45.444201,Transaction 3134
TXN00003135,101-005,7015.75,2025-09-16T09:52:45.444203,Transaction 3135
TXN00003136,101-006,7139.2,2025-09-16T09:52:45.444206,Transaction 3136
TXN00003137,101-007,7262.65,2025-09-16T09:52:45.444209,Transaction 3137
TXN00003138,101-008,7386.1,2025-09-16T09:52:45.444211,Transaction 3138
TXN00003139,101-009,7509.55,2025-09-16T09:52:45.444214,Transaction 3139
TXN00003140,101-000,7633.0,2025-09-16T09:52:45.444221,Transaction 3140
TXN00003141,101-001,7756.45,2025-09-16T09:52:45.444223,Transaction 3141
TXN00003142,101-002,7879.9,2025-09-16T09:52:45.444226,Transaction 3142
TXN00003143,101-003,8003.35,2025-09-16T09:52:45.444237,Transaction 3143
TXN00003144,101-004,8126.8,2025-09-16T09:52:45.444240,Transaction 3144
TXN00003145,101-005,8250.25,2025-09-16T09:52:45.444243,Transaction 3145
TXN00003146,101-006,8373.7,2025-09-16T09:52:45.444245,Transaction 3146
TXN00003147,101-007,8497.15,2025-09-16T09:52:45.444248,Transaction 3147
TXN00003148,101-008,8620.6,2025-09-16T09:52:45.444251,Transaction 3148
TXN00003149,101-009,8744.05,2025-09-16T09:52:45.444253,Transaction 3149
TXN00003150,101-000,8867.5,2025-09-16T09:52:45.444256,Transaction 3150
TXN00003151,101-001,8990.95,2025-09-16T09:52:45.444259,Transaction 3151
TXN00003152,101-002,9114.4,2025-09-16T09:52:45.444265,Transaction 3152
TXN00003153,101-003,9237.85,2025-09-16T09:52:45.444268,Transaction 3153
TXN00003154,101-004,9361.3,2025-09-16T09:52:45.444270,Transaction 3154
TXN00003155,101-005,9484.75,2025-09-16T09:52:45.444273,Transaction 3155
TXN00003156,101-006,9608.2,2025-09-16T09:52:45.444276,Transaction 3156
TXN00003157,101-007,9731.65,2025-09-16T09:52:45.444278,Transaction 3157
TXN00003158,101-008,9855.1,2025-09-16T09:52:45.444281,Transaction 3158
TXN00003159,101-009,9978.55,2025-09-16T09:52:45.444284,Transaction 3159
TXN00003160,101-000,102.0,2025-09-16T09:52:45.444286,Transaction 3160
TXN00003161,101-001,225.45,2025-09-16T09:52:45.444289,Transaction 3161
TXN00003162,101-002,348.9,2025-09-16T09:52:45.444292,Transaction 3162
TXN00003163,101-003,472.35,2025-09-16T09:52:45.444294,Transaction 3163
TXN00003164,101-004,595.8,2025-09-16T09:52:45.444297,Transaction 3164
TXN00003165,101-005,719.25,2025-09-16T09:52:45.444300,Transaction 3165
TXN00003166,101-006,842.7,2025-09-16T09:52:45.444302,Transaction 3166
TXN00003167,101-007,966.15,2025-09-16T09:52:45.444305,Transaction 3167
TXN00003168,101-008,1089.6,2025-09-16T09:52:45.444308,Transaction 3168
TXN00003169,101-009,1213.05,2025-09-16T09:52:45.444310,Transaction 3169
TXN00003170,101-000,1336.5,2025-09-16T09:52:45.444313,Transaction 3170
TXN00003171,101-001,1459.95,2025-09-16T09:52:45.444316,Transaction 3171
TXN00003172,101-002,1583.4,2025-09-16T09:52:45.444318,Transaction 3172
TXN00003173,101-003,1706.85,2025-09-16T09:52:45.444321,Transaction 3173
TXN00003174,101-004,1830.3,2025-09-16T09:52:45.444331,Transaction 3174
TXN00003175,101-005,1953.75,2025-09-16T09:52:45.444333,Transaction 3175
TXN00003176,101-006,2077.2,2025-09-16T09:52:45.444336,Transaction 3176
TXN00003177,101-007,2200.65,2025-09-16T09:52:45.444339,Transaction 3177
TXN00003178,101-008,2324.1,2025-09-16T09:52:45.444341,Transaction 3178
TXN00003179,101-009,2447.55,2025-09-16T09:52:45.444348,Transaction 3179
TXN00003180,101-000,2571.0,2025-09-16T09:52:45.444351,Transaction 3180
TXN00003181,101-001,2694.45,2025-09-16T09:52:45.444353,Transaction 3181
TXN00003182,101-002,2817.9,2025-09-16T09:52:45.444356,Transaction 3182
TXN00003183,101-003,2941.35,2025-09-16T09:52:45.444363,Transaction 3183
TXN00003184,101-004,3064.8,2025-09-16T09:52:45.444366,Transaction 3184
TXN00003185,101-005,3188.25,2025-09-16T09:52:45.444368,Transaction 3185
TXN00003186,101-006,3311.7,2025-09-16T09:52:45.444371,Transaction 3186
TXN00003187,101-007,3435.15,2025-09-16T09:52:45.444374,Transaction 3187
TXN00003188,101-008,3558.6,2025-09-16T09:52:45.444376,Transaction 3188
TXN00003189,101-009,3682.05,2025-09-16T09:52:45.444379,Transaction 3189
TXN00003190,101-000,3805.5,2025-09-16T09:52:45.444382,Transaction 3190
TXN00003191,101-001,3928.95,2025-09-16T09:52:45.444384,Transaction 3191
TXN00003192,101-002,4052.4,2025-09-16T09:52:45.444387,Transaction 3192
TXN00003193,101-003,4175.85,2025-09-16T09:52:45.444389,Transaction 3193
TXN00003194,101-004,4299.3,2025-09-16T09:52:45.444392,Transaction 3194
TXN00003195,101-005,4422.75,2025-09-16T09:52:45.444399,Transaction 3195
TXN00003196,101-006,4546.2,2025-09-16T09:52:45.444401,Transaction 3196
TXN00003197,101-007,4669.65,2025-09-16T09:52:45.444404,Transaction 3197
TXN00003198,101-008,4793.1,2025-09-16T09:52:45.444407,Transaction 3198
TXN00003199,101-009,4916.55,2025-09-16T09:52:45.444409,Transaction 3199
TXN00003200,101-000,5040.0,2025-09-16T09:52:45.444412,Transaction 3200
TXN00003201,101-001,5163.45,2025-09-16T09:52:45.444415,Transaction 3201
TXN00003202,101-002,5286.9,2025-09-16T09:52:45.444417,Transaction 3202
TXN00003203,101-003,5410.35,2025-09-16T09:52:45.444420,Transaction 3203
TXN00003204,101-004,5533.8,2025-09-16T09:52:45.444423,Transaction 3204
TXN00003205,101-005,5657.25,2025-09-16T09:52:45.444425,Transaction 3205
TXN00003206,101-006,5780.7,2025-09-16T09:52:45.444432,Transaction 3206
TXN00003207,101-007,5904.15,2025-09-16T09:52:45.444434,Transaction 3207
TXN00003208,101-008,6027.6,2025-09-16T09:52:45.444437,Transaction 3208
TXN00003209,101-009,6151.05,2025-09-16T09:52:45.444440,Transaction 3209
TXN00003210,101-000,6274.5,2025-09-16T09:52:45.444442,Transaction 3210
TXN00003211,101-001,6397.95,2025-09-16T09:52:45.444445,Transaction 3211
TXN00003212,101-002,6521.4,2025-09-16T09:52:45.444447,Transaction 3212
TXN00003213,101-003,6644.85,2025-09-16T09:52:45.444450,Transaction 3213
TXN00003214,101-004,6768.3,2025-09-16T09:52:45.444453,Transaction 3214
TXN00003215,101-005,6891.75,2025-09-16T09:52:45.444455,Transaction 3215
TXN00003216,101-006,7015.2,2025-09-16T09:52:45.444462,Transaction 3216
TXN00003217,101-007,7138.65,2025-09-16T09:52:45.444464,Transaction 3217
TXN00003218,101-008,7262.1,2025-09-16T09:52:45.444467,Transaction 3218
TXN00003219,101-009,7385.55,2025-09-16T09:52:45.444470,Transaction 3219
TXN00003220,101-000,7509.0,2025-09-16T09:52:45.444472,Transaction 3220
TXN00003221,101-001,7632.45,2025-09-16T09:52:45.444475,Transaction 3221
TXN00003222,101-002,7755.9,2025-09-16T09:52:45.444478,Transaction 3222
TXN00003223,101-003,7879.35,2025-09-16T09:52:45.444480,Transaction 3223
TXN00003224,101-004,8002.8,2025-09-16T09:52:45.444483,Transaction 3224
TXN00003225,101-005,8126.25,2025-09-16T09:52:45.444486,Transaction 3225
TXN00003226,101-006,8249.7,2025-09-16T09:52:45.444488,Transaction 3226
TXN00003227,101-007,8373.15,2025-09-16T09:52:45.444491,Transaction 3227
TXN00003228,101-008,8496.6,2025-09-16T09:52:45.444494,Transaction 3228
TXN00003229,101-009,8620.05,2025-09-16T09:52:45.444496,Transaction 3229
TXN00003230,101-000,8743.5,2025-09-16T09:52:45.444502,Transaction 3230
TXN00003231,101-001,8866.95,2025-09-16T09:52:45.444505,Transaction 3231
TXN00003232,101-002,8990.4,2025-09-16T09:52:45.444508,Transaction 3232
TXN00003233,101-003,9113.85,2025-09-16T09:52:45.444510,Transaction 3233
TXN00003234,101-004,9237.3,2025-09-16T09:52:45.444513,Transaction 3234
TXN00003235,101-005,9360.75,2025-09-16T09:52:45.444516,Transaction 3235
TXN00003236,101-006,9484.2,2025-09-16T09:52:45.444518,Transaction 3236
TXN00003237,101-007,9607.65,2025-09-16T09:52:45.444525,Transaction 3237
TXN00003238,101-008,9731.1,2025-09-16T09:52:45.444531,Transaction 3238
TXN00003239,101-009,9854.55,2025-09-16T09:52:45.444534,Transaction 3239
TXN00003240,101-000,9978.0,2025-09-16T09:52:45.444536,Transaction 3240
TXN00003241,101-001,101.45,2025-09-16T09:52:45.444539,Transaction 3241
TXN00003242,101-002,224.9,2025-09-16T09:52:45.444542,Transaction 3242
TXN00003243,101-003,348.35,2025-09-16T09:52:45.444544,Transaction 3243
TXN00003244,101-004,471.8,2025-09-16T09:52:45.444547,Transaction 3244
TXN00003245,101-005,595.25,2025-09-16T09:52:45.444550,Transaction 3245
TXN00003246,101-006,718.7,2025-09-16T09:52:45.444552,Transaction 3246
TXN00003247,101-007,842.15,2025-09-16T09:52:45.444555,Transaction 3247
TXN00003248,101-008,965.6,2025-09-16T09:52:45.444558,Transaction 3248
TXN00003249,101-009,1089.05,2025-09-16T09:52:45.444561,Transaction 3249
TXN00003250,101-000,1212.5,2025-09-16T09:52:45.444563,Transaction 3250
TXN00003251,101-001,1335.95,2025-09-16T09:52:45.444566,Transaction 3251
TXN00003252,101-002,1459.4,2025-09-16T09:52:45.444569,Transaction 3252
TXN00003253,101-003,1582.85,2025-09-16T09:52:45.444571,Transaction 3253
TXN00003254,101-004,1706.3,2025-09-16T09:52:45.444574,Transaction 3254
TXN00003255,101-005,1829.75,2025-09-16T09:52:45.444577,Transaction 3255
TXN00003256,101-006,1953.2,2025-09-16T09:52:45.444579,Transaction 3256
TXN00003257,101-007,2076.65,2025-09-16T09:52:45.444582,Transaction 3257
TXN00003258,101-008,2200.1,2025-09-16T09:52:45.444585,Transaction 3258
TXN00003259,101-009,2323.55,2025-09-16T09:52:45.444591,Transaction 3259
TXN00003260,101-000,2447.0,2025-09-16T09:52:45.444594,Transaction 3260
TXN00003261,101-001,2570.45,2025-09-16T09:52:45.444596,Transaction 3261
TXN00003262,101-002,2693.9,2025-09-16T09:52:45.444599,Transaction 3262
TXN00003263,101-003,2817.35,2025-09-16T09:52:45.444602,Transaction 3263
TXN00003264,101-004,2940.8,2025-09-16T09:52:45.444604,Transaction 3264
TXN00003265,101-005,3064.25,2025-09-16T09:52:45.444607,Transaction 3265
TXN00003266,101-006,3187.7,2025-09-16T09:52:45.444613,Transaction 3266
TXN00003267,101-007,3311.15,2025-09-16T09:52:45.444616,Transaction 3267
TXN00003268,101-008,3434.6,2025-09-16T09:52:45.444623,Transaction 3268
TXN00003269,101-009,3558.05,2025-09-16T09:52:45.444625,Transaction 3269
TXN00003270,101-000,3681.5,2025-09-16T09:52:45.444636,Transaction 3270
TXN00003271,101-001,3804.95,2025-09-16T09:52:45.444639,Transaction 3271
TXN00003272,101-002,3928.4,2025-09-16T09:52:45.444642,Transaction 3272
TXN00003273,101-003,4051.85,2025-09-16T09:52:45.444644,Transaction 3273
TXN00003274,101-004,4175.3,2025-09-16T09:52:45.444647,Transaction 3274
TXN00003275,101-005,4298.75,2025-09-16T09:52:45.444649,Transaction 3275
TXN00003276,101-006,4422.2,2025-09-16T09:52:45.444652,Transaction 3276
TXN00003277,101-007,4545.65,2025-09-16T09:52:45.444655,Transaction 3277
TXN00003278,101-008,4669.1,2025-09-16T09:52:45.444657,Transaction 3278
TXN00003279,101-009,4792.55,2025-09-16T09:52:45.444660,Transaction 3279
TXN00003280,101-000,4916.0,2025-09-16T09:52:45.444667,Transaction 3280
TXN00003281,101-001,5039.45,2025-09-16T09:52:45.444673,Transaction 3281
TXN00003282,101-002,5162.9,2025-09-16T09:52:45.444676,Transaction 3282
TXN00003283,101-003,5286.35,2025-09-16T09:52:45.444678,Transaction 3283
TXN00003284,101-004,5409.8,2025-09-16T09:52:45.444681,Transaction 3284
TXN00003285,101-005,5533.25,2025-09-16T09:52:45.444684,Transaction 3285
TXN00003286,101-006,5656.7,2025-09-16T09:52:45.444686,Transaction 3286
TXN00003287,101-007,5780.15,2025-09-16T09:52:45.444689,Transaction 3287
TXN00003288,101-008,5903.6,2025-09-16T09:52:45.444692,Transaction 3288
TXN00003289,101-009,6027.05,2025-09-16T09:52:45.444694,Transaction 3289
TXN00003290,101-000,6150.5,2025-09-16T09:52:45.444697,Transaction 3290
TXN00003291,101-001,6273.95,2025-09-16T09:52:45.444700,Transaction 3291
TXN00003292,101-002,6397.4,2025-09-16T09:52:45.444702,Transaction 3292
TXN00003293,101-003,6520.85,2025-09-16T09:52:45.444705,Transaction 3293
TXN00003294,101-004,6644.3,2025-09-16T09:52:45.444708,Transaction 3294
TXN00003295,101-005,6767.75,2025-09-16T09:52:45.444710,Transaction 3295
TXN00003296,101-006,6891.2,2025-09-16T09:52:45.444713,Transaction 3296
TXN00003297,101-007,7014.65,2025-09-16T09:52:45.444716,Transaction 3297
TXN00003298,101-008,7138.1,2025-09-16T09:52:45.444718,Transaction 3298
TXN00003299,101-009,7261.55,2025-09-16T09:52:45.444721,Transaction 3299
TXN00003300,101-000,7385.0,2025-09-16T09:52:45.444724,Transaction 3300
TXN00003301,101-001,7508.45,2025-09-16T09:52:45.444734,Transaction 3301
TXN00003302,101-002,7631.9,2025-09-16T09:52:45.444737,Transaction 3302
TXN00003303,101-003,7755.35,2025-09-16T09:52:45.444739,Transaction 3303
TXN00003304,101-004,7878.8,2025-09-16T09:52:45.444742,Transaction 3304
TXN00003305,101-005,8002.25,2025-09-16T09:52:45.444745,Transaction 3305
TXN00003306,101-006,8125.7,2025-09-16T09:52:45.444747,Transaction 3306
TXN00003307,101-007,8249.15,2025-09-16T09:52:45.444750,Transaction 3307
TXN00003308,101-008,8372.6,2025-09-16T09:52:45.444753,Transaction 3308
TXN00003309,101-009,8496.05,2025-09-16T09:52:45.444755,Transaction 3309
TXN00003310,101-000,8619.5,2025-09-16T09:52:45.444758,Transaction 3310
TXN00003311,101-001,8742.95,2025-09-16T09:52:45.444760,Transaction 3311
TXN00003312,101-002,8866.4,2025-09-16T09:52:45.444763,Transaction 3312
TXN00003313,101-003,8989.85,2025-09-16T09:52:45.444766,Transaction 3313
TXN00003314,101-004,9113.3,2025-09-16T09:52:45.444768,Transaction 3314
TXN00003315,101-005,9236.75,2025-09-16T09:52:45.444771,Transaction 3315
TXN00003316,101-006,9360.2,2025-09-16T09:52:45.444774,Transaction 3316
TXN00003317,101-007,9483.65,2025-09-16T09:52:45.444776,Transaction 3317
TXN00003318,101-008,9607.1,2025-09-16T09:52:45.444779,Transaction 3318
TXN00003319,101-009,9730.55,2025-09-16T09:52:45.444782,Transaction 3319
TXN00003320,101-000,9854.0,2025-09-16T09:52:45.444784,Transaction 3320
TXN00003321,101-001,9977.45,2025-09-16T09:52:45.444787,Transaction 3321
TXN00003322,101-002,100.9,2025-09-16T09:52:45.444794,Transaction 3322
TXN00003323,101-003,224.35,2025-09-16T09:52:45.444796,Transaction 3323
TXN00003324,101-004,347.8,2025-09-16T09:52:45.444799,Transaction 3324
TXN00003325,101-005,471.25,2025-09-16T09:52:45.444802,Transaction 3325
TXN00003326,101-006,594.7,2025-09-16T09:52:45.444804,Transaction 3326
TXN00003327,101-007,718.15,2025-09-16T09:52:45.444807,Transaction 3327
TXN00003328,101-008,841.6,2025-09-16T09:52:45.444809,Transaction 3328
TXN00003329,101-009,965.05,2025-09-16T09:52:45.444812,Transaction 3329
TXN00003330,101-000,1088.5,2025-09-16T09:52:45.444815,Transaction 3330
TXN00003331,101-001,1211.95,2025-09-16T09:52:45.444817,Transaction 3331
TXN00003332,101-002,1335.4,2025-09-16T09:52:45.444820,Transaction 3332
TXN00003333,101-003,1458.85,2025-09-16T09:52:45.444831,Transaction 3333
TXN00003334,101-004,1582.3,2025-09-16T09:52:45.444833,Transaction 3334
TXN00003335,101-005,1705.75,2025-09-16T09:52:45.444836,Transaction 3335
TXN00003336,101-006,1829.2,2025-09-16T09:52:45.444839,Transaction 3336
TXN00003337,101-007,1952.65,2025-09-16T09:52:45.444841,Transaction 3337
TXN00003338,101-008,2076.1,2025-09-16T09:52:45.444844,Transaction 3338
TXN00003339,101-009,2199.55,2025-09-16T09:52:45.444847,Transaction 3339
TXN00003340,101-000,2323.0,2025-09-16T09:52:45.444849,Transaction 3340
TXN00003341,101-001,2446.45,2025-09-16T09:52:45.444871,Transaction 3341
TXN00003342,101-002,2569.9,2025-09-16T09:52:45.444877,Transaction 3342
TXN00003343,101-003,2693.35,2025-09-16T09:52:45.444880,Transaction 3343
TXN00003344,101-004,2816.8,2025-09-16T09:52:45.444890,Transaction 3344
TXN00003345,101-005,2940.25,2025-09-16T09:52:45.444893,Transaction 3345
TXN00003346,101-006,3063.7,2025-09-16T09:52:45.444896,Transaction 3346
TXN00003347,101-007,3187.15,2025-09-16T09:52:45.444899,Transaction 3347
TXN00003348,101-008,3310.6,2025-09-16T09:52:45.444901,Transaction 3348
TXN00003349,101-009,3434.05,2025-09-16T09:52:45.444904,Transaction 3349
TXN00003350,101-000,3557.5,2025-09-16T09:52:45.444907,Transaction 3350
TXN00003351,101-001,3680.95,2025-09-16T09:52:45.444909,Transaction 3351
TXN00003352,101-002,3804.4,2025-09-16T09:52:45.444912,Transaction 3352
TXN00003353,101-003,3927.85,2025-09-16T09:52:45.444919,Transaction 3353
TXN00003354,101-004,4051.3,2025-09-16T09:52:45.444922,Transaction 3354
TXN00003355,101-005,4174.75,2025-09-16T09:52:45.444925,Transaction 3355
TXN00003356,101-006,4298.2,2025-09-16T09:52:45.444927,Transaction 3356
TXN00003357,101-007,4421.65,2025-09-16T09:52:45.444930,Transaction 3357
TXN00003358,101-008,4545.1,2025-09-16T09:52:45.444932,Transaction 3358
TXN00003359,101-009,4668.55,2025-09-16T09:52:45.444935,Transaction 3359
TXN00003360,101-000,4792.0,2025-09-16T09:52:45.444938,Transaction 3360
TXN00003361,101-001,4915.45,2025-09-16T09:52:45.444941,Transaction 3361
TXN00003362,101-002,5038.9,2025-09-16T09:52:45.444943,Transaction 3362
TXN00003363,101-003,5162.35,2025-09-16T09:52:45.444946,Transaction 3363
TXN00003364,101-004,5285.8,2025-09-16T09:52:45.444949,Transaction 3364
TXN00003365,101-005,5409.25,2025-09-16T09:52:45.444964,Transaction 3365
TXN00003366,101-006,5532.7,2025-09-16T09:52:45.444967,Transaction 3366
TXN00003367,101-007,5656.15,2025-09-16T09:52:45.444969,Transaction 3367
TXN00003368,101-008,5779.6,2025-09-16T09:52:45.444972,Transaction 3368
TXN00003369,101-009,5903.05,2025-09-16T09:52:45.444975,Transaction 3369
TXN00003370,101-000,6026.5,2025-09-16T09:52:45.444977,Transaction 3370
TXN00003371,101-001,6149.95,2025-09-16T09:52:45.444980,Transaction 3371
TXN00003372,101-002,6273.4,2025-09-16T09:52:45.444983,Transaction 3372
TXN00003373,101-003,6396.85,2025-09-16T09:52:45.444985,Transaction 3373
TXN00003374,101-004,6520.3,2025-09-16T09:52:45.444988,Transaction 3374
TXN00003375,101-005,6643.75,2025-09-16T09:52:45.444991,Transaction 3375
TXN00003376,101-006,6767.2,2025-09-16T09:52:45.444993,Transaction 3376
TXN00003377,101-007,6890.65,2025-09-16T09:52:45.444997,Transaction 3377
TXN00003378,101-008,7014.1,2025-09-16T09:52:45.445003,Transaction 3378
TXN00003379,101-009,7137.55,2025-09-16T09:52:45.445005,Transaction 3379
TXN00003380,101-000,7261.0,2025-09-16T09:52:45.445008,Transaction 3380
TXN00003381,101-001,7384.45,2025-09-16T09:52:45.445011,Transaction 3381
TXN00003382,101-002,7507.9,2025-09-16T09:52:45.445014,Transaction 3382
TXN00003383,101-003,7631.35,2025-09-16T09:52:45.445020,Transaction 3383
TXN00003384,101-004,7754.8,2025-09-16T09:52:45.445023,Transaction 3384
TXN00003385,101-005,7878.25,2025-09-16T09:52:45.445026,Transaction 3385
TXN00003386,101-006,8001.7,2025-09-16T09:52:45.445032,Transaction 3386
TXN00003387,101-007,8125.15,2025-09-16T09:52:45.445035,Transaction 3387
TXN00003388,101-008,8248.6,2025-09-16T09:52:45.445038,Transaction 3388
TXN00003389,101-009,8372.05,2025-09-16T09:52:45.445041,Transaction 3389
TXN00003390,101-000,8495.5,2025-09-16T09:52:45.445043,Transaction 3390
TXN00003391,101-001,8618.95,2025-09-16T09:52:45.445046,Transaction 3391
TXN00003392,101-002,8742.4,2025-09-16T09:52:45.445049,Transaction 3392
TXN00003393,101-003,8865.85,2025-09-16T09:52:45.445051,Transaction 3393
TXN00003394,101-004,8989.3,2025-09-16T09:52:45.445058,Transaction 3394
TXN00003395,101-005,9112.75,2025-09-16T09:52:45.445060,Transaction 3395
TXN00003396,101-006,9236.2,2025-09-16T09:52:45.445063,Transaction 3396
TXN00003397,101-007,9359.65,2025-09-16T09:52:45.445075,Transaction 3397
TXN00003398,101-008,9483.1,2025-09-16T09:52:45.445078,Transaction 3398
TXN00003399,101-009,9606.55,2025-09-16T09:52:45.445080,Transaction 3399
TXN00003400,101-000,9730.0,2025-09-16T09:52:45.445083,Transaction 3400
TXN00003401,101-001,9853.45,2025-09-16T09:52:45.445086,Transaction 3401
TXN00003402,101-002,9976.9,2025-09-16T09:52:45.445089,Transaction 3402
TXN00003403,101-003,100.35,2025-09-16T09:52:45.445092,Transaction 3403
TXN00003404,101-004,223.8,2025-09-16T09:52:45.445094,Transaction 3404
TXN00003405,101-005,347.25,2025-09-16T09:52:45.445097,Transaction 3405
TXN00003406,101-006,470.7,2025-09-16T09:52:45.445100,Transaction 3406
TXN00003407,101-007,594.15,2025-09-16T09:52:45.445106,Transaction 3407
TXN00003408,101-008,717.6,2025-09-16T09:52:45.445109,Transaction 3408
TXN00003409,101-009,841.05,2025-09-16T09:52:45.445112,Transaction 3409
TXN00003410,101-000,964.5,2025-09-16T09:52:45.445115,Transaction 3410
TXN00003411,101-001,1087.95,2025-09-16T09:52:45.445117,Transaction 3411
TXN00003412,101-002,1211.4,2025-09-16T09:52:45.445120,Transaction 3412
TXN00003413,101-003,1334.85,2025-09-16T09:52:45.445123,Transaction 3413
TXN00003414,101-004,1458.3,2025-09-16T09:52:45.445125,Transaction 3414
TXN00003415,101-005,1581.75,2025-09-16T09:52:45.445128,Transaction 3415
TXN00003416,101-006,1705.2,2025-09-16T09:52:45.445131,Transaction 3416
TXN00003417,101-007,1828.65,2025-09-16T09:52:45.445144,Transaction 3417
TXN00003418,101-008,1952.1,2025-09-16T09:52:45.445149,Transaction 3418
TXN00003419,101-009,2075.55,2025-09-16T09:52:45.445154,Transaction 3419
TXN00003420,101-000,2199.0,2025-09-16T09:52:45.445159,Transaction 3420
TXN00003421,101-001,2322.45,2025-09-16T09:52:45.445201,Transaction 3421
TXN00003422,101-002,2445.9,2025-09-16T09:52:45.445208,Transaction 3422
TXN00003423,101-003,2569.35,2025-09-16T09:52:45.445213,Transaction 3423
TXN00003424,101-004,2692.8,2025-09-16T09:52:45.445221,Transaction 3424
TXN00003425,101-005,2816.25,2025-09-16T09:52:45.445234,Transaction 3425
TXN00003426,101-006,2939.7,2025-09-16T09:52:45.445239,Transaction 3426
TXN00003427,101-007,3063.15,2025-09-16T09:52:45.445242,Transaction 3427
TXN00003428,101-008,3186.6,2025-09-16T09:52:45.445253,Transaction 3428
TXN00003429,101-009,3310.05,2025-09-16T09:52:45.445289,Transaction 3429
TXN00003430,101-000,3433.5,2025-09-16T09:52:45.445296,Transaction 3430
TXN00003431,101-001,3556.95,2025-09-16T09:52:45.445299,Transaction 3431
TXN00003432,101-002,3680.4,2025-09-16T09:52:45.445302,Transaction 3432
TXN00003433,101-003,3803.85,2025-09-16T09:52:45.445305,Transaction 3433
TXN00003434,101-004,3927.3,2025-09-16T09:52:45.445312,Transaction 3434
TXN00003435,101-005,4050.75,2025-09-16T09:52:45.445315,Transaction 3435
TXN00003436,101-006,4174.2,2025-09-16T09:52:45.445318,Transaction 3436
TXN00003437,101-007,4297.65,2025-09-16T09:52:45.445320,Transaction 3437
TXN00003438,101-008,4421.1,2025-09-16T09:52:45.445323,Transaction 3438
TXN00003439,101-009,4544.55,2025-09-16T09:52:45.445331,Transaction 3439
TXN00003440,101-000,4668.0,2025-09-16T09:52:45.445335,Transaction 3440
TXN00003441,101-001,4791.45,2025-09-16T09:52:45.445338,Transaction 3441
TXN00003442,101-002,4914.9,2025-09-16T09:52:45.445340,Transaction 3442
TXN00003443,101-003,5038.35,2025-09-16T09:52:45.445343,Transaction 3443
TXN00003444,101-004,5161.8,2025-09-16T09:52:45.445346,Transaction 3444
TXN00003445,101-005,5285.25,2025-09-16T09:52:45.445348,Transaction 3445
TXN00003446,101-006,5408.7,2025-09-16T09:52:45.445351,Transaction 3446
TXN00003447,101-007,5532.15,2025-09-16T09:52:45.445354,Transaction 3447
TXN00003448,101-008,5655.6,2025-09-16T09:52:45.445357,Transaction 3448
TXN00003449,101-009,5779.05,2025-09-16T09:52:45.445359,Transaction 3449
TXN00003450,101-000,5902.5,2025-09-16T09:52:45.445366,Transaction 3450
TXN00003451,101-001,6025.95,2025-09-16T09:52:45.445369,Transaction 3451
TXN00003452,101-002,6149.4,2025-09-16T09:52:45.445372,Transaction 3452
TXN00003453,101-003,6272.85,2025-09-16T09:52:45.445374,Transaction 3453
TXN00003454,101-004,6396.3,2025-09-16T09:52:45.445377,Transaction 3454
TXN00003455,101-005,6519.75,2025-09-16T09:52:45.445380,Transaction 3455
TXN00003456,101-006,6643.2,2025-09-16T09:52:45.445383,Transaction 3456
TXN00003457,101-007,6766.65,2025-09-16T09:52:45.445385,Transaction 3457
TXN00003458,101-008,6890.1,2025-09-16T09:52:45.445388,Transaction 3458
TXN00003459,101-009,7013.55,2025-09-16T09:52:45.445391,Transaction 3459
TXN00003460,101-000,7137.0,2025-09-16T09:52:45.445397,Transaction 3460
TXN00003461,101-001,7260.45,2025-09-16T09:52:45.445400,Transaction 3461
TXN00003462,101-002,7383.9,2025-09-16T09:52:45.445403,Transaction 3462
TXN00003463,101-003,7507.35,2025-09-16T09:52:45.445405,Transaction 3463
TXN00003464,101-004,7630.8,2025-09-16T09:52:45.445408,Transaction 3464
TXN00003465,101-005,7754.25,2025-09-16T09:52:45.445411,Transaction 3465
TXN00003466,101-006,7877.7,2025-09-16T09:52:45.445414,Transaction 3466
TXN00003467,101-007,8001.15,2025-09-16T09:52:45.445416,Transaction 3467
TXN00003468,101-008,8124.6,2025-09-16T09:52:45.445419,Transaction 3468
TXN00003469,101-009,8248.05,2025-09-16T09:52:45.445422,Transaction 3469
TXN00003470,101-000,8371.5,2025-09-16T09:52:45.445425,Transaction 3470
TXN00003471,101-001,8494.95,2025-09-16T09:52:45.445431,Transaction 3471
TXN00003472,101-002,8618.4,2025-09-16T09:52:45.445434,Transaction 3472
TXN00003473,101-003,8741.85,2025-09-16T09:52:45.445437,Transaction 3473
TXN00003474,101-004,8865.3,2025-09-16T09:52:45.445440,Transaction 3474
TXN00003475,101-005,8988.75,2025-09-16T09:52:45.445442,Transaction 3475
TXN00003476,101-006,9112.2,2025-09-16T09:52:45.445445,Transaction 3476
TXN00003477,101-007,9235.65,2025-09-16T09:52:45.445448,Transaction 3477
TXN00003478,101-008,9359.1,2025-09-16T09:52:45.445451,Transaction 3478
TXN00003479,101-009,9482.55,2025-09-16T09:52:45.445453,Transaction 3479
TXN00003480,101-000,9606.0,2025-09-16T09:52:45.445456,Transaction 3480
TXN00003481,101-001,9729.45,2025-09-16T09:52:45.445459,Transaction 3481
TXN00003482,101-002,9852.9,2025-09-16T09:52:45.445461,Transaction 3482
TXN00003483,101-003,9976.35,2025-09-16T09:52:45.445464,Transaction 3483
TXN00003484,101-004,99.8,2025-09-16T09:52:45.445467,Transaction 3484
TXN00003485,101-005,223.25,2025-09-16T09:52:45.445474,Transaction 3485
TXN00003486,101-006,346.7,2025-09-16T09:52:45.445477,Transaction 3486
TXN00003487,101-007,470.15,2025-09-16T09:52:45.445479,Transaction 3487
TXN00003488,101-008,593.6,2025-09-16T09:52:45.445482,Transaction 3488
TXN00003489,101-009,717.05,2025-09-16T09:52:45.445485,Transaction 3489
TXN00003490,101-000,840.5,2025-09-16T09:52:45.445488,Transaction 3490
TXN00003491,101-001,963.95,2025-09-16T09:52:45.445490,Transaction 3491
TXN00003492,101-002,1087.4,2025-09-16T09:52:45.445500,Transaction 3492
TXN00003493,101-003,1210.85,2025-09-16T09:52:45.445503,Transaction 3493
TXN00003494,101-004,1334.3,2025-09-16T09:52:45.445506,Transaction 3494
TXN00003495,101-005,1457.75,2025-09-16T09:52:45.445509,Transaction 3495
TXN00003496,101-006,1581.2,2025-09-16T09:52:45.445511,Transaction 3496
TXN00003497,101-007,1704.65,2025-09-16T09:52:45.445514,Transaction 3497
TXN00003498,101-008,1828.1,2025-09-16T09:52:45.445517,Transaction 3498
TXN00003499,101-009,1951.55,2025-09-16T09:52:45.445519,Transaction 3499
TXN00003500,101-000,2075.0,2025-09-16T09:52:45.445522,Transaction 3500
TXN00003501,101-001,2198.45,2025-09-16T09:52:45.445525,Transaction 3501
TXN00003502,101-002,2321.9,2025-09-16T09:52:45.445528,Transaction 3502
TXN00003503,101-003,2445.35,2025-09-16T09:52:45.445530,Transaction 3503
TXN00003504,101-004,2568.8,2025-09-16T09:52:45.445533,Transaction 3504
TXN00003505,101-005,2692.25,2025-09-16T09:52:45.445536,Transaction 3505
TXN00003506,101-006,2815.7,2025-09-16T09:52:45.445539,Transaction 3506
TXN00003507,101-007,2939.15,2025-09-16T09:52:45.445541,Transaction 3507
TXN00003508,101-008,3062.6,2025-09-16T09:52:45.445544,Transaction 3508
TXN00003509,101-009,3186.05,2025-09-16T09:52:45.445547,Transaction 3509
TXN00003510,101-000,3309.5,2025-09-16T09:52:45.445550,Transaction 3510
TXN00003511,101-001,3432.95,2025-09-16T09:52:45.445552,Transaction 3511
TXN00003512,101-002,3556.4,2025-09-16T09:52:45.445555,Transaction 3512
TXN00003513,101-003,3679.85,2025-09-16T09:52:45.445558,Transaction 3513
TXN00003514,101-004,3803.3,2025-09-16T09:52:45.445565,Transaction 3514
TXN00003515,101-005,3926.75,2025-09-16T09:52:45.445568,Transaction 3515
TXN00003516,101-006,4050.2,2025-09-16T09:52:45.445571,Transaction 3516
TXN00003517,101-007,4173.65,2025-09-16T09:52:45.445573,Transaction 3517
TXN00003518,101-008,4297.1,2025-09-16T09:52:45.445576,Transaction 3518
TXN00003519,101-009,4420.55,2025-09-16T09:52:45.445579,Transaction 3519
TXN00003520,101-000,4544.0,2025-09-16T09:52:45.445581,Transaction 3520
TXN00003521,101-001,4667.45,2025-09-16T09:52:45.445584,Transaction 3521
TXN00003522,101-002,4790.9,2025-09-16T09:52:45.445591,Transaction 3522
TXN00003523,101-003,4914.35,2025-09-16T09:52:45.445597,Transaction 3523
TXN00003524,101-004,5037.8,2025-09-16T09:52:45.445609,Transaction 3524
TXN00003525,101-005,5161.25,2025-09-16T09:52:45.445612,Transaction 3525
TXN00003526,101-006,5284.7,2025-09-16T09:52:45.445614,Transaction 3526
TXN00003527,101-007,5408.15,2025-09-16T09:52:45.445617,Transaction 3527
TXN00003528,101-008,5531.6,2025-09-16T09:52:45.445620,Transaction 3528
TXN00003529,101-009,5655.05,2025-09-16T09:52:45.445623,Transaction 3529
TXN00003530,101-000,5778.5,2025-09-16T09:52:45.445625,Transaction 3530
TXN00003531,101-001,5901.95,2025-09-16T09:52:45.445628,Transaction 3531
TXN00003532,101-002,6025.4,2025-09-16T09:52:45.445631,Transaction 3532
TXN00003533,101-003,6148.85,2025-09-16T09:52:45.445633,Transaction 3533
TXN00003534,101-004,6272.3,2025-09-16T09:52:45.445636,Transaction 3534
TXN00003535,101-005,6395.75,2025-09-16T09:52:45.445643,Transaction 3535
TXN00003536,101-006,6519.2,2025-09-16T09:52:45.445646,Transaction 3536
TXN00003537,101-007,6642.65,2025-09-16T09:52:45.445653,Transaction 3537
TXN00003538,101-008,6766.1,2025-09-16T09:52:45.445656,Transaction 3538
TXN00003539,101-009,6889.55,2025-09-16T09:52:45.445658,Transaction 3539
TXN00003540,101-000,7013.0,2025-09-16T09:52:45.445661,Transaction 3540
TXN00003541,101-001,7136.45,2025-09-16T09:52:45.445664,Transaction 3541
TXN00003542,101-002,7259.9,2025-09-16T09:52:45.445667,Transaction 3542
TXN00003543,101-003,7383.35,2025-09-16T09:52:45.445669,Transaction 3543
TXN00003544,101-004,7506.8,2025-09-16T09:52:45.445672,Transaction 3544
TXN00003545,101-005,7630.25,2025-09-16T09:52:45.445675,Transaction 3545
TXN00003546,101-006,7753.7,2025-09-16T09:52:45.445678,Transaction 3546
TXN00003547,101-007,7877.15,2025-09-16T09:52:45.445680,Transaction 3547
TXN00003548,101-008,8000.6,2025-09-16T09:52:45.445683,Transaction 3548
TXN00003549,101-009,8124.05,2025-09-16T09:52:45.445686,Transaction 3549
TXN00003550,101-000,8247.5,2025-09-16T09:52:45.445688,Transaction 3550
TXN00003551,101-001,8370.95,2025-09-16T09:52:45.445693,Transaction 3551
TXN00003552,101-002,8494.4,2025-09-16T09:52:45.445696,Transaction 3552
TXN00003553,101-003,8617.85,2025-09-16T09:52:45.445698,Transaction 3553
TXN00003554,101-004,8741.3,2025-09-16T09:52:45.445701,Transaction 3554
TXN00003555,101-005,8864.75,2025-09-16T09:52:45.445708,Transaction 3555
TXN00003556,101-006,8988.2,2025-09-16T09:52:45.445714,Transaction 3556
TXN00003557,101-007,9111.65,2025-09-16T09:52:45.445717,Transaction 3557
TXN00003558,101-008,9235.1,2025-09-16T09:52:45.445720,Transaction 3558
TXN00003559,101-009,9358.55,2025-09-16T09:52:45.445722,Transaction 3559
TXN00003560,101-000,9482.0,2025-09-16T09:52:45.445725,Transaction 3560
TXN00003561,101-001,9605.45,2025-09-16T09:52:45.445728,Transaction 3561
TXN00003562,101-002,9728.9,2025-09-16T09:52:45.445731,Transaction 3562
TXN00003563,101-003,9852.35,2025-09-16T09:52:45.445733,Transaction 3563
TXN00003564,101-004,9975.8,2025-09-16T09:52:45.445736,Transaction 3564
TXN00003565,101-005,99.25,2025-09-16T09:52:45.445739,Transaction 3565
TXN00003566,101-006,222.7,2025-09-16T09:52:45.445742,Transaction 3566
TXN00003567,101-007,346.15,2025-09-16T09:52:45.445744,Transaction 3567
TXN00003568,101-008,469.6,2025-09-16T09:52:45.445747,Transaction 3568
TXN00003569,101-009,593.05,2025-09-16T09:52:45.445750,Transaction 3569
TXN00003570,101-000,716.5,2025-09-16T09:52:45.445752,Transaction 3570
TXN00003571,101-001,839.95,2025-09-16T09:52:45.445755,Transaction 3571
TXN00003572,101-002,963.4,2025-09-16T09:52:45.445758,Transaction 3572
TXN00003573,101-003,1086.85,2025-09-16T09:52:45.445761,Transaction 3573
TXN00003574,101-004,1210.3,2025-09-16T09:52:45.445763,Transaction 3574
TXN00003575,101-005,1333.75,2025-09-16T09:52:45.445766,Transaction 3575
TXN00003576,101-006,1457.2,2025-09-16T09:52:45.445769,Transaction 3576
TXN00003577,101-007,1580.65,2025-09-16T09:52:45.445775,Transaction 3577
TXN00003578,101-008,1704.1,2025-09-16T09:52:45.445778,Transaction 3578
TXN00003579,101-009,1827.55,2025-09-16T09:52:45.445781,Transaction 3579
TXN00003580,101-000,1951.0,2025-09-16T09:52:45.445784,Transaction 3580
TXN00003581,101-001,2074.45,2025-09-16T09:52:45.445786,Transaction 3581
TXN00003582,101-002,2197.9,2025-09-16T09:52:45.445789,Transaction 3582
TXN00003583,101-003,2321.35,2025-09-16T09:52:45.445792,Transaction 3583
TXN00003584,101-004,2444.8,2025-09-16T09:52:45.445794,Transaction 3584
TXN00003585,101-005,2568.25,2025-09-16T09:52:45.445797,Transaction 3585
TXN00003586,101-006,2691.7,2025-09-16T09:52:45.445800,Transaction 3586
TXN00003587,101-007,2815.15,2025-09-16T09:52:45.445810,Transaction 3587
TXN00003588,101-008,2938.6,2025-09-16T09:52:45.445813,Transaction 3588
TXN00003589,101-009,3062.05,2025-09-16T09:52:45.445815,Transaction 3589
TXN00003590,101-000,3185.5,2025-09-16T09:52:45.445818,Transaction 3590
TXN00003591,101-001,3308.95,2025-09-16T09:52:45.445821,Transaction 3591
TXN00003592,101-002,3432.4,2025-09-16T09:52:45.445824,Transaction 3592
TXN00003593,101-003,3555.85,2025-09-16T09:52:45.445826,Transaction 3593
TXN00003594,101-004,3679.3,2025-09-16T09:52:45.445829,Transaction 3594
TXN00003595,101-005,3802.75,2025-09-16T09:52:45.445832,Transaction 3595
TXN00003596,101-006,3926.2,2025-09-16T09:52:45.445834,Transaction 3596
TXN00003597,101-007,4049.65,2025-09-16T09:52:45.445837,Transaction 3597
TXN00003598,101-008,4173.1,2025-09-16T09:52:45.445840,Transaction 3598
TXN00003599,101-009,4296.55,2025-09-16T09:52:45.445846,Transaction 3599
TXN00003600,101-000,4420.0,2025-09-16T09:52:45.445849,Transaction 3600
TXN00003601,101-001,4543.45,2025-09-16T09:52:45.445852,Transaction 3601
TXN00003602,101-002,4666.9,2025-09-16T09:52:45.445855,Transaction 3602
TXN00003603,101-003,4790.35,2025-09-16T09:52:45.445857,Transaction 3603
TXN00003604,101-004,4913.8,2025-09-16T09:52:45.445860,Transaction 3604
TXN00003605,101-005,5037.25,2025-09-16T09:52:45.445863,Transaction 3605
TXN00003606,101-006,5160.7,2025-09-16T09:52:45.445865,Transaction 3606
TXN00003607,101-007,5284.15,2025-09-16T09:52:45.445868,Transaction 3607
TXN00003608,101-008,5407.6,2025-09-16T09:52:45.445875,Transaction 3608
TXN00003609,101-009,5531.05,2025-09-16T09:52:45.445878,Transaction 3609
TXN00003610,101-000,5654.5,2025-09-16T09:52:45.445880,Transaction 3610
TXN00003611,101-001,5777.95,2025-09-16T09:52:45.445883,Transaction 3611
TXN00003612,101-002,5901.4,2025-09-16T09:52:45.445886,Transaction 3612
TXN00003613,101-003,6024.85,2025-09-16T09:52:45.445888,Transaction 3613
TXN00003614,101-004,6148.3,2025-09-16T09:52:45.445891,Transaction 3614
TXN00003615,101-005,6271.75,2025-09-16T09:52:45.445894,Transaction 3615
TXN00003616,101-006,6395.2,2025-09-16T09:52:45.445897,Transaction 3616
TXN00003617,101-007,6518.65,2025-09-16T09:52:45.445899,Transaction 3617
TXN00003618,101-008,6642.1,2025-09-16T09:52:45.445902,Transaction 3618
TXN00003619,101-009,6765.55,2025-09-16T09:52:45.445908,Transaction 3619
TXN00003620,101-000,6889.0,2025-09-16T09:52:45.445915,Transaction 3620
TXN00003621,101-001,7012.45,2025-09-16T09:52:45.445918,Transaction 3621
TXN00003622,101-002,7135.9,2025-09-16T09:52:45.445920,Transaction 3622
TXN00003623,101-003,7259.35,2025-09-16T09:52:45.445923,Transaction 3623
TXN00003624,101-004,7382.8,2025-09-16T09:52:45.445926,Transaction 3624
TXN00003625,101-005,7506.25,2025-09-16T09:52:45.445928,Transaction 3625
TXN00003626,101-006,7629.7,2025-09-16T09:52:45.445931,Transaction 3626
TXN00003627,101-007,7753.15,2025-09-16T09:52:45.445934,Transaction 3627
TXN00003628,101-008,7876.6,2025-09-16T09:52:45.445936,Transaction 3628
TXN00003629,101-009,8000.05,2025-09-16T09:52:45.445939,Transaction 3629
TXN00003630,101-000,8123.5,2025-09-16T09:52:45.445942,Transaction 3630
TXN00003631,101-001,8246.95,2025-09-16T09:52:45.445945,Transaction 3631
TXN00003632,101-002,8370.4,2025-09-16T09:52:45.445947,Transaction 3632
TXN00003633,101-003,8493.85,2025-09-16T09:52:45.445950,Transaction 3633
TXN00003634,101-004,8617.3,2025-09-16T09:52:45.445953,Transaction 3634
TXN00003635,101-005,8740.75,2025-09-16T09:52:45.445955,Transaction 3635
TXN00003636,101-006,8864.2,2025-09-16T09:52:45.445958,Transaction 3636
TXN00003637,101-007,8987.65,2025-09-16T09:52:45.445961,Transaction 3637
TXN00003638,101-008,9111.1,2025-09-16T09:52:45.445967,Transaction 3638
TXN00003639,101-009,9234.55,2025-09-16T09:52:45.445970,Transaction 3639
TXN00003640,101-000,9358.0,2025-09-16T09:52:45.445973,Transaction 3640
TXN00003641,101-001,9481.45,2025-09-16T09:52:45.445980,Transaction 3641
TXN00003642,101-002,9604.9,2025-09-16T09:52:45.445982,Transaction 3642
TXN00003643,101-003,9728.35,2025-09-16T09:52:45.445985,Transaction 3643
TXN00003644,101-004,9851.8,2025-09-16T09:52:45.445988,Transaction 3644
TXN00003645,101-005,9975.25,2025-09-16T09:52:45.445991,Transaction 3645
TXN00003646,101-006,98.7,2025-09-16T09:52:45.445994,Transaction 3646
TXN00003647,101-007,222.15,2025-09-16T09:52:45.446000,Transaction 3647
TXN00003648,101-008,345.6,2025-09-16T09:52:45.446003,Transaction 3648
TXN00003649,101-009,469.05,2025-09-16T09:52:45.446006,Transaction 3649
TXN00003650,101-000,592.5,2025-09-16T09:52:45.446012,Transaction 3650
TXN00003651,101-001,715.95,2025-09-16T09:52:45.446024,Transaction 3651
TXN00003652,101-002,839.4,2025-09-16T09:52:45.446027,Transaction 3652
TXN00003653,101-003,962.85,2025-09-16T09:52:45.446030,Transaction 3653
TXN00003654,101-004,1086.3,2025-09-16T09:52:45.446033,Transaction 3654
TXN00003655,101-005,1209.75,2025-09-16T09:52:45.446036,Transaction 3655
TXN00003656,101-006,1333.2,2025-09-16T09:52:45.446038,Transaction 3656
TXN00003657,101-007,1456.65,2025-09-16T09:52:45.446041,Transaction 3657
TXN00003658,101-008,1580.1,2025-09-16T09:52:45.446044,Transaction 3658
TXN00003659,101-009,1703.55,2025-09-16T09:52:45.446047,Transaction 3659
TXN00003660,101-000,1827.0,2025-09-16T09:52:45.446049,Transaction 3660
TXN00003661,101-001,1950.45,2025-09-16T09:52:45.446053,Transaction 3661
TXN00003662,101-002,2073.9,2025-09-16T09:52:45.446059,Transaction 3662
TXN00003663,101-003,2197.35,2025-09-16T09:52:45.446062,Transaction 3663
TXN00003664,101-004,2320.8,2025-09-16T09:52:45.446065,Transaction 3664
TXN00003665,101-005,2444.25,2025-09-16T09:52:45.446068,Transaction 3665
TXN00003666,101-006,2567.7,2025-09-16T09:52:45.446071,Transaction 3666
TXN00003667,101-007,2691.15,2025-09-16T09:52:45.446073,Transaction 3667
TXN00003668,101-008,2814.6,2025-09-16T09:52:45.446076,Transaction 3668
TXN00003669,101-009,2938.05,2025-09-16T09:52:45.446079,Transaction 3669
TXN00003670,101-000,3061.5,2025-09-16T09:52:45.446081,Transaction 3670
TXN00003671,101-001,3184.95,2025-09-16T09:52:45.446084,Transaction 3671
TXN00003672,101-002,3308.4,2025-09-16T09:52:45.446087,Transaction 3672
TXN00003673,101-003,3431.85,2025-09-16T09:52:45.446090,Transaction 3673
TXN00003674,101-004,3555.3,2025-09-16T09:52:45.446093,Transaction 3674
TXN00003675,101-005,3678.75,2025-09-16T09:52:45.446095,Transaction 3675
TXN00003676,101-006,3802.2,2025-09-16T09:52:45.446098,Transaction 3676
TXN00003677,101-007,3925.65,2025-09-16T09:52:45.446101,Transaction 3677
TXN00003678,101-008,4049.1,2025-09-16T09:52:45.446103,Transaction 3678
TXN00003679,101-009,4172.55,2025-09-16T09:52:45.446106,Transaction 3679
TXN00003680,101-000,4296.0,2025-09-16T09:52:45.446109,Transaction 3680
TXN00003681,101-001,4419.45,2025-09-16T09:52:45.446112,Transaction 3681
TXN00003682,101-002,4542.9,2025-09-16T09:52:45.446119,Transaction 3682
TXN00003683,101-003,4666.35,2025-09-16T09:52:45.446122,Transaction 3683
TXN00003684,101-004,4789.8,2025-09-16T09:52:45.446128,Transaction 3684
TXN00003685,101-005,4913.25,2025-09-16T09:52:45.446131,Transaction 3685
TXN00003686,101-006,5036.7,2025-09-16T09:52:45.446134,Transaction 3686
TXN00003687,101-007,5160.15,2025-09-16T09:52:45.446137,Transaction 3687
TXN00003688,101-008,5283.6,2025-09-16T09:52:45.446139,Transaction 3688
TXN00003689,101-009,5407.05,2025-09-16T09:52:45.446146,Transaction 3689
TXN00003690,101-000,5530.5,2025-09-16T09:52:45.446149,Transaction 3690
TXN00003691,101-001,5653.95,2025-09-16T09:52:45.446152,Transaction 3691
TXN00003692,101-002,5777.4,2025-09-16T09:52:45.446155,Transaction 3692
TXN00003693,101-003,5900.85,2025-09-16T09:52:45.446161,Transaction 3693
TXN00003694,101-004,6024.3,2025-09-16T09:52:45.446164,Transaction 3694
TXN00003695,101-005,6147.75,2025-09-16T09:52:45.446167,Transaction 3695
TXN00003696,101-006,6271.2,2025-09-16T09:52:45.446170,Transaction 3696
TXN00003697,101-007,6394.65,2025-09-16T09:52:45.446173,Transaction 3697
TXN00003698,101-008,6518.1,2025-09-16T09:52:45.446175,Transaction 3698
TXN00003699,101-009,6641.55,2025-09-16T09:52:45.446178,Transaction 3699
TXN00003700,101-000,6765.0,2025-09-16T09:52:45.446181,Transaction 3700
TXN00003701,101-001,6888.45,2025-09-16T09:52:45.446184,Transaction 3701
TXN00003702,101-002,7011.9,2025-09-16T09:52:45.446186,Transaction 3702
TXN00003703,101-003,7135.35,2025-09-16T09:52:45.446189,Transaction 3703
TXN00003704,101-004,7258.8,2025-09-16T09:52:45.446192,Transaction 3704
TXN00003705,101-005,7382.25,2025-09-16T09:52:45.446199,Transaction 3705
TXN00003706,101-006,7505.7,2025-09-16T09:52:45.446202,Transaction 3706
TXN00003707,101-007,7629.15,2025-09-16T09:52:45.446205,Transaction 3707
TXN00003708,101-008,7752.6,2025-09-16T09:52:45.446207,Transaction 3708
TXN00003709,101-009,7876.05,2025-09-16T09:52:45.446210,Transaction 3709
TXN00003710,101-000,7999.5,2025-09-16T09:52:45.446213,Transaction 3710
TXN00003711,101-001,8122.95,2025-09-16T09:52:45.446216,Transaction 3711
TXN00003712,101-002,8246.4,2025-09-16T09:52:45.446218,Transaction 3712
TXN00003713,101-003,8369.85,2025-09-16T09:52:45.446221,Transaction 3713
TXN00003714,101-004,8493.3,2025-09-16T09:52:45.446228,Transaction 3714
TXN00003715,101-005,8616.75,2025-09-16T09:52:45.446231,Transaction 3715
TXN00003716,101-006,8740.2,2025-09-16T09:52:45.446234,Transaction 3716
TXN00003717,101-007,8863.65,2025-09-16T09:52:45.446236,Transaction 3717
TXN00003718,101-008,8987.1,2025-09-16T09:52:45.446239,Transaction 3718
TXN00003719,101-009,9110.55,2025-09-16T09:52:45.446242,Transaction 3719
TXN00003720,101-000,9234.0,2025-09-16T09:52:45.446245,Transaction 3720
TXN00003721,101-001,9357.45,2025-09-16T09:52:45.446247,Transaction 3721
TXN00003722,101-002,9480.9,2025-09-16T09:52:45.446250,Transaction 3722
TXN00003723,101-003,9604.35,2025-09-16T09:52:45.446253,Transaction 3723
TXN00003724,101-004,9727.8,2025-09-16T09:52:45.446256,Transaction 3724
TXN00003725,101-005,9851.25,2025-09-16T09:52:45.446258,Transaction 3725
TXN00003726,101-006,9974.7,2025-09-16T09:52:45.446265,Transaction 3726
TXN00003727,101-007,98.15,2025-09-16T09:52:45.446268,Transaction 3727
TXN00003728,101-008,221.6,2025-09-16T09:52:45.446271,Transaction 3728
TXN00003729,101-009,345.05,2025-09-16T09:52:45.446274,Transaction 3729
TXN00003730,101-000,468.5,2025-09-16T09:52:45.446277,Transaction 3730
TXN00003731,101-001,591.95,2025-09-16T09:52:45.446279,Transaction 3731
TXN00003732,101-002,715.4,2025-09-16T09:52:45.446282,Transaction 3732
TXN00003733,101-003,838.85,2025-09-16T09:52:45.446285,Transaction 3733
TXN00003734,101-004,962.3,2025-09-16T09:52:45.446288,Transaction 3734
TXN00003735,101-005,1085.75,2025-09-16T09:52:45.446290,Transaction 3735
TXN00003736,101-006,1209.2,2025-09-16T09:52:45.446293,Transaction 3736
TXN00003737,101-007,1332.65,2025-09-16T09:52:45.446296,Transaction 3737
TXN00003738,101-008,1456.1,2025-09-16T09:52:45.446299,Transaction 3738
TXN00003739,101-009,1579.55,2025-09-16T09:52:45.446301,Transaction 3739
TXN00003740,101-000,1703.0,2025-09-16T09:52:45.446304,Transaction 3740
TXN00003741,101-001,1826.45,2025-09-16T09:52:45.446311,Transaction 3741
TXN00003742,101-002,1949.9,2025-09-16T09:52:45.446314,Transaction 3742
TXN00003743,101-003,2073.35,2025-09-16T09:52:45.446317,Transaction 3743
TXN00003744,101-004,2196.8,2025-09-16T09:52:45.446319,Transaction 3744
TXN00003745,101-005,2320.25,2025-09-16T09:52:45.446322,Transaction 3745
TXN00003746,101-006,2443.7,2025-09-16T09:52:45.446329,Transaction 3746
TXN00003747,101-007,2567.15,2025-09-16T09:52:45.446336,Transaction 3747
TXN00003748,101-008,2690.6,2025-09-16T09:52:45.446338,Transaction 3748
TXN00003749,101-009,2814.05,2025-09-16T09:52:45.446341,Transaction 3749
TXN00003750,101-000,2937.5,2025-09-16T09:52:45.446344,Transaction 3750
TXN00003751,101-001,3060.95,2025-09-16T09:52:45.446347,Transaction 3751
TXN00003752,101-002,3184.4,2025-09-16T09:52:45.446350,Transaction 3752
TXN00003753,101-003,3307.85,2025-09-16T09:52:45.446352,Transaction 3753
TXN00003754,101-004,3431.3,2025-09-16T09:52:45.446355,Transaction 3754
TXN00003755,101-005,3554.75,2025-09-16T09:52:45.446358,Transaction 3755
TXN00003756,101-006,3678.2,2025-09-16T09:52:45.446361,Transaction 3756
TXN00003757,101-007,3801.65,2025-09-16T09:52:45.446363,Transaction 3757
TXN00003758,101-008,3925.1,2025-09-16T09:52:45.446366,Transaction 3758
TXN00003759,101-009,4048.55,2025-09-16T09:52:45.446369,Transaction 3759
TXN00003760,101-000,4172.0,2025-09-16T09:52:45.446372,Transaction 3760
TXN00003761,101-001,4295.45,2025-09-16T09:52:45.446375,Transaction 3761
TXN00003762,101-002,4418.9,2025-09-16T09:52:45.446377,Transaction 3762
TXN00003763,101-003,4542.35,2025-09-16T09:52:45.446380,Transaction 3763
TXN00003764,101-004,4665.8,2025-09-16T09:52:45.446383,Transaction 3764
TXN00003765,101-005,4789.25,2025-09-16T09:52:45.446386,Transaction 3765
TXN00003766,101-006,4912.7,2025-09-16T09:52:45.446388,Transaction 3766
TXN00003767,101-007,5036.15,2025-09-16T09:52:45.446391,Transaction 3767
TXN00003768,101-008,5159.6,2025-09-16T09:52:45.446394,Transaction 3768
TXN00003769,101-009,5283.05,2025-09-16T09:52:45.446401,Transaction 3769
TXN00003770,101-000,5406.5,2025-09-16T09:52:45.446403,Transaction 3770
TXN00003771,101-001,5529.95,2025-09-16T09:52:45.446406,Transaction 3771
TXN00003772,101-002,5653.4,2025-09-16T09:52:45.446409,Transaction 3772
TXN00003773,101-003,5776.85,2025-09-16T09:52:45.446412,Transaction 3773
TXN00003774,101-004,5900.3,2025-09-16T09:52:45.446414,Transaction 3774
TXN00003775,101-005,6023.75,2025-09-16T09:52:45.446417,Transaction 3775
TXN00003776,101-006,6147.2,2025-09-16T09:52:45.446424,Transaction 3776
TXN00003777,101-007,6270.65,2025-09-16T09:52:45.446456,Transaction 3777
TXN00003778,101-008,6394.1,2025-09-16T09:52:45.446469,Transaction 3778
TXN00003779,101-009,6517.55,2025-09-16T09:52:45.446482,Transaction 3779
TXN00003780,101-000,6641.0,2025-09-16T09:52:45.446485,Transaction 3780
TXN00003781,101-001,6764.45,2025-09-16T09:52:45.446488,Transaction 3781
TXN00003782,101-002,6887.9,2025-09-16T09:52:45.446491,Transaction 3782
TXN00003783,101-003,7011.35,2025-09-16T09:52:45.446494,Transaction 3783
TXN00003784,101-004,7134.8,2025-09-16T09:52:45.446496,Transaction 3784
TXN00003785,101-005,7258.25,2025-09-16T09:52:45.446499,Transaction 3785
TXN00003786,101-006,7381.7,2025-09-16T09:52:45.446502,Transaction 3786
TXN00003787,101-007,7505.15,2025-09-16T09:52:45.446505,Transaction 3787
TXN00003788,101-008,7628.6,2025-09-16T09:52:45.446508,Transaction 3788
TXN00003789,101-009,7752.05,2025-09-16T09:52:45.446510,Transaction 3789
TXN00003790,101-000,7875.5,2025-09-16T09:52:45.446517,Transaction 3790
TXN00003791,101-001,7998.95,2025-09-16T09:52:45.446524,Transaction 3791
TXN00003792,101-002,8122.4,2025-09-16T09:52:45.446527,Transaction 3792
TXN00003793,101-003,8245.85,2025-09-16T09:52:45.446530,Transaction 3793
TXN00003794,101-004,8369.3,2025-09-16T09:52:45.446532,Transaction 3794
TXN00003795,101-005,8492.75,2025-09-16T09:52:45.446535,Transaction 3795
TXN00003796,101-006,8616.2,2025-09-16T09:52:45.446538,Transaction 3796
TXN00003797,101-007,8739.65,2025-09-16T09:52:45.446541,Transaction 3797
TXN00003798,101-008,8863.1,2025-09-16T09:52:45.446544,Transaction 3798
TXN00003799,101-009,8986.55,2025-09-16T09:52:45.446547,Transaction 3799
TXN00003800,101-000,9110.0,2025-09-16T09:52:45.446550,Transaction 3800
TXN00003801,101-001,9233.45,2025-09-16T09:52:45.446552,Transaction 3801
TXN00003802,101-002,9356.9,2025-09-16T09:52:45.446555,Transaction 3802
TXN00003803,101-003,9480.35,2025-09-16T09:52:45.446558,Transaction 3803
TXN00003804,101-004,9603.8,2025-09-16T09:52:45.446561,Transaction 3804
TXN00003805,101-005,9727.25,2025-09-16T09:52:45.446564,Transaction 3805
TXN00003806,101-006,9850.7,2025-09-16T09:52:45.446566,Transaction 3806
TXN00003807,101-007,9974.15,2025-09-16T09:52:45.446569,Transaction 3807
TXN00003808,101-008,97.6,2025-09-16T09:52:45.446572,Transaction 3808
TXN00003809,101-009,221.05,2025-09-16T09:52:45.446579,Transaction 3809
TXN00003810,101-000,344.5,2025-09-16T09:52:45.446582,Transaction 3810
TXN00003811,101-001,467.95,2025-09-16T09:52:45.446588,Transaction 3811
TXN00003812,101-002,591.4,2025-09-16T09:52:45.446591,Transaction 3812
TXN00003813,101-003,714.85,2025-09-16T09:52:45.446594,Transaction 3813
TXN00003814,101-004,838.3,2025-09-16T09:52:45.446596,Transaction 3814
TXN00003815,101-005,961.75,2025-09-16T09:52:45.446599,Transaction 3815
TXN00003816,101-006,1085.2,2025-09-16T09:52:45.446602,Transaction 3816
TXN00003817,101-007,1208.65,2025-09-16T09:52:45.446605,Transaction 3817
TXN00003818,101-008,1332.1,2025-09-16T09:52:45.446607,Transaction 3818
TXN00003819,101-009,1455.55,2025-09-16T09:52:45.446610,Transaction 3819
TXN00003820,101-000,1579.0,2025-09-16T09:52:45.446613,Transaction 3820
TXN00003821,101-001,1702.45,2025-09-16T09:52:45.446616,Transaction 3821
TXN00003822,101-002,1825.9,2025-09-16T09:52:45.446618,Transaction 3822
TXN00003823,101-003,1949.35,2025-09-16T09:52:45.446621,Transaction 3823
TXN00003824,101-004,2072.8,2025-09-16T09:52:45.446624,Transaction 3824
TXN00003825,101-005,2196.25,2025-09-16T09:52:45.446627,Transaction 3825
TXN00003826,101-006,2319.7,2025-09-16T09:52:45.446630,Transaction 3826
TXN00003827,101-007,2443.15,2025-09-16T09:52:45.446632,Transaction 3827
TXN00003828,101-008,2566.6,2025-09-16T09:52:45.446635,Transaction 3828
TXN00003829,101-009,2690.05,2025-09-16T09:52:45.446638,Transaction 3829
TXN00003830,101-000,2813.5,2025-09-16T09:52:45.446640,Transaction 3830
TXN00003831,101-001,2936.95,2025-09-16T09:52:45.446643,Transaction 3831
TXN00003832,101-002,3060.4,2025-09-16T09:52:45.446650,Transaction 3832
TXN00003833,101-003,3183.85,2025-09-16T09:52:45.446653,Transaction 3833
TXN00003834,101-004,3307.3,2025-09-16T09:52:45.446656,Transaction 3834
TXN00003835,101-005,3430.75,2025-09-16T09:52:45.446659,Transaction 3835
TXN00003836,101-006,3554.2,2025-09-16T09:52:45.446661,Transaction 3836
TXN00003837,101-007,3677.65,2025-09-16T09:52:45.446664,Transaction 3837
TXN00003838,101-008,3801.1,2025-09-16T09:52:45.446667,Transaction 3838
TXN00003839,101-009,3924.55,2025-09-16T09:52:45.446670,Transaction 3839
TXN00003840,101-000,4048.0,2025-09-16T09:52:45.446672,Transaction 3840
TXN00003841,101-001,4171.45,2025-09-16T09:52:45.446679,Transaction 3841
TXN00003842,101-002,4294.9,2025-09-16T09:52:45.446686,Transaction 3842
TXN00003843,101-003,4418.35,2025-09-16T09:52:45.446689,Transaction 3843
TXN00003844,101-004,4541.8,2025-09-16T09:52:45.446692,Transaction 3844
TXN00003845,101-005,4665.25,2025-09-16T09:52:45.446694,Transaction 3845
TXN00003846,101-006,4788.7,2025-09-16T09:52:45.446697,Transaction 3846
TXN00003847,101-007,4912.15,2025-09-16T09:52:45.446700,Transaction 3847
TXN00003848,101-008,5035.6,2025-09-16T09:52:45.446703,Transaction 3848
TXN00003849,101-009,5159.05,2025-09-16T09:52:45.446705,Transaction 3849
TXN00003850,101-000,5282.5,2025-09-16T09:52:45.446708,Transaction 3850
TXN00003851,101-001,5405.95,2025-09-16T09:52:45.446711,Transaction 3851
TXN00003852,101-002,5529.4,2025-09-16T09:52:45.446713,Transaction 3852
TXN00003853,101-003,5652.85,2025-09-16T09:52:45.446716,Transaction 3853
TXN00003854,101-004,5776.3,2025-09-16T09:52:45.446723,Transaction 3854
TXN00003855,101-005,5899.75,2025-09-16T09:52:45.446726,Transaction 3855
TXN00003856,101-006,6023.2,2025-09-16T09:52:45.446729,Transaction 3856
TXN00003857,101-007,6146.65,2025-09-16T09:52:45.446731,Transaction 3857
TXN00003858,101-008,6270.1,2025-09-16T09:52:45.446734,Transaction 3858
TXN00003859,101-009,6393.55,2025-09-16T09:52:45.446737,Transaction 3859
TXN00003860,101-000,6517.0,2025-09-16T09:52:45.446740,Transaction 3860
TXN00003861,101-001,6640.45,2025-09-16T09:52:45.446742,Transaction 3861
TXN00003862,101-002,6763.9,2025-09-16T09:52:45.446745,Transaction 3862
TXN00003863,101-003,6887.35,2025-09-16T09:52:45.446752,Transaction 3863
TXN00003864,101-004,7010.8,2025-09-16T09:52:45.446755,Transaction 3864
TXN00003865,101-005,7134.25,2025-09-16T09:52:45.446758,Transaction 3865
TXN00003866,101-006,7257.7,2025-09-16T09:52:45.446760,Transaction 3866
TXN00003867,101-007,7381.15,2025-09-16T09:52:45.446763,Transaction 3867
TXN00003868,101-008,7504.6,2025-09-16T09:52:45.446766,Transaction 3868
TXN00003869,101-009,7628.05,2025-09-16T09:52:45.446768,Transaction 3869
TXN00003870,101-000,7751.5,2025-09-16T09:52:45.446771,Transaction 3870
TXN00003871,101-001,7874.95,2025-09-16T09:52:45.446774,Transaction 3871
TXN00003872,101-002,7998.4,2025-09-16T09:52:45.446777,Transaction 3872
TXN00003873,101-003,8121.85,2025-09-16T09:52:45.446783,Transaction 3873
TXN00003874,101-004,8245.3,2025-09-16T09:52:45.446786,Transaction 3874
TXN00003875,101-005,8368.75,2025-09-16T09:52:45.446793,Transaction 3875
TXN00003876,101-006,8492.2,2025-09-16T09:52:45.446796,Transaction 3876
TXN00003877,101-007,8615.65,2025-09-16T09:52:45.446799,Transaction 3877
TXN00003878,101-008,8739.1,2025-09-16T09:52:45.446801,Transaction 3878
TXN00003879,101-009,8862.55,2025-09-16T09:52:45.446804,Transaction 3879
TXN00003880,101-000,8986.0,2025-09-16T09:52:45.446807,Transaction 3880
TXN00003881,101-001,9109.45,2025-09-16T09:52:45.446810,Transaction 3881
TXN00003882,101-002,9232.9,2025-09-16T09:52:45.446812,Transaction 3882
TXN00003883,101-003,9356.35,2025-09-16T09:52:45.446815,Transaction 3883
TXN00003884,101-004,9479.8,2025-09-16T09:52:45.446818,Transaction 3884
TXN00003885,101-005,9603.25,2025-09-16T09:52:45.446821,Transaction 3885
TXN00003886,101-006,9726.7,2025-09-16T09:52:45.446823,Transaction 3886
TXN00003887,101-007,9850.15,2025-09-16T09:52:45.446826,Transaction 3887
TXN00003888,101-008,9973.6,2025-09-16T09:52:45.446829,Transaction 3888
TXN00003889,101-009,97.05,2025-09-16T09:52:45.446832,Transaction 3889
TXN00003890,101-000,220.5,2025-09-16T09:52:45.446835,Transaction 3890
TXN00003891,101-001,343.95,2025-09-16T09:52:45.446837,Transaction 3891
TXN00003892,101-002,467.4,2025-09-16T09:52:45.446840,Transaction 3892
TXN00003893,101-003,590.85,2025-09-16T09:52:45.446847,Transaction 3893
TXN00003894,101-004,714.3,2025-09-16T09:52:45.446850,Transaction 3894
TXN00003895,101-005,837.75,2025-09-16T09:52:45.446852,Transaction 3895
TXN00003896,101-006,961.2,2025-09-16T09:52:45.446864,Transaction 3896
TXN00003897,101-007,1084.65,2025-09-16T09:52:45.446867,Transaction 3897
TXN00003898,101-008,1208.1,2025-09-16T09:52:45.446870,Transaction 3898
TXN00003899,101-009,1331.55,2025-09-16T09:52:45.446873,Transaction 3899
TXN00003900,101-000,1455.0,2025-09-16T09:52:45.446875,Transaction 3900
TXN00003901,101-001,1578.45,2025-09-16T09:52:45.446878,Transaction 3901
TXN00003902,101-002,1701.9,2025-09-16T09:52:45.446881,Transaction 3902
TXN00003903,101-003,1825.35,2025-09-16T09:52:45.446884,Transaction 3903
TXN00003904,101-004,1948.8,2025-09-16T09:52:45.446890,Transaction 3904
TXN00003905,101-005,2072.25,2025-09-16T09:52:45.446902,Transaction 3905
TXN00003906,101-006,2195.7,2025-09-16T09:52:45.446905,Transaction 3906
TXN00003907,101-007,2319.15,2025-09-16T09:52:45.446908,Transaction 3907
TXN00003908,101-008,2442.6,2025-09-16T09:52:45.446910,Transaction 3908
TXN00003909,101-009,2566.05,2025-09-16T09:52:45.446913,Transaction 3909
TXN00003910,101-000,2689.5,2025-09-16T09:52:45.446916,Transaction 3910
TXN00003911,101-001,2812.95,2025-09-16T09:52:45.446919,Transaction 3911
TXN00003912,101-002,2936.4,2025-09-16T09:52:45.446922,Transaction 3912
TXN00003913,101-003,3059.85,2025-09-16T09:52:45.446924,Transaction 3913
TXN00003914,101-004,3183.3,2025-09-16T09:52:45.446927,Transaction 3914
TXN00003915,101-005,3306.75,2025-09-16T09:52:45.446930,Transaction 3915
TXN00003916,101-006,3430.2,2025-09-16T09:52:45.446933,Transaction 3916
TXN00003917,101-007,3553.65,2025-09-16T09:52:45.446939,Transaction 3917
TXN00003918,101-008,3677.1,2025-09-16T09:52:45.446942,Transaction 3918
TXN00003919,101-009,3800.55,2025-09-16T09:52:45.446945,Transaction 3919
TXN00003920,101-000,3924.0,2025-09-16T09:52:45.446948,Transaction 3920
TXN00003921,101-001,4047.45,2025-09-16T09:52:45.446951,Transaction 3921
TXN00003922,101-002,4170.9,2025-09-16T09:52:45.446953,Transaction 3922
TXN00003923,101-003,4294.35,2025-09-16T09:52:45.446956,Transaction 3923
TXN00003924,101-004,4417.8,2025-09-16T09:52:45.446959,Transaction 3924
TXN00003925,101-005,4541.25,2025-09-16T09:52:45.446961,Transaction 3925
TXN00003926,101-006,4664.7,2025-09-16T09:52:45.446964,Transaction 3926
TXN00003927,101-007,4788.15,2025-09-16T09:52:45.446967,Transaction 3927
TXN00003928,101-008,4911.6,2025-09-16T09:52:45.446970,Transaction 3928
TXN00003929,101-009,5035.05,2025-09-16T09:52:45.446972,Transaction 3929
TXN00003930,101-000,5158.5,2025-09-16T09:52:45.446975,Transaction 3930
TXN00003931,101-001,5281.95,2025-09-16T09:52:45.446978,Transaction 3931
TXN00003932,101-002,5405.4,2025-09-16T09:52:45.446981,Transaction 3932
TXN00003933,101-003,5528.85,2025-09-16T09:52:45.446983,Transaction 3933
TXN00003934,101-004,5652.3,2025-09-16T09:52:45.446986,Transaction 3934
TXN00003935,101-005,5775.75,2025-09-16T09:52:45.446990,Transaction 3935
TXN00003936,101-006,5899.2,2025-09-16T09:52:45.447000,Transaction 3936
TXN00003937,101-007,6022.65,2025-09-16T09:52:45.447002,Transaction 3937
TXN00003938,101-008,6146.1,2025-09-16T09:52:45.447005,Transaction 3938
TXN00003939,101-009,6269.55,2025-09-16T09:52:45.447012,Transaction 3939
TXN00003940,101-000,6393.0,2025-09-16T09:52:45.447015,Transaction 3940
TXN00003941,101-001,6516.45,2025-09-16T09:52:45.447017,Transaction 3941
TXN00003942,101-002,6639.9,2025-09-16T09:52:45.447020,Transaction 3942
TXN00003943,101-003,6763.35,2025-09-16T09:52:45.447023,Transaction 3943
TXN00003944,101-004,6886.8,2025-09-16T09:52:45.447026,Transaction 3944
TXN00003945,101-005,7010.25,2025-09-16T09:52:45.447033,Transaction 3945
TXN00003946,101-006,7133.7,2025-09-16T09:52:45.447036,Transaction 3946
TXN00003947,101-007,7257.15,2025-09-16T09:52:45.447038,Transaction 3947
TXN00003948,101-008,7380.6,2025-09-16T09:52:45.447045,Transaction 3948
TXN00003949,101-009,7504.05,2025-09-16T09:52:45.447048,Transaction 3949
TXN00003950,101-000,7627.5,2025-09-16T09:52:45.447051,Transaction 3950
TXN00003951,101-001,7750.95,2025-09-16T09:52:45.447053,Transaction 3951
TXN00003952,101-002,7874.4,2025-09-16T09:52:45.447056,Transaction 3952
TXN00003953,101-003,7997.85,2025-09-16T09:52:45.447059,Transaction 3953
TXN00003954,101-004,8121.3,2025-09-16T09:52:45.447062,Transaction 3954
TXN00003955,101-005,8244.75,2025-09-16T09:52:45.447065,Transaction 3955
TXN00003956,101-006,8368.2,2025-09-16T09:52:45.447067,Transaction 3956
TXN00003957,101-007,8491.65,2025-09-16T09:52:45.447070,Transaction 3957
TXN00003958,101-008,8615.1,2025-09-16T09:52:45.447073,Transaction 3958
TXN00003959,101-009,8738.55,2025-09-16T09:52:45.447076,Transaction 3959
TXN00003960,101-000,8862.0,2025-09-16T09:52:45.447082,Transaction 3960
TXN00003961,101-001,8985.45,2025-09-16T09:52:45.447085,Transaction 3961
TXN00003962,101-002,9108.9,2025-09-16T09:52:45.447088,Transaction 3962
TXN00003963,101-003,9232.35,2025-09-16T09:52:45.447091,Transaction 3963
TXN00003964,101-004,9355.8,2025-09-16T09:52:45.447094,Transaction 3964
TXN00003965,101-005,9479.25,2025-09-16T09:52:45.447096,Transaction 3965
TXN00003966,101-006,9602.7,2025-09-16T09:52:45.447099,Transaction 3966
TXN00003967,101-007,9726.15,2025-09-16T09:52:45.447102,Transaction 3967
TXN00003968,101-008,9849.6,2025-09-16T09:52:45.447109,Transaction 3968
TXN00003969,101-009,9973.05,2025-09-16T09:52:45.447112,Transaction 3969
TXN00003970,101-000,96.5,2025-09-16T09:52:45.447114,Transaction 3970
TXN00003971,101-001,219.95,2025-09-16T09:52:45.447117,Transaction 3971
TXN00003972,101-002,343.4,2025-09-16T09:52:45.447120,Transaction 3972
TXN00003973,101-003,466.85,2025-09-16T09:52:45.447123,Transaction 3973
TXN00003974,101-004,590.3,2025-09-16T09:52:45.447126,Transaction 3974
TXN00003975,101-005,713.75,2025-09-16T09:52:45.447128,Transaction 3975
TXN00003976,101-006,837.2,2025-09-16T09:52:45.447131,Transaction 3976
TXN00003977,101-007,960.65,2025-09-16T09:52:45.447134,Transaction 3977
TXN00003978,101-008,1084.1,2025-09-16T09:52:45.447137,Transaction 3978
TXN00003979,101-009,1207.55,2025-09-16T09:52:45.447140,Transaction 3979
TXN00003980,101-000,1331.0,2025-09-16T09:52:45.447142,Transaction 3980
TXN00003981,101-001,1454.45,2025-09-16T09:52:45.447149,Transaction 3981
TXN00003982,101-002,1577.9,2025-09-16T09:52:45.447152,Transaction 3982
TXN00003983,101-003,1701.35,2025-09-16T09:52:45.447155,Transaction 3983
TXN00003984,101-004,1824.8,2025-09-16T09:52:45.447158,Transaction 3984
TXN00003985,101-005,1948.25,2025-09-16T09:52:45.447160,Transaction 3985
TXN00003986,101-006,2071.7,2025-09-16T09:52:45.447163,Transaction 3986
TXN00003987,101-007,2195.15,2025-09-16T09:52:45.447166,Transaction 3987
TXN00003988,101-008,2318.6,2025-09-16T09:52:45.447169,Transaction 3988
TXN00003989,101-009,2442.05,2025-09-16T09:52:45.447171,Transaction 3989
TXN00003990,101-000,2565.5,2025-09-16T09:52:45.447174,Transaction 3990
TXN00003991,101-001,2688.95,2025-09-16T09:52:45.447177,Transaction 3991
TXN00003992,101-002,2812.4,2025-09-16T09:52:45.447180,Transaction 3992
TXN00003993,101-003,2935.85,2025-09-16T09:52:45.447182,Transaction 3993
TXN00003994,101-004,3059.3,2025-09-16T09:52:45.447185,Transaction 3994
TXN00003995,101-005,3182.75,2025-09-16T09:52:45.447192,Transaction 3995
TXN00003996,101-006,3306.2,2025-09-16T09:52:45.447195,Transaction 3996
TXN00003997,101-007,3429.65,2025-09-16T09:52:45.447198,Transaction 3997
TXN00003998,101-008,3553.1,2025-09-16T09:52:45.447201,Transaction 3998
TXN00003999,101-009,3676.55,2025-09-16T09:52:45.447204,Transaction 3999
TXN00004000,101-000,3800.0,2025-09-16T09:52:45.447210,Transaction 4000
TXN00004001,101-001,3923.45,2025-09-16T09:52:45.447213,Transaction 4001
TXN00004002,101-002,4046.9,2025-09-16T09:52:45.447220,Transaction 4002
TXN00004003,101-003,4170.35,2025-09-16T09:52:45.447223,Transaction 4003
TXN00004004,101-004,4293.8,2025-09-16T09:52:45.447225,Transaction 4004
TXN00004005,101-005,4417.25,2025-09-16T09:52:45.447228,Transaction 4005
TXN00004006,101-006,4540.7,2025-09-16T09:52:45.447231,Transaction 4006
TXN00004007,101-007,4664.15,2025-09-16T09:52:45.447234,Transaction 4007
TXN00004008,101-008,4787.6,2025-09-16T09:52:45.447237,Transaction 4008
TXN00004009,101-009,4911.05,2025-09-16T09:52:45.447239,Transaction 4009
TXN00004010,101-000,5034.5,2025-09-16T09:52:45.447242,Transaction 4010
TXN00004011,101-001,5157.95,2025-09-16T09:52:45.447245,Transaction 4011
TXN00004012,101-002,5281.4,2025-09-16T09:52:45.447248,Transaction 4012
TXN00004013,101-003,5404.85,2025-09-16T09:52:45.447272,Transaction 4013
TXN00004014,101-004,5528.3,2025-09-16T09:52:45.447283,Transaction 4014
TXN00004015,101-005,5651.75,2025-09-16T09:52:45.447287,Transaction 4015
TXN00004016,101-006,5775.2,2025-09-16T09:52:45.447290,Transaction 4016
TXN00004017,101-007,5898.65,2025-09-16T09:52:45.447292,Transaction 4017
TXN00004018,101-008,6022.1,2025-09-16T09:52:45.447295,Transaction 4018
TXN00004019,101-009,6145.55,2025-09-16T09:52:45.447298,Transaction 4019
TXN00004020,101-000,6269.0,2025-09-16T09:52:45.447301,Transaction 4020
TXN00004021,101-001,6392.45,2025-09-16T09:52:45.447304,Transaction 4021
TXN00004022,101-002,6515.9,2025-09-16T09:52:45.447307,Transaction 4022
TXN00004023,101-003,6639.35,2025-09-16T09:52:45.447310,Transaction 4023
TXN00004024,101-004,6762.8,2025-09-16T09:52:45.447320,Transaction 4024
TXN00004025,101-005,6886.25,2025-09-16T09:52:45.447323,Transaction 4025
TXN00004026,101-006,7009.7,2025-09-16T09:52:45.447326,Transaction 4026
TXN00004027,101-007,7133.15,2025-09-16T09:52:45.447329,Transaction 4027
TXN00004028,101-008,7256.6,2025-09-16T09:52:45.447331,Transaction 4028
TXN00004029,101-009,7380.05,2025-09-16T09:52:45.447334,Transaction 4029
TXN00004030,101-000,7503.5,2025-09-16T09:52:45.447337,Transaction 4030
TXN00004031,101-001,7626.95,2025-09-16T09:52:45.447340,Transaction 4031
TXN00004032,101-002,7750.4,2025-09-16T09:52:45.447351,Transaction 4032
TXN00004033,101-003,7873.85,2025-09-16T09:52:45.447363,Transaction 4033
TXN00004034,101-004,7997.3,2025-09-16T09:52:45.447366,Transaction 4034
TXN00004035,101-005,8120.75,2025-09-16T09:52:45.447369,Transaction 4035
TXN00004036,101-006,8244.2,2025-09-16T09:52:45.447371,Transaction 4036
TXN00004037,101-007,8367.65,2025-09-16T09:52:45.447374,Transaction 4037
TXN00004038,101-008,8491.1,2025-09-16T09:52:45.447377,Transaction 4038
TXN00004039,101-009,8614.55,2025-09-16T09:52:45.447380,Transaction 4039
TXN00004040,101-000,8738.0,2025-09-16T09:52:45.447383,Transaction 4040
TXN00004041,101-001,8861.45,2025-09-16T09:52:45.447386,Transaction 4041
TXN00004042,101-002,8984.9,2025-09-16T09:52:45.447388,Transaction 4042
TXN00004043,101-003,9108.35,2025-09-16T09:52:45.447391,Transaction 4043
TXN00004044,101-004,9231.8,2025-09-16T09:52:45.447394,Transaction 4044
TXN00004045,101-005,9355.25,2025-09-16T09:52:45.447401,Transaction 4045
TXN00004046,101-006,9478.7,2025-09-16T09:52:45.447408,Transaction 4046
TXN00004047,101-007,9602.15,2025-09-16T09:52:45.447410,Transaction 4047
TXN00004048,101-008,9725.6,2025-09-16T09:52:45.447413,Transaction 4048
TXN00004049,101-009,9849.05,2025-09-16T09:52:45.447416,Transaction 4049
TXN00004050,101-000,9972.5,2025-09-16T09:52:45.447419,Transaction 4050
TXN00004051,101-001,95.95,2025-09-16T09:52:45.447422,Transaction 4051
TXN00004052,101-002,219.4,2025-09-16T09:52:45.447425,Transaction 4052
TXN00004053,101-003,342.85,2025-09-16T09:52:45.447427,Transaction 4053
TXN00004054,101-004,466.3,2025-09-16T09:52:45.447430,Transaction 4054
TXN00004055,101-005,589.75,2025-09-16T09:52:45.447433,Transaction 4055
TXN00004056,101-006,713.2,2025-09-16T09:52:45.447436,Transaction 4056
TXN00004057,101-007,836.65,2025-09-16T09:52:45.447439,Transaction 4057
TXN00004058,101-008,960.1,2025-09-16T09:52:45.447442,Transaction 4058
TXN00004059,101-009,1083.55,2025-09-16T09:52:45.447444,Transaction 4059
TXN00004060,101-000,1207.0,2025-09-16T09:52:45.447447,Transaction 4060
TXN00004061,101-001,1330.45,2025-09-16T09:52:45.447450,Transaction 4061
TXN00004062,101-002,1453.9,2025-09-16T09:52:45.447453,Transaction 4062
TXN00004063,101-003,1577.35,2025-09-16T09:52:45.447460,Transaction 4063
TXN00004064,101-004,1700.8,2025-09-16T09:52:45.447463,Transaction 4064
TXN00004065,101-005,1824.25,2025-09-16T09:52:45.447465,Transaction 4065
TXN00004066,101-006,1947.7,2025-09-16T09:52:45.447472,Transaction 4066
TXN00004067,101-007,2071.15,2025-09-16T09:52:45.447475,Transaction 4067
TXN00004068,101-008,2194.6,2025-09-16T09:52:45.447478,Transaction 4068
TXN00004069,101-009,2318.05,2025-09-16T09:52:45.447481,Transaction 4069
TXN00004070,101-000,2441.5,2025-09-16T09:52:45.447483,Transaction 4070
TXN00004071,101-001,2564.95,2025-09-16T09:52:45.447486,Transaction 4071
TXN00004072,101-002,2688.4,2025-09-16T09:52:45.447489,Transaction 4072
TXN00004073,101-003,2811.85,2025-09-16T09:52:45.447492,Transaction 4073
TXN00004074,101-004,2935.3,2025-09-16T09:52:45.447494,Transaction 4074
TXN00004075,101-005,3058.75,2025-09-16T09:52:45.447497,Transaction 4075
TXN00004076,101-006,3182.2,2025-09-16T09:52:45.447500,Transaction 4076
TXN00004077,101-007,3305.65,2025-09-16T09:52:45.447503,Transaction 4077
TXN00004078,101-008,3429.1,2025-09-16T09:52:45.447506,Transaction 4078
TXN00004079,101-009,3552.55,2025-09-16T09:52:45.447508,Transaction 4079
TXN00004080,101-000,3676.0,2025-09-16T09:52:45.447511,Transaction 4080
TXN00004081,101-001,3799.45,2025-09-16T09:52:45.447514,Transaction 4081
TXN00004082,101-002,3922.9,2025-09-16T09:52:45.447517,Transaction 4082
TXN00004083,101-003,4046.35,2025-09-16T09:52:45.447520,Transaction 4083
TXN00004084,101-004,4169.8,2025-09-16T09:52:45.447523,Transaction 4084
TXN00004085,101-005,4293.25,2025-09-16T09:52:45.447525,Transaction 4085
TXN00004086,101-006,4416.7,2025-09-16T09:52:45.447528,Transaction 4086
TXN00004087,101-007,4540.15,2025-09-16T09:52:45.447535,Transaction 4087
TXN00004088,101-008,4663.6,2025-09-16T09:52:45.447538,Transaction 4088
TXN00004089,101-009,4787.05,2025-09-16T09:52:45.447541,Transaction 4089
TXN00004090,101-000,4910.5,2025-09-16T09:52:45.447544,Transaction 4090
TXN00004091,101-001,5033.95,2025-09-16T09:52:45.447546,Transaction 4091
TXN00004092,101-002,5157.4,2025-09-16T09:52:45.447549,Transaction 4092
TXN00004093,101-003,5280.85,2025-09-16T09:52:45.447552,Transaction 4093
TXN00004094,101-004,5404.3,2025-09-16T09:52:45.447555,Transaction 4094
TXN00004095,101-005,5527.75,2025-09-16T09:52:45.447561,Transaction 4095
TXN00004096,101-006,5651.2,2025-09-16T09:52:45.447564,Transaction 4096
TXN00004097,101-007,5774.65,2025-09-16T09:52:45.447571,Transaction 4097
TXN00004098,101-008,5898.1,2025-09-16T09:52:45.447574,Transaction 4098
TXN00004099,101-009,6021.55,2025-09-16T09:52:45.447576,Transaction 4099
TXN00004100,101-000,6145.0,2025-09-16T09:52:45.447579,Transaction 4100
TXN00004101,101-001,6268.45,2025-09-16T09:52:45.447582,Transaction 4101
TXN00004102,101-002,6391.9,2025-09-16T09:52:45.447585,Transaction 4102
TXN00004103,101-003,6515.35,2025-09-16T09:52:45.447588,Transaction 4103
TXN00004104,101-004,6638.8,2025-09-16T09:52:45.447590,Transaction 4104
TXN00004105,101-005,6762.25,2025-09-16T09:52:45.447593,Transaction 4105
TXN00004106,101-006,6885.7,2025-09-16T09:52:45.447596,Transaction 4106
TXN00004107,101-007,7009.15,2025-09-16T09:52:45.447599,Transaction 4107
TXN00004108,101-008,7132.6,2025-09-16T09:52:45.447602,Transaction 4108
TXN00004109,101-009,7256.05,2025-09-16T09:52:45.447608,Transaction 4109
TXN00004110,101-000,7379.5,2025-09-16T09:52:45.447611,Transaction 4110
TXN00004111,101-001,7502.95,2025-09-16T09:52:45.447614,Transaction 4111
TXN00004112,101-002,7626.4,2025-09-16T09:52:45.447617,Transaction 4112
TXN00004113,101-003,7749.85,2025-09-16T09:52:45.447619,Transaction 4113
TXN00004114,101-004,7873.3,2025-09-16T09:52:45.447622,Transaction 4114
TXN00004115,101-005,7996.75,2025-09-16T09:52:45.447625,Transaction 4115
TXN00004116,101-006,8120.2,2025-09-16T09:52:45.447628,Transaction 4116
TXN00004117,101-007,8243.65,2025-09-16T09:52:45.447631,Transaction 4117
TXN00004118,101-008,8367.1,2025-09-16T09:52:45.447633,Transaction 4118
TXN00004119,101-009,8490.55,2025-09-16T09:52:45.447640,Transaction 4119
TXN00004120,101-000,8614.0,2025-09-16T09:52:45.447643,Transaction 4120
TXN00004121,101-001,8737.45,2025-09-16T09:52:45.447646,Transaction 4121
TXN00004122,101-002,8860.9,2025-09-16T09:52:45.447649,Transaction 4122
TXN00004123,101-003,8984.35,2025-09-16T09:52:45.447652,Transaction 4123
TXN00004124,101-004,9107.8,2025-09-16T09:52:45.447654,Transaction 4124
TXN00004125,101-005,9231.25,2025-09-16T09:52:45.447663,Transaction 4125
TXN00004126,101-006,9354.7,2025-09-16T09:52:45.447666,Transaction 4126
TXN00004127,101-007,9478.15,2025-09-16T09:52:45.447672,Transaction 4127
TXN00004128,101-008,9601.6,2025-09-16T09:52:45.447675,Transaction 4128
TXN00004129,101-009,9725.05,2025-09-16T09:52:45.447678,Transaction 4129
TXN00004130,101-000,9848.5,2025-09-16T09:52:45.447685,Transaction 4130
TXN00004131,101-001,9971.95,2025-09-16T09:52:45.447687,Transaction 4131
TXN00004132,101-002,95.4,2025-09-16T09:52:45.447690,Transaction 4132
TXN00004133,101-003,218.85,2025-09-16T09:52:45.447693,Transaction 4133
TXN00004134,101-004,342.3,2025-09-16T09:52:45.447696,Transaction 4134
TXN00004135,101-005,465.75,2025-09-16T09:52:45.447699,Transaction 4135
TXN00004136,101-006,589.2,2025-09-16T09:52:45.447701,Transaction 4136
TXN00004137,101-007,712.65,2025-09-16T09:52:45.447704,Transaction 4137
TXN00004138,101-008,836.1,2025-09-16T09:52:45.447707,Transaction 4138
TXN00004139,101-009,959.55,2025-09-16T09:52:45.447710,Transaction 4139
TXN00004140,101-000,1083.0,2025-09-16T09:52:45.447713,Transaction 4140
TXN00004141,101-001,1206.45,2025-09-16T09:52:45.447715,Transaction 4141
TXN00004142,101-002,1329.9,2025-09-16T09:52:45.447718,Transaction 4142
TXN00004143,101-003,1453.35,2025-09-16T09:52:45.447721,Transaction 4143
TXN00004144,101-004,1576.8,2025-09-16T09:52:45.447724,Transaction 4144
TXN00004145,101-005,1700.25,2025-09-16T09:52:45.447726,Transaction 4145
TXN00004146,101-006,1823.7,2025-09-16T09:52:45.447729,Transaction 4146
TXN00004147,101-007,1947.15,2025-09-16T09:52:45.447732,Transaction 4147
TXN00004148,101-008,2070.6,2025-09-16T09:52:45.447735,Transaction 4148
TXN00004149,101-009,2194.05,2025-09-16T09:52:45.447742,Transaction 4149
TXN00004150,101-000,2317.5,2025-09-16T09:52:45.447745,Transaction 4150
TXN00004151,101-001,2440.95,2025-09-16T09:52:45.447751,Transaction 4151
TXN00004152,101-002,2564.4,2025-09-16T09:52:45.447754,Transaction 4152
TXN00004153,101-003,2687.85,2025-09-16T09:52:45.447757,Transaction 4153
TXN00004154,101-004,2811.3,2025-09-16T09:52:45.447760,Transaction 4154
TXN00004155,101-005,2934.75,2025-09-16T09:52:45.447763,Transaction 4155
TXN00004156,101-006,3058.2,2025-09-16T09:52:45.447765,Transaction 4156
TXN00004157,101-007,3181.65,2025-09-16T09:52:45.447768,Transaction 4157
TXN00004158,101-008,3305.1,2025-09-16T09:52:45.447771,Transaction 4158
TXN00004159,101-009,3428.55,2025-09-16T09:52:45.447783,Transaction 4159
TXN00004160,101-000,3552.0,2025-09-16T09:52:45.447789,Transaction 4160
TXN00004161,101-001,3675.45,2025-09-16T09:52:45.447792,Transaction 4161
TXN00004162,101-002,3798.9,2025-09-16T09:52:45.447795,Transaction 4162
TXN00004163,101-003,3922.35,2025-09-16T09:52:45.447798,Transaction 4163
TXN00004164,101-004,4045.8,2025-09-16T09:52:45.447801,Transaction 4164
TXN00004165,101-005,4169.25,2025-09-16T09:52:45.447803,Transaction 4165
TXN00004166,101-006,4292.7,2025-09-16T09:52:45.447806,Transaction 4166
TXN00004167,101-007,4416.15,2025-09-16T09:52:45.447809,Transaction 4167
TXN00004168,101-008,4539.6,2025-09-16T09:52:45.447812,Transaction 4168
TXN00004169,101-009,4663.05,2025-09-16T09:52:45.447814,Transaction 4169
TXN00004170,101-000,4786.5,2025-09-16T09:52:45.447817,Transaction 4170
TXN00004171,101-001,4909.95,2025-09-16T09:52:45.447820,Transaction 4171
TXN00004172,101-002,5033.4,2025-09-16T09:52:45.447827,Transaction 4172
TXN00004173,101-003,5156.85,2025-09-16T09:52:45.447830,Transaction 4173
TXN00004174,101-004,5280.3,2025-09-16T09:52:45.447833,Transaction 4174
TXN00004175,101-005,5403.75,2025-09-16T09:52:45.447835,Transaction 4175
TXN00004176,101-006,5527.2,2025-09-16T09:52:45.447838,Transaction 4176
TXN00004177,101-007,5650.65,2025-09-16T09:52:45.447841,Transaction 4177
TXN00004178,101-008,5774.1,2025-09-16T09:52:45.447844,Transaction 4178
TXN00004179,101-009,5897.55,2025-09-16T09:52:45.447847,Transaction 4179
TXN00004180,101-000,6021.0,2025-09-16T09:52:45.447849,Transaction 4180
TXN00004181,101-001,6144.45,2025-09-16T09:52:45.447852,Transaction 4181
TXN00004182,101-002,6267.9,2025-09-16T09:52:45.447855,Transaction 4182
TXN00004183,101-003,6391.35,2025-09-16T09:52:45.447858,Transaction 4183
TXN00004184,101-004,6514.8,2025-09-16T09:52:45.447860,Transaction 4184
TXN00004185,101-005,6638.25,2025-09-16T09:52:45.447863,Transaction 4185
TXN00004186,101-006,6761.7,2025-09-16T09:52:45.447866,Transaction 4186
TXN00004187,101-007,6885.15,2025-09-16T09:52:45.447869,Transaction 4187
TXN00004188,101-008,7008.6,2025-09-16T09:52:45.447872,Transaction 4188
TXN00004189,101-009,7132.05,2025-09-16T09:52:45.447874,Transaction 4189
TXN00004190,101-000,7255.5,2025-09-16T09:52:45.447881,Transaction 4190
TXN00004191,101-001,7378.95,2025-09-16T09:52:45.447884,Transaction 4191
TXN00004192,101-002,7502.4,2025-09-16T09:52:45.447887,Transaction 4192
TXN00004193,101-003,7625.85,2025-09-16T09:52:45.447889,Transaction 4193
TXN00004194,101-004,7749.3,2025-09-16T09:52:45.447896,Transaction 4194
TXN00004195,101-005,7872.75,2025-09-16T09:52:45.447899,Transaction 4195
TXN00004196,101-006,7996.2,2025-09-16T09:52:45.447902,Transaction 4196
TXN00004197,101-007,8119.65,2025-09-16T09:52:45.447905,Transaction 4197
TXN00004198,101-008,8243.1,2025-09-16T09:52:45.447908,Transaction 4198
TXN00004199,101-009,8366.55,2025-09-16T09:52:45.447914,Transaction 4199
TXN00004200,101-000,8490.0,2025-09-16T09:52:45.447917,Transaction 4200
TXN00004201,101-001,8613.45,2025-09-16T09:52:45.447920,Transaction 4201
TXN00004202,101-002,8736.9,2025-09-16T09:52:45.447923,Transaction 4202
TXN00004203,101-003,8860.35,2025-09-16T09:52:45.447929,Transaction 4203
TXN00004204,101-004,8983.8,2025-09-16T09:52:45.447932,Transaction 4204
TXN00004205,101-005,9107.25,2025-09-16T09:52:45.447935,Transaction 4205
TXN00004206,101-006,9230.7,2025-09-16T09:52:45.447937,Transaction 4206
TXN00004207,101-007,9354.15,2025-09-16T09:52:45.447940,Transaction 4207
TXN00004208,101-008,9477.6,2025-09-16T09:52:45.447943,Transaction 4208
TXN00004209,101-009,9601.05,2025-09-16T09:52:45.447946,Transaction 4209
TXN00004210,101-000,9724.5,2025-09-16T09:52:45.447949,Transaction 4210
TXN00004211,101-001,9847.95,2025-09-16T09:52:45.447952,Transaction 4211
TXN00004212,101-002,9971.4,2025-09-16T09:52:45.447954,Transaction 4212
TXN00004213,101-003,94.85,2025-09-16T09:52:45.447957,Transaction 4213
TXN00004214,101-004,218.3,2025-09-16T09:52:45.447960,Transaction 4214
TXN00004215,101-005,341.75,2025-09-16T09:52:45.447967,Transaction 4215
TXN00004216,101-006,465.2,2025-09-16T09:52:45.447970,Transaction 4216
TXN00004217,101-007,588.65,2025-09-16T09:52:45.447972,Transaction 4217
TXN00004218,101-008,712.1,2025-09-16T09:52:45.447975,Transaction 4218
TXN00004219,101-009,835.55,2025-09-16T09:52:45.447978,Transaction 4219
TXN00004220,101-000,959.0,2025-09-16T09:52:45.447981,Transaction 4220
TXN00004221,101-001,1082.45,2025-09-16T09:52:45.447984,Transaction 4221
TXN00004222,101-002,1205.9,2025-09-16T09:52:45.447991,Transaction 4222
TXN00004223,101-003,1329.35,2025-09-16T09:52:45.447993,Transaction 4223
TXN00004224,101-004,1452.8,2025-09-16T09:52:45.447996,Transaction 4224
TXN00004225,101-005,1576.25,2025-09-16T09:52:45.447999,Transaction 4225
TXN00004226,101-006,1699.7,2025-09-16T09:52:45.448002,Transaction 4226
TXN00004227,101-007,1823.15,2025-09-16T09:52:45.448005,Transaction 4227
TXN00004228,101-008,1946.6,2025-09-16T09:52:45.448007,Transaction 4228
TXN00004229,101-009,2070.05,2025-09-16T09:52:45.448010,Transaction 4229
TXN00004230,101-000,2193.5,2025-09-16T09:52:45.448013,Transaction 4230
TXN00004231,101-001,2316.95,2025-09-16T09:52:45.448016,Transaction 4231
TXN00004232,101-002,2440.4,2025-09-16T09:52:45.448019,Transaction 4232
TXN00004233,101-003,2563.85,2025-09-16T09:52:45.448021,Transaction 4233
TXN00004234,101-004,2687.3,2025-09-16T09:52:45.448024,Transaction 4234
TXN00004235,101-005,2810.75,2025-09-16T09:52:45.448027,Transaction 4235
TXN00004236,101-006,2934.2,2025-09-16T09:52:45.448034,Transaction 4236
TXN00004237,101-007,3057.65,2025-09-16T09:52:45.448036,Transaction 4237
TXN00004238,101-008,3181.1,2025-09-16T09:52:45.448039,Transaction 4238
TXN00004239,101-009,3304.55,2025-09-16T09:52:45.448042,Transaction 4239
TXN00004240,101-000,3428.0,2025-09-16T09:52:45.448047,Transaction 4240
TXN00004241,101-001,3551.45,2025-09-16T09:52:45.448052,Transaction 4241
TXN00004242,101-002,3674.9,2025-09-16T09:52:45.448054,Transaction 4242
TXN00004243,101-003,3798.35,2025-09-16T09:52:45.448057,Transaction 4243
TXN00004244,101-004,3921.8,2025-09-16T09:52:45.448060,Transaction 4244
TXN00004245,101-005,4045.25,2025-09-16T09:52:45.448063,Transaction 4245
TXN00004246,101-006,4168.7,2025-09-16T09:52:45.448065,Transaction 4246
TXN00004247,101-007,4292.15,2025-09-16T09:52:45.448068,Transaction 4247
TXN00004248,101-008,4415.6,2025-09-16T09:52:45.448071,Transaction 4248
TXN00004249,101-009,4539.05,2025-09-16T09:52:45.448074,Transaction 4249
TXN00004250,101-000,4662.5,2025-09-16T09:52:45.448080,Transaction 4250
TXN00004251,101-001,4785.95,2025-09-16T09:52:45.448084,Transaction 4251
TXN00004252,101-002,4909.4,2025-09-16T09:52:45.448087,Transaction 4252
TXN00004253,101-003,5032.85,2025-09-16T09:52:45.448090,Transaction 4253
TXN00004254,101-004,5156.3,2025-09-16T09:52:45.448097,Transaction 4254
TXN00004255,101-005,5279.75,2025-09-16T09:52:45.448100,Transaction 4255
TXN00004256,101-006,5403.2,2025-09-16T09:52:45.448102,Transaction 4256
TXN00004257,101-007,5526.65,2025-09-16T09:52:45.448109,Transaction 4257
TXN00004258,101-008,5650.1,2025-09-16T09:52:45.448112,Transaction 4258
TXN00004259,101-009,5773.55,2025-09-16T09:52:45.448115,Transaction 4259
TXN00004260,101-000,5897.0,2025-09-16T09:52:45.448117,Transaction 4260
TXN00004261,101-001,6020.45,2025-09-16T09:52:45.448120,Transaction 4261
TXN00004262,101-002,6143.9,2025-09-16T09:52:45.448123,Transaction 4262
TXN00004263,101-003,6267.35,2025-09-16T09:52:45.448126,Transaction 4263
TXN00004264,101-004,6390.8,2025-09-16T09:52:45.448129,Transaction 4264
TXN00004265,101-005,6514.25,2025-09-16T09:52:45.448131,Transaction 4265
TXN00004266,101-006,6637.7,2025-09-16T09:52:45.448134,Transaction 4266
TXN00004267,101-007,6761.15,2025-09-16T09:52:45.448137,Transaction 4267
TXN00004268,101-008,6884.6,2025-09-16T09:52:45.448140,Transaction 4268
TXN00004269,101-009,7008.05,2025-09-16T09:52:45.448142,Transaction 4269
TXN00004270,101-000,7131.5,2025-09-16T09:52:45.448145,Transaction 4270
TXN00004271,101-001,7254.95,2025-09-16T09:52:45.448148,Transaction 4271
TXN00004272,101-002,7378.4,2025-09-16T09:52:45.448151,Transaction 4272
TXN00004273,101-003,7501.85,2025-09-16T09:52:45.448153,Transaction 4273
TXN00004274,101-004,7625.3,2025-09-16T09:52:45.448156,Transaction 4274
TXN00004275,101-005,7748.75,2025-09-16T09:52:45.448159,Transaction 4275
TXN00004276,101-006,7872.2,2025-09-16T09:52:45.448162,Transaction 4276
TXN00004277,101-007,7995.65,2025-09-16T09:52:45.448164,Transaction 4277
TXN00004278,101-008,8119.1,2025-09-16T09:52:45.448167,Transaction 4278
TXN00004279,101-009,8242.55,2025-09-16T09:52:45.448174,Transaction 4279
TXN00004280,101-000,8366.0,2025-09-16T09:52:45.448177,Transaction 4280
TXN00004281,101-001,8489.45,2025-09-16T09:52:45.448180,Transaction 4281
TXN00004282,101-002,8612.9,2025-09-16T09:52:45.448183,Transaction 4282
TXN00004283,101-003,8736.35,2025-09-16T09:52:45.448186,Transaction 4283
TXN00004284,101-004,8859.8,2025-09-16T09:52:45.448188,Transaction 4284
TXN00004285,101-005,8983.25,2025-09-16T09:52:45.448191,Transaction 4285
TXN00004286,101-006,9106.7,2025-09-16T09:52:45.448206,Transaction 4286
TXN00004287,101-007,9230.15,2025-09-16T09:52:45.448209,Transaction 4287
TXN00004288,101-008,9353.6,2025-09-16T09:52:45.448216,Transaction 4288
TXN00004289,101-009,9477.05,2025-09-16T09:52:45.448219,Transaction 4289
TXN00004290,101-000,9600.5,2025-09-16T09:52:45.448222,Transaction 4290
TXN00004291,101-001,9723.95,2025-09-16T09:52:45.448224,Transaction 4291
TXN00004292,101-002,9847.4,2025-09-16T09:52:45.448227,Transaction 4292
TXN00004293,101-003,9970.85,2025-09-16T09:52:45.448230,Transaction 4293
TXN00004294,101-004,94.3,2025-09-16T09:52:45.448233,Transaction 4294
TXN00004295,101-005,217.75,2025-09-16T09:52:45.448236,Transaction 4295
TXN00004296,101-006,341.2,2025-09-16T09:52:45.448238,Transaction 4296
TXN00004297,101-007,464.65,2025-09-16T09:52:45.448241,Transaction 4297
TXN00004298,101-008,588.1,2025-09-16T09:52:45.448244,Transaction 4298
TXN00004299,101-009,711.55,2025-09-16T09:52:45.448247,Transaction 4299
TXN00004300,101-000,835.0,2025-09-16T09:52:45.448254,Transaction 4300
TXN00004301,101-001,958.45,2025-09-16T09:52:45.448260,Transaction 4301
TXN00004302,101-002,1081.9,2025-09-16T09:52:45.448263,Transaction 4302
TXN00004303,101-003,1205.35,2025-09-16T09:52:45.448266,Transaction 4303
TXN00004304,101-004,1328.8,2025-09-16T09:52:45.448268,Transaction 4304
TXN00004305,101-005,1452.25,2025-09-16T09:52:45.448271,Transaction 4305
TXN00004306,101-006,1575.7,2025-09-16T09:52:45.448274,Transaction 4306
TXN00004307,101-007,1699.15,2025-09-16T09:52:45.448277,Transaction 4307
TXN00004308,101-008,1822.6,2025-09-16T09:52:45.448280,Transaction 4308
TXN00004309,101-009,1946.05,2025-09-16T09:52:45.448283,Transaction 4309
TXN00004310,101-000,2069.5,2025-09-16T09:52:45.448285,Transaction 4310
TXN00004311,101-001,2192.95,2025-09-16T09:52:45.448288,Transaction 4311
TXN00004312,101-002,2316.4,2025-09-16T09:52:45.448291,Transaction 4312
TXN00004313,101-003,2439.85,2025-09-16T09:52:45.448294,Transaction 4313
TXN00004314,101-004,2563.3,2025-09-16T09:52:45.448297,Transaction 4314
TXN00004315,101-005,2686.75,2025-09-16T09:52:45.448299,Transaction 4315
TXN00004316,101-006,2810.2,2025-09-16T09:52:45.448302,Transaction 4316
TXN00004317,101-007,2933.65,2025-09-16T09:52:45.448309,Transaction 4317
TXN00004318,101-008,3057.1,2025-09-16T09:52:45.448312,Transaction 4318
TXN00004319,101-009,3180.55,2025-09-16T09:52:45.448315,Transaction 4319
TXN00004320,101-000,3304.0,2025-09-16T09:52:45.448318,Transaction 4320
TXN00004321,101-001,3427.45,2025-09-16T09:52:45.448324,Transaction 4321
TXN00004322,101-002,3550.9,2025-09-16T09:52:45.448327,Transaction 4322
TXN00004323,101-003,3674.35,2025-09-16T09:52:45.448330,Transaction 4323
TXN00004324,101-004,3797.8,2025-09-16T09:52:45.448333,Transaction 4324
TXN00004325,101-005,3921.25,2025-09-16T09:52:45.448335,Transaction 4325
TXN00004326,101-006,4044.7,2025-09-16T09:52:45.448338,Transaction 4326
TXN00004327,101-007,4168.15,2025-09-16T09:52:45.448341,Transaction 4327
TXN00004328,101-008,4291.6,2025-09-16T09:52:45.448344,Transaction 4328
TXN00004329,101-009,4415.05,2025-09-16T09:52:45.448346,Transaction 4329
TXN00004330,101-000,4538.5,2025-09-16T09:52:45.448349,Transaction 4330
TXN00004331,101-001,4661.95,2025-09-16T09:52:45.448352,Transaction 4331
TXN00004332,101-002,4785.4,2025-09-16T09:52:45.448355,Transaction 4332
TXN00004333,101-003,4908.85,2025-09-16T09:52:45.448357,Transaction 4333
TXN00004334,101-004,5032.3,2025-09-16T09:52:45.448360,Transaction 4334
TXN00004335,101-005,5155.75,2025-09-16T09:52:45.448363,Transaction 4335
TXN00004336,101-006,5279.2,2025-09-16T09:52:45.448366,Transaction 4336
TXN00004337,101-007,5402.65,2025-09-16T09:52:45.448368,Transaction 4337
TXN00004338,101-008,5526.1,2025-09-16T09:52:45.448371,Transaction 4338
TXN00004339,101-009,5649.55,2025-09-16T09:52:45.448374,Transaction 4339
TXN00004340,101-000,5773.0,2025-09-16T09:52:45.448377,Transaction 4340
TXN00004341,101-001,5896.45,2025-09-16T09:52:45.448379,Transaction 4341
TXN00004342,101-002,6019.9,2025-09-16T09:52:45.448386,Transaction 4342
TXN00004343,101-003,6143.35,2025-09-16T09:52:45.448389,Transaction 4343
TXN00004344,101-004,6266.8,2025-09-16T09:52:45.448392,Transaction 4344
TXN00004345,101-005,6390.25,2025-09-16T09:52:45.448395,Transaction 4345
TXN00004346,101-006,6513.7,2025-09-16T09:52:45.448397,Transaction 4346
TXN00004347,101-007,6637.15,2025-09-16T09:52:45.448400,Transaction 4347
TXN00004348,101-008,6760.6,2025-09-16T09:52:45.448403,Transaction 4348
TXN00004349,101-009,6884.05,2025-09-16T09:52:45.448409,Transaction 4349
TXN00004350,101-000,7007.5,2025-09-16T09:52:45.448412,Transaction 4350
TXN00004351,101-001,7130.95,2025-09-16T09:52:45.448415,Transaction 4351
TXN00004352,101-002,7254.4,2025-09-16T09:52:45.448418,Transaction 4352
TXN00004353,101-003,7377.85,2025-09-16T09:52:45.448425,Transaction 4353
TXN00004354,101-004,7501.3,2025-09-16T09:52:45.448428,Transaction 4354
TXN00004355,101-005,7624.75,2025-09-16T09:52:45.448430,Transaction 4355
TXN00004356,101-006,7748.2,2025-09-16T09:52:45.448433,Transaction 4356
TXN00004357,101-007,7871.65,2025-09-16T09:52:45.448436,Transaction 4357
TXN00004358,101-008,7995.1,2025-09-16T09:52:45.448439,Transaction 4358
TXN00004359,101-009,8118.55,2025-09-16T09:52:45.448441,Transaction 4359
TXN00004360,101-000,8242.0,2025-09-16T09:52:45.448444,Transaction 4360
TXN00004361,101-001,8365.45,2025-09-16T09:52:45.448447,Transaction 4361
TXN00004362,101-002,8488.9,2025-09-16T09:52:45.448450,Transaction 4362
TXN00004363,101-003,8612.35,2025-09-16T09:52:45.448452,Transaction 4363
TXN00004364,101-004,8735.8,2025-09-16T09:52:45.448459,Transaction 4364
TXN00004365,101-005,8859.25,2025-09-16T09:52:45.448462,Transaction 4365
TXN00004366,101-006,8982.7,2025-09-16T09:52:45.448465,Transaction 4366
TXN00004367,101-007,9106.15,2025-09-16T09:52:45.448468,Transaction 4367
TXN00004368,101-008,9229.6,2025-09-16T09:52:45.448470,Transaction 4368
TXN00004369,101-009,9353.05,2025-09-16T09:52:45.448473,Transaction 4369
TXN00004370,101-000,9476.5,2025-09-16T09:52:45.448476,Transaction 4370
TXN00004371,101-001,9599.95,2025-09-16T09:52:45.448479,Transaction 4371
TXN00004372,101-002,9723.4,2025-09-16T09:52:45.448481,Transaction 4372
TXN00004373,101-003,9846.85,2025-09-16T09:52:45.448488,Transaction 4373
TXN00004374,101-004,9970.3,2025-09-16T09:52:45.448491,Transaction 4374
TXN00004375,101-005,93.75,2025-09-16T09:52:45.448494,Transaction 4375
TXN00004376,101-006,217.2,2025-09-16T09:52:45.448496,Transaction 4376
TXN00004377,101-007,340.65,2025-09-16T09:52:45.448499,Transaction 4377
TXN00004378,101-008,464.1,2025-09-16T09:52:45.448502,Transaction 4378
TXN00004379,101-009,587.55,2025-09-16T09:52:45.448505,Transaction 4379
TXN00004380,101-000,711.0,2025-09-16T09:52:45.448507,Transaction 4380
TXN00004381,101-001,834.45,2025-09-16T09:52:45.448514,Transaction 4381
TXN00004382,101-002,957.9,2025-09-16T09:52:45.448517,Transaction 4382
TXN00004383,101-003,1081.35,2025-09-16T09:52:45.448520,Transaction 4383
TXN00004384,101-004,1204.8,2025-09-16T09:52:45.448522,Transaction 4384
TXN00004385,101-005,1328.25,2025-09-16T09:52:45.448529,Transaction 4385
TXN00004386,101-006,1451.7,2025-09-16T09:52:45.448532,Transaction 4386
TXN00004387,101-007,1575.15,2025-09-16T09:52:45.448535,Transaction 4387
TXN00004388,101-008,1698.6,2025-09-16T09:52:45.448537,Transaction 4388
TXN00004389,101-009,1822.05,2025-09-16T09:52:45.448540,Transaction 4389
TXN00004390,101-000,1945.5,2025-09-16T09:52:45.448543,Transaction 4390
TXN00004391,101-001,2068.95,2025-09-16T09:52:45.448546,Transaction 4391
TXN00004392,101-002,2192.4,2025-09-16T09:52:45.448548,Transaction 4392
TXN00004393,101-003,2315.85,2025-09-16T09:52:45.448551,Transaction 4393
TXN00004394,101-004,2439.3,2025-09-16T09:52:45.448554,Transaction 4394
TXN00004395,101-005,2562.75,2025-09-16T09:52:45.448557,Transaction 4395
TXN00004396,101-006,2686.2,2025-09-16T09:52:45.448560,Transaction 4396
TXN00004397,101-007,2809.65,2025-09-16T09:52:45.448562,Transaction 4397
TXN00004398,101-008,2933.1,2025-09-16T09:52:45.448565,Transaction 4398
TXN00004399,101-009,3056.55,2025-09-16T09:52:45.448568,Transaction 4399
TXN00004400,101-000,3180.0,2025-09-16T09:52:45.448571,Transaction 4400
TXN00004401,101-001,3303.45,2025-09-16T09:52:45.448574,Transaction 4401
TXN00004402,101-002,3426.9,2025-09-16T09:52:45.448577,Transaction 4402
TXN00004403,101-003,3550.35,2025-09-16T09:52:45.448583,Transaction 4403
TXN00004404,101-004,3673.8,2025-09-16T09:52:45.448586,Transaction 4404
TXN00004405,101-005,3797.25,2025-09-16T09:52:45.448589,Transaction 4405
TXN00004406,101-006,3920.7,2025-09-16T09:52:45.448595,Transaction 4406
TXN00004407,101-007,4044.15,2025-09-16T09:52:45.448598,Transaction 4407
TXN00004408,101-008,4167.6,2025-09-16T09:52:45.448601,Transaction 4408
TXN00004409,101-009,4291.05,2025-09-16T09:52:45.448604,Transaction 4409
TXN00004410,101-000,4414.5,2025-09-16T09:52:45.448606,Transaction 4410
TXN00004411,101-001,4537.95,2025-09-16T09:52:45.448609,Transaction 4411
TXN00004412,101-002,4661.4,2025-09-16T09:52:45.448612,Transaction 4412
TXN00004413,101-003,4784.85,2025-09-16T09:52:45.448623,Transaction 4413
TXN00004414,101-004,4908.3,2025-09-16T09:52:45.448635,Transaction 4414
TXN00004415,101-005,5031.75,2025-09-16T09:52:45.448638,Transaction 4415
TXN00004416,101-006,5155.2,2025-09-16T09:52:45.448641,Transaction 4416
TXN00004417,101-007,5278.65,2025-09-16T09:52:45.448643,Transaction 4417
TXN00004418,101-008,5402.1,2025-09-16T09:52:45.448646,Transaction 4418
TXN00004419,101-009,5525.55,2025-09-16T09:52:45.448649,Transaction 4419
TXN00004420,101-000,5649.0,2025-09-16T09:52:45.448652,Transaction 4420
TXN00004421,101-001,5772.45,2025-09-16T09:52:45.448655,Transaction 4421
TXN00004422,101-002,5895.9,2025-09-16T09:52:45.448657,Transaction 4422
TXN00004423,101-003,6019.35,2025-09-16T09:52:45.448660,Transaction 4423
TXN00004424,101-004,6142.8,2025-09-16T09:52:45.448663,Transaction 4424
TXN00004425,101-005,6266.25,2025-09-16T09:52:45.448666,Transaction 4425
TXN00004426,101-006,6389.7,2025-09-16T09:52:45.448668,Transaction 4426
TXN00004427,101-007,6513.15,2025-09-16T09:52:45.448675,Transaction 4427
TXN00004428,101-008,6636.6,2025-09-16T09:52:45.448678,Transaction 4428
TXN00004429,101-009,6760.05,2025-09-16T09:52:45.448681,Transaction 4429
TXN00004430,101-000,6883.5,2025-09-16T09:52:45.448684,Transaction 4430
TXN00004431,101-001,7006.95,2025-09-16T09:52:45.448687,Transaction 4431
TXN00004432,101-002,7130.4,2025-09-16T09:52:45.448689,Transaction 4432
TXN00004433,101-003,7253.85,2025-09-16T09:52:45.448692,Transaction 4433
TXN00004434,101-004,7377.3,2025-09-16T09:52:45.448695,Transaction 4434
TXN00004435,101-005,7500.75,2025-09-16T09:52:45.448698,Transaction 4435
TXN00004436,101-006,7624.2,2025-09-16T09:52:45.448700,Transaction 4436
TXN00004437,101-007,7747.65,2025-09-16T09:52:45.448703,Transaction 4437
TXN00004438,101-008,7871.1,2025-09-16T09:52:45.448706,Transaction 4438
TXN00004439,101-009,7994.55,2025-09-16T09:52:45.448709,Transaction 4439
TXN00004440,101-000,8118.0,2025-09-16T09:52:45.448711,Transaction 4440
TXN00004441,101-001,8241.45,2025-09-16T09:52:45.448714,Transaction 4441
TXN00004442,101-002,8364.9,2025-09-16T09:52:45.448717,Transaction 4442
TXN00004443,101-003,8488.35,2025-09-16T09:52:45.448720,Transaction 4443
TXN00004444,101-004,8611.8,2025-09-16T09:52:45.448726,Transaction 4444
TXN00004445,101-005,8735.25,2025-09-16T09:52:45.448729,Transaction 4445
TXN00004446,101-006,8858.7,2025-09-16T09:52:45.448732,Transaction 4446
TXN00004447,101-007,8982.15,2025-09-16T09:52:45.448735,Transaction 4447
TXN00004448,101-008,9105.6,2025-09-16T09:52:45.448737,Transaction 4448
TXN00004449,101-009,9229.05,2025-09-16T09:52:45.448744,Transaction 4449
TXN00004450,101-000,9352.5,2025-09-16T09:52:45.448747,Transaction 4450
TXN00004451,101-001,9475.95,2025-09-16T09:52:45.448750,Transaction 4451
TXN00004452,101-002,9599.4,2025-09-16T09:52:45.448752,Transaction 4452
TXN00004453,101-003,9722.85,2025-09-16T09:52:45.448755,Transaction 4453
TXN00004454,101-004,9846.3,2025-09-16T09:52:45.448762,Transaction 4454
TXN00004455,101-005,9969.75,2025-09-16T09:52:45.448764,Transaction 4455
TXN00004456,101-006,93.2,2025-09-16T09:52:45.448767,Transaction 4456
TXN00004457,101-007,216.65,2025-09-16T09:52:45.448770,Transaction 4457
TXN00004458,101-008,340.1,2025-09-16T09:52:45.448773,Transaction 4458
TXN00004459,101-009,463.55,2025-09-16T09:52:45.448780,Transaction 4459
TXN00004460,101-000,587.0,2025-09-16T09:52:45.448783,Transaction 4460
TXN00004461,101-001,710.45,2025-09-16T09:52:45.448786,Transaction 4461
TXN00004462,101-002,833.9,2025-09-16T09:52:45.448788,Transaction 4462
TXN00004463,101-003,957.35,2025-09-16T09:52:45.448791,Transaction 4463
TXN00004464,101-004,1080.8,2025-09-16T09:52:45.448794,Transaction 4464
TXN00004465,101-005,1204.25,2025-09-16T09:52:45.448797,Transaction 4465
TXN00004466,101-006,1327.7,2025-09-16T09:52:45.448799,Transaction 4466
TXN00004467,101-007,1451.15,2025-09-16T09:52:45.448802,Transaction 4467
TXN00004468,101-008,1574.6,2025-09-16T09:52:45.448805,Transaction 4468
TXN00004469,101-009,1698.05,2025-09-16T09:52:45.448808,Transaction 4469
TXN00004470,101-000,1821.5,2025-09-16T09:52:45.448814,Transaction 4470
TXN00004471,101-001,1944.95,2025-09-16T09:52:45.448817,Transaction 4471
TXN00004472,101-002,2068.4,2025-09-16T09:52:45.448820,Transaction 4472
TXN00004473,101-003,2191.85,2025-09-16T09:52:45.448823,Transaction 4473
TXN00004474,101-004,2315.3,2025-09-16T09:52:45.448825,Transaction 4474
TXN00004475,101-005,2438.75,2025-09-16T09:52:45.448828,Transaction 4475
TXN00004476,101-006,2562.2,2025-09-16T09:52:45.448834,Transaction 4476
TXN00004477,101-007,2685.65,2025-09-16T09:52:45.448837,Transaction 4477
TXN00004478,101-008,2809.1,2025-09-16T09:52:45.448840,Transaction 4478
TXN00004479,101-009,2932.55,2025-09-16T09:52:45.448843,Transaction 4479
TXN00004480,101-000,3056.0,2025-09-16T09:52:45.448846,Transaction 4480
TXN00004481,101-001,3179.45,2025-09-16T09:52:45.448849,Transaction 4481
TXN00004482,101-002,3302.9,2025-09-16T09:52:45.448851,Transaction 4482
TXN00004483,101-003,3426.35,2025-09-16T09:52:45.448854,Transaction 4483
TXN00004484,101-004,3549.8,2025-09-16T09:52:45.448857,Transaction 4484
TXN00004485,101-005,3673.25,2025-09-16T09:52:45.448860,Transaction 4485
TXN00004486,101-006,3796.7,2025-09-16T09:52:45.448862,Transaction 4486
TXN00004487,101-007,3920.15,2025-09-16T09:52:45.448865,Transaction 4487
TXN00004488,101-008,4043.6,2025-09-16T09:52:45.448868,Transaction 4488
TXN00004489,101-009,4167.05,2025-09-16T09:52:45.448871,Transaction 4489
TXN00004490,101-000,4290.5,2025-09-16T09:52:45.448873,Transaction 4490
TXN00004491,101-001,4413.95,2025-09-16T09:52:45.448880,Transaction 4491
TXN00004492,101-002,4537.4,2025-09-16T09:52:45.448883,Transaction 4492
TXN00004493,101-003,4660.85,2025-09-16T09:52:45.448885,Transaction 4493
TXN00004494,101-004,4784.3,2025-09-16T09:52:45.448888,Transaction 4494
TXN00004495,101-005,4907.75,2025-09-16T09:52:45.448891,Transaction 4495
TXN00004496,101-006,5031.2,2025-09-16T09:52:45.448894,Transaction 4496
TXN00004497,101-007,5154.65,2025-09-16T09:52:45.448896,Transaction 4497
TXN00004498,101-008,5278.1,2025-09-16T09:52:45.448899,Transaction 4498
TXN00004499,101-009,5401.55,2025-09-16T09:52:45.448902,Transaction 4499
TXN00004500,101-000,5525.0,2025-09-16T09:52:45.448905,Transaction 4500
TXN00004501,101-001,5648.45,2025-09-16T09:52:45.448907,Transaction 4501
TXN00004502,101-002,5771.9,2025-09-16T09:52:45.448910,Transaction 4502
TXN00004503,101-003,5895.35,2025-09-16T09:52:45.448913,Transaction 4503
TXN00004504,101-004,6018.8,2025-09-16T09:52:45.448916,Transaction 4504
TXN00004505,101-005,6142.25,2025-09-16T09:52:45.448923,Transaction 4505
TXN00004506,101-006,6265.7,2025-09-16T09:52:45.448925,Transaction 4506
TXN00004507,101-007,6389.15,2025-09-16T09:52:45.448928,Transaction 4507
TXN00004508,101-008,6512.6,2025-09-16T09:52:45.448935,Transaction 4508
TXN00004509,101-009,6636.05,2025-09-16T09:52:45.448937,Transaction 4509
TXN00004510,101-000,6759.5,2025-09-16T09:52:45.448940,Transaction 4510
TXN00004511,101-001,6882.95,2025-09-16T09:52:45.448943,Transaction 4511
TXN00004512,101-002,7006.4,2025-09-16T09:52:45.448949,Transaction 4512
TXN00004513,101-003,7129.85,2025-09-16T09:52:45.448952,Transaction 4513
TXN00004514,101-004,7253.3,2025-09-16T09:52:45.448955,Transaction 4514
TXN00004515,101-005,7376.75,2025-09-16T09:52:45.448958,Transaction 4515
TXN00004516,101-006,7500.2,2025-09-16T09:52:45.448961,Transaction 4516
TXN00004517,101-007,7623.65,2025-09-16T09:52:45.448963,Transaction 4517
TXN00004518,101-008,7747.1,2025-09-16T09:52:45.448966,Transaction 4518
TXN00004519,101-009,7870.55,2025-09-16T09:52:45.448969,Transaction 4519
TXN00004520,101-000,7994.0,2025-09-16T09:52:45.448972,Transaction 4520
TXN00004521,101-001,8117.45,2025-09-16T09:52:45.448974,Transaction 4521
TXN00004522,101-002,8240.9,2025-09-16T09:52:45.448980,Transaction 4522
TXN00004523,101-003,8364.35,2025-09-16T09:52:45.448984,Transaction 4523
TXN00004524,101-004,8487.8,2025-09-16T09:52:45.448987,Transaction 4524
TXN00004525,101-005,8611.25,2025-09-16T09:52:45.448990,Transaction 4525
TXN00004526,101-006,8734.7,2025-09-16T09:52:45.448993,Transaction 4526
TXN00004527,101-007,8858.15,2025-09-16T09:52:45.448995,Transaction 4527
TXN00004528,101-008,8981.6,2025-09-16T09:52:45.448998,Transaction 4528
TXN00004529,101-009,9105.05,2025-09-16T09:52:45.449001,Transaction 4529
TXN00004530,101-000,9228.5,2025-09-16T09:52:45.449004,Transaction 4530
TXN00004531,101-001,9351.95,2025-09-16T09:52:45.449007,Transaction 4531
TXN00004532,101-002,9475.4,2025-09-16T09:52:45.449009,Transaction 4532
TXN00004533,101-003,9598.85,2025-09-16T09:52:45.449012,Transaction 4533
TXN00004534,101-004,9722.3,2025-09-16T09:52:45.449019,Transaction 4534
TXN00004535,101-005,9845.75,2025-09-16T09:52:45.449022,Transaction 4535
TXN00004536,101-006,9969.2,2025-09-16T09:52:45.449025,Transaction 4536
TXN00004537,101-007,92.65,2025-09-16T09:52:45.449028,Transaction 4537
TXN00004538,101-008,216.1,2025-09-16T09:52:45.449031,Transaction 4538
TXN00004539,101-009,339.55,2025-09-16T09:52:45.449034,Transaction 4539
TXN00004540,101-000,463.0,2025-09-16T09:52:45.449040,Transaction 4540
TXN00004541,101-001,586.45,2025-09-16T09:52:45.449043,Transaction 4541
TXN00004542,101-002,709.9,2025-09-16T09:52:45.449055,Transaction 4542
TXN00004543,101-003,833.35,2025-09-16T09:52:45.449061,Transaction 4543
TXN00004544,101-004,956.8,2025-09-16T09:52:45.449064,Transaction 4544
TXN00004545,101-005,1080.25,2025-09-16T09:52:45.449067,Transaction 4545
TXN00004546,101-006,1203.7,2025-09-16T09:52:45.449070,Transaction 4546
TXN00004547,101-007,1327.15,2025-09-16T09:52:45.449073,Transaction 4547
TXN00004548,101-008,1450.6,2025-09-16T09:52:45.449075,Transaction 4548
TXN00004549,101-009,1574.05,2025-09-16T09:52:45.449078,Transaction 4549
TXN00004550,101-000,1697.5,2025-09-16T09:52:45.449081,Transaction 4550
TXN00004551,101-001,1820.95,2025-09-16T09:52:45.449084,Transaction 4551
TXN00004552,101-002,1944.4,2025-09-16T09:52:45.449087,Transaction 4552
TXN00004553,101-003,2067.85,2025-09-16T09:52:45.449090,Transaction 4553
TXN00004554,101-004,2191.3,2025-09-16T09:52:45.449092,Transaction 4554
TXN00004555,101-005,2314.75,2025-09-16T09:52:45.449099,Transaction 4555
TXN00004556,101-006,2438.2,2025-09-16T09:52:45.449102,Transaction 4556
TXN00004557,101-007,2561.65,2025-09-16T09:52:45.449109,Transaction 4557
TXN00004558,101-008,2685.1,2025-09-16T09:52:45.449112,Transaction 4558
TXN00004559,101-009,2808.55,2025-09-16T09:52:45.449115,Transaction 4559
TXN00004560,101-000,2932.0,2025-09-16T09:52:45.449117,Transaction 4560
TXN00004561,101-001,3055.45,2025-09-16T09:52:45.449120,Transaction 4561
TXN00004562,101-002,3178.9,2025-09-16T09:52:45.449123,Transaction 4562
TXN00004563,101-003,3302.35,2025-09-16T09:52:45.449126,Transaction 4563
TXN00004564,101-004,3425.8,2025-09-16T09:52:45.449129,Transaction 4564
TXN00004565,101-005,3549.25,2025-09-16T09:52:45.449132,Transaction 4565
TXN00004566,101-006,3672.7,2025-09-16T09:52:45.449146,Transaction 4566
TXN00004567,101-007,3796.15,2025-09-16T09:52:45.449151,Transaction 4567
TXN00004568,101-008,3919.6,2025-09-16T09:52:45.449156,Transaction 4568
TXN00004569,101-009,4043.05,2025-09-16T09:52:45.449159,Transaction 4569
TXN00004570,101-000,4166.5,2025-09-16T09:52:45.449175,Transaction 4570
TXN00004571,101-001,4289.95,2025-09-16T09:52:45.449183,Transaction 4571
TXN00004572,101-002,4413.4,2025-09-16T09:52:45.449188,Transaction 4572
TXN00004573,101-003,4536.85,2025-09-16T09:52:45.449193,Transaction 4573
TXN00004574,101-004,4660.3,2025-09-16T09:52:45.449206,Transaction 4574
TXN00004575,101-005,4783.75,2025-09-16T09:52:45.449213,Transaction 4575
TXN00004576,101-006,4907.2,2025-09-16T09:52:45.449226,Transaction 4576
TXN00004577,101-007,5030.65,2025-09-16T09:52:45.449231,Transaction 4577
TXN00004578,101-008,5154.1,2025-09-16T09:52:45.449236,Transaction 4578
TXN00004579,101-009,5277.55,2025-09-16T09:52:45.449241,Transaction 4579
TXN00004580,101-000,5401.0,2025-09-16T09:52:45.449277,Transaction 4580
TXN00004581,101-001,5524.45,2025-09-16T09:52:45.449284,Transaction 4581
TXN00004582,101-002,5647.9,2025-09-16T09:52:45.449287,Transaction 4582
TXN00004583,101-003,5771.35,2025-09-16T09:52:45.449290,Transaction 4583
TXN00004584,101-004,5894.8,2025-09-16T09:52:45.449293,Transaction 4584
TXN00004585,101-005,6018.25,2025-09-16T09:52:45.449296,Transaction 4585
TXN00004586,101-006,6141.7,2025-09-16T09:52:45.449299,Transaction 4586
TXN00004587,101-007,6265.15,2025-09-16T09:52:45.449302,Transaction 4587
TXN00004588,101-008,6388.6,2025-09-16T09:52:45.449305,Transaction 4588
TXN00004589,101-009,6512.05,2025-09-16T09:52:45.449307,Transaction 4589
TXN00004590,101-000,6635.5,2025-09-16T09:52:45.449310,Transaction 4590
TXN00004591,101-001,6758.95,2025-09-16T09:52:45.449313,Transaction 4591
TXN00004592,101-002,6882.4,2025-09-16T09:52:45.449316,Transaction 4592
TXN00004593,101-003,7005.85,2025-09-16T09:52:45.449319,Transaction 4593
TXN00004594,101-004,7129.3,2025-09-16T09:52:45.449321,Transaction 4594
TXN00004595,101-005,7252.75,2025-09-16T09:52:45.449324,Transaction 4595
TXN00004596,101-006,7376.2,2025-09-16T09:52:45.449327,Transaction 4596
TXN00004597,101-007,7499.65,2025-09-16T09:52:45.449338,Transaction 4597
TXN00004598,101-008,7623.1,2025-09-16T09:52:45.449341,Transaction 4598
TXN00004599,101-009,7746.55,2025-09-16T09:52:45.449344,Transaction 4599
TXN00004600,101-000,7870.0,2025-09-16T09:52:45.449347,Transaction 4600
TXN00004601,101-001,7993.45,2025-09-16T09:52:45.449350,Transaction 4601
TXN00004602,101-002,8116.9,2025-09-16T09:52:45.449352,Transaction 4602
TXN00004603,101-003,8240.35,2025-09-16T09:52:45.449360,Transaction 4603
TXN00004604,101-004,8363.8,2025-09-16T09:52:45.449363,Transaction 4604
TXN00004605,101-005,8487.25,2025-09-16T09:52:45.449365,Transaction 4605
TXN00004606,101-006,8610.7,2025-09-16T09:52:45.449368,Transaction 4606
TXN00004607,101-007,8734.15,2025-09-16T09:52:45.449375,Transaction 4607
TXN00004608,101-008,8857.6,2025-09-16T09:52:45.449378,Transaction 4608
TXN00004609,101-009,8981.05,2025-09-16T09:52:45.449381,Transaction 4609
TXN00004610,101-000,9104.5,2025-09-16T09:52:45.449384,Transaction 4610
TXN00004611,101-001,9227.95,2025-09-16T09:52:45.449386,Transaction 4611
TXN00004612,101-002,9351.4,2025-09-16T09:52:45.449389,Transaction 4612
TXN00004613,101-003,9474.85,2025-09-16T09:52:45.449392,Transaction 4613
TXN00004614,101-004,9598.3,2025-09-16T09:52:45.449395,Transaction 4614
TXN00004615,101-005,9721.75,2025-09-16T09:52:45.449398,Transaction 4615
TXN00004616,101-006,9845.2,2025-09-16T09:52:45.449401,Transaction 4616
TXN00004617,101-007,9968.65,2025-09-16T09:52:45.449403,Transaction 4617
TXN00004618,101-008,92.1,2025-09-16T09:52:45.449406,Transaction 4618
TXN00004619,101-009,215.55,2025-09-16T09:52:45.449413,Transaction 4619
TXN00004620,101-000,339.0,2025-09-16T09:52:45.449416,Transaction 4620
TXN00004621,101-001,462.45,2025-09-16T09:52:45.449419,Transaction 4621
TXN00004622,101-002,585.9,2025-09-16T09:52:45.449422,Transaction 4622
TXN00004623,101-003,709.35,2025-09-16T09:52:45.449425,Transaction 4623
TXN00004624,101-004,832.8,2025-09-16T09:52:45.449428,Transaction 4624
TXN00004625,101-005,956.25,2025-09-16T09:52:45.449431,Transaction 4625
TXN00004626,101-006,1079.7,2025-09-16T09:52:45.449433,Transaction 4626
TXN00004627,101-007,1203.15,2025-09-16T09:52:45.449436,Transaction 4627
TXN00004628,101-008,1326.6,2025-09-16T09:52:45.449443,Transaction 4628
TXN00004629,101-009,1450.05,2025-09-16T09:52:45.449446,Transaction 4629
TXN00004630,101-000,1573.5,2025-09-16T09:52:45.449449,Transaction 4630
TXN00004631,101-001,1696.95,2025-09-16T09:52:45.449451,Transaction 4631
TXN00004632,101-002,1820.4,2025-09-16T09:52:45.449454,Transaction 4632
TXN00004633,101-003,1943.85,2025-09-16T09:52:45.449457,Transaction 4633
TXN00004634,101-004,2067.3,2025-09-16T09:52:45.449460,Transaction 4634
TXN00004635,101-005,2190.75,2025-09-16T09:52:45.449467,Transaction 4635
TXN00004636,101-006,2314.2,2025-09-16T09:52:45.449470,Transaction 4636
TXN00004637,101-007,2437.65,2025-09-16T09:52:45.449472,Transaction 4637
TXN00004638,101-008,2561.1,2025-09-16T09:52:45.449475,Transaction 4638
TXN00004639,101-009,2684.55,2025-09-16T09:52:45.449478,Transaction 4639
TXN00004640,101-000,2808.0,2025-09-16T09:52:45.449485,Transaction 4640
TXN00004641,101-001,2931.45,2025-09-16T09:52:45.449487,Transaction 4641
TXN00004642,101-002,3054.9,2025-09-16T09:52:45.449490,Transaction 4642
TXN00004643,101-003,3178.35,2025-09-16T09:52:45.449493,Transaction 4643
TXN00004644,101-004,3301.8,2025-09-16T09:52:45.449496,Transaction 4644
TXN00004645,101-005,3425.25,2025-09-16T09:52:45.449503,Transaction 4645
TXN00004646,101-006,3548.7,2025-09-16T09:52:45.449506,Transaction 4646
TXN00004647,101-007,3672.15,2025-09-16T09:52:45.449509,Transaction 4647
TXN00004648,101-008,3795.6,2025-09-16T09:52:45.449512,Transaction 4648
TXN00004649,101-009,3919.05,2025-09-16T09:52:45.449514,Transaction 4649
TXN00004650,101-000,4042.5,2025-09-16T09:52:45.449517,Transaction 4650
TXN00004651,101-001,4165.95,2025-09-16T09:52:45.449520,Transaction 4651
TXN00004652,101-002,4289.4,2025-09-16T09:52:45.449523,Transaction 4652
TXN00004653,101-003,4412.85,2025-09-16T09:52:45.449526,Transaction 4653
TXN00004654,101-004,4536.3,2025-09-16T09:52:45.449528,Transaction 4654
TXN00004655,101-005,4659.75,2025-09-16T09:52:45.449531,Transaction 4655
TXN00004656,101-006,4783.2,2025-09-16T09:52:45.449534,Transaction 4656
TXN00004657,101-007,4906.65,2025-09-16T09:52:45.449537,Transaction 4657
TXN00004658,101-008,5030.1,2025-09-16T09:52:45.449543,Transaction 4658
TXN00004659,101-009,5153.55,2025-09-16T09:52:45.449546,Transaction 4659
TXN00004660,101-000,5277.0,2025-09-16T09:52:45.449549,Transaction 4660
TXN00004661,101-001,5400.45,2025-09-16T09:52:45.449561,Transaction 4661
TXN00004662,101-002,5523.9,2025-09-16T09:52:45.449564,Transaction 4662
TXN00004663,101-003,5647.35,2025-09-16T09:52:45.449567,Transaction 4663
TXN00004664,101-004,5770.8,2025-09-16T09:52:45.449570,Transaction 4664
TXN00004665,101-005,5894.25,2025-09-16T09:52:45.449573,Transaction 4665
TXN00004666,101-006,6017.7,2025-09-16T09:52:45.449575,Transaction 4666
TXN00004667,101-007,6141.15,2025-09-16T09:52:45.449582,Transaction 4667
TXN00004668,101-008,6264.6,2025-09-16T09:52:45.449585,Transaction 4668
TXN00004669,101-009,6388.05,2025-09-16T09:52:45.449588,Transaction 4669
TXN00004670,101-000,6511.5,2025-09-16T09:52:45.449595,Transaction 4670
TXN00004671,101-001,6634.95,2025-09-16T09:52:45.449598,Transaction 4671
TXN00004672,101-002,6758.4,2025-09-16T09:52:45.449601,Transaction 4672
TXN00004673,101-003,6881.85,2025-09-16T09:52:45.449604,Transaction 4673
TXN00004674,101-004,7005.3,2025-09-16T09:52:45.449607,Transaction 4674
TXN00004675,101-005,7128.75,2025-09-16T09:52:45.449609,Transaction 4675
TXN00004676,101-006,7252.2,2025-09-16T09:52:45.449612,Transaction 4676
TXN00004677,101-007,7375.65,2025-09-16T09:52:45.449615,Transaction 4677
TXN00004678,101-008,7499.1,2025-09-16T09:52:45.449618,Transaction 4678
TXN00004679,101-009,7622.55,2025-09-16T09:52:45.449621,Transaction 4679
TXN00004680,101-000,7746.0,2025-09-16T09:52:45.449623,Transaction 4680
TXN00004681,101-001,7869.45,2025-09-16T09:52:45.449626,Transaction 4681
TXN00004682,101-002,7992.9,2025-09-16T09:52:45.449633,Transaction 4682
TXN00004683,101-003,8116.35,2025-09-16T09:52:45.449636,Transaction 4683
TXN00004684,101-004,8239.8,2025-09-16T09:52:45.449639,Transaction 4684
TXN00004685,101-005,8363.25,2025-09-16T09:52:45.449642,Transaction 4685
TXN00004686,101-006,8486.7,2025-09-16T09:52:45.449644,Transaction 4686
TXN00004687,101-007,8610.15,2025-09-16T09:52:45.449647,Transaction 4687
TXN00004688,101-008,8733.6,2025-09-16T09:52:45.449650,Transaction 4688
TXN00004689,101-009,8857.05,2025-09-16T09:52:45.449653,Transaction 4689
TXN00004690,101-000,8980.5,2025-09-16T09:52:45.449656,Transaction 4690
TXN00004691,101-001,9103.95,2025-09-16T09:52:45.449658,Transaction 4691
TXN00004692,101-002,9227.4,2025-09-16T09:52:45.449661,Transaction 4692
TXN00004693,101-003,9350.85,2025-09-16T09:52:45.449664,Transaction 4693
TXN00004694,101-004,9474.3,2025-09-16T09:52:45.449667,Transaction 4694
TXN00004695,101-005,9597.75,2025-09-16T09:52:45.449670,Transaction 4695
TXN00004696,101-006,9721.2,2025-09-16T09:52:45.449673,Transaction 4696
TXN00004697,101-007,9844.65,2025-09-16T09:52:45.449675,Transaction 4697
TXN00004698,101-008,9968.1,2025-09-16T09:52:45.449682,Transaction 4698
TXN00004699,101-009,91.55,2025-09-16T09:52:45.449685,Transaction 4699
TXN00004700,101-000,215.0,2025-09-16T09:52:45.449688,Transaction 4700
TXN00004701,101-001,338.45,2025-09-16T09:52:45.449691,Transaction 4701
TXN00004702,101-002,461.9,2025-09-16T09:52:45.449694,Transaction 4702
TXN00004703,101-003,585.35,2025-09-16T09:52:45.449697,Transaction 4703
TXN00004704,101-004,708.8,2025-09-16T09:52:45.449703,Transaction 4704
TXN00004705,101-005,832.25,2025-09-16T09:52:45.449706,Transaction 4705
TXN00004706,101-006,955.7,2025-09-16T09:52:45.449709,Transaction 4706
TXN00004707,101-007,1079.15,2025-09-16T09:52:45.449712,Transaction 4707
TXN00004708,101-008,1202.6,2025-09-16T09:52:45.449715,Transaction 4708
TXN00004709,101-009,1326.05,2025-09-16T09:52:45.449721,Transaction 4709
TXN00004710,101-000,1449.5,2025-09-16T09:52:45.449724,Transaction 4710
TXN00004711,101-001,1572.95,2025-09-16T09:52:45.449727,Transaction 4711
TXN00004712,101-002,1696.4,2025-09-16T09:52:45.449730,Transaction 4712
TXN00004713,101-003,1819.85,2025-09-16T09:52:45.449736,Transaction 4713
TXN00004714,101-004,1943.3,2025-09-16T09:52:45.449739,Transaction 4714
TXN00004715,101-005,2066.75,2025-09-16T09:52:45.449742,Transaction 4715
TXN00004716,101-006,2190.2,2025-09-16T09:52:45.449745,Transaction 4716
TXN00004717,101-007,2313.65,2025-09-16T09:52:45.449748,Transaction 4717
TXN00004718,101-008,2437.1,2025-09-16T09:52:45.449750,Transaction 4718
TXN00004719,101-009,2560.55,2025-09-16T09:52:45.449753,Transaction 4719
TXN00004720,101-000,2684.0,2025-09-16T09:52:45.449756,Transaction 4720
TXN00004721,101-001,2807.45,2025-09-16T09:52:45.449759,Transaction 4721
TXN00004722,101-002,2930.9,2025-09-16T09:52:45.449762,Transaction 4722
TXN00004723,101-003,3054.35,2025-09-16T09:52:45.449765,Transaction 4723
TXN00004724,101-004,3177.8,2025-09-16T09:52:45.449767,Transaction 4724
TXN00004725,101-005,3301.25,2025-09-16T09:52:45.449774,Transaction 4725
TXN00004726,101-006,3424.7,2025-09-16T09:52:45.449777,Transaction 4726
TXN00004727,101-007,3548.15,2025-09-16T09:52:45.449780,Transaction 4727
TXN00004728,101-008,3671.6,2025-09-16T09:52:45.449783,Transaction 4728
TXN00004729,101-009,3795.05,2025-09-16T09:52:45.449786,Transaction 4729
TXN00004730,101-000,3918.5,2025-09-16T09:52:45.449792,Transaction 4730
TXN00004731,101-001,4041.95,2025-09-16T09:52:45.449795,Transaction 4731
TXN00004732,101-002,4165.4,2025-09-16T09:52:45.449798,Transaction 4732
TXN00004733,101-003,4288.85,2025-09-16T09:52:45.449801,Transaction 4733
TXN00004734,101-004,4412.3,2025-09-16T09:52:45.449804,Transaction 4734
TXN00004735,101-005,4535.75,2025-09-16T09:52:45.449806,Transaction 4735
TXN00004736,101-006,4659.2,2025-09-16T09:52:45.449809,Transaction 4736
TXN00004737,101-007,4782.65,2025-09-16T09:52:45.449812,Transaction 4737
TXN00004738,101-008,4906.1,2025-09-16T09:52:45.449815,Transaction 4738
TXN00004739,101-009,5029.55,2025-09-16T09:52:45.449818,Transaction 4739
TXN00004740,101-000,5153.0,2025-09-16T09:52:45.449820,Transaction 4740
TXN00004741,101-001,5276.45,2025-09-16T09:52:45.449823,Transaction 4741
TXN00004742,101-002,5399.9,2025-09-16T09:52:45.449826,Transaction 4742
TXN00004743,101-003,5523.35,2025-09-16T09:52:45.449829,Transaction 4743
TXN00004744,101-004,5646.8,2025-09-16T09:52:45.449832,Transaction 4744
TXN00004745,101-005,5770.25,2025-09-16T09:52:45.449835,Transaction 4745
TXN00004746,101-006,5893.7,2025-09-16T09:52:45.449841,Transaction 4746
TXN00004747,101-007,6017.15,2025-09-16T09:52:45.449844,Transaction 4747
TXN00004748,101-008,6140.6,2025-09-16T09:52:45.449847,Transaction 4748
TXN00004749,101-009,6264.05,2025-09-16T09:52:45.449850,Transaction 4749
TXN00004750,101-000,6387.5,2025-09-16T09:52:45.449852,Transaction 4750
TXN00004751,101-001,6510.95,2025-09-16T09:52:45.449855,Transaction 4751
TXN00004752,101-002,6634.4,2025-09-16T09:52:45.449858,Transaction 4752
TXN00004753,101-003,6757.85,2025-09-16T09:52:45.449861,Transaction 4753
TXN00004754,101-004,6881.3,2025-09-16T09:52:45.449864,Transaction 4754
TXN00004755,101-005,7004.75,2025-09-16T09:52:45.449866,Transaction 4755
TXN00004756,101-006,7128.2,2025-09-16T09:52:45.449869,Transaction 4756
TXN00004757,101-007,7251.65,2025-09-16T09:52:45.449872,Transaction 4757
TXN00004758,101-008,7375.1,2025-09-16T09:52:45.449875,Transaction 4758
TXN00004759,101-009,7498.55,2025-09-16T09:52:45.449878,Transaction 4759
TXN00004760,101-000,7622.0,2025-09-16T09:52:45.449881,Transaction 4760
TXN00004761,101-001,7745.45,2025-09-16T09:52:45.449888,Transaction 4761
TXN00004762,101-002,7868.9,2025-09-16T09:52:45.449895,Transaction 4762
TXN00004763,101-003,7992.35,2025-09-16T09:52:45.449897,Transaction 4763
TXN00004764,101-004,8115.8,2025-09-16T09:52:45.449900,Transaction 4764
TXN00004765,101-005,8239.25,2025-09-16T09:52:45.449903,Transaction 4765
TXN00004766,101-006,8362.7,2025-09-16T09:52:45.449906,Transaction 4766
TXN00004767,101-007,8486.15,2025-09-16T09:52:45.449912,Transaction 4767
TXN00004768,101-008,8609.6,2025-09-16T09:52:45.449915,Transaction 4768
TXN00004769,101-009,8733.05,2025-09-16T09:52:45.449918,Transaction 4769
TXN00004770,101-000,8856.5,2025-09-16T09:52:45.449921,Transaction 4770
TXN00004771,101-001,8979.95,2025-09-16T09:52:45.449924,Transaction 4771
TXN00004772,101-002,9103.4,2025-09-16T09:52:45.449927,Transaction 4772
TXN00004773,101-003,9226.85,2025-09-16T09:52:45.449929,Transaction 4773
TXN00004774,101-004,9350.3,2025-09-16T09:52:45.449932,Transaction 4774
TXN00004775,101-005,9473.75,2025-09-16T09:52:45.449935,Transaction 4775
TXN00004776,101-006,9597.2,2025-09-16T09:52:45.449938,Transaction 4776
TXN00004777,101-007,9720.65,2025-09-16T09:52:45.449941,Transaction 4777
TXN00004778,101-008,9844.1,2025-09-16T09:52:45.449944,Transaction 4778
TXN00004779,101-009,9967.55,2025-09-16T09:52:45.449946,Transaction 4779
TXN00004780,101-000,91.0,2025-09-16T09:52:45.449949,Transaction 4780
TXN00004781,101-001,214.45,2025-09-16T09:52:45.449952,Transaction 4781
TXN00004782,101-002,337.9,2025-09-16T09:52:45.449955,Transaction 4782
TXN00004783,101-003,461.35,2025-09-16T09:52:45.449958,Transaction 4783
TXN00004784,101-004,584.8,2025-09-16T09:52:45.449961,Transaction 4784
TXN00004785,101-005,708.25,2025-09-16T09:52:45.449963,Transaction 4785
TXN00004786,101-006,831.7,2025-09-16T09:52:45.449966,Transaction 4786
TXN00004787,101-007,955.15,2025-09-16T09:52:45.449969,Transaction 4787
TXN00004788,101-008,1078.6,2025-09-16T09:52:45.449973,Transaction 4788
TXN00004789,101-009,1202.05,2025-09-16T09:52:45.449983,Transaction 4789
TXN00004790,101-000,1325.5,2025-09-16T09:52:45.449986,Transaction 4790
TXN00004791,101-001,1448.95,2025-09-16T09:52:45.449989,Transaction 4791
TXN00004792,101-002,1572.4,2025-09-16T09:52:45.449992,Transaction 4792
TXN00004793,101-003,1695.85,2025-09-16T09:52:45.449994,Transaction 4793
TXN00004794,101-004,1819.3,2025-09-16T09:52:45.450006,Transaction 4794
TXN00004795,101-005,1942.75,2025-09-16T09:52:45.450009,Transaction 4795
TXN00004796,101-006,2066.2,2025-09-16T09:52:45.450016,Transaction 4796
TXN00004797,101-007,2189.65,2025-09-16T09:52:45.450019,Transaction 4797
TXN00004798,101-008,2313.1,2025-09-16T09:52:45.450022,Transaction 4798
TXN00004799,101-009,2436.55,2025-09-16T09:52:45.450029,Transaction 4799
TXN00004800,101-000,2560.0,2025-09-16T09:52:45.450033,Transaction 4800
TXN00004801,101-001,2683.45,2025-09-16T09:52:45.450036,Transaction 4801
TXN00004802,101-002,2806.9,2025-09-16T09:52:45.450039,Transaction 4802
TXN00004803,101-003,2930.35,2025-09-16T09:52:45.450042,Transaction 4803
TXN00004804,101-004,3053.8,2025-09-16T09:52:45.450045,Transaction 4804
TXN00004805,101-005,3177.25,2025-09-16T09:52:45.450047,Transaction 4805
TXN00004806,101-006,3300.7,2025-09-16T09:52:45.450050,Transaction 4806
TXN00004807,101-007,3424.15,2025-09-16T09:52:45.450053,Transaction 4807
TXN00004808,101-008,3547.6,2025-09-16T09:52:45.450056,Transaction 4808
TXN00004809,101-009,3671.05,2025-09-16T09:52:45.450059,Transaction 4809
TXN00004810,101-000,3794.5,2025-09-16T09:52:45.450066,Transaction 4810
TXN00004811,101-001,3917.95,2025-09-16T09:52:45.450073,Transaction 4811
TXN00004812,101-002,4041.4,2025-09-16T09:52:45.450075,Transaction 4812
TXN00004813,101-003,4164.85,2025-09-16T09:52:45.450078,Transaction 4813
TXN00004814,101-004,4288.3,2025-09-16T09:52:45.450081,Transaction 4814
TXN00004815,101-005,4411.75,2025-09-16T09:52:45.450084,Transaction 4815
TXN00004816,101-006,4535.2,2025-09-16T09:52:45.450087,Transaction 4816
TXN00004817,101-007,4658.65,2025-09-16T09:52:45.450090,Transaction 4817
TXN00004818,101-008,4782.1,2025-09-16T09:52:45.450093,Transaction 4818
TXN00004819,101-009,4905.55,2025-09-16T09:52:45.450096,Transaction 4819
TXN00004820,101-000,5029.0,2025-09-16T09:52:45.450099,Transaction 4820
TXN00004821,101-001,5152.45,2025-09-16T09:52:45.450101,Transaction 4821
TXN00004822,101-002,5275.9,2025-09-16T09:52:45.450104,Transaction 4822
TXN00004823,101-003,5399.35,2025-09-16T09:52:45.450107,Transaction 4823
TXN00004824,101-004,5522.8,2025-09-16T09:52:45.450110,Transaction 4824
TXN00004825,101-005,5646.25,2025-09-16T09:52:45.450117,Transaction 4825
TXN00004826,101-006,5769.7,2025-09-16T09:52:45.450120,Transaction 4826
TXN00004827,101-007,5893.15,2025-09-16T09:52:45.450123,Transaction 4827
TXN00004828,101-008,6016.6,2025-09-16T09:52:45.450126,Transaction 4828
TXN00004829,101-009,6140.05,2025-09-16T09:52:45.450129,Transaction 4829
TXN00004830,101-000,6263.5,2025-09-16T09:52:45.450132,Transaction 4830
TXN00004831,101-001,6386.95,2025-09-16T09:52:45.450138,Transaction 4831
TXN00004832,101-002,6510.4,2025-09-16T09:52:45.450141,Transaction 4832
TXN00004833,101-003,6633.85,2025-09-16T09:52:45.450144,Transaction 4833
TXN00004834,101-004,6757.3,2025-09-16T09:52:45.450147,Transaction 4834
TXN00004835,101-005,6880.75,2025-09-16T09:52:45.450150,Transaction 4835
TXN00004836,101-006,7004.2,2025-09-16T09:52:45.450153,Transaction 4836
TXN00004837,101-007,7127.65,2025-09-16T09:52:45.450156,Transaction 4837
TXN00004838,101-008,7251.1,2025-09-16T09:52:45.450158,Transaction 4838
TXN00004839,101-009,7374.55,2025-09-16T09:52:45.450161,Transaction 4839
TXN00004840,101-000,7498.0,2025-09-16T09:52:45.450164,Transaction 4840
TXN00004841,101-001,7621.45,2025-09-16T09:52:45.450167,Transaction 4841
TXN00004842,101-002,7744.9,2025-09-16T09:52:45.450170,Transaction 4842
TXN00004843,101-003,7868.35,2025-09-16T09:52:45.450173,Transaction 4843
TXN00004844,101-004,7991.8,2025-09-16T09:52:45.450176,Transaction 4844
TXN00004845,101-005,8115.25,2025-09-16T09:52:45.450179,Transaction 4845
TXN00004846,101-006,8238.7,2025-09-16T09:52:45.450181,Transaction 4846
TXN00004847,101-007,8362.15,2025-09-16T09:52:45.450184,Transaction 4847
TXN00004848,101-008,8485.6,2025-09-16T09:52:45.450187,Transaction 4848
TXN00004849,101-009,8609.05,2025-09-16T09:52:45.450190,Transaction 4849
TXN00004850,101-000,8732.5,2025-09-16T09:52:45.450193,Transaction 4850
TXN00004851,101-001,8855.95,2025-09-16T09:52:45.450196,Transaction 4851
TXN00004852,101-002,8979.4,2025-09-16T09:52:45.450203,Transaction 4852
TXN00004853,101-003,9102.85,2025-09-16T09:52:45.450205,Transaction 4853
TXN00004854,101-004,9226.3,2025-09-16T09:52:45.450208,Transaction 4854
TXN00004855,101-005,9349.75,2025-09-16T09:52:45.450211,Transaction 4855
TXN00004856,101-006,9473.2,2025-09-16T09:52:45.450214,Transaction 4856
TXN00004857,101-007,9596.65,2025-09-16T09:52:45.450221,Transaction 4857
TXN00004858,101-008,9720.1,2025-09-16T09:52:45.450224,Transaction 4858
TXN00004859,101-009,9843.55,2025-09-16T09:52:45.450227,Transaction 4859
TXN00004860,101-000,9967.0,2025-09-16T09:52:45.450230,Transaction 4860
TXN00004861,101-001,90.45,2025-09-16T09:52:45.450233,Transaction 4861
TXN00004862,101-002,213.9,2025-09-16T09:52:45.450239,Transaction 4862
TXN00004863,101-003,337.35,2025-09-16T09:52:45.450242,Transaction 4863
TXN00004864,101-004,460.8,2025-09-16T09:52:45.450245,Transaction 4864
TXN00004865,101-005,584.25,2025-09-16T09:52:45.450248,Transaction 4865
TXN00004866,101-006,707.7,2025-09-16T09:52:45.450251,Transaction 4866
TXN00004867,101-007,831.15,2025-09-16T09:52:45.450254,Transaction 4867
TXN00004868,101-008,954.6,2025-09-16T09:52:45.450257,Transaction 4868
TXN00004869,101-009,1078.05,2025-09-16T09:52:45.450260,Transaction 4869
TXN00004870,101-000,1201.5,2025-09-16T09:52:45.450263,Transaction 4870
TXN00004871,101-001,1324.95,2025-09-16T09:52:45.450265,Transaction 4871
TXN00004872,101-002,1448.4,2025-09-16T09:52:45.450268,Transaction 4872
TXN00004873,101-003,1571.85,2025-09-16T09:52:45.450271,Transaction 4873
TXN00004874,101-004,1695.3,2025-09-16T09:52:45.450287,Transaction 4874
TXN00004875,101-005,1818.75,2025-09-16T09:52:45.450290,Transaction 4875
TXN00004876,101-006,1942.2,2025-09-16T09:52:45.450293,Transaction 4876
TXN00004877,101-007,2065.65,2025-09-16T09:52:45.450296,Transaction 4877
TXN00004878,101-008,2189.1,2025-09-16T09:52:45.450299,Transaction 4878
TXN00004879,101-009,2312.55,2025-09-16T09:52:45.450302,Transaction 4879
TXN00004880,101-000,2436.0,2025-09-16T09:52:45.450305,Transaction 4880
TXN00004881,101-001,2559.45,2025-09-16T09:52:45.450308,Transaction 4881
TXN00004882,101-002,2682.9,2025-09-16T09:52:45.450311,Transaction 4882
TXN00004883,101-003,2806.35,2025-09-16T09:52:45.450317,Transaction 4883
TXN00004884,101-004,2929.8,2025-09-16T09:52:45.450320,Transaction 4884
TXN00004885,101-005,3053.25,2025-09-16T09:52:45.450323,Transaction 4885
TXN00004886,101-006,3176.7,2025-09-16T09:52:45.450326,Transaction 4886
TXN00004887,101-007,3300.15,2025-09-16T09:52:45.450329,Transaction 4887
TXN00004888,101-008,3423.6,2025-09-16T09:52:45.450332,Transaction 4888
TXN00004889,101-009,3547.05,2025-09-16T09:52:45.450339,Transaction 4889
TXN00004890,101-000,3670.5,2025-09-16T09:52:45.450342,Transaction 4890
TXN00004891,101-001,3793.95,2025-09-16T09:52:45.450344,Transaction 4891
TXN00004892,101-002,3917.4,2025-09-16T09:52:45.450347,Transaction 4892
TXN00004893,101-003,4040.85,2025-09-16T09:52:45.450350,Transaction 4893
TXN00004894,101-004,4164.3,2025-09-16T09:52:45.450353,Transaction 4894
TXN00004895,101-005,4287.75,2025-09-16T09:52:45.450360,Transaction 4895
TXN00004896,101-006,4411.2,2025-09-16T09:52:45.450363,Transaction 4896
TXN00004897,101-007,4534.65,2025-09-16T09:52:45.450366,Transaction 4897
TXN00004898,101-008,4658.1,2025-09-16T09:52:45.450369,Transaction 4898
TXN00004899,101-009,4781.55,2025-09-16T09:52:45.450372,Transaction 4899
TXN00004900,101-000,4905.0,2025-09-16T09:52:45.450374,Transaction 4900
TXN00004901,101-001,5028.45,2025-09-16T09:52:45.450377,Transaction 4901
TXN00004902,101-002,5151.9,2025-09-16T09:52:45.450380,Transaction 4902
TXN00004903,101-003,5275.35,2025-09-16T09:52:45.450383,Transaction 4903
TXN00004904,101-004,5398.8,2025-09-16T09:52:45.450386,Transaction 4904
TXN00004905,101-005,5522.25,2025-09-16T09:52:45.450389,Transaction 4905
TXN00004906,101-006,5645.7,2025-09-16T09:52:45.450392,Transaction 4906
TXN00004907,101-007,5769.15,2025-09-16T09:52:45.450395,Transaction 4907
TXN00004908,101-008,5892.6,2025-09-16T09:52:45.450398,Transaction 4908
TXN00004909,101-009,6016.05,2025-09-16T09:52:45.450400,Transaction 4909
TXN00004910,101-000,6139.5,2025-09-16T09:52:45.450403,Transaction 4910
TXN00004911,101-001,6262.95,2025-09-16T09:52:45.450406,Transaction 4911
TXN00004912,101-002,6386.4,2025-09-16T09:52:45.450409,Transaction 4912
TXN00004913,101-003,6509.85,2025-09-16T09:52:45.450416,Transaction 4913
TXN00004914,101-004,6633.3,2025-09-16T09:52:45.450419,Transaction 4914
TXN00004915,101-005,6756.75,2025-09-16T09:52:45.450421,Transaction 4915
TXN00004916,101-006,6880.2,2025-09-16T09:52:45.450433,Transaction 4916
TXN00004917,101-007,7003.65,2025-09-16T09:52:45.450436,Transaction 4917
TXN00004918,101-008,7127.1,2025-09-16T09:52:45.450439,Transaction 4918
TXN00004919,101-009,7250.55,2025-09-16T09:52:45.450442,Transaction 4919
TXN00004920,101-000,7374.0,2025-09-16T09:52:45.450445,Transaction 4920
TXN00004921,101-001,7497.45,2025-09-16T09:52:45.450451,Transaction 4921
TXN00004922,101-002,7620.9,2025-09-16T09:52:45.450454,Transaction 4922
TXN00004923,101-003,7744.35,2025-09-16T09:52:45.450457,Transaction 4923
TXN00004924,101-004,7867.8,2025-09-16T09:52:45.450464,Transaction 4924
TXN00004925,101-005,7991.25,2025-09-16T09:52:45.450467,Transaction 4925
TXN00004926,101-006,8114.7,2025-09-16T09:52:45.450470,Transaction 4926
TXN00004927,101-007,8238.15,2025-09-16T09:52:45.450473,Transaction 4927
TXN00004928,101-008,8361.6,2025-09-16T09:52:45.450476,Transaction 4928
TXN00004929,101-009,8485.05,2025-09-16T09:52:45.450479,Transaction 4929
TXN00004930,101-000,8608.5,2025-09-16T09:52:45.450482,Transaction 4930
TXN00004931,101-001,8731.95,2025-09-16T09:52:45.450485,Transaction 4931
TXN00004932,101-002,8855.4,2025-09-16T09:52:45.450488,Transaction 4932
TXN00004933,101-003,8978.85,2025-09-16T09:52:45.450491,Transaction 4933
TXN00004934,101-004,9102.3,2025-09-16T09:52:45.450493,Transaction 4934
TXN00004935,101-005,9225.75,2025-09-16T09:52:45.450496,Transaction 4935
TXN00004936,101-006,9349.2,2025-09-16T09:52:45.450499,Transaction 4936
TXN00004937,101-007,9472.65,2025-09-16T09:52:45.450506,Transaction 4937
TXN00004938,101-008,9596.1,2025-09-16T09:52:45.450509,Transaction 4938
TXN00004939,101-009,9719.55,2025-09-16T09:52:45.450512,Transaction 4939
TXN00004940,101-000,9843.0,2025-09-16T09:52:45.450515,Transaction 4940
TXN00004941,101-001,9966.45,2025-09-16T09:52:45.450518,Transaction 4941
TXN00004942,101-002,89.9,2025-09-16T09:52:45.450521,Transaction 4942
TXN00004943,101-003,213.35,2025-09-16T09:52:45.450524,Transaction 4943
TXN00004944,101-004,336.8,2025-09-16T09:52:45.450527,Transaction 4944
TXN00004945,101-005,460.25,2025-09-16T09:52:45.450530,Transaction 4945
TXN00004946,101-006,583.7,2025-09-16T09:52:45.450533,Transaction 4946
TXN00004947,101-007,707.15,2025-09-16T09:52:45.450535,Transaction 4947
TXN00004948,101-008,830.6,2025-09-16T09:52:45.450538,Transaction 4948
TXN00004949,101-009,954.05,2025-09-16T09:52:45.450541,Transaction 4949
TXN00004950,101-000,1077.5,2025-09-16T09:52:45.450544,Transaction 4950
TXN00004951,101-001,1200.95,2025-09-16T09:52:45.450548,Transaction 4951
TXN00004952,101-002,1324.4,2025-09-16T09:52:45.450560,Transaction 4952
TXN00004953,101-003,1447.85,2025-09-16T09:52:45.450563,Transaction 4953
TXN00004954,101-004,1571.3,2025-09-16T09:52:45.450566,Transaction 4954
TXN00004955,101-005,1694.75,2025-09-16T09:52:45.450569,Transaction 4955
TXN00004956,101-006,1818.2,2025-09-16T09:52:45.450572,Transaction 4956
TXN00004957,101-007,1941.65,2025-09-16T09:52:45.450575,Transaction 4957
TXN00004958,101-008,2065.1,2025-09-16T09:52:45.450578,Transaction 4958
TXN00004959,101-009,2188.55,2025-09-16T09:52:45.450585,Transaction 4959
TXN00004960,101-000,2312.0,2025-09-16T09:52:45.450589,Transaction 4960
TXN00004961,101-001,2435.45,2025-09-16T09:52:45.450591,Transaction 4961
TXN00004962,101-002,2558.9,2025-09-16T09:52:45.450594,Transaction 4962
TXN00004963,101-003,2682.35,2025-09-16T09:52:45.450597,Transaction 4963
TXN00004964,101-004,2805.8,2025-09-16T09:52:45.450600,Transaction 4964
TXN00004965,101-005,2929.25,2025-09-16T09:52:45.450608,Transaction 4965
TXN00004966,101-006,3052.7,2025-09-16T09:52:45.450611,Transaction 4966
TXN00004967,101-007,3176.15,2025-09-16T09:52:45.450614,Transaction 4967
TXN00004968,101-008,3299.6,2025-09-16T09:52:45.450621,Transaction 4968
TXN00004969,101-009,3423.05,2025-09-16T09:52:45.450623,Transaction 4969
TXN00004970,101-000,3546.5,2025-09-16T09:52:45.450626,Transaction 4970
TXN00004971,101-001,3669.95,2025-09-16T09:52:45.450629,Transaction 4971
TXN00004972,101-002,3793.4,2025-09-16T09:52:45.450632,Transaction 4972
TXN00004973,101-003,3916.85,2025-09-16T09:52:45.450635,Transaction 4973
TXN00004974,101-004,4040.3,2025-09-16T09:52:45.450638,Transaction 4974
TXN00004975,101-005,4163.75,2025-09-16T09:52:45.450641,Transaction 4975
TXN00004976,101-006,4287.2,2025-09-16T09:52:45.450644,Transaction 4976
TXN00004977,101-007,4410.65,2025-09-16T09:52:45.450646,Transaction 4977
TXN00004978,101-008,4534.1,2025-09-16T09:52:45.450649,Transaction 4978
TXN00004979,101-009,4657.55,2025-09-16T09:52:45.450652,Transaction 4979
TXN00004980,101-000,4781.0,2025-09-16T09:52:45.450659,Transaction 4980
TXN00004981,101-001,4904.45,2025-09-16T09:52:45.450662,Transaction 4981
TXN00004982,101-002,5027.9,2025-09-16T09:52:45.450665,Transaction 4982
TXN00004983,101-003,5151.35,2025-09-16T09:52:45.450668,Transaction 4983
TXN00004984,101-004,5274.8,2025-09-16T09:52:45.450675,Transaction 4984
TXN00004985,101-005,5398.25,2025-09-16T09:52:45.450677,Transaction 4985
TXN00004986,101-006,5521.7,2025-09-16T09:52:45.450680,Transaction 4986
TXN00004987,101-007,5645.15,2025-09-16T09:52:45.450683,Transaction 4987
TXN00004988,101-008,5768.6,2025-09-16T09:52:45.450686,Transaction 4988
TXN00004989,101-009,5892.05,2025-09-16T09:52:45.450689,Transaction 4989
TXN00004990,101-000,6015.5,2025-09-16T09:52:45.450692,Transaction 4990
TXN00004991,101-001,6138.95,2025-09-16T09:52:45.450695,Transaction 4991
TXN00004992,101-002,6262.4,2025-09-16T09:52:45.450698,Transaction 4992
TXN00004993,101-003,6385.85,2025-09-16T09:52:45.450700,Transaction 4993
TXN00004994,101-004,6509.3,2025-09-16T09:52:45.450703,Transaction 4994
TXN00004995,101-005,6632.75,2025-09-16T09:52:45.450706,Transaction 4995
TXN00004996,101-006,6756.2,2025-09-16T09:52:45.450709,Transaction 4996
TXN00004997,101-007,6879.65,2025-09-16T09:52:45.450712,Transaction 4997
TXN00004998,101-008,7003.1,2025-09-16T09:52:45.450715,Transaction 4998
TXN00004999,101-009,7126.55,2025-09-16T09:52:45.450718,Transaction 4999
